tree
version=v4
num_class=1
num_tree_per_iteration=1
label_index=0
max_feature_idx=43
objective=binary sigmoid:1
feature_names=motor_current_a_mean_1h motor_current_a_std_1h motor_current_a_slope_1h motor_current_a_max_1h motor_current_a_mean_4h motor_current_a_std_4h motor_current_a_slope_4h motor_current_a_max_4h motor_current_a_mean_24h motor_current_a_std_24h motor_current_a_slope_24h motor_current_a_max_24h joint_temp_c_mean_1h joint_temp_c_std_1h joint_temp_c_slope_1h joint_temp_c_max_1h joint_temp_c_mean_4h joint_temp_c_std_4h joint_temp_c_slope_4h joint_temp_c_max_4h joint_temp_c_mean_24h joint_temp_c_std_24h joint_temp_c_slope_24h joint_temp_c_max_24h sensor_errors_h_mean_1h sensor_errors_h_std_1h sensor_errors_h_slope_1h sensor_errors_h_max_1h sensor_errors_h_mean_4h sensor_errors_h_std_4h sensor_errors_h_slope_4h sensor_errors_h_max_4h sensor_errors_h_mean_24h sensor_errors_h_std_24h sensor_errors_h_slope_24h sensor_errors_h_max_24h sensor_errors_h_count_4h microstops_24h hours_since_pm hours_since_repair hours_since_wear_repair cycles_since_pm shift work_hours_ahead
feature_infos=[12.067999999999998:15.344200000000001] [0.093805369945198419:1.422239206810475] [-4.2522000000000038:1.8619249999999989] [12.4116:16.2972] [12.2163375:15.213339583333335] [0.22795856771297282:1.2386924702398869] [-3.4183500000000047:0.93969000000000025] [12.8622:16.2972] [12.446013541666666:15.063497222222225] [0.34228995432215231:1.2341394485202946] [-3.1971044117647085:0.79578611111110464] [13.337300000000001:16.2972] [39.942116666666671:58.227708333333332] [0.1975078029400914:4.4673553576892671] [-13.70912380952381:3.9557636363636366] [40.593600000000002:59.488300000000002] [40.520225000000003:57.916547916666673] [0.48870567893227868:5.2892645603955915] [-15.552413333333325:5.0195819548872205] [41.973399999999998:59.488300000000002] [43.60985208333333:53.841513194444445] [1.2788911833680314:6.4489823202159746] [-17.719194117647056:9.8402428571427905] [48.059600000000003:59.488300000000002] [0:2.9166666666666665] [0:2.4776781245530843] [-4.6500000000000004:4] [0:9] [0.020833333333333332:2.1041666666666665] [0.1428261375083551:1.8398322311800306] [-2.7692307692307696:2.4000000000000004] [1:9] [0.1388888888888889:1.40625] [0.3780578771665184:1.3320260880434718] [-2.4285714285714288:1.7032967032967032] [1:9] [0.083333333333333329:8.4166666666666661] [0:9] [0.25:336] [0.0051277138888888886:620.67803677138886] [0.0051277138888888886:620.67803677138886] [2:2295] -1:2:1:0 [0:8]
tree_sizes=1704 1731 1738 1733 1731 1754 1734 1735 1772 1744 1744 1748 1748 1752 1771 1753 1756 1768 1751 1749 1767 1775 1756 1750 1757 1766 1766 1763 1780 1773 1752 1749 1753 1758 1755 1744 1780 1754 1750 1758 1763 1754 1753 1776 1778 1751 1749 1748 1754 1752 1760 1749 1750 1744 1752 1750 1770 1759 1755 1773 1763 1764 1765 1749 1751 1776 1753 1767 1761 1761 1758 1764 1762 1756 1766 1763 1758 1761 1762 1769 1754 1762 1765 1762 1782 1758 1756 1767 1782 1771 1760 1765 1769 1767 1785 1803 1767 1772 1771 1775 1755 1769 1760 1771 1780 1761 1768 1768 1763 1767 1760 1762 1784 1773 1777 1779 1780 1770 1765 1771 1768 1775 1761 1771 1768 1775 1757 1782 1777 1758 1778 1771 1775 1777 1780 1772 1756 1768 1769 1762 1770 1777 1772 1772 1771 1776 1770 1784 1768 1781 1777 1776 1768 1769 1773 1776 1777 1789 1775 1781 1762 1777 1771 1776 1771 1789 1784 1764 1773 1785 1787 1773 1778 1767 1769 1779 1773 1775 1790 1782 1780 1783 1779 1767 1776 1779 1774 1781 1771 1766 1780 1784 1768 1771 1771 1778 1768 1773 1766

Tree=0
num_leaves=15
num_cat=0
split_feature=24 43 43 29 43 24 21 22 38 39 36 11 23 40
split_gain=203903 115452 59498.2 14979 7011.99 6644.82 6614.64 6632.21 5067.98 4897.18 4513.03 7151.71 3808.9 3733.24
threshold=0.62500000000000011 5.1250000000000009 0.37500000000000006 0.59729898806299719 7.1250000000000009 0.87500000000000011 2.1647748971211112 -3.3369505244755411 272.87500000000006 27.388688370972226 2.1250000000000004 14.569350000000002 50.426350000000006 96.659718272777795
decision_type=2 2 2 2 2 2 2 2 10 10 2 2 2 10
left_child=1 10 -2 4 -3 6 7 -4 -5 -6 -1 -12 13 -11
right_child=2 3 5 8 9 -7 -8 -9 -10 12 11 -13 -14 -15
leaf_value=-2.9523524702401014 -2.9506625265506639 -2.823964059593139 -2.9232781962625549 -2.5401210490873263 -2.7856547367646152 -2.3670866937308248 -2.4350810289889 -2.5104458538537364 -2.7548789724642573 -2.6500749204787089 -2.5809841148349566 -2.9400650580058669 -2.5917836191028285 -2.8582067506342956
leaf_weight=1880.8755766451359 194.39263144135475 338.45874407887459 53.487479209899902 1061.5048339366913 259.7712117433548 1558.2662672996521 811.64408677816391 100.73609307408333 111.72677195072174 242.41832202672958 78.323272168636322 134.5731552541256 604.53841283917427 115.18368923664093
leaf_count=38450 3964 5544 1044 7877 3939 3054 3326 641 1582 2634 672 2699 5468 2010
internal_value=-2.65278 -2.76986 -2.44501 -2.6415 -2.70268 -2.40607 -2.46949 -2.65263 -2.5604 -2.6692 -2.93751 -2.80693 -2.63794 -2.71672
internal_weight=7545.9 4827.37 2718.53 2733.6 1560.37 2524.13 965.868 154.224 1173.23 1221.91 2093.77 212.896 962.14 357.602
internal_count=82904 70875 12029 29054 19595 8065 5011 1685 9459 14051 41821 3371 10112 4644
is_linear=0
shrinkage=1


Tree=1
num_leaves=15
num_cat=0
split_feature=43 24 43 36 18 36 43 4 36 22 39 29 4 32
split_gain=94806.9 51865.8 23040.5 6554.49 8958.56 6507.58 5900.61 3722.4 3891.71 4793.97 3311.57 3000.06 2530.86 2385.33
threshold=1.3750000000000002 0.45833333333333343 5.8750000000000009 2.1250000000000004 1.340953684210523 2.9583333333333335 1.0000000180025095e-35 13.742190625000001 3.5416666666666674 -0.62053022935302116 30.952648828055558 0.63856617389912251 13.587980208333336 0.34201388888888895
decision_type=2 2 2 2 2 2 2 2 2 2 8 2 2 2
left_child=5 2 11 4 12 -1 -7 -5 9 -9 13 -2 -3 -4
right_child=1 3 10 7 -6 6 -8 8 -10 -11 -12 -13 -14 -15
leaf_value=-0.029487821571836614 -0.010533399328058154 0.30283723794718415 0.02119405746081552 0.35340208582781762 0.049593370948533312 -0.031247270547313674 0.28839371891733312 0.048807455893213801 0.33761164460098653 0.27151619910656738 0.22065714327452571 0.12078181235011541 0.18988629986003533 0.17161546874649097
leaf_weight=1354.905120395124 642.20428840070963 964.62630097568035 126.91789983212948 2316.8266795091331 172.0750073865056 91.643676169216633 118.54855391010642 103.69903542846441 751.14633180573583 555.32247836887836 1948.3055578432977 206.01322378590703 227.44908422604203 378.50643536448479
leaf_count=28382 12831 4147 2014 2471 2566 1925 438 1387 891 2224 15482 2786 1771 4022
internal_value=0.208993 0.248962 0.156284 0.309027 0.252273 -0.00536397 0.149542 0.329727 0.290606 0.236599 0.202861 0.0214648 0.281463 0.133959
internal_weight=9958.19 8393.09 3301.95 5091.14 1364.15 1565.1 210.192 3726.99 1410.17 659.022 2453.73 848.218 1192.08 505.424
internal_count=83337 52592 37135 15457 8484 30745 2363 6973 4502 3611 21518 15617 5918 6036
is_linear=0
shrinkage=0.03


Tree=2
num_leaves=15
num_cat=0
split_feature=43 29 43 38 28 18 18 21 20 20 4 22 28 43
split_gain=59741.2 29400.3 19940.1 4336.98 3373.64 4872.62 3022.33 2808.71 2293.08 2030.58 1911.27 3345.87 1789.02 2391.71
threshold=0.87500000000000011 0.63856617389912251 5.8750000000000009 219.62500000000003 0.51041666666666685 1.4395537499999935 -2.3977513865546229 2.0968388501962845 45.599882986111119 43.987950868055556 13.629289583333334 -4.0063591880342413 0.78125000000000011 1.0000000180025095e-35
decision_type=2 2 2 8 2 2 2 2 2 2 2 2 2 2
left_child=12 2 -2 7 5 -3 -6 -4 -5 -9 -8 -12 -1 -14
right_child=1 4 3 8 6 -7 10 9 -10 -11 11 -13 13 -15
leaf_value=-0.030587923143018315 -0.0013100559589693118 0.20945593393747525 -0.031621709880684835 -0.03211118318066658 0.15151133488893478 0.043498025181087585 0.26109755302872706 -0.031573591486185208 0.1190306488506664 0.1916994976269 0.055029991949132551 0.23180122486505603 -0.031142567228549144 0.21356516941390602
leaf_weight=1216.2208307124674 871.05396846681833 1145.3860236518085 53.532341495156288 111.25752532854676 331.88432749733329 185.60796513780951 3051.0869440250099 37.041362073272467 471.24645274877548 2107.3451803922653 102.07530189305544 1972.7474812716246 77.975248783826828 65.344916373491287
leaf_count=26253 16557 5162 844 1654 1926 2598 2573 542 4099 13290 1178 4370 1683 223
internal_value=0.168288 0.192645 0.123945 0.163172 0.229573 0.186363 0.240075 0.182473 0.0901572 0.18783 0.245778 0.223135 -0.0187593 0.0811354
internal_weight=11799.8 10440.3 3651.48 2780.42 6788.79 1330.99 5457.79 2197.92 582.504 2144.39 5125.91 2074.82 1359.54 143.32
internal_count=82952 54793 36986 20429 17807 7760 10047 14676 5753 13832 8121 5548 28159 1906
is_linear=0
shrinkage=0.03


Tree=3
num_leaves=15
num_cat=3
split_feature=24 42 22 28 42 41 34 42 28 8 29 41 18 12
split_gain=30622.1 21594.4 5553.46 3049.07 2971.04 2092.07 2072.8 4413.47 4576.65 1846.41 1749.59 1722.43 1675.63 1398.76
threshold=0.54166666666666685 0 -2.4003416021671851 0.46875000000000006 1 169.50000000000003 0.27121212121212129 2 0.80208333333333337 13.485639583333334 0.76020193884861909 1150.5000000000002 0.37157666666667272 51.278370833333348
decision_type=2 1 2 2 1 8 2 1 2 2 2 10 2 2
left_child=1 -1 5 4 12 -3 7 8 11 -5 -7 -2 -4 -11
right_child=6 2 3 9 -6 10 -8 -9 -10 13 -12 -13 -14 -15
leaf_value=0.15413651970756076 0.10273292287742729 0.1490627632509082 -0.031398048428880457 0.20390907967123031 0.099191297943749882 -0.026170808845024617 0.20098953121735008 0.18677825225809094 0.17880369825524467 0.0042031612092699646 0.09077980289973421 -0.015153050318944147 0.053185552537220689 0.16563730380349814
leaf_weight=2863.2383994236588 215.25770444795489 73.606574531644583 370.79555378109217 224.66800447925925 721.88879750296474 1141.9379858076572 3542.2948671802878 2861.6680468395352 435.22796518728137 107.05885780602694 127.03985007479787 229.91806500405073 485.95848023146391 87.10092831403017
leaf_count=15740 2197 609 8282 743 7313 23718 3794 6161 1299 1501 1325 3799 5929 550
internal_value=0.142703 0.0936947 0.0418507 0.0735525 0.0543982 -0.00533433 0.18442 0.168685 0.10973 0.145447 -0.0144004 0.0419513 0.0165846 0.0771009
internal_weight=13487.7 6203.29 3340.06 1997.47 1578.64 1342.58 7284.37 3742.07 880.404 418.828 1268.98 445.176 856.754 194.16
internal_count=82960 65710 49970 24318 21524 25652 17250 13456 7295 2794 25043 5996 14211 2051
cat_boundaries=0 1 2 3
cat_threshold=1 4 4
is_linear=0
shrinkage=0.03


Tree=4
num_leaves=15
num_cat=0
split_feature=43 36 43 38 21 18 21 22 20 29 40 24 20 21
split_gain=34805.1 13643.4 11181.4 2349.76 1852.78 1812.14 1705.53 2974.79 1688.57 1523.42 1954.74 1484.82 1427.49 1384.54
threshold=0.87500000000000011 1.6250000000000002 6.1250000000000009 221.12500000000003 2.0968388501962845 -2.7281032467532427 2.2226783996017896 -4.0063591880342413 45.583406076388897 0.73583261074302653 124.44981224375 1.1250000000000002 43.987950868055556 2.3742733286347302
decision_type=2 2 2 8 2 2 2 2 2 2 8 2 2 2
left_child=-1 2 -2 4 -4 -3 7 11 -5 10 -9 -7 -6 -10
right_child=1 5 3 8 12 6 -8 9 13 -11 -12 -13 -14 -15
leaf_value=-0.020129961082420857 0.0067725620936761937 0.10223917731714341 -0.032035337817510091 -0.032457033412550872 -0.032039326340662318 -0.017458298720128655 0.17084293612111207 0.15899018371161819 0.12190167642222416 0.16426328487923364 0.02848483999094242 0.15724020544313505 0.13930561611458078 0.013143998192583306
leaf_weight=1362.0843425802886 988.55847733095288 473.87714625895023 59.587172009050846 118.79491377621889 44.130964286625385 150.95327799767256 6436.9859911166131 226.47456113621593 387.49110735580325 1659.7783926390111 190.17459428310394 60.581438146531582 2719.0042016357183 144.90433597192168
leaf_count=28355 17134 2320 841 1596 582 2344 8398 823 2340 2166 1838 88 12886 1384
internal_value=0.124468 0.138886 0.095803 0.121129 0.132989 0.159773 0.162886 0.140433 0.0695921 0.151349 0.0996334 0.033078 0.136558 0.0923808
internal_weight=15023.4 13661.3 4462.47 3473.91 2822.72 9198.83 8724.95 2287.96 651.19 2076.43 416.649 211.535 2763.14 532.395
internal_count=83095 54740 36763 19629 14309 17977 15657 7259 5320 4827 2661 2432 13468 3724
is_linear=0
shrinkage=0.03


Tree=5
num_leaves=15
num_cat=1
split_feature=43 24 43 21 32 0 42 39 29 43 38 18 6 34
split_gain=27206.4 11322 9663.61 1343.89 1460.53 1555.58 1623.29 1215.95 1186.02 3189.15 1161.32 927.501 901.649 789.195
threshold=0.62500000000000011 0.45833333333333343 5.1250000000000009 2.1214247755929656 0.29340277777777785 12.72392916666667 0 26.793104701666671 0.67939885377553122 4.3750000000000009 274.12500000000006 -2.6841289473684231 0.15118528428093542 -0.56746031746031722
decision_type=2 2 2 2 2 2 1 10 2 2 10 2 2 2
left_child=-1 2 -2 13 5 -5 7 -7 9 -3 11 -6 -12 -4
right_child=1 8 3 4 10 6 -8 -9 -10 -11 12 -13 -14 -15
leaf_value=-0.024737663646360111 -0.0091022947740875288 -0.0014760771931130081 0.20003300759055984 0.0028114978716468181 0.088064865455164398 -0.032234951957238474 0.030588856415979655 0.12493383779331922 0.14518793250029788 0.13136084772895773 0.003690755998572267 0.13246012709352173 0.12012124350135986 -0.018147278462327922
leaf_weight=1237.1989451982081 818.46221844479442 180.72056916728616 16.078096903860569 201.82415495067835 538.4704810641706 46.73194582760334 273.47551205009222 739.74055811017752 8138.0549257621169 1624.6181561946869 136.72937816753983 2149.4420336931944 105.56987506896257 117.24422110617161
leaf_count=26926 15440 2574 71 2034 2889 592 2775 3239 8834 5024 1399 8842 610 1571
internal_value=0.11049 0.12158 0.0854165 0.1033 0.106282 0.0791679 0.0936906 0.115566 0.140277 0.11807 0.117926 0.123602 0.0547048 0.00945764
internal_weight=16324.4 15087.2 5143.77 4325.31 4191.98 1261.77 1059.95 786.473 9943.39 1805.34 2930.21 2687.91 242.299 133.322
internal_count=82820 55894 39462 24022 22380 8640 6606 3831 16432 7598 13740 11731 2009 1642
cat_boundaries=0 1
cat_threshold=1
is_linear=0
shrinkage=0.03


Tree=6
num_leaves=15
num_cat=2
split_feature=24 42 22 34 42 29 32 38 39 39 7 0 22 38
split_gain=14745.2 9626.56 2446.32 1660.64 2752.2 3135.92 1458.47 1408.64 1063.1 1493.47 1241.35 1043.83 908.04 875.725
threshold=0.45833333333333343 0 -1.7196785049019609 0.21081871345029238 1 0.93064565192335447 0.29340277777777785 10.625000000000002 60.82627733513889 30.952648828055558 13.452200000000003 13.35691666666667 -2.641570158730167 167.87500000000003
decision_type=2 1 2 2 1 2 2 8 8 10 2 2 2 8
left_child=1 -1 7 4 5 13 -4 -3 9 10 -8 -6 -13 -2
right_child=3 2 6 -5 11 -7 8 -9 -10 -11 -12 12 -14 -15
leaf_value=0.098561921114087847 0.062510222595298232 0.11452984629571598 0.0088766596336607752 0.13024272542609563 0.13400912405532253 0.12712685607395238 0.20491290802262818 -0.015535802706830516 0.04183312329104031 0.15263920891883972 0.018370357858683618 0.015636940363290219 0.10800630961328377 -0.0034512729805806297
leaf_weight=3161.6704587005079 343.13270493596792 78.87514116242528 598.04948609694839 6052.2542001977563 2051.9474610090256 472.06021201238036 37.065205127000809 1212.9350315853953 664.09489349648356 243.78506160527468 206.7193789742887 101.24339942261577 1903.8640807271004 382.26699041575193
leaf_count=13974 3287 418 8924 6124 3202 918 220 24145 6955 1286 2351 1011 4358 5802
internal_value=0.0990978 0.0619142 0.023799 0.11949 0.107083 0.0670258 0.0469067 -0.00751183 0.0666306 0.100251 0.0474537 0.118887 0.103352 0.0277933
internal_weight=17510 6203.19 3041.52 11306.8 5254.51 1197.46 1749.71 1291.81 1151.66 487.57 243.785 4057.05 2005.11 725.4
internal_count=82975 58273 44299 24702 18578 10007 19736 24563 10812 3857 2571 8571 5369 9089
cat_boundaries=0 1 2
cat_threshold=1 4
is_linear=0
shrinkage=0.03


Tree=7
num_leaves=15
num_cat=0
split_feature=43 28 43 38 8 28 43 9 8 25 9 16 39 39
split_gain=20230.4 7293.06 6402.02 1448.85 1393.12 1848 3515.47 1174.93 1118.58 1038.54 1011.95 1728.81 1796.19 874.45
threshold=0.62500000000000011 0.40625000000000006 5.8750000000000009 219.62500000000003 13.485639583333334 0.78125000000000011 5.1250000000000009 0.38610051325100231 12.96544513888889 0.76148270704399923 0.39799475611895058 49.180583333333338 169.81434431527779 239.36764165847225
decision_type=2 2 2 8 2 2 2 2 2 2 2 2 10 10
left_child=-1 2 9 10 -3 6 -6 -8 -5 -2 11 12 -4 -12
right_child=1 4 3 8 5 -7 7 -9 -10 -11 13 -13 -14 -15
leaf_value=-0.02743107502969875 -0.010500345178025974 0.1205789866630831 0.0035022663104662421 -0.032856888773432139 -0.011337130729029908 0.118126722325911 -0.0004951018203559408 0.10017618736092757 0.063987758959823185 0.086201436176669533 0.10500992415878625 0.1355836986231978 0.11115237611614839 0.0091988681309241888
leaf_weight=1225.7277920097113 869.96835007146001 6936.3024629242718 423.7431768104434 126.02667746692896 320.83075730875134 2450.7346738651395 109.92163899540901 2049.5582717806101 702.47386265918612 111.91120911389589 2719.3925915546715 226.14807185530663 207.00724995136261 88.730556517839432
leaf_count=26886 16245 7297 3081 1549 3581 1871 666 4858 4093 894 10040 451 696 602
internal_value=0.0903363 0.0986608 0.0699961 0.0851568 0.111879 0.0996197 0.0812931 0.095054 0.0492345 0.000597876 0.0932617 0.064583 0.0389522 0.101987
internal_weight=18568.5 17342.7 5475.4 4493.52 11867.3 4931.05 2480.31 2159.48 828.501 981.88 3665.02 856.898 630.75 2808.12
internal_count=82810 55924 37651 20512 18273 10976 9105 5524 5642 17139 14870 4228 3777 10642
is_linear=0
shrinkage=0.03


Tree=8
num_leaves=15
num_cat=1
split_feature=24 22 42 18 10 33 29 40 21 28 8 8 22 29
split_gain=10198.6 7337.46 2595.46 2414.96 1696.6 1299.95 1038.85 944.218 926.679 910.741 1155.89 875.444 1551.68 1164.38
threshold=0.54166666666666685 -1.8092516666667342 0 0.25799363636364275 -0.92205817725752126 0.63612302183758918 0.46932373427057644 14.34140664013889 1.9641134784823076 0.48958333333333343 13.012059375000002 13.485639583333334 -4.2137161858974279 0.8537854745930642
decision_type=2 2 1 2 2 2 2 10 2 2 2 2 2 2
left_child=1 4 3 -3 6 -5 -1 -8 -4 -6 -11 -2 -13 -14
right_child=11 2 8 5 9 -7 7 -9 -10 10 -12 12 13 -15
leaf_value=-0.025871141911115891 0.10842610886931919 -0.031329325938176646 -0.032776684486396167 0.027892598491155197 -0.027367643274026722 0.10359386434293846 -0.031754955770295808 0.12800533241739331 0.081594317900935839 0.14543872142841255 -0.006012651704981626 0.017732268644648896 0.073931051921334326 0.10712767555265194
leaf_weight=84.290563505142927 6820.5302045345306 376.61672149226069 64.025635153055191 481.75407859310508 1053.9240637719631 354.65309754759073 40.610526911914349 175.41607408225536 5392.3776830583811 64.589285604655743 146.76172102615237 244.94864236190915 1477.7828587591648 2729.0240004360676
leaf_count=1353 7087 8863 756 4594 22481 1345 705 762 22336 164 2083 2468 5181 2476
internal_value=0.0830945 0.0577039 0.0714221 0.0316948 -0.000744105 0.0600768 0.0632367 0.0979643 0.0802465 -0.0159681 0.0407381 0.101637 0.0912133 0.0954866
internal_weight=19507.3 8235.02 6669.43 1213.02 1565.59 836.407 300.317 216.027 5456.4 1265.28 211.351 11272.3 4451.76 4206.81
internal_count=82654 65442 37894 14802 27548 5939 2820 1467 23092 24728 2247 17212 10125 7657
cat_boundaries=0 1
cat_threshold=4
is_linear=0
shrinkage=0.03


Tree=9
num_leaves=15
num_cat=0
split_feature=43 28 43 38 21 29 4 20 15 39 11 39 7 38
split_gain=15361.2 5799.31 6385.01 1432.53 1725.06 1092.06 932.716 915.075 1044.99 1182.72 875.037 1796.44 831.167 812.207
threshold=0.37500000000000006 0.48958333333333343 4.3750000000000009 250.37500000000003 2.1177027414612302 0.46537767659680002 12.474002083333337 45.583406076388897 47.742450000000012 139.55211569500003 15.399950000000002 144.8359693579167 14.273800000000001 293.37500000000006
decision_type=2 2 2 8 2 2 2 2 2 8 2 10 2 10
left_child=-1 2 -2 4 -4 6 -6 -5 13 -10 -3 -12 -7 -9
right_child=1 10 3 7 5 12 -8 8 9 -11 11 -13 -14 -15
leaf_value=-0.029976805586631749 -0.014093101280906175 0.10020260872775233 -0.02870512625256957 -0.033101823822089274 0.10709228316308926 0.093856601661686717 0.036494782584057882 0.024274759895708979 -0.015872930420264917 0.079213693054712639 -0.037180581158470428 0.085311492680755066 0.066116390869687319 0.11835332791518219
leaf_weight=1130.5700757205486 839.07500626146793 10331.224493972957 131.25111123174429 132.95480826497078 215.42662689462304 3762.6152148246765 769.59334229305387 121.91720498353243 294.17979872226715 194.98787147924304 120.30623266100883 992.03825322538614 1327.4074471369386 259.0971245765686
leaf_count=25699 15464 9678 1699 1648 556 11408 4923 792 2499 767 870 1340 4709 877
internal_value=0.0775086 0.0837441 0.064216 0.0733307 0.0787096 0.0810346 0.0520276 0.0400071 0.0512025 0.022114 0.0974718 0.0720418 0.0866367 0.0883924
internal_weight=20622.6 19492.1 8048.51 7209.43 6206.29 6075.04 985.02 1003.14 870.182 489.168 11443.6 1112.34 5090.02 381.014
internal_count=82929 57230 45342 29878 23295 21596 5479 6583 4935 3266 11888 2210 16117 1669
is_linear=0
shrinkage=0.03


Tree=10
num_leaves=15
num_cat=0
split_feature=43 24 43 36 43 39 39 4 22 39 8 33 11 36
split_gain=13168.2 5859.77 3774.23 1124.1 2779.45 920.947 1331.08 891.306 840.316 824.169 817.305 957.819 690.603 1317.47
threshold=0.37500000000000006 0.37500000000000006 4.8750000000000009 2.2916666666666674 4.3750000000000009 30.952648828055558 67.88963633472224 13.596413541666669 -3.0759298611111294 206.04542321097225 12.84689166666667 0.60950605964156634 15.399950000000002 4.291666666666667
decision_type=2 2 2 2 2 8 8 2 2 8 2 2 2 2
left_child=-1 2 -2 4 8 10 -7 -6 -3 -8 11 -4 -5 -14
right_child=1 3 5 12 7 6 9 -9 -10 -11 -12 -13 13 -15
leaf_value=-0.029389966773406283 -0.019376911223238796 -0.02209403035604424 -0.033526107746619287 0.095401596816164752 0.088608212461468605 0.092011544982720767 0.041967869627835296 0.055470645345284592 0.058503010637996969 0.08096724490471971 0.0094553695482150289 0.097689317486405802 0.02918797434442448 0.097002605839123748
leaf_weight=1104.9285738579929 632.93895969167352 313.53007634356618 62.613028060644865 8580.9020102918148 3857.0243597850204 1161.3354332074523 1748.401496309787 909.54631056264043 183.87103271111846 678.73790378496051 559.23681857436895 240.62695152312517 432.8716395534575 640.90830612182617
leaf_count=25771 12654 4860 647 5083 8083 3671 8602 3050 1126 2178 4409 973 1587 242
internal_value=0.071406 0.0769751 0.0491434 0.0864554 0.0752573 0.0588893 0.0655816 0.0822979 0.00775736 0.0529027 0.0310013 0.0705748 0.0925525 0.0697172
internal_weight=21107.5 20002.5 5083.89 14918.7 5263.97 4450.95 3588.47 4766.57 497.401 2427.14 862.477 303.24 9654.68 1073.78
internal_count=82936 57165 33134 24031 17119 20480 14451 11133 5986 10780 6029 1620 6912 1829
is_linear=0
shrinkage=0.03


Tree=11
num_leaves=15
num_cat=0
split_feature=43 28 43 38 20 21 25 18 37 41 11 21 22 28
split_gain=11860 4831.27 3735.1 877.402 929.103 856.549 842.264 836.3 806.237 777.509 695.62 682.056 1686.8 849.029
threshold=0.37500000000000006 0.40625000000000006 5.8750000000000009 219.62500000000003 45.583406076388897 2.4069184155503658 0.76148270704399923 -2.6841289473684231 3.5000000000000004 1812.5000000000002 14.941600000000003 2.2226783996017896 -4.0063591880342413 0.86458333333333337
decision_type=2 2 2 8 2 2 2 2 2 8 2 2 2 2
left_child=-1 2 6 8 -5 9 -2 -3 -4 -6 -10 12 13 -9
right_child=1 7 3 4 5 -7 -8 11 10 -11 -12 -13 -14 -15
leaf_value=-0.029301791927110146 -0.011098189851519958 0.052330773649205256 0.069755389364043754 -0.03330677252884285 0.0036408475677417802 -0.014330352239955928 0.068976188697580348 -0.030447998282255063 -0.015175866185166685 0.080477833935353099 0.10160824373323352 0.087922473383219749 0.0790235558575932 0.071491697085198522
leaf_weight=1080.3433408848941 914.66318621486425 803.38286086544394 4221.997641146183 149.9243919737637 154.33283793181181 160.99962268024683 134.75056393072009 202.24017166346312 184.99556782096624 511.22959296405315 59.968930475413799 10168.80354551971 3257.8164765499532 114.22818191349506
leaf_count=25884 16986 2473 13403 1692 907 1208 955 2898 1247 1836 106 8389 4871 197
internal_value=0.0676167 0.0725945 0.0510622 0.0610511 0.0352336 0.0476909 -0.000760317 0.0822013 0.0666857 0.0626928 0.0137105 0.0839435 0.072602 0.00645608
internal_weight=22119.7 21039.3 6492.86 5443.45 976.486 826.562 1049.41 14546.5 4466.96 665.562 244.964 13743.1 3574.28 316.468
internal_count=83052 57168 38340 20399 5643 3951 17941 18828 14756 2743 1353 16355 7966 3095
is_linear=0
shrinkage=0.03


Tree=12
num_leaves=15
num_cat=0
split_feature=43 24 43 39 39 29 43 8 33 4 29 43 17 41
split_gain=10364.7 4627.17 3152.47 998.44 1018.83 945.015 1952.18 638.774 757.393 612.171 935.765 1268.18 595.861 674.4
threshold=0.37500000000000006 0.37500000000000006 4.6250000000000009 30.952648828055558 67.88963633472224 0.67491592557479796 4.3750000000000009 12.84689166666667 0.60950605964156634 13.587980208333336 0.8537854745930642 5.1250000000000009 1.0865171520040746 1977.5000000000002
decision_type=2 2 2 10 10 2 2 2 2 2 2 2 2 8
left_child=-1 2 -2 7 -5 6 -3 8 -4 -7 11 -11 13 -8
right_child=1 5 3 4 -6 9 12 -9 -10 10 -12 -13 -14 -15
leaf_value=-0.028662883986465906 -0.022075958499190512 -0.011816111617554954 -0.033527948291246196 0.08031693819949326 0.047822052176097023 0.085450644937939038 0.078671593298259498 0.0070558566351409347 0.080971248905878868 -0.0093545682607416372 0.080873120982504557 0.064265610393348799 0.039463009952508961 0.019554714966850871
leaf_weight=1048.6913809366524 579.33304512873292 293.25739699974656 64.115970134735107 1303.3382682874799 2626.4806313551962 7385.5059034079313 2532.9346599467099 639.01649311929941 263.57690201699734 246.1677176579833 3447.4344202168286 1446.3696889057755 520.9825264364481 187.29078852012753
leaf_count=25762 11994 4482 678 3768 10744 4009 5392 4892 1021 1974 2453 2650 2077 986
internal_value=0.0634121 0.0678968 0.0440684 0.0518971 0.0586168 0.0760182 0.0622698 0.0245485 0.0585346 0.0798925 0.071891 0.0535589 0.0689745 0.07461
internal_weight=22584.5 21535.8 5475.86 4896.53 3929.82 16059.9 3534.47 966.709 327.693 12525.5 5139.97 1692.54 3241.21 2720.23
internal_count=82882 57120 33097 21103 14512 24023 12937 6591 1699 11086 7077 4624 8455 6378
is_linear=0
shrinkage=0.03


Tree=13
num_leaves=15
num_cat=0
split_feature=24 22 24 22 4 41 4 12 33 21 32 15 4 9
split_gain=5556.28 3493.02 1435.63 1751.34 1233 861.145 705.646 1161.58 633.247 624.203 681.546 940.68 732.852 643.797
threshold=0.37500000000000006 -0.81531140350876019 0.70833333333333337 -2.7236885714285735 12.834683333333334 150.50000000000003 13.596413541666669 47.419637500000007 0.77746379797028287 2.0968388501962845 0.28993055555555564 46.530450000000009 12.784378125000002 0.42723691892365673
decision_type=2 2 2 2 2 8 2 2 2 2 2 2 2 2
left_child=1 5 3 4 -2 -1 -5 -8 -6 -3 11 -11 -12 -14
right_child=2 9 -4 6 8 -7 7 -9 -10 10 12 -13 13 -15
leaf_value=0.061584132603916882 0.070091954466486903 -0.032890247998841417 0.07635697787252349 0.070588186262906749 -0.026020210209813207 -0.018212375869176473 -0.013814618439599462 0.057817503458895164 0.045083135844964997 -0.0018902252317978183 0.086067443368543911 0.0478736069582998 0.05604083891637366 0.016097653657140512
leaf_weight=136.07176116481423 276.8760200291872 85.316764429211617 10274.691191405058 4397.6733097061515 418.66447250917554 1086.6404162459075 237.48124834150076 1418.5441222898662 153.14883234724402 493.97923932224512 612.42305763438344 1108.6587827540934 2279.9655519388616 433.12706799060106
leaf_count=500 1373 1098 8652 10578 7263 21932 1852 4275 926 5070 1538 5946 9581 2458
internal_value=0.060433 0.0361691 0.0692395 0.0586351 0.0182498 -0.00928901 0.0642929 0.047543 -0.00693113 0.0472553 0.0486492 0.0325433 0.0563988 0.0496725
internal_weight=23413.3 6236.18 17177.1 6902.39 848.689 1222.71 6053.7 1656.03 571.813 5013.47 4928.15 1602.64 3325.52 2713.09
internal_count=83042 48123 34919 26267 9562 22432 16705 6127 8189 25691 24593 11016 13577 12039
is_linear=0
shrinkage=0.03


Tree=14
num_leaves=15
num_cat=1
split_feature=43 28 43 42 4 22 12 39 22 41 38 22 19 39
split_gain=9024.96 3770.04 3616.97 868.001 666.496 1104.47 1042.12 679.395 754.269 603.442 598.541 556.47 547.143 508.449
threshold=1.0000000180025095e-35 0.46875000000000006 4.6250000000000009 0 13.621079166666668 -4.0063591880342413 47.013945833333338 3.0422670158333336 6.3717596256684521 38.500000000000007 239.12500000000003 -2.862077777777694 51.813050000000011 30.952648828055558
decision_type=2 2 2 1 2 2 2 8 2 10 10 2 2 10
left_child=-1 2 11 10 7 -6 -7 8 -3 12 -4 -2 -5 -11
right_child=1 4 3 9 5 6 -8 -9 -10 13 -12 -13 -14 -15
leaf_value=-0.031333402602935656 -0.025748551046892575 -0.021516650740853793 0.034626654134278019 -0.036861417138977247 -0.0021146312066331655 0.0076320994890904147 0.068562204441147301 0.078092504904077389 0.06822387095441125 0.039035998733988379 -0.033786766022364259 0.029038585032455339 0.056613838508256534 0.06077943223763211
leaf_weight=993.57812423631549 657.00509543344378 130.80990684404969 778.59743425250053 118.81490390747786 226.47225469350815 266.18628991395235 5061.5120430998504 7923.3493620865047 234.06993759423494 1168.4474024511874 134.20613070949912 222.61523000523448 105.42951534688473 5856.3256410621107
leaf_count=24669 14331 816 4651 854 2023 1170 5329 3765 382 5646 1503 2518 282 14979
internal_value=0.0571548 0.060998 0.0459214 0.05215 0.0708416 0.0627623 0.06552 0.0762476 0.0360809 0.0556225 0.0245421 -0.0118657 0.00714262 0.0571689
internal_weight=23877.4 22883.8 9041.44 8161.82 13842.4 5554.17 5327.7 8288.23 364.88 7249.02 912.804 879.62 224.244 7024.77
internal_count=82918 58249 44764 27915 13485 8522 6499 4963 1198 21761 6154 16849 1136 20625
cat_boundaries=0 1
cat_threshold=4
is_linear=0
shrinkage=0.03


Tree=15
num_leaves=15
num_cat=0
split_feature=43 29 43 18 21 36 18 11 39 43 20 41 17 20
split_gain=8289.75 4054.11 3059.37 757.496 647.99 880.612 797.938 660.827 703.85 511.053 498.818 506.766 594.315 585.64
threshold=0.37500000000000006 0.62620870458088218 6.6250000000000009 -2.3977513865546229 2.3189619813010114 1.8750000000000002 1.4395537499999935 15.056850000000003 162.64050237611113 6.3750000000000009 43.987950868055556 1618.5000000000002 1.1620911487515377 45.583406076388897
decision_type=2 2 2 2 2 2 2 2 8 2 2 8 2 2
left_child=-1 2 -2 9 5 6 -5 -7 -9 -3 -4 12 -12 -13
right_child=1 3 10 4 -6 7 -8 8 -10 -11 11 13 -14 -15
leaf_value=-0.029655934922047524 -0.0011996655139570932 -0.025007725348991941 -0.03441474733548306 0.048338748371532882 0.073887649318608237 0.070297299443381867 -0.022177358636855916 0.00070778492030791162 0.056559706368253346 0.04966296843397032 0.057425095399047763 -0.033750975112244348 0.022323217863002003 0.038224175589580092
leaf_weight=1018.1813877597451 1397.6712595261633 87.159366752952337 63.844056449830532 598.5409997664392 7793.3044174090028 4932.5559265874326 189.59522895514965 243.67283733561635 1218.4792626723647 1376.7688996344805 4019.6033472269773 115.95625237748027 488.58763489872217 790.91013911366463
leaf_count=25846 19717 602 539 2043 4599 4195 2412 1244 1941 2983 10467 1206 1953 3127
internal_value=0.0541111 0.0577702 0.0384185 0.0658618 0.067878 0.0613483 0.0313687 0.0650377 0.0472586 0.0452032 0.0485235 0.0495075 0.0536266 0.0289941
internal_weight=24334.8 23316.6 6876.57 16440.1 14976.1 7182.84 788.136 6394.71 1462.15 1463.93 5478.9 5415.06 4508.19 906.866
internal_count=82874 57028 37009 20019 16434 11835 4455 7380 3185 3585 17292 16753 12420 4333
is_linear=0
shrinkage=0.03


Tree=16
num_leaves=15
num_cat=0
split_feature=43 24 43 29 18 41 17 41 23 40 11 8 7 9
split_gain=7325.73 3575.51 2581.89 671.125 580.748 570.866 517.075 588.026 542.541 509.619 496.385 449.501 539.655 440.207
threshold=0.62500000000000011 0.45833333333333343 4.6250000000000009 0.46537767659680002 -2.2922187165775365 604.50000000000011 0.85690097826902967 2166.5000000000005 49.374200000000009 171.80517843083337 13.968000000000002 12.88886527777778 13.887100000000002 0.39536401022871265
decision_type=2 2 2 2 2 8 2 8 2 10 2 2 2 2
left_child=-1 2 -2 5 -3 9 -5 8 -8 11 13 12 -4 -10
right_child=1 4 3 6 -6 -7 7 -9 10 -11 -12 -13 -14 -15
leaf_value=-0.025752834600230787 -0.017412515348841952 0.043700503345024011 -0.0024373490159711455 0.061824058729395608 0.064773194031589251 0.002301543388699845 -0.0002867437840048387 -0.022304566166872673 0.025226580404907363 -0.020363422241084599 0.042463684062741883 0.072856173588118273 0.084200561043646524 0.090490175084131194
leaf_weight=1065.0203972384334 687.89131478592753 1293.098231010139 214.10929822176695 1708.1676017157733 14194.385946884751 589.94278759881854 232.77234106138349 123.25682951882482 124.16846568509936 103.85842830315232 3120.0113394148648 373.78598123043776 91.696026284247637 381.67610098049045
leaf_count=26767 13757 2553 1411 4181 13815 3871 1531 1013 566 715 10654 728 240 752
internal_value=0.0511643 0.0546903 0.0380479 0.0434508 0.0630167 0.0246007 0.0479955 0.0420492 0.0441101 0.0413678 0.0469596 0.0508179 0.0237309 0.0745515
internal_weight=24303.8 23238.8 7751.34 7063.45 15487.5 1373.39 5690.05 3981.89 3858.63 783.45 3625.86 679.591 305.805 505.845
internal_count=82554 55787 39419 25662 16368 6965 18697 14516 13503 3094 11972 2379 1651 1318
is_linear=0
shrinkage=0.03


Tree=17
num_leaves=15
num_cat=1
split_feature=43 24 43 36 4 38 42 19 4 32 34 9 39 40
split_gain=6877.91 3465.23 2832.62 676.908 743.452 552.732 551.923 542.928 512.701 483.345 457.448 454.594 597.6 557.799
threshold=0.37500000000000006 0.54166666666666685 3.8750000000000004 1.3750000000000002 12.474002083333337 274.12500000000006 0 52.02620000000001 12.748297916666667 0.59201388888888895 -0.61961996336996328 0.43242152301870712 46.389987507222223 16.891741145972226
decision_type=2 2 2 2 2 8 1 2 2 2 2 2 10 8
left_child=-1 2 -2 4 -4 -5 7 8 -6 10 -8 13 -13 -12
right_child=1 -3 3 5 6 -7 9 -9 -10 -11 11 12 -14 -15
leaf_value=-0.028924308693340159 -0.01967867613126164 0.061977677777559664 0.067690386979181075 0.055582384519517136 0.039680096128741814 0.02267301012111763 0.095040419668430881 0.096520033502182023 -0.026629408501890096 -0.030825773343274986 0.09335848090822145 -0.032663823054393887 0.036350638755304684 0.03615473619646941
leaf_weight=970.62382527440786 691.91226699948311 14228.614628951997 563.93538412451744 3899.8410948850214 149.21977382153273 522.79773125052452 117.54757968336344 49.561995655298233 347.29554960876703 96.386984471231699 161.82985567674041 194.24127341806889 266.87712267413735 2801.3565416745842
leaf_count=25870 13599 11678 1053 8582 1105 2430 240 105 3742 745 404 1707 951 10682
internal_value=0.0493486 0.0525032 0.0388299 0.0432458 0.0353638 0.0516982 0.0309919 0.00286262 -0.00666144 0.035212 0.0370173 0.0349984 0.00727125 0.0393093
internal_weight=25062 24091.4 9862.8 9170.89 4748.25 4422.64 4184.32 546.077 496.515 3638.24 3541.85 3424.3 461.118 2963.19
internal_count=82893 57023 45345 31746 20734 11012 19681 4952 4847 14729 13984 13744 2658 11086
cat_boundaries=0 1
cat_threshold=4
is_linear=0
shrinkage=0.03


Tree=18
num_leaves=15
num_cat=0
split_feature=43 24 43 29 18 21 4 22 18 24 4 16 39 32
split_gain=6299.37 3467.98 2750.6 645.789 715.507 619.146 569.529 498.613 469.406 433.933 725.063 807.338 362.571 524.04
threshold=1.0000000180025095e-35 0.54166666666666685 4.8750000000000009 0.46537767659680002 -2.6637928571428477 2.0832681001522206 12.474002083333337 -2.3201687719297901 -0.26144624999999783 0.79166666666666685 13.612520833333335 47.89731770833334 67.88963633472224 0.27256944444444448
decision_type=2 2 2 2 2 2 2 2 2 2 2 2 10 2
left_child=-1 2 7 6 -5 -6 -4 -2 -9 10 -3 -12 13 -7
right_child=1 9 3 4 5 12 -8 8 -10 -11 11 -13 -14 -15
leaf_value=-0.031179678352059068 -0.022158809107718919 0.060009963102885165 0.060899507168433925 0.024561512985790505 -0.033923914157807204 0.020332119262704292 0.013922411120309357 -0.0076228471812704608 0.074724294950869199 0.063340503609290277 -0.022289394521961124 0.043506745581442442 0.044583006027151047 0.064127932456295944
leaf_weight=886.13527013920248 764.6376883815974 3600.9001483358443 290.48893303051591 1246.5975773520768 78.546106785535812 277.44113602116704 1148.251824952662 151.73043060302734 104.50898651778698 9473.1920954659581 189.63535541296005 1423.597486320883 3786.2727165035903 2244.5639491863549
leaf_count=24490 15951 3900 551 4386 822 1378 6283 1816 663 4241 1216 2730 9773 4818
internal_value=0.0473861 0.0501967 0.0366516 0.0419048 0.0453809 0.04944 0.023443 -0.0100264 0.0261229 0.0595017 0.0525165 0.0357634 0.0504832 0.05932
internal_weight=25666.5 24780.4 10093 9072.16 7633.42 6386.82 1438.74 1020.88 256.239 14687.3 5214.13 1613.23 6308.28 2522.01
internal_count=83018 58528 46441 28011 21177 16791 6834 18430 2479 12087 7846 3946 15969 6196
is_linear=0
shrinkage=0.03


Tree=19
num_leaves=15
num_cat=0
split_feature=43 24 43 29 16 18 7 4 40 9 9 41 16 38
split_gain=5802.55 3285.53 2754.16 746.962 717.048 660.043 629.717 539.049 629.054 519.482 679.032 970.796 657.851 542.932
threshold=1.0000000180025095e-35 0.62500000000000011 3.8750000000000004 0.58444645187621791 49.909881250000012 1.5345992156862704 14.180250000000003 12.474002083333337 116.23890721194446 0.4615481488501389 0.3971214670132987 1898.5000000000002 48.109328124999998 317.12500000000006
decision_type=2 2 2 2 2 2 2 2 8 2 2 10 2 10
left_child=-1 2 -2 4 5 7 -5 -4 9 10 11 -9 -12 -11
right_child=1 -3 3 6 -6 -7 -8 8 -10 13 12 -13 -14 -15
leaf_value=-0.031143284982517838 -0.014372368945080684 0.058580157052345261 0.060079387493751149 0.058591858620973623 0.067348274109208406 -0.0097296301633581321 0.038879604137246879 -0.011597140449959431 0.010299973099135842 -0.019737467295762885 0.057884591477198488 0.076970265041564262 0.012169777363298306 0.10598427911415081
leaf_weight=862.8164028134197 879.14811493642628 12764.277325835079 549.54821884632111 2756.8571932129562 485.19594091176987 363.96048696711659 3121.7475626803935 418.12742575630546 1205.4854550771415 234.19433799758554 1527.807680349797 150.73183970153332 348.50865314155817 34.594224572181702
leaf_count=24516 15784 8301 1006 4884 826 4077 7584 2422 5299 1813 4752 399 1264 84
internal_value=0.0453094 0.0479661 0.0367431 0.0407575 0.0325979 0.029096 0.0481323 0.0322594 0.0283445 0.0363527 0.0407027 0.0119646 0.0494045 -0.00322368
internal_weight=25703 24840.2 12075.9 11196.8 5318.15 4832.96 5878.6 4469 3919.45 2713.96 2445.18 568.859 1876.32 268.789
internal_count=83011 58495 50194 34410 21942 21116 12468 17039 16033 10734 8837 2821 6016 1897
is_linear=0
shrinkage=0.03


Tree=20
num_leaves=15
num_cat=1
split_feature=36 42 12 11 36 38 8 38 20 11 37 20 18 38
split_gain=3769.46 3595.87 832.649 728.461 825.73 874.86 659.164 532.23 893.315 583.922 625.963 527.73 506.09 501.381
threshold=2.0416666666666674 0 47.158487500000007 15.224700000000002 4.291666666666667 274.12500000000006 12.624537673611112 221.12500000000003 45.583406076388897 14.085300000000002 1.5000000000000002 44.056071701388895 -1.5754676470588196 265.37500000000006
decision_type=2 1 2 2 2 10 2 8 2 2 2 2 2 8
left_child=1 2 -1 -2 5 13 -4 11 -9 -10 12 -3 -11 -5
right_child=3 7 6 4 -6 -7 -8 8 9 10 -12 -13 -14 -15
leaf_value=-0.030611808529649658 0.057566890540369647 -0.01890055768007131 0.091793396997131488 0.020195907476954419 0.060935549418735566 -0.023862566500273918 0.0044662488166056181 -0.034719259462759951 0.085148579697424689 0.053585347139813756 0.00063882262824428444 0.043748303061952112 0.0088690167261594715 0.059833427520316639
leaf_weight=686.05234116688371 11538.538905642927 122.42012768238783 81.294139355421066 715.68510211445391 968.9875524379313 266.65333885885775 1424.8442569021136 199.44436416961253 168.25030489452183 744.11232592910528 553.91300719417632 7717.8299613650888 328.74831927940249 480.59666871652007
leaf_count=19086 10645 782 206 2685 428 1658 15864 2181 347 1591 3132 22095 1785 404
internal_value=0.0438184 0.0315019 -0.00324171 0.0544184 0.0394626 0.0252079 0.00923753 0.0392459 0.0253867 0.0320806 0.0265431 0.0427678 0.0399043 0.0361566
internal_weight=25997.4 12026.9 2192.19 13970.5 2431.92 1462.94 1506.14 9834.72 1994.47 1795.02 1626.77 7840.25 1072.86 1196.28
internal_count=82889 67069 35156 15820 5175 4747 16070 31913 9036 6855 6508 22877 3376 3089
cat_boundaries=0 1
cat_threshold=4
is_linear=0
shrinkage=0.03


Tree=21
num_leaves=15
num_cat=1
split_feature=24 22 33 42 25 4 40 21 20 40 38 6 7 23
split_gain=3973.3 2298.35 992.414 716.934 966.924 622.518 605.113 497.829 480.164 537.805 483.188 450.684 428.297 414.014
threshold=0.62500000000000011 -2.7236885714285735 0.77746379797028287 0 0.48220558469133329 12.598866666666668 173.75895967930558 2.1006226178547922 44.712802951388888 114.03677057652779 287.12500000000006 0.17969374999999888 13.538550000000003 49.739350000000009
decision_type=2 2 2 1 2 2 10 2 2 10 10 2 2 2
left_child=1 2 5 7 -5 -1 -6 -3 9 12 13 -12 -9 -10
right_child=-2 3 -4 4 6 -7 -8 8 10 -11 11 -13 -14 -15
leaf_value=0.029095016406119424 0.05353482284807886 -0.028804663530441185 0.036613468134171497 0.0048481295917308792 0.042521672584162597 -0.02858662972069962 0.0069568767828609764 -0.030332233183501225 0.064079806529995897 -0.038198744822194833 -0.011193488754735055 0.049027021650363552 0.055461505271214094 0.042103312241598696
leaf_weight=204.05539346672595 13126.355842933059 91.971912436187267 397.74185354076326 1436.845575209707 2137.4356520399451 943.9336596224457 539.6629696842283 69.224533766508102 899.30642047524452 138.79185935109854 273.85734497755766 187.72961916774511 207.40439773350954 5605.1385345906019
leaf_count=1844 12072 807 3122 14413 9603 21878 3410 391 1263 872 1325 475 425 11226
internal_value=0.0418615 0.0301909 -0.00416818 0.0347743 0.0247056 -0.0183173 0.0353576 0.0403128 0.0411778 0.00981815 0.0430463 0.0133515 0.0339603 0.0451512
internal_weight=26259.5 13133.1 1545.73 11587.4 4113.94 1147.99 2677.1 7473.42 7381.45 415.421 6966.03 461.587 276.629 6504.44
internal_count=83126 71054 26844 44210 27426 23722 13013 16784 15977 1688 14289 1800 816 12489
cat_boundaries=0 1
cat_threshold=1
is_linear=0
shrinkage=0.03


Tree=22
num_leaves=15
num_cat=0
split_feature=43 36 43 8 24 21 18 11 36 38 20 21 17 19
split_gain=4918.2 3089.76 2275.59 778.295 801.183 957.253 642.532 546.803 450.102 431.491 812.836 625.783 543.077 420.89
threshold=1.0000000180025095e-35 1.9583333333333337 4.6250000000000009 13.485639583333334 0.95833333333333337 2.1798570557164498 1.5982636904761973 15.399950000000002 3.1250000000000004 221.12500000000003 45.599882986111119 2.1177027414612302 1.1163177030309865 52.704650000000008
decision_type=2 2 2 2 2 2 2 2 2 8 2 2 2 2
left_child=-1 2 -2 -3 5 8 9 13 -5 11 -11 -4 -13 -7
right_child=1 3 6 4 -6 7 -8 -9 -10 10 -12 12 -14 -15
leaf_value=-0.031140882988483651 -0.014550034346797141 0.057790448697785442 -0.030203211295865107 -0.030366087851713863 0.054938922980493542 0.028077126691855407 0.0052174868634386985 0.0053411079036992009 0.034392698978635824 -0.03491075942516448 0.030299210204164755 0.044315400695186434 0.022005090128293919 0.05406592299878573
leaf_weight=844.79928097873926 927.09178131073713 8041.6647454127669 112.76091504469514 283.84498577006161 2947.4100710488856 878.05879934318364 629.02524910122156 363.97963526472449 145.19940787553787 191.48189309611917 1630.0136468075216 6235.5891263708472 1169.1737241894007 1571.1286920085549
leaf_count=24466 17409 3672 1026 2279 1373 1871 4567 1073 267 1817 5105 12886 3501 1456
internal_value=0.0400279 0.0424219 0.0303936 0.0516277 0.0436128 0.0333028 0.0345747 0.039667 -0.00842107 0.0365513 0.0234287 0.0397273 0.0407962 0.0447639
internal_weight=25971.2 25126.4 10895.1 14231.3 6189.62 3242.21 9968.04 2813.17 429.044 9339.02 1821.5 7517.52 7404.76 2449.19
internal_count=82768 58302 46311 11991 8319 6946 28902 4400 2546 24335 6922 17413 16387 3327
is_linear=0
shrinkage=0.03


Tree=23
num_leaves=15
num_cat=0
split_feature=43 29 43 18 21 28 43 38 11 29 43 20 21 15
split_gain=4661.83 2756.33 1975.55 724.622 591.567 791.194 807.193 577.005 542.06 659.727 533.632 502.464 506.371 491.184
threshold=1.0000000180025095e-35 0.63856617389912251 5.6250000000000009 -1.8609377380952425 2.3189619813010114 0.59375000000000011 3.3750000000000004 219.62500000000003 15.056850000000003 0.87784754038846635 6.1250000000000009 45.583406076388897 2.3742733286347302 47.742450000000012
decision_type=2 2 2 2 2 2 2 8 2 2 2 2 2 2
left_child=-1 2 -2 10 5 6 -5 -4 -7 -10 -3 -9 13 -13
right_child=1 3 7 4 -6 8 -8 11 9 -11 -12 12 -14 -15
leaf_value=-0.031103630877821999 -0.012014779099696853 -0.022723829623018221 0.036530818767178348 -0.023630050900136274 0.056949487486203224 0.056401772798444924 0.035509845423498367 -0.03406442654833975 -0.0036302592824791649 0.045937256136074078 0.037125009647537691 0.056201887226521245 -0.012358768939453814 0.011411260548340622
leaf_weight=825.6773270405829 1012.358413875103 140.74498777464032 6132.3004469573498 236.83057129196823 7259.6455521155149 3909.1900817267597 1653.2668105475605 165.13970867916942 316.24717703834176 1021.7949269190431 2594.9743789508939 425.34099739044905 294.43950021266937 457.39288561046124
leaf_count=24622 18078 779 15297 2950 3373 1707 3744 1687 1282 976 4150 923 1564 1869
internal_value=0.0390296 0.041291 0.0273046 0.0482174 0.050909 0.044758 0.028091 0.0326309 0.0507551 0.034228 0.0340388 0.0148002 0.0216783 0.0330326
internal_weight=26445.3 25619.7 8486.97 17132.7 14397 7137.33 1890.1 7474.61 5247.23 1338.04 2735.72 1342.31 1177.17 882.734
internal_count=83001 58379 39418 18961 14032 10659 6694 21340 3965 2258 4929 6043 4356 2792
is_linear=0
shrinkage=0.03


Tree=24
num_leaves=15
num_cat=0
split_feature=24 22 23 24 7 22 38 20 9 29 7 38 11 33
split_gain=3450.21 1847.58 724.557 506.657 722.075 1082.51 452.036 506.301 856.871 759.661 617.138 547.343 513.281 467.859
threshold=0.54166666666666685 -1.6261545238095256 52.49710000000001 0.95833333333333337 14.298100000000003 -2.641570158730167 271.62500000000006 45.294130381944449 0.40530722060169083 0.66127373997937455 13.531550000000001 151.12500000000003 14.105650000000002 0.43765837383001949
decision_type=2 2 2 2 2 2 8 2 2 2 2 10 2 2
left_child=1 2 -1 4 -2 -6 7 8 9 13 -10 -12 -9 -3
right_child=3 6 -4 -5 5 -7 -8 12 10 -11 11 -13 -14 -15
leaf_value=-0.019293708569535297 0.050681877176373867 0.051171443928878194 0.022838357765529813 0.053190454972293306 -0.016385048977242394 0.037872649197609042 0.011909462567488868 0.056840541105637125 -0.015438333659265618 0.05907916189557106 0.048086948245323877 -0.035832105361308278 0.033208375227924379 -0.025625801529085255
leaf_weight=1037.4013607818633 4254.5451806578785 79.799838988110423 567.49192654341459 7000.5932882390916 364.95294289849699 3498.4755864739418 1074.0939501412213 970.79237571172416 189.77012852951884 142.34802032075822 1103.2055944744498 73.975823374465108 5667.381188577041 615.88818861171603
leaf_count=22412 4484 384 5655 3492 3280 6072 6889 2127 1361 183 3131 737 17189 5363
internal_value=0.0378401 0.0254695 -0.00439082 0.0472656 0.0421503 0.0327444 0.0303017 0.032534 0.0200642 -0.00381954 0.0346987 0.0427874 0.0366725 -0.0167559
internal_weight=26640.7 11522.1 1604.89 15118.6 8117.97 3863.43 9917.26 8843.16 2204.99 838.036 1366.95 1177.18 6638.17 695.688
internal_count=82759 65431 28067 17328 13836 9352 37364 30475 11159 5930 5229 3868 19316 5747
is_linear=0
shrinkage=0.03


Tree=25
num_leaves=15
num_cat=1
split_feature=43 28 43 42 8 28 21 9 11 39 39 17 10 39
split_gain=4190.87 2856.94 1918.48 622.114 620.717 757.645 997.603 501.764 457.416 451.224 426.136 419.586 450.853 530.89
threshold=1.0000000180025095e-35 0.51041666666666685 3.6250000000000004 0 13.485639583333334 0.84375000000000011 2.1740605875449472 0.387161667547753 15.399950000000002 3.0422670158333336 236.18564512680561 1.1620911487515377 0.33383749999999052 30.362257504027781
decision_type=2 2 2 1 2 2 2 2 2 10 10 2 2 8
left_child=-1 2 -2 -4 9 6 -6 -8 -9 -3 -10 12 13 -5
right_child=1 4 3 11 5 -7 7 8 10 -11 -12 -13 -14 -15
leaf_value=-0.031093995019385336 -0.022008853149674122 0.024086848847705407 0.0108203736689426 0.018590081722389698 -0.01636691109796521 0.051186129864609145 -0.018043441522541559 0.043849506066941157 -0.041026323714874455 0.055025993322206278 0.03110216623404297 0.015242271221005485 0.012824016943378556 0.040398795093575586
leaf_weight=806.22073044627905 664.24842825904489 452.80653340369463 1287.9326652698219 1179.0005299672484 366.14245113730431 3024.0541514307261 144.6640160381794 2329.6509378254414 113.07568301633 7286.6874919608235 207.42558372020721 1070.5390087477863 746.47908602282405 6890.7382517941296
leaf_count=24422 13971 966 8521 5135 2290 1442 534 2562 525 2333 355 3466 2307 14093
internal_value=0.0362289 0.0383367 0.0274983 0.0304428 0.0475492 0.0404467 0.0301595 0.0362585 0.0392283 0.0532192 0.00560614 0.0329976 0.0351517 0.0372152
internal_weight=26569.7 25763.4 11838.9 11174.7 13924.5 6185.01 3160.96 2794.82 2650.15 7739.49 320.501 9886.76 8816.22 8069.74
internal_count=82922 58500 47493 33522 11007 7708 6266 3976 3442 3299 880 25001 21535 19228
cat_boundaries=0 1
cat_threshold=4
is_linear=0
shrinkage=0.03


Tree=26
num_leaves=15
num_cat=1
split_feature=24 22 11 42 32 41 10 39 33 8 39 29 8 28
split_gain=3097.55 1693.75 624.761 590.906 809.619 690.457 416.778 521.027 565.17 781.852 474.668 463.977 407.968 724.58
threshold=0.62500000000000011 -3.7488930546955577 15.922650000000003 0 0.29687500000000006 674.50000000000011 0.15697987012987061 60.82627733513889 0.626651943453575 13.572761631944447 30.952648828055558 0.63515768760398605 13.502024305555558 0.80208333333333337
decision_type=2 2 2 1 2 8 2 10 2 2 8 2 2 2
left_child=1 2 -1 -3 -5 -6 11 10 -9 -10 -8 -7 -2 -14
right_child=12 3 -4 4 5 6 7 8 9 -11 -12 -13 13 -15
leaf_value=-0.016567953435052084 0.05019898602125674 0.033428216753722886 0.06727739406807158 -0.0019212373414284156 0.052294484057651539 -0.021374306925956814 -0.0023638477381513882 -0.010745688946973251 0.06405705107014073 0.0013361217117642279 0.061585508903995188 0.021564931001554398 0.025351987016103847 0.048502034863231236
leaf_weight=1029.7595800925046 7736.4503886755556 8007.9393902756274 85.728551905602217 1145.2530115507543 766.08752087131143 386.03654340468347 129.0857934448868 436.51012055389583 355.08400230668485 359.50660926662385 545.03416705876589 544.99617771245539 2035.7313956376165 3039.4398679099977
leaf_count=22175 4692 16865 273 13009 2322 5256 802 3092 565 2022 1304 3219 5252 2096
internal_value=0.0352328 0.0253629 -0.0100697 0.0284817 0.0199898 0.0271125 0.0200968 0.028425 0.0161358 0.0325485 0.0493546 0.00375709 0.0458544 0.039223
internal_weight=26602.6 13791 1115.49 12675.5 4667.59 3522.34 2756.25 1825.22 1151.1 714.591 674.12 931.033 12811.6 5075.17
internal_count=82944 70904 22448 48456 31591 18582 16260 7785 5679 2587 2106 8475 12040 7348
cat_boundaries=0 1
cat_threshold=1
is_linear=0
shrinkage=0.03


Tree=27
num_leaves=15
num_cat=0
split_feature=43 24 43 32 7 39 4 17 9 41 8 16 23 32
split_gain=3849.57 2775.42 1533.29 508.545 804.098 604.332 563.093 482.041 528.572 521.011 537.545 481.558 586.69 408.285
threshold=1.0000000180025095e-35 0.62500000000000011 3.3750000000000004 0.29340277777777785 13.531550000000001 26.793104701666671 12.598866666666668 0.85082746151591315 0.42723691892365673 433.50000000000006 13.10776388888889 49.853012499999998 52.108550000000008 0.45659722222222227
decision_type=2 2 2 2 2 10 2 2 2 10 2 2 2 2
left_child=-1 2 -2 4 -4 -6 -5 -8 9 -9 -11 12 -12 -10
right_child=1 -3 3 6 5 -7 7 8 13 10 11 -13 -14 -15
leaf_value=-0.031077030718359856 -0.016892125266804343 0.045823444055266685 -0.028085002570180078 0.053564064495600666 -0.036089084316004605 0.02655029458644554 0.040232294616327824 -0.016659514372685796 -0.013508103245248535 0.046082960355853658 0.024308240343824818 0.040357098689954955 -0.015072570436597196 0.022042693175472746
leaf_weight=795.31614049710333 704.13623798079789 12799.798732798547 307.75809671729803 979.47941135242581 145.90282751619816 2500.6977742128074 2603.0593267939985 211.31537057459354 508.14319651201367 1497.6553753353655 1398.7146030887961 1027.7023754864931 449.15449836105108 676.98148909211159
leaf_count=24661 13666 8275 2069 1411 1292 8768 5319 1015 3042 3086 4018 1921 1969 2416
internal_value=0.0339011 0.0359044 0.0261434 0.0286069 0.0177467 0.0230848 0.0320353 0.0295107 0.0246674 0.0292834 0.0315067 0.0239017 0.0147331 0.00680112
internal_weight=26605.8 25810.5 13010.7 12306.6 2954.36 2646.6 9352.21 8372.73 5769.67 4584.54 4373.23 2875.57 1847.87 1185.12
internal_count=82928 58267 49992 36326 12129 10060 24197 22786 17467 12009 10994 7908 5987 5458
is_linear=0
shrinkage=0.03


Tree=28
num_leaves=15
num_cat=1
split_feature=28 42 18 22 8 22 21 38 18 25 22 28 41 22
split_gain=3173.95 2450.18 700.389 568.406 521.924 806.398 504.121 769.367 495.823 451.864 454.706 429.871 558.537 764.213
threshold=0.51041666666666685 0 -2.2047269230769291 -1.9828013538748874 13.572761631944447 -3.6971577122153332 2.1144285065868877 297.12500000000006 0.33625441176470955 0.63185252172568729 -2.1594654761904564 0.82291666666666685 1213.5000000000002 1.0239028846153369
decision_type=2 1 2 2 2 2 2 10 2 2 2 2 10 2
left_child=1 3 -2 -1 -4 -6 7 -3 -5 10 -8 12 -7 -14
right_child=2 6 4 8 5 11 9 -9 -10 -11 -12 -13 13 -15
leaf_value=-0.027335991642114411 0.020514811899493005 -0.026585730412652532 0.049771652962048336 -0.030980357716033857 -0.0037393173865230673 0.051235283095475044 -0.01578418692719679 0.064250725820070423 0.013777618484868677 0.037488274491897657 0.026004802768909964 0.04896984842987441 -0.023956737871040162 0.030896027797805824
leaf_weight=791.5873322673142 1170.9258244931698 328.50630874931812 7622.3093862179667 279.224763372913 396.08436125516891 767.06809228844941 243.14980280958116 111.59575213305652 1085.4209645949304 3812.2879665959626 6050.8812748044729 2612.7719172108918 289.70402383618057 1071.5591340996325
leaf_count=19695 3377 4753 3932 9256 3016 741 3428 580 6243 6283 16811 1233 1668 1893
internal_value=0.0328555 0.0220073 0.0427453 -0.00712919 0.0447836 0.0373744 0.0279644 -0.00345908 0.00460356 0.029333 0.0243882 0.0408093 0.0307729 0.0192132
internal_weight=26633.1 12702.7 13930.4 2156.23 12759.5 5137.19 10546.4 440.102 1364.65 10106.3 6294.03 4741.1 2128.33 1361.26
internal_count=82909 67049 15860 35194 12483 8551 31855 5333 15499 26522 20239 5535 4302 3561
cat_boundaries=0 1
cat_threshold=4
is_linear=0
shrinkage=0.03


Tree=29
num_leaves=15
num_cat=1
split_feature=28 42 18 22 18 25 11 28 41 23 7 39 39 39
split_gain=3187.66 2067.89 759.948 607.939 592.814 512.392 507.871 505.84 855.49 477.07 413.628 610.895 439.004 714.7
threshold=0.53125000000000011 0 -2.3353989473684122 -2.5621024122807139 0.51884867424241909 0.63185252172568729 15.186800000000002 1.0729166666666667 1992.5000000000002 49.269600000000004 14.273800000000001 206.04542321097225 37.560628050416675 67.88963633472224
decision_type=2 1 2 2 2 2 2 2 10 2 2 8 10 10
left_child=1 3 -2 -1 -5 9 -4 8 -8 -3 12 -12 -11 -14
right_child=2 5 6 4 -6 -7 7 -9 -10 10 11 -13 13 -15
leaf_value=-0.026971109170145932 0.015099533284033365 -0.0075758925291999502 0.047056513391091556 -0.031348435219331137 0.015426929036295674 0.03470278187304314 0.030623638102119381 0.048781849908757877 -0.031823942408024844 0.012060654988598676 -0.0027649117597409864 0.03771567276137873 0.050146609368471116 0.022510589364210173
leaf_weight=738.23610433191061 874.19659265503287 470.35276785492897 10046.462468201295 303.21239341422915 1228.4390478413552 4433.5063938703388 1278.3892476484179 969.08580151200294 232.62217637524009 1148.9403285440058 1044.3035466950387 493.25619750656188 1392.4884822256863 2137.1924838796258
leaf_count=19153 2765 3172 7012 9969 7086 8168 2658 387 1563 6635 4663 1072 2242 6685
internal_value=0.0318204 0.0214654 0.0421647 -0.00462732 0.00615266 0.0267915 0.0440521 0.0318679 0.0209951 0.0215416 0.0237456 0.0102375 0.0281817 0.0334243
internal_weight=26790.7 13389.9 13400.8 2269.89 1531.65 11120 12526.6 2480.1 1511.01 6686.53 6216.18 1537.56 4678.62 3529.68
internal_count=83230 68845 14385 36208 17055 32637 11620 4608 4221 24469 21297 5735 15562 8927
cat_boundaries=0 1
cat_threshold=4
is_linear=0
shrinkage=0.03


Tree=30
num_leaves=15
num_cat=0
split_feature=43 36 18 18 43 25 4 36 22 41 22 39 39 8
split_gain=3349.52 2596.35 1833.76 696.198 607.423 479.336 430.467 560.406 1004.56 428.909 341.955 319.619 790.223 587.109
threshold=1.0000000180025095e-35 2.1250000000000004 1.5677854166666849 -2.2475649350649269 3.6250000000000004 0.63185252172568729 13.742190625000001 3.3750000000000004 0.60790267857142288 1140.5000000000002 -2.7991365384615343 30.952648828055558 67.086251258194451 12.84689166666667
decision_type=2 2 2 2 2 2 2 2 2 8 2 8 8 2
left_child=-1 2 4 -3 -2 11 -5 8 9 -8 -4 13 -13 -6
right_child=1 3 10 6 5 -7 7 -9 -10 -11 -12 12 -14 -15
leaf_value=-0.031050466806529373 -0.015785469283927246 0.01694590860333603 -0.028849569489515735 0.04849598622305757 0.033795712365815557 0.035706289219117185 0.041741151426578978 0.045903990803285222 0.036198093383019637 -0.031712400276794304 0.0031979927313749833 0.041654366977889816 0.018149036777294049 -0.0090823671198775012
leaf_weight=759.893843350932 291.74909682571888 908.05689775571227 569.17115280777216 7682.5507812835276 492.90026673302054 4448.0277276299894 89.828628310933709 2520.303881727159 1433.2322861626744 337.07454543188214 631.20995242521167 1931.8786087818444 3863.6444790698588 686.65182464569807
leaf_count=24711 4801 1993 12767 2813 1650 6702 163 1098 1484 2185 3465 3572 11287 4156
internal_value=0.0309989 0.0328215 0.0232969 0.0423026 0.0269153 0.0280072 0.0442097 0.036683 0.0241716 -0.0161949 -0.012009 0.023093 0.0259901 0.00884858
internal_weight=26646.2 25886.3 12915.2 12971 11714.9 11423.1 12063 4380.44 1860.14 426.903 1200.38 6975.08 5795.52 1179.55
internal_count=82847 58136 48400 9736 32168 27367 7743 4930 3832 2348 16232 20665 14859 5806
is_linear=0
shrinkage=0.03


Tree=31
num_leaves=15
num_cat=0
split_feature=43 36 18 8 24 21 38 20 21 18 38 23 20 40
split_gain=3173.77 2619.37 1251.93 705.416 774.214 669.385 484.022 633.879 591.635 492.717 450.864 431.503 400.714 422.177
threshold=0.37500000000000006 1.9583333333333337 1.5982636904761973 13.485639583333334 0.95833333333333337 2.1740605875449472 221.12500000000003 45.599882986111119 2.0968388501962845 -2.135568831168833 272.87500000000006 49.592950000000009 44.993785416666675 245.91348753194447
decision_type=2 2 2 2 2 2 8 2 2 2 10 2 2 8
left_child=-1 2 6 -3 5 -5 8 -8 -2 12 -7 -9 -10 -14
right_child=1 3 -4 4 -6 10 7 11 9 -11 -12 -13 13 -15
leaf_value=-0.029672795996240078 -0.025833548065646143 0.046253801069169972 -0.010706567099918848 -0.013636117791044136 0.043991814511453939 0.032493503103202225 -0.035508301509943663 0.08518425612381543 -0.011459913528786522 0.033743634689633623 -0.0021036007968142346 0.013924501779255668 0.026251569014449767 -0.019196559816091911
leaf_weight=781.4795344453305 183.67775651998818 7950.011552631855 1015.9052548315376 399.87037784047425 2906.6179417893291 2478.9722521677613 231.87903244048357 79.015412699431181 354.88941359147429 5485.0156868379563 392.55020244792104 1758.7103801593184 2282.3856161832809 199.36244961619377
leaf_count=25713 2356 3643 14366 2370 1360 3272 2333 140 1582 12658 1178 6319 4747 713
internal_value=0.0298579 0.0316678 0.0210948 0.04034 0.0327237 0.0227017 0.0241506 0.011132 0.0273167 0.0284928 0.0277648 0.0170331 0.0183313 0.0225944
internal_weight=26500.3 25718.9 11590.8 14128 6178.01 3271.39 10574.9 2069.6 8505.33 8321.65 2871.52 1837.73 2836.64 2481.75
internal_count=82750 57037 45214 11823 8180 6820 30848 8792 22056 19700 4450 6459 7042 5460
is_linear=0
shrinkage=0.03


Tree=32
num_leaves=15
num_cat=0
split_feature=24 22 10 29 18 29 21 4 12 11 11 28 41 9
split_gain=3001.35 1151.04 702.689 590.005 491.478 528.272 608.865 361.765 654.542 445.127 361.57 584.312 595.7 463.49
threshold=0.62500000000000011 -2.1594654761904564 -0.069955857487922171 0.594936651681373 -2.6424432518796981 0.54305882956035167 2.3133562740474312 13.596413541666669 47.27835000000001 14.747050000000003 15.224700000000002 1.0729166666666667 1764.5000000000002 0.42151740769278317
decision_type=2 2 2 2 2 2 2 2 2 2 2 2 10 2
left_child=1 2 3 -1 -3 6 -6 -7 -9 -10 -2 12 -12 -14
right_child=10 4 -4 -5 5 7 -8 8 9 -11 11 -13 13 -15
leaf_value=-0.0069364400667366313 0.042095764778411426 0.0097933051923441653 -0.021847504460196444 0.047016652849276849 0.00064632779355043688 0.03463022205818244 0.026066144959728681 -0.034442426462585392 -0.02478094781202058 0.03030318891101413 0.028581254123562015 0.045619155706474367 -0.049963089422242521 0.018620165026900705
leaf_weight=398.94050026126206 10485.086842296645 2173.5576035920531 897.29191813059151 334.75769978202879 1387.148878140375 4937.1261084377766 2181.2781079765409 185.63890841044486 145.15153711661696 1388.0007236357778 756.68172607198358 947.26650066301227 191.92008919082582 163.38515027984977
leaf_count=6489 8536 9264 20782 1319 9298 10988 7134 1459 751 3353 1497 402 1223 381
internal_value=0.0291737 0.0196376 -0.00405235 0.0177107 0.0227541 0.0255082 0.0161877 0.030502 0.0186308 0.0250753 0.039836 0.0283153 0.0135469 -0.0184617
internal_weight=26573.2 14028.9 1630.99 733.698 12397.9 10224.3 3568.43 6655.92 1718.79 1533.15 12544.3 2059.25 1111.99 355.305
internal_count=82876 70837 28590 7808 42247 32983 16432 16551 5563 4104 12039 3503 3101 1604
is_linear=0
shrinkage=0.03


Tree=33
num_leaves=15
num_cat=0
split_feature=43 24 43 29 18 28 23 23 18 11 4 23 16 4
split_gain=2935.1 2329.97 1039.05 629.103 801.189 541.994 463.399 588.704 622.959 459.075 404.568 782.239 420.518 391.903
threshold=0.62500000000000011 0.70833333333333337 3.8750000000000004 0.55099844766428496 -2.7064671428571461 0.63541666666666685 54.055150000000005 52.029900000000005 1.4395537499999935 14.530950000000002 13.587980208333336 52.610350000000004 48.141288541666675 13.655007291666667
decision_type=2 2 2 2 2 2 2 2 2 2 2 2 2 2
left_child=-1 2 5 6 -5 -2 7 8 9 -4 -6 -12 -13 -9
right_child=1 -3 3 4 10 -7 -8 13 -10 -11 11 12 -14 -15
leaf_value=-0.025773084895038496 -0.021131431452407583 0.041439200881162888 0.018561100649671366 0.005907126678434493 0.036976619201431554 0.02866596323633254 -0.040037990601580975 0.045872239222301416 -0.032799600914239981 -0.026802803274883383 -0.018921837092560765 -0.025499346969774541 0.032946921911482595 -0.019008944978546383
leaf_weight=862.38193941861391 694.39267933741212 10387.614228677005 3393.888041106984 1132.1648811735213 5957.0253809746355 273.34036312997341 126.88182115368545 830.90364283882082 252.26900246180594 212.53125224076211 352.17573415860534 116.99744416028261 1884.6441285796463 92.627204524353147
leaf_count=27043 13555 5624 10961 3208 9514 709 952 1667 2984 1122 1529 540 2991 426
internal_value=0.0286439 0.0304703 0.0230307 0.0250594 0.0295887 -0.00705087 0.0163426 0.0178466 0.0126908 0.0158811 0.0328137 0.0222669 0.0295197 0.0393513
internal_weight=26569.8 25707.5 15319.8 14352.1 9443.01 967.733 4909.1 4782.22 3858.69 3606.42 8310.84 2353.82 2001.64 923.531
internal_count=82825 55782 50158 35894 17782 14264 18112 17160 15067 12083 14574 5060 3531 2093
is_linear=0
shrinkage=0.03


Tree=34
num_leaves=15
num_cat=0
split_feature=24 43 43 29 18 41 20 39 7 21 38 33 18 41
split_gain=2836.57 2644.89 576.02 492.852 423.295 378.388 524.832 584.136 451.108 365.811 354.391 463.705 458.327 404.685
threshold=0.62500000000000011 3.8750000000000004 0.62500000000000011 0.46537767659680002 -2.6841289473684231 604.50000000000011 45.06771631944445 86.354732294027784 13.887100000000002 2.1177027414612302 221.12500000000003 0.57426713670197138 -1.6332376923076923 1882.5000000000002
decision_type=2 2 2 2 2 8 2 10 2 2 8 2 2 10
left_child=1 -1 -2 5 -5 6 8 -8 -3 -6 -11 12 13 -12
right_child=2 3 -4 4 9 -7 7 -9 -10 10 11 -13 -14 -15
leaf_value=-0.021361932071116953 -0.0061916418409959754 -0.025778789989968288 0.039055467219754378 0.010897439560549406 -0.0082343659907991671 -0.0085297782086565434 0.061010186684565308 0.0019545947806513669 0.0485307875846804 0.0318377624117233 -0.034776180191375163 0.025588276154651538 -0.037481447980511957 0.04237081818986075
leaf_weight=1356.5324808768928 258.34878175705671 296.14989383518696 12151.786430209875 1627.7759080044925 250.86329533904791 733.44378527998924 367.41808803193271 255.24674579873681 96.716145655140281 6890.9850721210241 87.230315573513508 1734.8334018550813 236.26694242097437 199.35494637489319
leaf_count=36561 4175 1974 7968 4650 2135 4304 398 861 223 13031 494 4146 1757 444
internal_value=0.0276473 0.0184552 0.0381131 0.0226841 0.0250306 0.00788329 0.019734 0.0368437 -0.00740842 0.0274768 0.0284568 0.0181277 -0.00662824 0.0188497
internal_weight=26543 14132.8 12410.1 12776.3 11027.3 1748.97 1015.53 622.665 392.866 9399.53 9148.67 2257.69 522.852 286.585
internal_count=83121 70978 12143 34417 26657 7760 3456 1259 2197 22007 19872 6841 2695 938
is_linear=0
shrinkage=0.03


Tree=35
num_leaves=15
num_cat=0
split_feature=24 43 29 41 43 23 9 40 38 23 19 35 16 4
split_gain=2841.13 2390.07 670.442 629.1 455.797 400.665 697.286 548.728 499.439 478.654 482.672 469.967 436.909 389.996
threshold=0.70833333333333337 2.3750000000000004 0.58444645187621791 1714.5000000000002 5.3750000000000009 50.304850000000009 0.39899913410233662 116.23890721194446 214.62500000000003 54.055150000000005 48.936050000000002 3.5000000000000004 50.024743750000006 13.587980208333336
decision_type=2 2 2 8 2 2 2 8 8 2 2 2 2 2
left_child=1 -1 4 13 -3 6 -6 8 11 10 -7 -8 -12 -4
right_child=-2 2 3 -5 5 9 7 -9 -10 -11 12 -13 -14 -15
leaf_value=-0.02498696377363642 0.038993301552114362 -0.014165544335489366 0.035754406036141238 0.010920810573336385 -0.023276342177638208 0.037771127030847083 0.03935024393927735 -0.021245120551270209 -0.029007490702256864 -0.030433490145511489 0.0095155347855243304 -0.024271960296092181 0.042451486011544186 0.019142873827132909
leaf_weight=1046.4841205179691 10389.577781157568 459.22108176723123 5038.8030708916485 1658.0892756842077 538.22450483962893 1486.2809696570039 943.85941791906953 278.83709935098886 133.85582972690463 147.9439151249826 1878.748418610543 116.81378095597029 448.44523683935404 1706.865219919011
leaf_count=31512 8680 7944 7557 5140 2860 2904 1960 1398 1046 847 5628 783 634 3745
internal_value=0.0267955 0.0188143 0.0219054 0.0274853 0.0146121 0.0168266 0.00591909 0.0165928 0.0254356 0.0223626 0.0244182 0.0323272 0.0158777 0.0315546
internal_weight=26272 15882.5 14836 8403.76 6432.23 5973.01 2011.59 1473.37 1194.53 3961.42 3813.47 1060.67 2327.19 6745.67
internal_count=82638 73958 42446 16442 26004 18060 8047 5187 3789 10013 9166 2743 6262 11302
is_linear=0
shrinkage=0.03


Tree=36
num_leaves=15
num_cat=1
split_feature=28 42 8 24 22 11 40 32 41 22 22 10 40 20
split_gain=2569.26 1627.34 844.592 819.203 689.684 613.541 507.344 480.727 657.372 468.149 413.196 379.822 484.89 431.942
threshold=0.46875000000000006 0 13.485639583333334 1.0416666666666667 -3.6971577122153332 15.399950000000002 3.6454153311111113 0.58506944444444453 1196.5000000000002 1.6056435606060524 -0.81531140350876019 0.30733380952380912 51.521245505833342 44.712802951388888
decision_type=2 1 2 2 2 2 8 2 10 2 2 2 8 2
left_child=1 10 6 4 -4 7 -2 8 -6 -10 -1 13 -13 -3
right_child=2 11 3 -5 5 -7 -8 -9 9 -11 -12 12 -14 -15
leaf_value=-0.026036934319381352 0.0063007486526599106 -0.0015495676954413705 -0.025829786848517739 0.040818675686404425 0.03483309372995802 -0.0082698668128464506 0.043061506636114591 0.041754351443282253 -0.038923353587225033 0.011285221360342693 0.0026463265138330725 0.027784826743034799 -0.0099309603574285026 0.024759546133939287
leaf_weight=808.59824857674539 354.1007138825953 603.05941028892994 288.83456884883344 2403.4519567936659 1071.9087271280587 516.94898180104792 7554.2753047402948 1230.8627254571766 205.93660349585116 868.0323369000107 1022.9632306806743 515.56014768965542 754.58881655707955 8153.198534656316
leaf_count=20590 985 3008 3576 1406 1624 1982 4810 1450 1431 2254 12506 1529 3644 22015
internal_value=0.0263327 0.0159742 0.0348054 0.0268618 0.0188337 0.0221526 0.0414165 0.0268111 0.0182243 0.00163033 -0.0100241 0.0207239 0.00538789 0.0229476
internal_weight=26352.3 11858 14494.4 6585.98 4182.52 3893.69 7908.38 3376.74 2145.88 1073.97 1831.56 10026.4 1270.15 8756.26
internal_count=82810 63292 19518 13723 12317 8741 5795 6759 5309 3685 33096 30196 5173 25023
cat_boundaries=0 1
cat_threshold=4
is_linear=0
shrinkage=0.03


Tree=37
num_leaves=15
num_cat=0
split_feature=28 43 18 25 11 28 41 43 3 15 7 33 29 23
split_gain=2568.48 2726.72 576.952 525.562 450.113 765.972 437.373 275.647 267.691 249.127 292.017 425.437 420.679 466.12
threshold=0.59375000000000011 3.6250000000000004 -2.2922187165775365 0.63185252172568729 15.399950000000002 1.0729166666666667 1945.5000000000002 7.1250000000000009 14.017850000000001 43.285300000000007 14.273800000000001 0.56240889830505181 0.58444645187621791 50.304850000000009
decision_type=2 2 2 2 2 2 8 2 2 2 2 2 2 2
left_child=1 -1 7 9 -4 6 -6 -2 -5 -3 12 -12 13 -11
right_child=2 3 4 8 5 -7 -8 -9 -10 10 11 -13 -14 -15
leaf_value=-0.023917947942545831 -0.024480599963247803 -0.014800293861205724 0.041018285711717374 0.033692830311092652 0.012595942426586976 0.042008317134277141 -0.047623855097156331 0.020611870792696753 0.020893026945745692 0.0033697754812885413 -0.030290511090305703 0.012603326728699668 0.033013398720158744 0.023867643346492416
leaf_weight=1293.3505411073565 153.81235357373953 220.61879607103765 8877.3574680909514 3482.6884529776871 322.8079881221056 660.43078251183033 162.31751722469926 576.13548819720745 2558.3019220493734 1678.2927085328847 234.99395215697587 1762.3845218960196 1779.4703133292496 2465.1320699285716
leaf_count=36192 1253 1460 6169 4915 886 264 1213 969 4658 8255 1278 5041 3205 7153
internal_value=0.0255957 0.0177681 0.0368581 0.0215712 0.0387335 0.0210076 -0.00760944 0.0110896 0.0282766 0.0165926 0.0174688 0.00754418 0.0208138 0.0155678
internal_weight=26228.1 15475.2 10752.9 14181.9 10022.9 1145.56 485.126 729.948 6040.99 8140.89 7920.27 1997.38 5922.9 4143.42
internal_count=82911 72157 10754 35965 8532 2363 2099 2222 9573 26392 24932 6319 18613 15408
is_linear=0
shrinkage=0.03


Tree=38
num_leaves=15
num_cat=0
split_feature=36 43 18 10 17 38 20 11 36 11 33 35 17 21
split_gain=2717.92 2255.68 572.904 489.067 455.061 442.865 574.588 436.146 805.34 426.747 417.669 520.916 407.998 388.125
threshold=2.2916666666666674 3.3750000000000004 -2.2922187165775365 0.33873357474568522 1.1620911487515377 222.37500000000003 45.599882986111119 15.399950000000002 4.291666666666667 14.085300000000002 0.57426713670197138 3.5000000000000004 1.0354320062342934 2.0968388501962845
decision_type=2 2 2 2 2 8 2 2 2 2 2 2 2 2
left_child=1 -1 -2 4 5 13 -7 -4 -9 -8 12 -12 -11 -3
right_child=2 3 7 -5 -6 6 9 8 -10 10 11 -13 -14 -15
leaf_value=-0.023885982479139947 0.0106497355563388 -0.023218381291613948 0.039859086685025691 0.0029702718329128871 0.0048021881200898831 -0.036354684906941187 0.060248969966314972 -0.0094970621059790126 0.041419567880659897 -0.041291013479580613 0.030422499598735248 -0.0074910001123053519 0.020263684066897943 0.027658984009179155
leaf_weight=1154.1752310600132 754.77487424947321 136.42541696690023 9390.9313629399985 1398.5622774288058 1284.4385802820325 200.01387823745608 184.07673907466233 478.0445259809494 671.35387746989727 225.8017944637686 1127.2127193529159 458.30421663820744 168.40030108205974 8448.0711267571896
leaf_count=34680 2349 1261 6954 5402 4811 1935 230 2134 268 1281 2293 2020 469 16791
internal_value=0.0248349 0.0163685 0.0359152 0.0197784 0.0216996 0.0236814 0.0121756 0.0377232 0.0202531 0.0166763 0.0125965 0.0194655 -0.0150106 0.0268478
internal_weight=26080.6 14785.5 11295.1 13631.3 12232.7 10948.3 2363.81 10540.3 1149.4 2163.8 1979.72 1585.52 394.202 8584.5
internal_count=82878 71173 11705 36493 31091 26280 8228 9356 2402 6293 6063 4313 1750 18052
is_linear=0
shrinkage=0.03


Tree=39
num_leaves=15
num_cat=0
split_feature=24 21 29 22 7 38 19 4 32 4 9 3 34 38
split_gain=2630.34 762.441 658.474 670.483 556.131 407.776 379.32 688.119 363.293 565.67 546.207 498.962 346.371 321.336
threshold=0.70833333333333337 2.1177027414612302 0.59729898806299719 -2.7991365384615343 14.168750000000001 272.87500000000006 52.704650000000008 13.587980208333336 0.29687500000000006 12.748297916666667 0.44508309333559043 13.527750000000001 -0.70920868347338917 120.62500000000001
decision_type=2 2 2 2 2 10 2 2 2 2 2 2 2 10
left_child=1 12 3 -3 -4 6 7 -6 11 -10 13 -5 -1 -11
right_child=-2 2 4 8 5 -7 -8 -9 9 10 -12 -13 -14 -15
leaf_value=0.082237941673743195 0.036222697589232647 -0.022876160989788567 0.033378713702980629 -0.012188349560816839 0.024225862666017155 -0.0071789034376355488 0.032180245027534936 -0.010216680058023881 0.040551060067912613 -0.0011909162006862981 -0.035196930652004223 0.014893950735306433 -0.012684867652829652 0.022661814076826495
leaf_weight=34.934183677658439 9960.9876373913139 472.55371669493616 3393.2293135784566 928.03466690145433 1615.8166450485587 539.58865958638489 1548.505878392607 770.32025203667581 916.37978907674551 667.32299368456006 192.13855225592852 1795.0441781301051 935.77043636888266 2130.8412626814097
leaf_count=31 8642 12215 6401 6949 3556 3250 2658 4323 1427 3154 1235 7861 14313 6873
internal_value=0.024129 0.01657 0.0182407 0.011616 0.024219 0.0172664 0.0206197 0.0131071 0.0140776 0.0199398 0.013612 0.00566312 -0.00918762 0.0169749
internal_weight=25901.5 15940.5 14969.8 7102.32 7867.46 4474.23 3934.64 2386.14 6629.76 3906.68 2990.3 2723.08 970.705 2798.16
internal_count=82888 74246 59902 39714 20188 13787 10537 7879 27499 12689 11262 14810 14344 10027
is_linear=0
shrinkage=0.03


Tree=40
num_leaves=15
num_cat=0
split_feature=24 43 24 4 19 43 43 15 10 33 39 39 39 37
split_gain=2523.46 2023.14 456.089 476.684 678.621 389.875 347.869 345.068 346.866 327.739 475.906 316.987 439.418 418.598
threshold=0.70833333333333337 2.6250000000000004 0.37500000000000006 13.621079166666668 52.404650000000011 0.62500000000000011 1.0000000180025095e-35 43.285300000000007 0.37529888888888702 0.57216384656367714 29.163000526666668 30.952648828055558 67.88963633472224 1.0000000180025095e-35
decision_type=2 2 2 2 2 2 2 2 2 2 10 8 8 2
left_child=1 -1 7 9 -5 6 -2 -3 11 10 -4 13 -13 -9
right_child=5 2 3 4 -6 -7 -8 8 -10 -11 -12 12 -14 -15
leaf_value=-0.023552525120021831 -0.03159923038586869 -0.021428703999259203 -0.042533089629081339 -0.015096196359429884 0.02329106200279327 0.036600671345129537 0.041493932472902999 0.032980235312505268 -0.012802168714414839 0.033879710271881996 0.022304862828011123 0.032225573715293984 0.013872375830834449 -0.0067905125989292164
leaf_weight=1063.8496062494814 143.69970993697643 240.4905432164669 106.82970613799989 597.70265745744109 1346.8790058121085 9682.0794792994857 97.488357435911894 316.69465673156083 379.67661160416901 3766.2958208844066 1874.6760413367301 1741.8086763639003 3607.818937625736 950.78785028122365
leaf_count=32828 2849 1859 689 2489 2260 5607 251 1110 2424 5008 4218 3948 11523 5864
internal_value=0.0237781 0.0164027 0.0192512 0.0243379 0.0114903 0.0356622 -0.00200559 0.013842 0.0150572 0.0286817 0.0187895 0.0166574 0.019853 0.00316482
internal_weight=25916.8 15993.5 14929.7 7692.38 1944.58 9923.27 241.188 7237.28 6996.79 5747.8 1981.51 6617.11 5349.63 1267.48
internal_count=82927 74220 41392 14664 4749 8707 3100 26728 24869 9915 4907 22445 15471 6974
is_linear=0
shrinkage=0.03


Tree=41
num_leaves=15
num_cat=0
split_feature=28 43 43 18 8 28 43 38 37 5 10 39 39 12
split_gain=2448.76 2126.76 859.879 548.629 447.833 511.594 741.995 369.59 412.306 384.464 350.683 387.521 445.542 513.875
threshold=0.55208333333333337 4.1250000000000009 1.0000000180025095e-35 -2.2475649350649269 13.590870486111113 0.82291666666666685 4.8750000000000009 323.37500000000006 3.5000000000000004 0.41646316708413783 0.27872216880341166 40.633751405277785 67.086251258194451 50.020987500000004
decision_type=2 2 2 2 2 2 2 8 2 2 2 10 10 2
left_child=1 -1 -2 -4 -5 6 -6 8 -3 -9 11 -10 -13 -14
right_child=2 7 3 4 5 -7 -8 9 10 -11 -12 12 13 -15
leaf_value=-0.022333984994557084 -0.031487990226187312 0.020531040116424277 0.01170594348766031 0.041399239418939526 -0.028402835610623445 0.037800296673021476 0.024824970166181379 -0.04227927274650873 -0.038572906321071611 0.021606364250483515 -0.041580876450561938 0.050304098644217504 -0.036574961348846538 0.048257236311446614
leaf_weight=1273.1633901596069 180.70529638230801 11801.856919737533 888.58505069464445 6200.8749740645289 278.28752525523305 2371.2948569953442 1513.375600039959 181.31252064369619 126.78355091810226 157.60913758911192 158.43689496256411 233.10660789906979 176.74532681703568 99.672200992703438
leaf_count=36964 3991 27773 1860 2294 1765 1191 1827 1288 1028 513 926 231 844 73
internal_value=0.0229671 0.0146493 0.0333021 0.0343453 0.036285 0.0286591 0.0165462 0.0182908 0.0191227 -0.0125943 -0.00179059 0.00816666 0.0198495 -0.005922
internal_weight=25641.8 14208.7 11433.1 11252.4 10363.8 4162.96 1791.66 12935.5 12596.6 338.922 794.745 636.308 509.524 276.418
internal_count=82568 69640 12928 8937 7077 4783 3592 32676 30875 1801 3102 2176 1148 917
is_linear=0
shrinkage=0.03


Tree=42
num_leaves=15
num_cat=0
split_feature=28 43 43 8 28 43 41 40 38 41 11 41 37 37
split_gain=2402.35 1804.97 922.726 632.926 593.914 875.009 429.217 399.646 385.788 545.963 672.443 487.554 476.138 376.97
threshold=0.51041666666666685 3.6250000000000004 1.0000000180025095e-35 13.485639583333334 0.84375000000000011 6.6250000000000009 1140.5000000000002 5.4941025834722232 250.37500000000003 1913.5000000000002 15.030450000000002 1961.5000000000002 1.5000000000000002 3.5000000000000004
decision_type=2 2 2 2 2 2 8 8 8 10 2 10 2 2
left_child=1 -1 -2 7 5 6 -5 -4 13 10 -10 -11 -13 -3
right_child=2 8 3 4 -6 -7 -8 -9 9 11 -12 12 -14 -15
leaf_value=-0.025380207610269184 -0.031380320715477687 0.020433719169225033 0.010241962526673762 0.030816572448530619 0.036380807994375208 0.025933685059078528 -0.022462986476059311 0.041025431578732743 -0.03374066441977238 0.057765748032720866 0.035846663023799873 0.019852992161904188 -0.031702058496109874 -0.0039692798552151114
leaf_weight=985.92464440502226 203.1465367898345 9775.8214912228286 404.48236102797091 174.32808911427855 2572.7392415106297 2416.7761860340834 607.70149566046894 6359.5194315407425 521.26816476881504 212.26577804982662 163.39930542558432 650.65024233050644 213.26094441488385 604.66047004796565
leaf_count=33654 4882 23440 921 319 1434 2771 3164 2385 3232 323 403 2086 1546 2428
internal_value=0.0226473 0.0136393 0.0319283 0.0329566 0.0256501 0.0170109 -0.0105619 0.0391864 0.0168097 0.00382306 -0.0171052 0.0171412 0.00710442 0.019012
internal_weight=25865.9 13127.3 12738.7 12535.5 5771.55 3198.81 782.03 6764 12141.3 1760.84 684.667 1076.18 863.911 10380.5
internal_count=82988 67112 15876 10994 7688 6254 3483 3306 33458 7590 3635 3955 3632 25868
is_linear=0
shrinkage=0.03


Tree=43
num_leaves=15
num_cat=1
split_feature=28 42 11 28 38 39 25 16 38 39 19 39 29 39
split_gain=2410.06 1094.16 561.288 568.288 722.907 485.884 442.724 410.235 443.742 519.019 392.526 408.831 345.147 314.497
threshold=0.57291666666666685 0 15.224700000000002 1.0729166666666667 274.12500000000006 61.588100309305567 0.63185252172568729 46.179992708333344 264.12500000000006 167.88674277694449 52.07630000000001 38.782611068333345 0.48724739150076141 4.0814078729166674
decision_type=2 1 2 2 10 10 2 2 10 10 2 8 2 8
left_child=1 7 13 4 5 -4 -3 -1 9 10 11 12 -9 -2
right_child=2 6 3 -5 -6 -7 -8 8 -10 -11 -12 -13 -14 -15
leaf_value=-0.031511126775773023 0.013841993888210212 0.012963237806825867 -0.05039357112334579 0.03826537313281711 -0.04076963397143122 0.023044810875848733 0.024434901568128446 -0.029032498329092143 -0.035824542312957848 -0.02977972614379162 0.043214623277591492 -0.009401208903416388 0.038502629175754199 0.037685048425836178
leaf_weight=412.83478273265064 532.32207567803562 7325.1880363300443 87.258596437051892 850.66831161640584 234.9576125908643 1004.5702628623694 5166.4301282484084 81.489038703963161 252.51828332990408 292.76449713483453 320.29447263292968 670.64157295413315 394.87724611349404 8052.7501351665705
leaf_count=16934 1131 24939 503 454 1538 2055 8933 1283 4474 4168 975 7597 1911 6165
internal_value=0.0219375 0.0141295 0.0327572 0.0191397 0.00685773 0.0171349 0.0177094 -0.00430798 0.00128498 0.00662644 0.0139057 0.00569091 0.0269132 0.0362084
internal_weight=25679.6 14917 10762.5 2177.45 1326.79 1091.83 12491.6 2425.42 2012.59 1760.07 1467.3 1147.01 476.366 8585.07
internal_count=83060 71214 11846 4550 4096 2558 33872 37342 20408 15934 11766 10791 3194 7296
cat_boundaries=0 1
cat_threshold=4
is_linear=0
shrinkage=0.03


Tree=44
num_leaves=15
num_cat=1
split_feature=24 42 32 41 8 36 21 40 15 12 39 40 17 32
split_gain=2323.42 715.963 488.385 522.162 425.61 565.264 564.077 356.238 348.654 335.067 321.044 361.991 555.372 320.849
threshold=0.62500000000000011 0 0.29687500000000006 622.50000000000011 13.548595833333335 3.2083333333333335 2.1851334408204961 171.80517843083337 44.243100000000005 41.688212500000013 206.04542321097225 166.34171316375003 0.99831827085290492 0.58506944444444453
decision_type=2 1 2 8 2 2 2 10 2 2 8 8 2 2
left_child=1 10 -3 9 -2 6 -6 8 -5 -4 11 -1 -13 -10
right_child=4 2 3 7 5 -7 -8 -9 13 -11 -12 12 -14 -15
leaf_value=0.018741046820031255 0.036520036993831682 -0.010100548217865246 -0.021047126573647996 -0.025558132838669076 -0.029192640147489776 0.033893305990643822 0.018654810477717575 -0.013247881741074368 0.0096543714453986729 0.037148080982205504 0.031091862913025507 0.013169032761031228 -0.040748039187145382 0.044990700446345788
leaf_weight=6173.9120343066752 6781.5252410955727 1398.5536368191242 99.586204383522272 224.48878768086433 254.74697131104767 2528.7859304752201 1670.8903480824083 754.04687967896461 2152.299093708396 796.48503526113927 1608.6903121769428 600.60770963877439 239.74609475582838 258.26709379255772
leaf_count=12691 4968 21432 692 2275 1538 2096 3444 6993 18248 3324 2206 1115 990 939
internal_value=0.0215752 0.0135553 0.00528772 0.0103112 0.0317848 0.0245691 0.0123131 0.00492242 0.0101251 0.0306642 0.0190035 0.016227 -0.00224322 0.0134574
internal_weight=25542.6 14306.7 5683.73 4285.17 11235.9 4454.42 1925.64 3389.1 2635.05 896.071 8622.96 7014.27 840.354 2410.57
internal_count=82951 70905 53903 32471 12046 7078 4982 28455 21462 4016 17002 14796 2105 19187
cat_boundaries=0 1
cat_threshold=1
is_linear=0
shrinkage=0.03


Tree=45
num_leaves=15
num_cat=0
split_feature=28 43 43 11 28 41 24 40 19 4 23 32 41 17
split_gain=2374.47 1892.51 794.948 551.498 508.672 616.228 406.987 367.482 458.852 361.204 333.961 378.491 340.711 284.383
threshold=0.55208333333333337 3.1250000000000004 1.0000000180025095e-35 15.186800000000002 1.0729166666666667 1992.5000000000002 0.37500000000000006 3.0319795329166674 48.959650000000003 13.587980208333336 53.621400000000001 0.52604166666666685 1196.5000000000002 1.0066769384513237
decision_type=2 2 2 2 2 10 2 8 2 2 2 2 10 2
left_child=1 -1 -2 7 5 -5 -3 8 -4 13 11 12 -11 -8
right_child=2 6 3 4 -6 -7 9 -9 -10 10 -12 -13 -14 -15
leaf_value=-0.02885796154705363 -0.031483702251981285 0.010464242818635337 -0.049853523429309599 0.017123615997824623 0.037981380379884709 -0.035999790436004216 0.029064497635908942 0.037331727813027293 0.024519080694300192 0.0086073186753888239 0.02721771441462064 0.045480118389069402 -0.032349011106552257 0.013829319990218534
leaf_weight=920.38390827178955 178.23341976851225 6821.6597316544503 91.380583267658949 1290.3426246661693 853.21438810229301 230.83885047957301 3654.8935906477273 8060.7995575107634 388.74105950444937 355.71667917445302 466.52482098527253 117.07424673065543 374.34207267872989 1583.2031754367054
leaf_count=32981 4004 24521 501 2207 356 1046 5184 4305 591 856 722 106 1665 3893
internal_value=0.0208155 0.0127314 0.0312297 0.0322565 0.0194538 0.0090438 0.0155956 0.035813 0.0102897 0.020936 0.0068637 -0.00436434 -0.0124088 0.0244632
internal_weight=25387.3 14293.8 11093.6 10915.3 2374.4 1521.18 13373.4 8540.92 480.122 6551.75 1313.66 847.133 730.059 5238.1
internal_count=82938 69928 13010 9006 3609 3253 36947 5397 1092 12426 3349 2627 2521 9077
is_linear=0
shrinkage=0.03


Tree=46
num_leaves=15
num_cat=0
split_feature=24 43 28 4 12 32 18 39 43 20 38 41 20 31
split_gain=2277.07 1616.89 561.602 808.405 646.786 504.666 365.569 333.267 276.823 270.182 276.23 455.34 375.937 325.59
threshold=0.79166666666666685 2.1250000000000004 0.40625000000000006 13.587980208333336 47.364308333333348 0.45312500000000006 2.5403540350877143 272.22706470222226 0.87500000000000011 43.987950868055556 219.62500000000003 1812.5000000000002 45.583406076388897 2.5000000000000004
decision_type=2 2 2 2 2 2 2 8 2 2 8 8 2 2
left_child=1 -1 6 -4 -5 7 9 -6 -2 -3 -11 -12 -13 -14
right_child=8 2 3 4 5 -7 -8 -9 -10 10 11 12 13 -15
leaf_value=-0.023749025103746026 0.0035063565583132363 -0.038061241111157731 0.030615284625767531 -0.026595447573197619 -0.033783601164259748 0.021415893720648033 -0.029372291168381848 0.026582923246239582 0.03500804289757653 0.015556164157649538 -0.025889037567336969 -0.034597864393386316 0.022373437471098021 -0.030423109432038516
leaf_weight=944.82568650972098 260.01844136603177 93.366025676950812 4532.6369845867157 370.83218393288553 272.60895210690796 2163.4614137597382 191.28907722234726 116.85850910097361 7482.4386533349752 7110.8638350982219 400.00797245278955 143.98827433586121 989.99458155222237 116.72528940625489
leaf_count=31717 2361 620 5389 1703 1256 3725 4659 191 3927 19663 2510 1554 3226 596
internal_value=0.020411 0.0144011 0.0165866 0.0226826 0.0103784 0.0157574 0.01156 -0.0156491 0.0339507 0.0124475 0.01299 0.00193277 0.0108445 0.0167826
internal_weight=25189.9 17447.5 16502.6 7456.4 2923.76 2552.93 9046.24 389.467 7742.46 8854.95 8761.58 1650.72 1250.71 1106.72
internal_count=83097 76809 45092 12264 6875 5172 32828 1447 6288 28169 27549 7886 5376 3822
is_linear=0
shrinkage=0.03


Tree=47
num_leaves=15
num_cat=0
split_feature=28 43 43 8 28 21 9 40 11 8 43 10 11 29
split_gain=2386.96 1410.2 870.877 672.519 613.343 783.102 529.724 438.509 427.837 379.653 309.622 294.906 425.976 302.866
threshold=0.48958333333333343 3.8750000000000004 1.0000000180025095e-35 13.485639583333334 0.86458333333333337 2.1798570557164498 0.38644761791441046 3.6454153311111113 15.399950000000002 14.51365138888889 6.6250000000000009 0.33383749999999052 14.179300000000001 0.46537767659680002
decision_type=2 2 2 2 2 2 2 8 2 2 2 2 2 2
left_child=1 -1 -2 7 5 -5 -7 10 -8 -10 -4 13 -13 -3
right_child=2 11 3 4 -6 6 8 -9 9 -11 -12 12 -14 -15
leaf_value=-0.024729513958907285 -0.031326074225442153 0.0033749835616176727 -0.046343594261923596 -0.024004075642142273 0.034608337280818885 -0.035038856041571878 0.02673774592378788 0.038398292010798585 -0.040982591771462129 0.021928597306955747 0.019523832336568913 0.020952870904154805 -0.014432772343703904 0.017382970705381362
leaf_weight=943.34740155003965 211.03258697316051 1659.2059130743146 82.513601791113615 413.43357669562101 2318.752438724041 149.63504783436656 2642.4342807065696 6286.9677872490138 167.80368367210031 175.78857444599271 277.23613940179348 510.8932394515723 760.87922216765583 8550.3732873983681
leaf_count=33630 5456 6941 506 2622 1320 565 2963 2796 647 290 420 1553 3250 20051
internal_value=0.0198673 0.0105127 0.0289992 0.0300189 0.02261 0.0147636 0.019881 0.0365553 0.022644 -0.00882576 0.00432964 0.0134102 -0.000212447 0.015107
internal_weight=25150.3 12424.7 12725.6 12514.6 5867.85 3549.1 3135.66 6646.72 2986.03 343.592 359.75 11481.4 1271.77 10209.6
internal_count=83010 65425 17585 12129 8407 7087 4465 3722 3900 937 926 31795 4803 26992
is_linear=0
shrinkage=0.03


Tree=48
num_leaves=15
num_cat=0
split_feature=24 43 28 4 12 32 11 43 23 23 11 8 28 43
split_gain=2044.96 1463.61 485.871 761.406 661.051 510.794 478.509 370.53 342.367 407.14 447.967 561.813 321.177 314.049
threshold=0.79166666666666685 2.3750000000000004 0.40625000000000006 13.587980208333336 47.364308333333348 0.45312500000000006 15.399950000000002 6.6250000000000009 54.055150000000005 52.029900000000005 14.418650000000001 13.259882291666669 0.65625000000000011 0.87500000000000011
decision_type=2 2 2 2 2 2 2 2 2 2 2 2 2 2
left_child=1 12 7 -4 -5 -6 -7 -3 9 10 -9 -12 -1 -2
right_child=13 2 3 4 5 6 -8 8 -10 -11 11 -13 -14 -15
leaf_value=-0.030092699487631998 -0.00096131394289565466 -0.0020716032451781252 0.029719497982353779 -0.028286801688925389 -0.017021112068431699 0.026237802435862292 -0.01572344667420586 0.015165196069415857 -0.027422470069309493 0.028970044209558402 -0.034550377291071466 0.012652245855252023 0.012089783022885799 0.033942833687935409
leaf_weight=785.64711011108011 239.67585462704301 1504.8449379000813 4437.5271177329123 355.72810154780746 374.67855580896139 1904.8755263518542 279.92397305183113 4997.8288418836892 172.80642648041248 1531.3962465040386 395.71537709981203 529.40644092857838 204.13831090182066 7191.1551939100027
leaf_count=31226 2347 13929 5215 1647 1397 2699 977 11814 785 2406 1826 1135 1443 3922
internal_value=0.0196349 0.0140278 0.0161555 0.0218956 0.00998 0.0153075 0.0208569 0.0115318 0.0142157 0.0151845 0.011616 -0.0075539 -0.0213894 0.032817
internal_weight=24905.3 17474.5 16484.7 7352.73 2915.21 2559.48 2184.8 9132 7627.15 7454.35 5922.95 925.122 989.785 7430.83
internal_count=82768 76499 43830 11935 6720 5073 3676 31895 17966 17181 14775 2961 32669 6269
is_linear=0
shrinkage=0.03


Tree=49
num_leaves=15
num_cat=0
split_feature=24 43 29 7 28 18 32 7 39 7 35 39 16 11
split_gain=2244.85 1327 436.801 406.635 377.455 376.5 362.21 582.801 375.047 361.602 538.658 497.681 382.047 554.021
threshold=0.70833333333333337 3.1250000000000004 0.62898035715266831 14.125350000000003 0.61458333333333337 -2.0868042401960758 0.29340277777777785 13.531550000000001 35.751316172638901 13.474700000000002 3.5000000000000004 64.69721383861112 50.094041666666676 14.256650000000002
decision_type=2 2 2 2 2 2 2 2 10 2 2 10 2 2
left_child=1 4 6 5 -1 -4 7 -3 -9 -8 11 -11 13 -13
right_child=-2 2 3 -5 -6 -7 9 8 -10 10 -12 12 -14 -15
leaf_value=-0.029837966368396456 0.031006152531624313 -0.037263811533541615 0.0084841678029903642 0.014729032638109332 0.012099008949240816 0.03742801015226737 0.032739391285031443 -0.02351647537829573 0.01058240544651063 0.029576604138190649 -0.0084043546798930405 0.022759165598162275 0.032538405469766364 -0.011130419807000807
leaf_weight=824.9171753404662 8799.3346064146608 313.33732553198934 529.04204073920846 4025.6235183086246 251.51090325973928 1726.5696068387479 825.33255772478878 333.77894563227892 2185.8398231416941 1535.7251201998442 995.01389683224261 691.9960725903511 442.09028620645404 1161.3188750781119
leaf_count=33281 8626 2075 1076 7903 1695 1715 1564 2442 7285 3398 5099 1504 615 4564
internal_value=0.018857 0.0121074 0.0144519 0.0204489 -0.0200371 0.0306461 0.0100103 0.00125471 0.00605772 0.0143983 0.0112556 0.0163626 0.00751277 0.00152882
internal_weight=24641.4 15842.1 14765.7 6281.24 1076.43 2255.61 8484.43 2832.96 2519.62 5651.48 4826.14 3831.13 2295.41 1853.31
internal_count=82842 74216 39240 10694 34976 2791 28546 11802 9727 16744 15180 10081 6683 6068
is_linear=0
shrinkage=0.03


Tree=50
num_leaves=15
num_cat=0
split_feature=24 43 29 4 12 17 32 28 28 43 40 39 37 32
split_gain=1993.41 1393.11 526.449 503.979 722.657 419.375 390.213 344.711 333.402 294.315 367.706 372.952 346.637 352.982
threshold=0.79166666666666685 2.6250000000000004 0.59729898806299719 13.587980208333336 47.364308333333348 1.0087009353199408 0.42881944444444448 0.36458333333333343 0.71875000000000011 6.6250000000000009 53.075047620555559 44.420725858611114 1.0000000180025095e-35 0.48090277777777785
decision_type=2 2 2 2 2 2 2 2 2 2 8 10 2 2
left_child=1 8 9 5 -5 -4 -6 -7 -1 10 11 12 13 -3
right_child=-2 2 3 4 6 7 -8 -9 -10 -11 -12 -13 -14 -15
leaf_value=-0.028738626906010985 0.03184514102192107 -0.0022260910706052737 0.030686575994218371 -0.028274609229438006 -0.019477295497702409 -0.020105607250591708 0.01941518060782367 0.018411883472462847 0.015648021941163649 0.011795942600670361 -0.019921372349678709 0.055901406239218944 -0.020494570734594059 0.10661990074493427
leaf_weight=845.44463233556598 7180.1055688969791 64.506416713818908 3996.5460423324257 385.45028559491038 256.32633321173489 236.10842932574451 2391.3346521668136 1779.4793090950698 185.0436800159514 6187.7008573524654 637.13809952884912 139.28302002325654 258.80887920595706 44.842263823375106
leaf_count=32994 6271 696 4418 1757 1048 1080 4103 3427 929 15729 6604 371 3523 109
internal_value=0.0185453 0.0130581 0.0151871 0.0200298 0.0100553 0.0250594 0.015644 0.0138922 -0.0207607 0.00921118 -0.00476036 0.0142774 -0.00157872 0.0429717
internal_weight=24588.1 17408 16377.5 9045.25 3033.11 6012.13 2647.66 2015.59 1030.49 7332.28 1144.58 507.441 368.158 109.349
internal_count=83059 76788 42865 15833 6908 8925 5151 4507 33923 27032 11303 4699 4328 805
is_linear=0
shrinkage=0.03


Tree=51
num_leaves=15
num_cat=0
split_feature=36 43 11 36 29 43 41 4 39 22 43 40 22 17
split_gain=1952.51 1373.46 627.583 855.997 395.906 391.761 386.63 377.584 357.594 437.625 324.241 294.37 309.426 341.044
threshold=2.2916666666666674 3.8750000000000004 15.399950000000002 4.291666666666667 0.60506183617752674 0.62500000000000011 1945.5000000000002 12.907853125000003 4.0814078729166674 5.9578727182539728 7.1250000000000009 61.195411304166676 3.9206321428572215 0.87395029808449787
decision_type=2 2 2 2 2 2 8 2 8 2 2 8 2 2
left_child=1 -1 5 6 10 -2 -4 -6 9 -7 -3 -9 13 -13
right_child=2 4 3 -5 7 8 -8 11 -10 -11 -12 12 -14 -15
leaf_value=-0.020907588197321674 -0.0099426623470823903 -0.0034614754817267343 9.493333510770952e-05 0.034252931698820197 0.034196442330682079 -0.037926607092536278 -0.051513002277708775 0.029989287036004422 0.033948566706411026 0.024936920540062826 0.012332402434217906 0.015219076848411067 0.017747652549290196 -0.01684909874677672
leaf_weight=1101.8605696074665 201.12264500744641 1440.0237546302378 366.50756376609206 545.75031118839979 1266.691838119179 136.21660089492798 202.0155068282038 1027.3936282396317 7860.2813042625785 363.39967086911201 6225.7352923713624 597.9908744096756 2555.1804968342185 593.91655295901
leaf_count=36806 2885 9512 1218 294 1284 645 1486 1235 4767 453 14873 1116 3786 2517
internal_value=0.0181519 0.0113029 0.0286326 0.00744638 0.0138936 0.0313889 -0.0183014 0.0196369 0.0323843 0.00775613 0.00936544 0.0157679 0.0118616 -0.00076093
internal_weight=24484.1 14808.8 9675.29 1114.27 13706.9 8561.02 568.523 6041.17 8359.9 499.616 7665.76 4774.48 3747.09 1191.91
internal_count=82877 71129 11748 2998 34323 8750 2704 9938 5865 1098 24385 8654 7419 3633
is_linear=0
shrinkage=0.03


Tree=52
num_leaves=15
num_cat=0
split_feature=24 43 28 4 32 16 23 43 28 8 28 18 11 9
split_gain=2031.74 1157.75 418.605 398.767 560.107 421.576 368.717 357.276 348.116 294.267 388.508 410.201 331.02 277.457
threshold=0.70833333333333337 3.1250000000000004 0.40625000000000006 13.596413541666669 0.45312500000000006 48.307316666666672 52.097500000000004 0.62500000000000011 0.61458333333333337 13.517160069444445 0.92708333333333337 1.5022304800462762 15.399950000000002 0.39799475611895058
decision_type=2 2 2 2 2 2 2 2 2 2 2 2 2 2
left_child=1 8 13 -4 6 -6 -5 -2 -1 -9 11 12 -11 -3
right_child=7 2 3 4 5 -7 -8 9 -10 10 -12 -13 -14 -15
leaf_value=-0.029606657690966657 -0.0082424606778444785 -0.00038208226438597666 0.025777221799880078 0.019007776887905014 -0.033141656875282151 0.020778281863138216 -0.039597606094095163 0.035446983253451747 0.011107932759886665 0.025172211110827958 0.034338411531056955 -0.022881978533902343 -0.014322719649806635 0.012145509895052323
leaf_weight=772.87704720254987 219.86311062425375 2089.8656606338918 3586.2951189652085 142.21992032043636 139.84537330642343 1794.5059300903231 297.10957746580243 4642.8230648338795 249.48583924770355 1393.3749572038651 1688.124980032444 231.28064271435142 220.64072247594595 6665.4275912623852
leaf_count=33453 3068 7642 4526 335 716 2929 1355 2156 1679 1249 801 854 552 21572
internal_value=0.017546 0.0111869 0.0133319 0.0194646 0.0099203 0.016865 -0.0206258 0.0294626 -0.01967 0.0304774 0.0239394 0.0144126 0.0197676 0.0091555
internal_weight=24133.7 15737.6 14715.3 5959.98 2373.68 1934.35 439.329 8396.11 1022.36 8176.24 3533.42 1845.3 1614.02 8755.29
internal_count=82887 74207 39075 9861 5335 3645 1690 8680 35132 5612 3456 2655 1801 29214
is_linear=0
shrinkage=0.03


Tree=53
num_leaves=15
num_cat=0
split_feature=24 43 28 8 8 28 43 4 32 21 16 17 41 39
split_gain=2137.31 1216.85 403.918 387.865 349.466 433.928 422.113 323.311 381.348 315.632 383.697 299.927 380.694 355.425
threshold=0.70833333333333337 2.8750000000000004 0.40625000000000006 13.091934548611112 13.517160069444445 0.80208333333333337 6.1250000000000009 12.495321875 0.31770833333333337 2.1824737370040208 45.552804166666668 0.84893646063823869 1977.5000000000002 246.47706470222226
decision_type=2 2 2 2 2 2 2 2 2 2 2 2 10 8
left_child=1 -1 7 -4 -2 6 -6 8 -3 10 -5 12 -9 -13
right_child=4 2 3 9 5 -7 -8 11 -10 -11 -12 13 -14 -15
leaf_value=-0.023451648762991269 0.03441628701689891 -0.017366553249049666 0.031568628011610228 0.023546461146634737 -0.019349644319950596 0.030201728538851145 0.018654780633680732 0.01787796331530046 0.035175531384597038 0.016533908290770158 -0.036337963423715459 0.0042038516682930613 -0.040619314804186894 -0.03507665351024266
leaf_weight=897.8561173453927 4857.4492659885436 150.26438652351499 1526.5703301392496 163.55079379864037 356.28280470333993 2219.4494004696608 996.78852577507496 2309.2397277839482 704.73702067323029 4050.3643855098635 231.3625527266413 5315.1882489006966 103.73740948550403 214.73535516113043
leaf_count=34057 3375 622 1490 314 2249 1995 1099 6312 771 6719 1665 20426 758 1309
internal_value=0.0169951 0.0104404 0.0125022 0.0185237 0.0291747 0.0220403 0.00864078 0.0084132 0.0259319 0.0140378 -0.0115404 0.0065244 0.0153473 0.00267246
internal_weight=24097.6 15667.6 14769.8 5971.85 8429.97 3572.52 1353.07 8797.9 855.001 4445.28 394.913 7942.9 2412.98 5529.92
internal_count=83161 74443 40386 10188 8718 5343 3348 30198 1393 8698 1979 28805 7070 21735
is_linear=0
shrinkage=0.03


Tree=54
num_leaves=15
num_cat=0
split_feature=24 43 24 4 12 28 28 21 39 39 21 12 23 39
split_gain=1967.49 1124.13 400.823 465.348 459.078 319.098 298.682 281.411 276.941 428.496 394.329 475.579 386.616 358.893
threshold=0.79166666666666685 2.6250000000000004 0.37500000000000006 13.596413541666669 47.364308333333348 0.53125000000000011 0.67708333333333337 2.1740605875449472 27.388688370972226 67.88963633472224 2.2978799366170191 50.351275000000008 48.473850000000006 206.04542321097225
decision_type=2 2 2 2 2 2 2 2 8 8 2 2 2 10
left_child=1 6 8 5 -5 -4 -1 -6 -3 -10 11 12 -11 -12
right_child=-2 2 3 4 7 -7 -8 -9 9 10 13 -13 -14 -15
leaf_value=-0.028987884336469177 0.030463051568624926 -0.0037909323316732699 0.018075339988079801 -0.027305893213669444 -0.029783434507508026 0.033649640175751519 0.011338832771616604 0.014431469806125955 0.022062744985923984 0.076245358001151661 0.00516958408910154 0.026677347523292115 -0.019988609189447528 0.029642785131965672
leaf_weight=748.3104173541069 6839.2259899508208 1400.817070601508 4559.4095054008067 310.73071420937777 137.42776245251298 1601.8676243275404 211.49117820709944 2036.5488948114216 2078.5116695128381 37.977991608902812 1915.6720926947892 287.20353700406849 1064.0131332557648 749.91786755621433
leaf_count=32579 6217 7539 9331 1417 952 893 1320 3379 5444 91 5424 655 6554 1152
internal_value=0.01686 0.0114306 0.0133021 0.0177098 0.00674652 0.0221293 -0.0200994 0.011624 0.00824215 0.0109906 0.00531092 -0.00764478 -0.016606 0.0120632
internal_weight=23979.1 17139.9 16180.1 8645.98 2484.71 6161.28 959.802 2173.98 7534.11 6133.3 4054.78 1389.19 1101.99 2665.59
internal_count=82947 76730 42831 15972 5748 10224 33899 4331 26859 19320 13876 7300 6645 6576
is_linear=0
shrinkage=0.03


Tree=55
num_leaves=15
num_cat=0
split_feature=24 43 29 38 18 19 4 21 40 32 43 22 35 38
split_gain=2007.1 965.179 491.83 529.953 538.34 512.375 354.748 325.583 717.44 308.577 308.21 287.749 322.606 316.096
threshold=0.79166666666666685 2.1250000000000004 0.55099844766428496 272.87500000000006 -1.9665681368631496 48.232150000000011 12.495321875 2.2326567972734783 175.71842745055559 0.31770833333333337 6.3750000000000009 1.6056435606060524 3.5000000000000004 297.12500000000006
decision_type=2 2 2 10 2 2 2 2 10 2 2 2 2 10
left_child=1 -1 6 4 10 -5 9 8 -6 -3 -4 13 -13 -8
right_child=-2 2 3 5 7 -7 11 -9 -10 -11 -12 12 -14 -15
leaf_value=-0.021166735537033823 0.030009514107381112 -0.016980060146859027 -0.03356076496843681 0.026719959028346216 0.021851497582024652 -0.016851826702499465 -0.019891202226931894 0.02657295974128137 -0.025458993407786661 0.034261791439937038 0.0098048362496246638 0.0086867238899852144 -0.020681581978115916 0.029313932923858321
leaf_weight=809.38814786449075 6854.3542769234627 129.11426932737231 154.83139165863395 350.71590670198202 1293.8282441161573 784.12081331200898 813.92067254334688 5195.7501035220921 370.26756860874593 571.02348995767534 2769.1559265367687 3309.5181974619627 373.78606631606817 136.38956132158637
leaf_count=31664 6291 570 742 944 3846 3401 9412 6685 2262 666 5300 8733 1686 1067
internal_value=0.0162987 0.0107891 0.0123818 0.0160292 0.0182799 -0.0033745 0.00491368 0.022874 0.0113158 0.0248014 0.00749785 0.00190395 0.00570159 -0.0128058
internal_weight=23916.2 17061.8 16252.4 10918.7 9783.83 1134.84 5333.75 6859.85 1664.1 700.138 2923.99 4633.61 3683.3 950.31
internal_count=83269 76978 45314 23180 18835 4345 22134 12793 6108 1236 6042 20898 10419 10479
is_linear=0
shrinkage=0.03


Tree=56
num_leaves=15
num_cat=1
split_feature=24 24 4 16 28 42 21 11 23 11 28 41 9 39
split_gain=1917.48 465.669 551.672 502.252 398.951 457.179 311.412 256.281 299.641 238.521 284.725 355.313 268.104 221.002
threshold=0.79166666666666685 0.37500000000000006 13.612520833333335 47.776402083333345 0.48958333333333343 0 2.0968388501962845 15.399950000000002 52.610350000000004 15.198650000000002 1.0729166666666667 1992.5000000000002 0.44679823344943853 281.38598046680562
decision_type=2 2 2 2 2 1 2 2 2 2 2 10 2 8
left_child=1 6 4 -4 5 -3 -1 8 13 -2 11 -11 -13 -5
right_child=9 2 3 7 -6 -7 -8 -9 -10 10 -12 12 -14 -15
leaf_value=-0.024643437316613639 0.032471520277983307 -0.011740220347305284 -0.031324135778039747 -0.039295017525501089 0.029956791341987438 0.018041855655338213 0.0063530493036143944 -0.018132297919241525 0.016429113501882607 0.016429473025827097 0.033528231790519225 -0.056470040310133938 0.036101041554773193 0.023044580644068165
leaf_weight=302.62592477723956 5258.2339398413897 527.80185907986015 325.82891096640378 160.5251480769366 2262.8707857783884 3793.9214152675122 7450.5989489387721 285.32962693925947 1772.4246959444135 673.1167856566608 658.1254053786397 115.57050626166165 36.361614465713501 74.131663549691439
leaf_count=7455 3928 7797 3716 1232 2413 7692 40530 1550 4308 1122 402 798 27 136
internal_value=0.0159395 0.0105576 0.0151207 0.0034707 0.0197518 0.0144028 0.00514016 0.00842772 0.0122107 0.0294726 0.0188258 0.00707154 -0.034224 -0.0195868
internal_weight=23697.5 16956.1 9202.83 2618.24 6584.59 4321.72 7753.22 2292.41 2007.08 6741.41 1483.17 825.049 151.932 234.657
internal_count=83106 76829 28844 10942 17902 15489 47985 7226 5676 6277 2349 1947 825 1368
cat_boundaries=0 1
cat_threshold=4
is_linear=0
shrinkage=0.03


Tree=57
num_leaves=15
num_cat=0
split_feature=24 43 28 8 4 16 41 32 7 9 39 39 21 20
split_gain=1759.72 921.025 386.348 654.968 339.826 309.122 345.135 311.188 322.171 410.136 596.152 389.757 352.395 346.315
threshold=0.79166666666666685 2.1250000000000004 0.40625000000000006 13.186884722222223 12.495321875 49.909881250000012 38.500000000000007 0.60243055555555569 14.273800000000001 0.39841360633917777 167.88674277694449 239.36764165847225 2.2262266856125943 45.475505902777783
decision_type=2 2 2 2 2 2 10 2 2 2 10 10 2 2
left_child=1 -1 4 -4 -3 6 -6 8 9 10 13 12 -11 -8
right_child=-2 2 3 -5 5 -7 7 -9 -10 11 -12 -13 -14 -15
leaf_value=-0.021094682287723418 0.02890102183882216 0.025551021323630772 0.030162544613732318 0.010835874737031357 -0.03664168983861267 0.025315515151587361 -0.032954116656551 -0.035749564029621449 -0.0088816835213861717 -0.0045983657103476523 0.027278057973988763 -0.04472940537054667 0.018441260650626717 -0.00024431236710282487
leaf_weight=790.35982670169324 6461.8331665005535 892.07395486533642 2372.3639729116112 4716.2470808215439 179.78338683769107 687.21451194770634 531.99661049433053 161.4450465478003 1077.7747107800096 710.24690419062972 400.1855845823884 100.38098144158721 3750.3382120877504 642.47287172265351
leaf_count=31610 6241 1433 2394 9957 1276 1101 3432 1184 4754 5610 886 635 10168 2297
internal_value=0.0155742 0.010511 0.0120521 0.0173073 0.00797212 0.00606656 0.00431244 0.00531565 0.00623957 0.00889676 -0.00430175 0.0134534 0.0147725 -0.0150762
internal_weight=23474.7 17012.9 16222.5 7088.61 9133.91 8241.84 7554.62 7374.84 7213.4 6135.62 1574.66 4560.97 4460.59 1174.47
internal_count=82978 76737 45127 12351 32776 31343 30242 28966 27782 23028 6615 16413 15778 5729
is_linear=0
shrinkage=0.03


Tree=58
num_leaves=15
num_cat=0
split_feature=28 43 8 39 39 38 17 8 39 28 18 22 33 40
split_gain=1701.68 1252.66 580.062 949.714 410.456 392.441 538.003 447.238 375.957 369.585 368.071 345.988 343.823 308.936
threshold=0.63541666666666685 2.6250000000000004 14.279111458333334 242.7891931427778 3.0422670158333336 221.12500000000003 1.0087009353199408 12.96544513888889 312.1634875319445 0.30208333333333343 1.5677854166666849 5.9578727182539728 0.60374246710307389 40.533883051250008
decision_type=2 2 2 10 8 8 2 2 10 2 2 2 2 10
left_child=1 -1 4 -4 11 6 8 -7 9 12 -9 -2 13 -3
right_child=2 5 3 -5 -6 7 -8 10 -10 -11 -12 -13 -14 -15
leaf_value=-0.027896098325815171 -0.037971396749245066 -0.036709510180911904 -0.053969808844918782 0.020570753372942899 0.03249567419235172 -0.036897676220241836 0.0056656740083180267 0.0090470562210425813 -0.02792666142869912 0.024631857842173775 -0.025813594587776559 0.0198097783158621 0.026716329681795388 0.0066449551658811128
leaf_weight=748.03425862174481 131.78054038621485 164.91797889210284 192.56897475104779 748.50185534916818 6106.8322303723544 232.58425107598305 4019.3667097166181 3123.9059167727828 148.26544583961368 5158.6448019314557 297.67159990407526 312.44225287437439 751.81754587031901 1363.2671254742891
leaf_count=32704 651 1136 1434 1048 5395 2486 12665 7859 544 7345 2856 407 2020 4374
internal_value=0.0155076 0.00998384 0.0273072 0.00527661 0.0304707 0.0118423 0.0145416 0.00326735 0.0192425 0.0201863 0.00600758 0.00262197 0.0101215 0.0019453
internal_weight=23500.6 16008.5 7492.13 941.071 6551.06 15260.4 11606.3 3654.16 7586.91 7438.65 3421.58 444.223 2280 1528.19
internal_count=82924 73989 8935 2482 6453 41285 28084 13201 15419 14875 10715 1058 7530 5510
is_linear=0
shrinkage=0.03


Tree=59
num_leaves=15
num_cat=0
split_feature=24 43 29 18 38 33 39 35 33 23 23 11 18 32
split_gain=1807.39 828.119 352.455 555.415 489.377 431.096 384.534 336.734 484.738 328.402 426.591 418.184 398.546 341.722
threshold=0.79166666666666685 2.6250000000000004 0.55099844766428496 -2.7281032467532427 225.12500000000003 0.57932547595167116 321.86761645527787 3.5000000000000004 0.85399373992989747 54.055150000000005 52.029900000000005 14.418650000000001 1.4395537499999935 0.29340277777777785
decision_type=2 2 2 2 8 2 10 2 2 2 2 2 2 2
left_child=1 -1 9 -4 6 -6 -5 -7 -9 10 11 12 13 -3
right_child=-2 2 3 4 5 7 -8 8 -10 -11 -12 -13 -14 -15
leaf_value=-0.018339296273970258 0.028360247812099813 -0.00049784728580880842 -0.0044659914923719539 0.022355459389053124 -0.02467827186847623 0.019953413458054261 -0.019608494171679522 -0.020280986410293272 0.027493573483925799 -0.041255461173622658 0.023783731313442746 -0.022113615815170656 -0.032764792600720627 0.018596771596991253
leaf_weight=903.65341599937528 6361.4277159366757 1851.3977316059172 1246.0265324376523 6547.8175428044051 360.22684180364013 1356.2116449158639 201.87680056504905 563.51683611236513 288.01052002236247 134.40416023693979 989.1580681335181 564.23521756194532 227.08624673821032 1548.3961027842015
leaf_count=33910 6237 7008 3317 10627 1982 2713 666 2175 390 1131 2371 3176 3331 3903
internal_value=0.0147444 0.0095817 0.0111718 0.0143419 0.0168573 0.00570795 0.0210976 0.0106749 -0.00410899 0.00486908 0.00607353 0.00188901 0.00562818 0.00820148
internal_weight=23143.4 16782 15878.4 10563.7 9317.66 2567.97 6749.69 2207.74 851.527 5314.68 5180.27 4191.12 3626.88 3399.79
internal_count=82937 76700 42790 21870 18553 7260 11293 5278 2565 20920 19789 17418 14242 10911
is_linear=0
shrinkage=0.03


Tree=60
num_leaves=15
num_cat=0
split_feature=28 43 11 28 38 39 10 39 40 39 39 40 8 28
split_gain=1728.95 1003.58 640.246 474.307 516.849 370.611 357.808 383.975 835.776 776.933 387.996 431.788 374.188 422.878
threshold=0.59375000000000011 2.8750000000000004 15.224700000000002 1.0729166666666667 274.12500000000006 4.0814078729166674 0.32884903846153674 30.952648828055558 22.073268780277782 67.88963633472224 208.57670534791671 173.75895967930558 12.84689166666667 0.40625000000000006
decision_type=2 2 2 2 10 8 2 8 8 10 10 10 2 2
left_child=1 -1 5 4 -4 -2 7 8 12 -9 11 -11 -3 -14
right_child=2 6 3 -5 -6 -7 -8 9 -10 10 -12 -13 13 -15
leaf_value=-0.026436290686261705 0.0034465221624785086 0.02670310167677626 0.0076389213580664479 0.030796392954789104 -0.043437121323398449 0.031703034969253148 -0.002966638255548131 0.025869534748333076 -0.036679344747753292 0.0077724706432814551 0.01994230628834141 -0.015873503426424098 -0.016369571973671858 0.027883245061200906
leaf_weight=725.48584737721831 450.20813242718577 675.30045040696859 906.09204383566976 588.94004687853158 220.93800216168165 5841.5462586134672 1750.9977754689753 3301.2024475932121 445.07571915537119 4316.3624324537814 1863.3333368655294 827.415785767138 630.55527693964541 279.74412637576461
leaf_count=32927 1064 1626 2389 439 1487 5311 6755 5775 2824 11405 3350 2924 4286 342
internal_value=0.0140217 0.00795037 0.0252523 0.00900242 -0.00240343 0.029682 0.00972267 0.0115235 -0.000400004 0.0138721 0.00821702 0.00396649 0.00980026 -0.00275456
internal_weight=22823.2 14815.5 8007.72 1715.97 1127.03 6291.75 14090 12339 2030.68 10308.3 7007.11 5143.78 1585.6 910.299
internal_count=82904 72214 10690 4315 3876 6375 39287 32532 9078 23454 17679 14329 6254 4628
is_linear=0
shrinkage=0.03


Tree=61
num_leaves=15
num_cat=0
split_feature=24 43 43 4 28 22 17 31 23 40 12 39 40 38
split_gain=1707.58 776.134 615.141 476.536 612.547 546.022 297.299 428.796 398.131 438.09 628.047 504.301 405.288 336.065
threshold=0.62500000000000011 3.3750000000000004 1.0000000180025095e-35 13.604221875000002 0.82291666666666685 -0.81531140350876019 0.85690097826902967 1.5000000000000002 49.269600000000004 245.91348753194447 49.061866666666667 224.6047322940278 171.80517843083337 225.12500000000003
decision_type=2 2 2 2 2 2 2 2 2 8 2 10 10 10
left_child=1 -1 -2 -4 5 -5 7 -3 -8 11 -11 12 -10 -9
right_child=2 6 3 4 -6 -7 8 13 9 10 -12 -13 -14 -15
leaf_value=-0.021181935300874664 -0.03174706670353681 -0.019294997616524309 0.031201922006943713 -0.034079125300346784 0.028572502577665086 0.01148988529341251 -0.021007460753837685 0.022822841993830074 0.010171221289007069 -0.039815055094597721 0.009806978362819678 0.04078310570960339 -0.015771023809500767 -0.0015428628172127232
leaf_weight=804.55764303170145 172.71767919510603 286.28820600360632 5130.3224546685815 281.74004321172833 1951.7599493861198 1451.1763954311609 459.62235700525343 3064.5347540844232 6650.1111700236797 405.41168710403144 526.80582777783275 449.26290710829198 589.18836588971317 610.85215248353779
leaf_count=34344 3796 1525 3414 1567 1316 1984 2703 5332 18915 1993 1274 440 2149 2045
internal_value=0.0140079 0.00739745 0.02419 0.0252895 0.0170512 0.00406583 0.00916199 0.0160187 0.00616904 0.00762024 -0.0117927 0.00997523 0.00805796 0.0187739
internal_weight=22834.4 13846.6 8987.72 8815 3684.68 1732.92 13042.1 3961.68 9080.4 8620.78 932.218 7688.56 7239.3 3675.39
internal_count=82797 70720 12077 8281 4867 3551 36376 8902 27474 24771 3267 21504 21064 7377
is_linear=0
shrinkage=0.03


Tree=62
num_leaves=15
num_cat=0
split_feature=24 43 43 28 18 4 17 23 32 17 41 28 20 41
split_gain=1620.29 800.886 362.574 358.262 432.629 406.599 290.406 264.55 298.436 355.358 362.871 244.442 244.028 240.85
threshold=0.79166666666666685 2.8750000000000004 0.87500000000000011 0.46875000000000006 1.5982636904761973 13.297400000000001 1.2577632611379561 55.789600000000007 0.61631944444444453 0.92282521645518689 1246.5000000000002 0.67708333333333337 43.987950868055556 38.500000000000007
decision_type=2 2 2 2 2 2 2 2 2 2 10 2 2 10
left_child=1 11 -2 4 12 6 -5 8 9 10 -7 -1 -3 -14
right_child=2 3 -4 5 -6 7 -8 -9 -10 -11 -12 -13 13 -15
leaf_value=-0.026016547653923177 -0.0082141291865148094 -0.039198755817576633 0.028879641839432993 0.035531122049457423 -0.014314327256139939 0.030782653234714526 0.0026810154518185337 -0.033454694435398218 0.030212716434210481 -0.0053420474309418863 -0.00091062665903747487 0.010457603940189611 -0.015501493284193729 0.010775786195953855
leaf_weight=720.19354418478906 246.77373079396784 90.800730960443616 5846.8446832895279 1369.1437960453331 734.25776270590723 810.12967222929001 294.41554147005081 113.05196093767881 705.08560449257493 1023.4399685524404 542.55396135523915 213.96022834442556 323.36392076313496 9895.2660405840725
leaf_count=33659 2340 559 3913 710 7604 635 647 430 804 2735 1240 1358 1321 25010
internal_value=0.0141217 0.00932292 0.0273764 0.0109091 0.00792134 0.0176983 0.0297224 0.0114289 0.013086 0.00799333 0.0180794 -0.0176602 0.00950624 0.00994282
internal_weight=22929.3 16835.7 6093.62 15901.5 11043.7 4857.82 1663.56 3194.26 3081.21 2376.12 1352.68 934.154 10309.4 10218.6
internal_count=82965 76712 6253 41695 34494 7201 1357 5844 5414 4610 1875 35017 26890 26331
is_linear=0
shrinkage=0.03


Tree=63
num_leaves=15
num_cat=0
split_feature=28 43 8 39 40 39 39 32 8 32 32 10 19 28
split_gain=1523.83 1072.87 541.04 859.927 405.878 382.785 622.599 535.18 681.274 497.677 418.392 332.168 296.652 283.446
threshold=0.63541666666666685 2.6250000000000004 13.970010937500001 139.55211569500003 2.4092308938888896 69.523590185277797 31.564344315277783 0.34548611111111116 12.84689166666667 0.26909722222222227 0.46701388888888895 0.25264150793650147 50.065700000000014 1.0729166666666667
decision_type=2 2 2 8 8 10 8 2 2 2 2 2 2 2
left_child=1 -1 4 -4 12 6 7 11 -9 -8 -10 -3 -2 -5
right_child=2 5 3 13 -6 -7 9 8 10 -11 -12 -13 -14 -15
leaf_value=-0.028348165446606618 -0.0419119752403143 -0.039730473738042831 -0.046052961287500124 0.00868529471727718 0.032929573754976287 0.005866352695771509 -0.0022067021169274738 0.033795526690003228 -0.025918978007231024 0.02707109381775779 0.011267171230054511 0.005233727341768921 0.01792831997901333 0.033633084003794819
leaf_weight=681.57086175493896 107.56591486558318 350.48893705010414 205.43483545724303 1013.7131743729115 4622.3856130093336 8423.892802064307 614.19034283328801 749.03652912378311 439.72457997128367 3494.9264866998419 711.65331287309527 254.88000592775643 237.03367226570845 688.22071261703968
leaf_count=32749 533 2496 1343 2488 3752 22865 2630 1354 2834 5359 2472 1244 331 424
internal_value=0.0135926 0.00843969 0.0253733 0.0117832 0.0305885 0.0101087 0.0155096 0.00372139 0.0115463 0.0226955 -0.00294482 -0.0208217 -0.000817906 0.0187874
internal_weight=22594.7 15720.4 6874.35 1907.37 4966.99 15038.8 6614.9 2505.78 1900.41 4109.12 1151.38 605.369 344.6 1701.93
internal_count=82874 74003 8871 4255 4616 41254 18389 10400 6660 7989 5306 3740 864 2912
is_linear=0
shrinkage=0.03


Tree=64
num_leaves=15
num_cat=0
split_feature=28 43 8 39 39 28 38 38 20 29 22 7 9 16
split_gain=1584.83 861.742 618.852 856.226 394.299 353.707 418.973 341.319 417.026 350.12 318.647 316.375 307.544 845.853
threshold=0.59375000000000011 4.1250000000000009 13.970010937500001 139.55211569500003 3.0422670158333336 1.0729166666666667 300.87500000000006 221.12500000000003 45.583406076388897 0.58759368196158734 6.3717596256684521 14.174850000000001 0.39648180660186105 49.00826041666668
decision_type=2 2 2 8 8 2 10 8 2 2 2 2 2 2
left_child=1 -1 4 -4 10 6 -5 9 -9 12 -2 -11 13 -3
right_child=2 7 3 5 -6 -7 -8 8 -10 11 -12 -13 -14 -15
leaf_value=-0.018300608075654805 -0.037030102508408373 -0.024864058249305793 -0.045557004236887987 0.011670187699218999 0.031445021269082774 0.033340903047731817 -0.055256721799007584 -0.037375444740992005 0.0036746377480821866 0.024281597146603821 0.019125209647181715 0.009257265717671985 0.010138863322672607 0.03168161962493999
leaf_weight=1105.5479438193142 133.20497499220073 774.84352065250278 222.23333396483213 1038.817970120348 5165.8982333792374 704.36841699853539 90.609790652990341 240.55960018001497 2856.2371118310839 2777.5511724278331 281.12531316280365 2313.7060653027147 4311.1680378448218 342.53790034726262
leaf_count=38470 662 3527 1522 2478 4692 446 527 2321 8272 3432 362 4189 11836 384
internal_value=0.012914 0.00716081 0.0240034 0.00992722 0.029187 0.0166724 0.00625676 0.00922924 0.000474826 0.0118061 0.00102589 0.017457 0.00650398 -0.00751692
internal_weight=22358.4 14722.2 7636.26 2056.03 5580.23 1833.8 1129.43 13616.6 3096.8 10519.8 414.33 5091.26 5428.55 1117.38
internal_count=83120 72431 10689 4973 5716 3451 3005 33961 10593 23368 1024 7621 15747 3911
is_linear=0
shrinkage=0.03


Tree=65
num_leaves=15
num_cat=1
split_feature=36 8 36 39 21 42 11 10 39 40 39 21 39 39
split_gain=1553.03 629.242 542.63 490.758 486.202 485.261 425.167 337.375 416.747 637.54 603.784 456.852 463.689 406.126
threshold=2.1250000000000004 13.572761631944447 3.7083333333333335 3.5670617847222226 2.1740605875449472 0 15.399950000000002 0.32884903846153674 30.952648828055558 20.770238512083338 67.88963633472224 2.2373307415720496 227.49840895736114 246.47706470222226
decision_type=2 2 2 8 2 1 2 2 8 8 8 2 8 8
left_child=5 3 4 -2 -3 -1 -6 8 9 -7 -10 -12 -13 -14
right_child=1 2 -4 -5 6 7 -8 -9 10 -11 11 12 13 -15
leaf_value=-0.0076626976045760858 -0.0060789212224467053 -0.027247851295273139 0.028400922385017537 0.032297447243145462 0.016373171906149751 0.0084638724494026946 -0.017592528617016333 -0.0080149091255859468 0.024694233304091703 -0.03209059138339506 -0.013499374199393994 0.0054177284179267819 0.043029040276644219 0.0097024671161665011
leaf_weight=1986.8015241315588 321.45284936390817 349.02147724758834 1467.2624408807606 4413.4199963826686 1963.1000948622823 1163.1131218401715 398.2156321592629 1021.5355769740418 2628.7352884747088 497.19536118581891 810.15823547076434 3803.2769854106009 646.02626731526107 671.28302881866693
leaf_count=36199 934 2362 1411 3610 4074 4800 1837 4370 4531 3517 4944 8888 438 1349
internal_value=0.0125246 0.0222037 0.0137123 0.0296913 0.00575288 0.00600202 0.0106401 0.0084176 0.0100608 -0.00369256 0.0127287 0.00742179 0.0107338 0.0260665
internal_weight=22140.6 8912.47 4177.6 4734.87 2710.34 13228.1 2361.32 11241.3 10219.8 1660.31 8559.48 5930.74 5120.59 1317.31
internal_count=83264 14228 9684 4544 8273 69036 5911 32837 28467 8317 20150 15619 10675 1787
cat_boundaries=0 1
cat_threshold=4
is_linear=0
shrinkage=0.03


Tree=66
num_leaves=15
num_cat=0
split_feature=24 28 4 12 39 18 32 37 11 7 39 8 41 12
split_gain=1449.76 406.577 549.4 539.869 422.272 369.446 340.692 336.256 306.173 283.665 368.308 276.773 260.755 248.78
threshold=0.79166666666666685 0.40625000000000006 13.596413541666669 47.529937500000003 3.0422670158333336 1.5982636904761973 0.44965277777777785 1.0000000180025095e-35 15.399950000000002 14.957450000000001 140.84723637638891 14.51365138888889 1945.5000000000002 41.688212500000013
decision_type=2 2 2 2 8 2 2 2 2 2 8 2 10 2
left_child=1 5 4 -4 -3 13 7 -5 -8 -2 -11 -10 -13 -1
right_child=9 2 3 6 -6 -7 8 -9 11 10 -12 12 -14 -15
leaf_value=-0.031290237815867393 0.029531771522231111 -0.011334562829395439 -0.026929230450150249 0.012030899022239106 0.023270464221292753 -0.016300335778632734 0.018136125200915235 -0.045049846102728983 -0.042804609594321294 -0.032628395747831086 0.019046454100486353 0.037999984569798452 -0.042988503216761446 0.0065273765841272237
leaf_weight=158.57125483267009 4334.5504335090518 344.7847496913746 440.76568549592048 178.50002780370414 3912.5455494485795 737.61362797021866 1865.9203201904893 191.88977555185556 151.94278549402952 137.30200819671154 1217.6899691037834 115.04550205729902 50.781867192126811 8350.345525325276
leaf_count=1782 3828 1218 3832 819 7623 18203 4616 1419 1071 705 1729 139 526 35318
internal_value=0.0127285 0.00822437 0.0135416 0.00369486 0.0204659 0.00405294 0.00898823 -0.0175829 0.0135011 0.0257859 0.01379 -0.0136868 0.0130896 0.00581902
internal_weight=22188.2 16498.7 7252.18 2994.85 4257.33 9246.53 2554.08 370.39 2183.69 5689.54 1354.99 317.77 165.827 8508.92
internal_count=82828 76566 21263 12422 8841 55303 8590 2238 6352 6262 2434 1736 665 37100
is_linear=0
shrinkage=0.03


Tree=67
num_leaves=15
num_cat=0
split_feature=28 43 43 8 28 41 41 18 21 32 17 41 31 7
split_gain=1424.97 965.225 551.372 481.556 462.809 582.12 309.855 295.717 342.36 377.407 397.181 369.214 341.708 329.701
threshold=0.63541666666666685 3.1250000000000004 1.0000000180025095e-35 13.970010937500001 1.0729166666666667 1777.5000000000002 2211.5000000000005 -2.6424432518796981 2.2978799366170191 0.60937500000000011 1.0233656398857498 995.50000000000011 1.5000000000000002 13.815450000000002
decision_type=2 2 2 2 2 10 10 2 2 2 2 8 2 2
left_child=1 -1 -2 -4 5 -5 7 -3 9 10 12 -10 -9 -13
right_child=2 6 3 4 -6 -7 -8 8 11 -11 -12 13 -14 -15
leaf_value=-0.024989419363491045 -0.032075893922542092 -0.00030986127151188332 0.030667346141474774 0.014384748150176548 0.031209415658081472 -0.033485036502634118 -0.040989984087167392 -0.027727518627386091 0.021055005347589015 0.038632748056812223 -0.016716794673562713 -0.01944083043397405 0.0094176392187482055 0.011064248399406814
leaf_weight=780.80594532005489 152.32275525666773 2289.0904545076191 4601.6894369553775 762.50059849210083 707.37605860084295 325.35677335970104 108.83885835669935 237.17087983526289 4376.424075614661 283.49774646759033 762.17391764000058 358.12613728642464 3482.1424556709826 2848.936813512817
leaf_count=35114 2840 6118 3250 1116 416 1311 1043 1606 7583 208 5182 2036 9684 5571
internal_value=0.012447 0.00749609 0.0241818 0.0255262 0.0123384 5.02319e-05 0.00921774 0.00959384 0.0114296 0.00512637 0.00299862 0.015389 0.00704217 0.00765281
internal_weight=22076.5 15527.2 6549.25 6396.92 1795.23 1087.86 14746.4 14637.6 12348.5 4764.98 4481.49 7583.49 3719.31 3207.06
internal_count=83078 74145 8933 6093 2843 2427 39031 37988 31870 16680 16472 15190 11290 7607
is_linear=0
shrinkage=0.03


Tree=68
num_leaves=15
num_cat=0
split_feature=24 39 28 4 32 12 11 40 18 23 40 4 32 34
split_gain=1442.68 331.548 343.091 567.188 536.365 451.357 328.362 325.452 291.697 277.652 269.758 260.862 268.681 316.824
threshold=0.79166666666666685 425.11774725055562 0.40625000000000006 13.587980208333336 0.45312500000000006 48.089375000000018 15.399950000000002 450.03270436555562 2.5403540350877143 52.108550000000008 329.14259323652783 12.495321875 0.59548611111111127 -0.61961996336996328
decision_type=2 10 2 2 2 2 2 10 2 2 10 2 2 2
left_child=1 2 7 -4 9 -6 -7 8 11 -5 -8 -1 13 -13
right_child=-2 -3 3 4 5 6 10 -9 -10 -11 -12 12 -14 -15
leaf_value=0.020207790124088541 0.025089635160906662 -0.057123847254676105 0.019786437867707726 0.0069958589124116868 -0.022275038807228694 0.019058717510794923 -0.046807315871340981 0.056274022180998425 -0.029456531915368935 -0.039089062223052612 0.012773401904506773 0.039937027890525743 -0.033725567679632078 0.0023151250354299445
leaf_weight=821.09508287720382 5502.1737933121622 70.522977489046752 4111.5965096969157 172.09460051544011 359.07559999078512 1722.3071248838678 132.73408614564687 104.298603287898 238.33479794114828 369.1383270509541 139.29115135222673 205.85046360082924 179.44835058692843 7733.946841519326
leaf_count=1480 6259 543 8656 905 2741 3946 1170 114 10139 3156 418 616 1460 41470
internal_value=0.0118022 0.00733201 0.00761456 0.0126258 0.00245133 0.00864574 0.0142213 0.00383144 0.00322946 -0.0244497 -0.0163638 0.00410401 0.00247316 0.00329543
internal_weight=21861.9 16359.7 16289.2 7006.24 2894.64 2353.41 1994.33 9282.97 9178.68 541.233 272.025 8940.34 8119.25 7939.8
internal_count=83073 76814 76271 20992 12336 8275 5534 55279 55165 4061 1588 45026 43546 42086
is_linear=0
shrinkage=0.03


Tree=69
num_leaves=15
num_cat=0
split_feature=24 43 28 8 40 43 41 33 41 43 10 11 12 7
split_gain=1402.36 659.975 362.797 510.634 399.763 349.311 272.097 380.925 253.385 250.293 236.41 427.388 291.39 250.226
threshold=0.87500000000000011 0.87500000000000011 0.53125000000000011 13.485639583333334 3.6454153311111113 4.6250000000000009 1196.5000000000002 0.85399373992989747 1395.5000000000002 1.1250000000000002 0.33383749999999052 14.179300000000001 49.62797916666667 13.934650000000001
decision_type=2 2 2 2 8 2 10 2 10 2 2 2 2 2
left_child=1 -1 5 4 -4 -3 -5 8 -8 -2 -7 13 -13 -12
right_child=9 2 3 6 -6 10 7 -9 -10 -11 11 12 -14 -15
leaf_value=-0.027645581187491389 -0.0013796270017766611 -0.013637567271035907 -0.0057284448361550385 0.022655765796867677 0.032846418285725675 0.0090729236571047891 -0.048844775097330116 0.024713871606698325 -0.0042591491661947952 0.028548191184583665 -0.0057242590806905564 -0.035976772064442587 0.00019186426104786925 0.036423012075900256
leaf_weight=456.59934256412089 267.4061935134232 741.31875295750797 280.87000883370638 652.81765233166516 1724.7301440611482 10533.12916887179 128.64626064710319 398.12982407584786 998.68248008750379 4203.8694905415177 234.3723821491003 404.35217519849539 396.60770568437874 274.54047280363739
leaf_count=26420 1793 15189 772 820 958 25530 596 603 2762 2818 837 1866 1141 470
internal_value=0.0117901 0.0079032 0.00887278 0.0165252 0.0274441 0.0063275 0.00646382 -0.000475805 -0.00938586 0.0267584 0.00757827 -0.00443849 -0.0180894 0.0170395
internal_weight=21696.1 17224.8 16768.2 4183.88 2005.6 12584.3 2178.28 1525.46 1127.33 4471.28 11843 1309.87 800.96 508.913
internal_count=82575 77964 51544 6511 1730 45033 4781 3961 3358 4611 29844 4314 3007 1307
is_linear=0
shrinkage=0.03


Tree=70
num_leaves=15
num_cat=0
split_feature=36 43 43 8 39 40 39 39 21 23 33 8 39 8
split_gain=1389.77 862.854 516.003 486.767 755.18 420.81 375.063 555.372 493.758 517.564 476.964 504.352 418.725 399.137
threshold=2.5416666666666674 2.3750000000000004 1.0000000180025095e-35 14.279111458333334 242.7891931427778 2.4092308938888896 68.699812243750003 31.564344315277783 2.287566515760532 48.473850000000006 0.608481555649379 12.84689166666667 227.49840895736114 12.957846875000001
decision_type=2 2 2 2 10 8 10 8 2 2 2 2 10 2
left_child=1 -1 -2 5 -5 -4 7 10 9 -8 -3 -12 -10 -11
right_child=2 6 3 4 -6 -7 8 -9 12 13 11 -13 -14 -15
leaf_value=-0.029688494194830686 -0.032043201257347366 -0.023904596537807556 -0.0031784023605238819 -0.054443684593604595 0.017461203564337075 0.030205783717134851 0.067825306269238744 0.020204171801005807 0.0042748565492291826 -0.036720543905231114 0.027678453975454074 -0.0035916777420545065 0.023927693341375799 -0.0040727552785014354
leaf_weight=574.99949095677584 147.85663769859821 506.30346105527133 365.09379414469004 163.78400708921254 648.96989497542381 4872.8048017341644 81.057615777477622 3929.251955206506 4164.0602285442874 390.4656286239624 766.40562199335545 1174.4598737312481 1273.5566455982625 2425.8549732705578
leaf_count=31637 2817 3482 939 865 783 3454 114 8107 9623 2850 1590 5584 1641 9380
internal_value=0.0111919 0.00633251 0.023173 0.0245274 0.00292202 0.0278787 0.00774233 0.0132184 0.00355195 -0.00644955 0.00199816 0.00876411 0.00888135 -0.0086106
internal_weight=21484.9 15286.4 6198.51 6050.65 812.754 5237.9 14711.4 6376.42 8335 2897.38 2447.17 1940.87 5437.62 2816.32
internal_count=82866 74008 8858 6041 1648 4393 42371 18763 23608 12344 10656 7174 11264 12230
is_linear=0
shrinkage=0.03


Tree=71
num_leaves=15
num_cat=0
split_feature=24 43 43 39 36 4 39 38 21 21 41 41 18 7
split_gain=1312.67 574.66 340.742 311.04 309.71 476.918 395.415 277.832 384.394 377.716 425.055 277.093 302.817 333.369
threshold=0.79166666666666685 0.87500000000000011 0.62500000000000011 425.11774725055562 1.6250000000000002 13.380830208333336 3.0422670158333336 219.62500000000003 2.0968388501962845 2.3742733286347302 1812.5000000000002 1961.5000000000002 -1.7758728571428468 13.969300000000002
decision_type=2 2 2 10 2 2 10 8 2 2 8 8 2 2
left_child=1 -1 -2 4 7 6 -6 8 -3 10 -9 -12 13 -13
right_child=2 3 -4 -5 5 -7 -8 9 -10 -11 11 12 -14 -15
leaf_value=-0.029078198324411705 -0.014745000998331226 -0.034448275023751501 0.025499077731378005 -0.057007204548197493 -0.0083598223711358992 0.0058684019097372314 0.026229852268852671 -0.028275000442349964 0.0079676270594159892 -0.032250033035027749 0.031253022526347631 0.043638482186157998 -0.021441535569036382 -0.027335128243828076
leaf_weight=392.40115893539041 196.08479066193104 196.66300530452281 5065.1825851462781 65.726768832653761 337.07139408960938 3797.6687569692731 2502.586832055822 328.49336324445903 7110.9461006596684 396.36399758420885 376.53307245392352 188.98506635054946 319.49202227499336 85.957369711250067
leaf_count=25914 2250 4197 4073 356 1047 9642 3004 2646 21772 2933 877 286 3490 378
internal_value=0.0109888 0.0067365 0.0239967 0.00763307 0.00790833 0.0128247 0.0221225 0.00428296 0.00682157 -0.00665393 0.00117224 0.0111535 -0.0016092 0.0214308
internal_weight=21360.2 16098.9 5261.27 15706.5 15640.8 6637.33 2839.66 9003.43 7307.61 1695.82 1299.46 970.968 594.434 274.942
internal_count=82865 76542 6323 50628 50272 13693 4051 36579 25969 10610 7677 5031 4154 664
is_linear=0
shrinkage=0.03


Tree=72
num_leaves=15
num_cat=0
split_feature=24 43 24 8 23 28 41 23 11 11 37 32 8 32
split_gain=1205.01 697.154 407.597 454.825 527.171 446.184 328.645 311.446 442.693 362.874 334.684 298.602 400.684 271.852
threshold=0.95833333333333337 0.87500000000000011 0.37500000000000006 13.581618576388891 52.610350000000004 0.53125000000000011 1196.5000000000002 53.892900000000004 15.224700000000002 15.056850000000003 1.5000000000000002 0.53298611111111127 13.703517881944446 0.72395833333333337
decision_type=2 2 2 2 2 2 10 2 2 2 2 2 2 2
left_child=1 -1 -3 5 -5 -4 -6 9 -9 11 -10 12 -8 -12
right_child=-2 2 3 4 6 -7 7 8 10 -11 13 -13 -14 -15
leaf_value=-0.028700884896787619 0.027335372543798583 0.0039477244879954406 0.01231153585383612 -0.040917393277297161 0.023136770575116327 0.02875300539349411 0.015277964582721296 0.029672939782883514 0.011459644499463467 -0.048161783110271757 -0.059327265303051775 0.027301423708755847 -0.051295585316142318 -0.0020086975792742508
leaf_weight=447.247717785649 3564.7112663947046 7589.2763015897945 4822.4393511712551 222.38540398422629 804.76197113189846 2147.9520922694355 155.85799022298306 548.99111597426236 405.40298526454717 211.29580062255263 146.58474471792579 198.04096156544983 168.42583359591663 150.46897606737912
leaf_count=26932 3517 31685 11884 1367 1048 1548 266 515 790 1139 761 195 897 377
internal_value=0.0114004 0.0082467 0.00918869 0.0131723 0.00342977 0.0173814 0.00697821 0.000419051 0.00951499 -0.0150891 -0.00625884 -0.00164377 -0.0193503 -0.0303974
internal_weight=21583.8 18019.1 17571.9 9982.61 3012.22 6970.39 2789.83 1985.07 1251.45 733.621 702.457 522.325 324.284 297.054
internal_count=82921 79404 52472 20787 7355 13432 5988 4940 2443 2497 1928 1358 1163 1138
is_linear=0
shrinkage=0.03


Tree=73
num_leaves=15
num_cat=0
split_feature=28 43 43 4 39 39 40 39 39 40 9 38 20 22
split_gain=1310.46 651.12 518.824 514.69 487.636 455.856 495.906 357.242 434.866 537.83 467.071 824.342 328.057 326.734
threshold=0.57291666666666685 4.3750000000000009 1.0000000180025095e-35 13.753446875000003 3.0422670158333336 140.84723637638891 177.78885530138891 68.699812243750003 30.952648828055558 20.770238512083338 0.41041789432714565 78.125000000000014 45.356573784722237 -3.9582666666666451
decision_type=2 2 2 2 8 8 8 10 8 8 2 10 2 2
left_child=1 -1 -2 4 -4 6 -5 8 9 -3 11 -10 -13 -7
right_child=2 7 3 5 -6 13 -8 -9 10 -11 -12 12 -14 -15
leaf_value=-0.017674432957460729 -0.031853336311895734 0.011472401750237071 -0.0037091775378925531 0.011089260347994085 0.03209551945573999 -0.024260519413532012 -0.054983364906132738 0.0023049435777700296 -0.049583848702099281 -0.021377030210552837 0.027976204477831765 -0.036235044663787526 0.01911191376065156 0.019881605349480549
leaf_weight=1056.3517477679998 164.60436807479709 1495.9643753487617 376.77596304751933 243.87969825603068 3723.5517579484731 160.03856687247753 174.69165102299303 7079.7906646411866 205.66809322498739 639.5046148262918 2078.7662039864808 103.63539598509669 1232.8155243210495 2438.276604026556
leaf_count=38858 3645 4696 1036 434 2183 834 935 17854 1077 3218 2827 639 1995 2752
internal_value=0.0103588 0.00495484 0.0206665 0.0218855 0.0288054 0.0124741 -0.0165516 0.00681835 0.0123681 0.00162965 0.018699 0.00618339 0.0147961 0.0171545
internal_weight=21174.3 13892.5 7281.82 7117.21 4100.33 3016.89 418.571 12836.1 5756.35 2135.47 3620.89 1542.12 1336.45 2598.32
internal_count=82983 71164 11819 8174 3219 4955 1369 32306 14452 7914 6538 3711 2634 3586
is_linear=0
shrinkage=0.03


Tree=74
num_leaves=15
num_cat=0
split_feature=28 43 11 28 41 40 41 28 18 23 23 40 11 16
split_gain=1183.84 797.905 508.499 433.841 554.052 313.965 296.749 303.83 346.71 324.733 450.989 409.47 403.911 373.515
threshold=0.63541666666666685 2.6250000000000004 15.224700000000002 1.0729166666666667 1777.5000000000002 2.4092308938888896 2196.5000000000005 0.30208333333333343 -2.7064671428571461 52.029900000000005 53.124300000000012 108.69747419722223 14.256650000000002 48.109328124999998
decision_type=2 2 2 2 10 8 10 2 2 2 2 8 2 2
left_child=1 -1 5 4 -4 -2 7 9 -9 11 -11 13 -13 -3
right_child=2 6 3 -5 -6 -7 -8 8 -10 10 -12 12 -14 -15
leaf_value=-0.02843007522144873 -0.00013685297835483985 0.008340341657920726 0.010083986773030563 0.028147956455588305 -0.03995502729396927 0.02930143739269379 -0.036968908197721896 -0.0046516884372463981 0.012966958349912901 0.030155135608013712 -0.011774792758741231 -0.0061229388245859599 -0.04638716342511922 -0.025956214431641381
leaf_weight=574.0462688440457 353.90561989508569 2240.6643908480182 615.81434116698802 524.99969332292676 293.13590716477484 4141.8694023694843 132.32933637872338 1133.9651702605188 8822.4695060281083 703.40204159356654 342.76114017050713 755.35686619300395 318.1196020944044 326.56915802508593
leaf_count=32726 873 9139 1549 467 1830 4204 1358 2929 18741 1209 1756 3208 1765 1276
internal_value=0.0106401 0.00624139 0.0220238 0.00646263 -0.00607974 0.0269846 0.00759024 0.00799541 0.0109601 0.00169655 0.0164192 -0.00253738 -0.0180871 0.00396918
internal_weight=21279.4 15349.7 5929.72 1433.95 908.95 4495.78 14775.6 14643.3 9956.43 4686.87 1046.16 3640.71 1073.48 2567.23
internal_count=83030 74107 8923 3846 3379 5077 41381 40023 21670 18353 2965 15388 4973 10415
is_linear=0
shrinkage=0.03


Tree=75
num_leaves=15
num_cat=0
split_feature=24 43 43 18 38 38 38 29 43 5 21 40 9 23
split_gain=1214.2 503.411 309.636 307.16 411.693 358.067 679.414 358.454 519.327 359.39 267.274 382.644 253.392 237.719
threshold=0.79166666666666685 1.8750000000000002 1.6250000000000002 -2.356490000000004 304.62500000000006 294.62500000000006 274.12500000000006 0.54305882956035167 6.8750000000000009 0.35401745203184953 2.2208939858975749 175.71842745055559 0.39133883403135311 51.549450000000007
decision_type=2 2 2 2 10 10 10 2 2 2 2 10 2 2
left_child=1 -1 -2 12 5 6 7 8 -5 -10 11 -9 -3 -11
right_child=2 3 -4 4 -6 -7 -8 10 9 13 -12 -13 -14 -15
leaf_value=-0.022303920531993718 -0.0020357646638876686 -0.020556433041610755 0.025280598269458152 -0.021480792561383067 -0.014158088720838447 0.043227821263107521 -0.043616934276564337 0.011634200222457224 -0.027404911187927258 0.0057605876230604203 0.017400371292577897 -0.02433572580944916 0.0025191919639531843 0.026507456670335699
leaf_weight=547.47539356071502 407.18413282278925 490.87625351920724 4489.6401777938008 646.83489779476076 633.26681225001812 295.46270835585892 209.14749928098172 1117.1582856448367 227.1423380151391 1645.8284560702741 5859.4667044887319 348.33643471449614 3311.5241797436029 711.61901145800948
leaf_count=30625 2593 1681 3655 8563 3691 521 1672 4163 933 4237 9123 2316 8255 993
internal_value=0.00993484 0.00594323 0.0230092 0.00694254 0.00935075 0.0106978 0.00980111 0.0108635 0.00253933 0.00855673 0.0145349 0.00307367 -0.00046441 0.0120318
internal_weight=20941 16044.1 4896.82 15496.7 11694.3 11061 10765.5 10556.4 3231.42 2584.59 7324.96 1465.49 3802.4 2357.45
internal_count=83021 76773 6248 46148 36212 32521 32000 30328 14726 6163 15602 6479 9936 5230
is_linear=0
shrinkage=0.03


Tree=76
num_leaves=15
num_cat=0
split_feature=24 43 29 4 18 22 43 43 23 32 23 40 23 8
split_gain=1167.44 547.824 362.511 373.05 337.596 321.388 270.605 270.516 233.481 286.306 265.641 222.129 229.617 371.276
threshold=0.87500000000000011 0.87500000000000011 0.62620870458088218 13.304661458333337 -2.0868042401960758 -3.8584171550671393 5.1250000000000009 1.6250000000000002 55.789600000000007 0.61631944444444453 50.569600000000001 102.62391959750002 51.683800000000005 13.406539583333334
decision_type=2 2 2 2 2 2 2 2 2 2 2 8 2 2
left_child=1 -1 6 4 -4 -5 -3 -2 9 10 -7 12 -12 -14
right_child=7 2 3 5 -6 8 -8 -9 -10 -11 11 -13 13 -15
leaf_value=-0.028725197300636048 -0.00089525565346003019 -0.016589111638483769 0.0027095379972926102 -0.03399450969122466 0.025219636092052609 0.046915670858141106 0.0047330356524443156 0.027096613357194977 -0.030777455117327178 0.025770101231421986 -0.059136668772299304 0.0068286706579555653 0.02613268969369234 -0.042495092082669883
leaf_weight=382.06993460794911 339.32118187006563 572.77307860367 786.45638541411608 167.52331911586225 2526.7400219663978 134.71088357456028 8076.2803572230041 3677.5445456430316 133.06082287430763 787.41825582459569 89.9445954952389 2999.9368448359892 158.66971309483051 126.69551679678261
leaf_count=26543 1934 13444 1720 2268 3541 119 22072 2721 497 911 440 6034 150 535
internal_value=0.0101932 0.00674488 0.00756491 0.0122056 0.0198788 0.00667327 0.00331925 0.0247324 0.00821832 0.00943263 0.00576122 0.00410527 -0.0176238 -0.00437844
internal_weight=20959.1 16942.3 16560.2 7911.16 3313.2 4597.96 8649.05 4016.87 4430.44 4297.38 3509.96 3375.25 375.31 285.365
internal_count=82929 78274 51731 16215 5261 10954 35516 4655 8686 8189 7278 7159 1125 685
is_linear=0
shrinkage=0.03


Tree=77
num_leaves=15
num_cat=0
split_feature=24 43 29 4 18 39 41 40 39 32 21 40 12 15
split_gain=1209.84 576.155 397.054 421.753 357.847 332.437 446.336 250.586 580.448 446.5 290.446 573.882 390.571 285.19
threshold=0.95833333333333337 2.3750000000000004 0.62620870458088218 13.596413541666669 -2.0640824999999925 156.27204118944448 1196.5000000000002 116.23890721194446 129.73890721194448 0.25173611111111116 2.4272929083928978 213.94106210555557 46.492779166666679 46.530450000000009
decision_type=2 2 2 2 2 8 8 8 8 2 2 8 2 2
left_child=1 -1 7 4 -4 6 -5 -3 -9 -10 11 13 -13 -11
right_child=-2 2 3 5 -6 -7 -8 8 9 10 -12 12 -14 -15
leaf_value=-0.018968321405733162 0.026221491755353842 0.006975160230840112 0.0039635140369584307 0.02485174153272493 0.022369058220120714 0.0098955260725955927 -0.023683298859812751 -0.032479321882613599 -0.040163353683192411 0.0048277657136266182 0.019821223319086905 -0.033221681805486104 0.022446684740266541 -0.035101292319689149
leaf_weight=772.9466480910778 3270.3810751307756 5312.1890868740156 1277.8680100720376 226.00134573224932 3717.850814146921 2206.1895156800747 685.37198561709374 524.43500218261033 207.26843376178294 241.56028858851641 845.26535326894373 132.32500761188567 762.04244383983314 480.35717560537159
leaf_count=33945 3526 19572 2510 287 4899 4143 2674 2773 1465 836 1503 837 1499 2407
internal_value=0.00948361 0.00633484 0.00751277 0.0122603 0.0176628 0.0036001 -0.0116336 0.00298328 -0.00365759 0.00201606 0.00558253 -0.0018715 0.0141824 -0.0217525
internal_weight=20662.1 17391.7 16618.7 8113.28 4995.72 3117.56 911.373 8505.44 3193.25 2668.82 2461.55 1616.28 894.367 721.917
internal_count=82876 79350 45405 14513 7409 7104 2961 30892 11320 8547 7082 5579 2336 3243
is_linear=0
shrinkage=0.03


Tree=78
num_leaves=15
num_cat=0
split_feature=24 43 34 37 20 9 8 20 17 38 19 40 23 35
split_gain=1140.8 578.561 385.798 356.669 454.865 401.187 387.35 544.666 381.915 488.154 372.19 352.934 342.631 338.829
threshold=0.95833333333333337 1.1250000000000002 0.27121212121212129 1.0000000180025095e-35 45.160221701388899 0.41064613050545357 13.10776388888889 46.424018923611115 1.1032792367835078 61.625000000000007 48.595700000000001 3.6454153311111113 48.716200000000008 3.5000000000000004
decision_type=2 2 2 2 2 2 2 2 2 8 2 8 2 2
left_child=1 -1 3 4 5 -3 -6 -8 9 12 -7 -4 -5 -11
right_child=-2 2 11 8 6 10 7 -9 -10 13 -12 -13 -14 -15
leaf_value=-0.027296862545790467 0.025654999871896754 -0.041393960690093129 -0.0086173831446932653 -0.040626078204884404 0.028676489213235883 -0.045315155846225655 -0.043532053530730044 0.012918204894210274 -0.009655945162803695 0.0048283867185231434 0.028687188734774008 0.024342769558953876 0.02015438097837129 -0.011349674858705016
leaf_weight=450.94026088993996 3215.154402166605 242.76973490510136 348.65815481450409 86.154166384600103 1441.5638092234731 81.323681280948222 165.17111033387482 2074.6432059574872 1926.7503251014277 4984.9729680791497 237.26686759572476 1796.5343279186636 2023.0746958805248 1519.4143219068646
leaf_count=28237 3521 1803 1028 683 2963 800 960 4790 9805 14933 378 2043 4734 6337
internal_value=0.00924169 0.00620393 0.0070979 0.00537189 0.0127156 -0.0124225 0.0165511 0.00873781 0.00241496 0.00511587 0.00971461 0.0189842 0.0176536 0.00104805
internal_weight=20594.4 17379.2 16928.3 14783.1 4242.74 561.36 3681.38 2239.81 10540.4 8613.62 318.591 2145.19 2109.23 6504.39
internal_count=83015 79494 51257 48186 11694 2981 8713 5750 36492 26687 1178 3071 5417 21270
is_linear=0
shrinkage=0.03


Tree=79
num_leaves=15
num_cat=0
split_feature=24 43 24 4 28 19 38 18 39 37 33 43 10 39
split_gain=998.565 526.221 327.563 476.049 414.319 406.022 533.081 320.938 310.284 259.716 345.032 218.237 212.57 239.361
threshold=0.95833333333333337 1.1250000000000002 0.37500000000000006 13.604221875000002 0.53125000000000011 52.704650000000008 285.87500000000006 1.5345992156862704 135.84396306833335 1.5000000000000002 0.84083357658660418 1.6250000000000002 0.37529888888888702 30.952648828055558
decision_type=2 2 2 2 2 2 10 2 8 2 2 2 2 8
left_child=1 -1 12 4 7 8 -7 -4 -5 -10 -11 -2 13 -3
right_child=11 2 3 5 -6 6 -8 -9 9 10 -12 -13 -14 -15
leaf_value=-0.025527219793269555 0.0010859379417202083 -0.0068496687389891153 0.013148997674920707 -0.042132876595392006 0.027501072978265199 0.016701977072430024 -0.034503157760406675 -0.016342868581463745 0.0072299553392498805 -0.038641331130896253 0.034238482622414787 0.027817698213607127 -0.018599863839860467 0.0067868768822034889
leaf_weight=444.36676615197212 305.10982916690409 1454.2871751105413 4347.7834752257913 243.48747760057449 1898.9564402885735 1532.9702850989997 206.82083329372108 358.7094310624525 633.00866940710694 297.29505813680589 71.888610277324915 2779.2297084107995 394.07763397041708 5681.1245550811291
leaf_count=28131 1472 9249 8021 1507 1439 2035 846 3215 1635 1641 65 2008 3082 18648
internal_value=0.00943367 0.00666833 0.00750542 0.0111819 0.0156747 0.00123953 0.0105985 0.0108983 -0.0118298 -0.00443292 -0.0243958 0.0251745 0.0028215 0.00400701
internal_weight=20649.1 17564.8 17120.4 9590.92 6605.45 2985.47 1739.79 4706.49 1245.68 1002.19 369.184 3084.34 7529.49 7135.41
internal_count=82994 79514 51383 20404 12675 7729 2881 11236 4848 3341 1706 3480 30979 27897
is_linear=0
shrinkage=0.03


Tree=80
num_leaves=15
num_cat=0
split_feature=28 43 8 39 40 18 24 28 41 41 23 4 15 4
split_gain=1017.3 666.048 513.587 596.38 339.532 287.166 282.898 278.516 297.332 227.816 224.579 224.569 223.706 203.849
threshold=0.63541666666666685 2.3750000000000004 13.970010937500001 139.55211569500003 2.4092308938888896 1.5022304800462762 0.54166666666666685 1.0729166666666667 1992.5000000000002 1583.5000000000002 54.132900000000006 13.361460416666668 43.343700000000005 12.526979166666669
decision_type=2 2 2 8 8 2 2 2 10 8 2 2 2 2
left_child=1 -1 4 -4 10 6 12 8 9 -5 -2 -8 -3 -14
right_child=2 5 3 7 -6 -7 11 -9 -10 -11 -12 -13 13 -15
leaf_value=-0.029569885395106084 -0.017085899034125076 -0.018428267106407246 -0.045663887439685927 -0.022787798703427932 0.028946850703464561 -0.0069640492815745206 0.022850881404065135 0.030068431463823635 -0.045037088408016478 0.017033016916768198 0.040990961015395129 0.0072810502820434579 0.021622942282516926 0.0047608235938113195
leaf_weight=479.22304484061897 247.27286475151777 349.1224322412163 178.01885347347707 162.79451326932758 3526.6684964857996 1326.7393058324233 1701.9443315863609 512.34600615873933 104.33762051537633 614.08857028838247 77.995067812502384 1636.0944415517151 695.01477073505521 8869.0769406501204
leaf_count=31672 800 2344 1313 793 3799 10405 1674 423 610 1076 60 2749 934 24243
internal_value=0.0092075 0.00519408 0.0203469 0.00588903 0.0262426 0.00633883 0.00767116 0.0125026 0.00226723 0.00867007 -0.00307686 0.015224 0.00512664 0.00598831
internal_weight=20480.7 15057.2 5423.52 1571.59 3851.94 14578 13251.3 1393.57 881.221 776.883 325.268 3338.04 9913.21 9564.09
internal_count=82895 74021 8874 4215 4659 42349 31944 2902 2479 1869 860 4423 27521 25177
is_linear=0
shrinkage=0.03


Tree=81
num_leaves=15
num_cat=0
split_feature=28 43 8 39 17 10 29 40 21 28 41 35 37 43
split_gain=1048.33 684.715 480.813 570.007 271.382 289.495 268.055 260.5 255.954 249.629 328.81 242.743 240.946 240.636
threshold=0.63541666666666685 2.6250000000000004 13.970010937500001 139.55211569500003 1.1570311390541841 0.31422785947712667 0.46537767659680002 2.4092308938888896 2.2226783996017896 1.0729166666666667 1992.5000000000002 4.5000000000000009 3.5000000000000004 0.87500000000000011
decision_type=2 2 2 8 2 2 2 8 2 2 10 2 2 2
left_child=1 -1 7 -4 5 6 -3 -2 -7 10 -5 -6 -10 -9
right_child=2 4 3 9 11 8 -8 13 12 -11 -12 -13 -14 -15
leaf_value=-0.029335180408525764 0.0018072779396426035 -0.0027504751872040882 -0.04356871919570407 0.0099648431208659242 -0.0098617217153350555 -0.023508718169107979 0.011347752566438036 -0.0042398151432048153 0.0055501435576118321 0.029751441443981775 -0.046533204682272615 0.022510905529016422 -0.045496694612309346 0.030523511484465943
leaf_weight=506.72286196285859 360.25417613144964 1392.6324442727491 180.48579560127109 811.99286500364542 1445.1333694756031 425.41724543552846 9431.2633775547147 189.36168184224516 1485.7360464185476 507.08548496291041 103.64628675486892 242.61253085266799 87.156955035403371 3268.0503868293017
leaf_count=32856 867 6358 1332 1862 6603 3162 20913 1501 3151 430 618 660 460 2260
internal_value=0.0089936 0.00491065 0.020301 0.00650849 0.00610853 0.00759701 0.00953375 0.0260899 -0.00289288 0.0128874 0.00352573 -0.0051976 0.00269443 0.0286189
internal_weight=20437.6 15016.7 5420.88 1603.21 14510 12822.2 10823.9 3817.67 1998.31 1422.72 915.639 1687.75 1572.89 3457.41
internal_count=83033 74163 8870 4242 41307 34044 27271 4628 6773 2910 2480 7263 3611 3761
is_linear=0
shrinkage=0.03


Tree=82
num_leaves=15
num_cat=0
split_feature=28 43 11 19 40 39 38 29 18 39 21 23 21 41
split_gain=1107.33 580.156 483.302 371.86 321.047 307.976 411.049 276.034 363.085 293.326 382.11 319.252 249.93 232.82
threshold=0.63541666666666685 5.1250000000000009 15.056850000000003 47.070850000000007 2.4092308938888896 139.55211569500003 173.12500000000003 0.46537767659680002 -2.6424432518796981 69.523590185277797 2.2978799366170191 53.621400000000001 2.1041476642991381 926.50000000000011
decision_type=2 2 2 2 8 8 8 2 2 10 2 2 2 8
left_child=1 3 4 -1 -2 6 -4 13 -9 12 11 -11 -10 -3
right_child=2 7 5 -5 -6 -7 -8 8 9 10 -12 -13 -14 -15
leaf_value=-0.00025397338964482861 -0.0026515622165419151 0.0018218568088215778 0.027292756054787322 -0.029287736654067496 0.029124464818902369 0.012783427045423177 -0.046318619603871 -0.0046286554790359894 -0.027698197707743798 -0.0098851442829825196 0.011547739118152404 0.023218645339055034 0.017520276618606164 -0.022450987776725672
leaf_weight=907.51170160481706 313.59424955118448 1283.3118031919003 104.25093040056527 704.82339387154207 3251.4564399570227 1485.2424478130415 193.95599522721022 1780.7073064111173 112.30689919739962 1704.0201264023781 3568.4060583263636 308.86843141913414 3937.9434064403176 490.93029256910086
leaf_count=18029 800 3880 108 25698 3477 3049 1521 4752 787 5176 5816 409 6794 2789
internal_value=0.00825435 0.00402557 0.0199521 -0.0129562 0.0263294 0.00719649 -0.0205794 0.00610279 0.00781416 0.0101149 0.0056534 -0.00479651 0.0162599 -0.00490327
internal_weight=20147.3 14798.8 5348.5 1612.34 3565.05 1783.45 298.207 13186.5 11412.3 9631.54 5581.29 2012.89 4050.25 1774.24
internal_count=83085 74130 8955 43727 4277 4678 1629 30403 23734 18982 11401 5585 7581 6669
is_linear=0
shrinkage=0.03


Tree=83
num_leaves=15
num_cat=0
split_feature=24 43 39 24 4 12 36 40 39 41 41 18 37 36
split_gain=951.332 468.993 367.317 373.915 350.615 361.038 349.999 261.586 257.815 405.215 241.466 238.608 232.197 222.395
threshold=0.95833333333333337 2.3750000000000004 425.11774725055562 0.37500000000000006 13.596413541666669 47.364308333333348 2.0416666666666674 450.03270436555562 140.84723637638891 1395.5000000000002 2211.5000000000005 1.1298652631578892 3.5000000000000004 2.6250000000000004
decision_type=2 2 10 2 2 2 2 10 8 8 8 2 2 2
left_child=1 13 3 7 6 -6 10 12 9 -7 -5 -10 -3 -1
right_child=-2 2 -4 4 5 8 -8 -9 11 -11 -12 -13 -14 -15
leaf_value=-0.031459586451333434 0.024246930147626841 0.0027972974140340946 -0.057394109701581195 0.011614777573116122 -0.025156905031078307 0.01976207231320349 0.026127405872348911 0.04953412747668156 0.016186606654374165 -0.035559555327862299 -0.034347566078977813 -0.010752959857658619 -0.018303501864912156 0.0028314052108801414
leaf_weight=435.24514429178089 2911.9677927196026 6682.1455489983782 78.999891591258347 4226.2175060883164 370.08666324336082 201.04757276643068 1837.0478486903012 101.70656378474087 1641.7062698621303 289.80033518746495 104.49177605845034 360.17537947185338 503.81199316401035 278.88122130744159
leaf_count=31839 3526 24319 369 8884 1615 320 1466 70 2112 1325 660 1313 2944 2159
internal_value=0.00839833 0.00569999 0.00673682 0.00705079 0.01113 0.00245228 0.0151567 0.00199521 0.00655977 -0.0129061 0.0104981 0.0113367 0.00131557 -0.018083
internal_weight=20023.3 17111.4 16397.2 16318.2 9030.57 2862.82 6167.76 7287.66 2492.73 490.848 4330.71 2001.88 7185.96 714.126
internal_count=82921 79395 45397 45028 17695 6685 11010 27333 5070 1645 9544 3425 27263 33998
is_linear=0
shrinkage=0.03


Tree=84
num_leaves=15
num_cat=0
split_feature=34 43 23 40 29 38 21 20 23 20 40 33 35 33
split_gain=982.139 435.589 399.237 385.347 377.428 339.056 481.294 384.406 340.687 494.954 349.612 381.052 595.09 500.496
threshold=0.30576923076923096 1.0000000180025095e-35 56.476950000000009 3.6454153311111113 0.90463210506633718 221.12500000000003 2.1041476642991381 45.583406076388897 50.607200000000006 46.562118229166671 55.436834693055566 0.63169159531968488 3.5000000000000004 0.82768630531378651
decision_type=2 2 2 8 2 8 2 2 2 2 10 2 2 2
left_child=1 -1 4 -2 5 6 -3 -7 -9 -10 -11 -12 -13 -14
right_child=3 2 -4 -5 -6 7 -8 8 9 10 11 12 13 -15
leaf_value=-0.030803340246259452 -0.0041682375192476613 -0.023979163188095336 -0.050064973521526453 0.026977818884046215 0.022084297156363421 -0.037672623643449865 0.0089433836957327258 0.01942564902602429 -0.035740941481030561 0.023778934898700383 -0.028619800940298021 0.016980669091110786 -0.039355366516635792 0.013941111323510237
leaf_weight=294.02815983165056 407.03466153657064 414.2117114327848 112.62480604182929 2922.6976854964159 1267.1816933164373 260.82935886271298 10692.467976524495 661.30455993628129 391.78651365125552 470.01999427331612 469.21457225643098 975.59726062323898 426.34004580089822 251.48808952514082
leaf_count=23595 1151 7240 823 3476 1534 3463 27531 2387 2357 1663 2751 2168 2246 533
internal_value=0.00829637 0.00532722 0.0059771 0.0231703 0.00636784 0.00503992 0.00771352 -0.00256134 -3.97181e-05 -0.00435799 0.000396359 -0.00479005 0.00198565 -0.0195899
internal_weight=20016.8 16687.1 16393.1 3329.73 16280.4 15013.3 11106.7 3906.58 3645.75 2984.45 2592.66 2122.64 1653.43 677.828
internal_count=82918 78291 54696 4627 53873 52339 34771 17568 14105 11718 9361 7698 4947 2779
is_linear=0
shrinkage=0.03


Tree=85
num_leaves=15
num_cat=0
split_feature=28 43 17 41 29 41 23 7 9 41 23 28 7 9
split_gain=890.729 534.164 396.115 410.846 454.688 404.786 339.323 356.04 431.083 339.276 326.519 271.989 386.112 345.385
threshold=0.84375000000000011 2.1250000000000004 0.89593768389629702 1320.5000000000002 0.67491592557479796 2181.5000000000005 49.269600000000004 14.125350000000003 0.38959095651750014 1898.5000000000002 54.236850000000011 0.30208333333333343 14.533050000000001 0.40788921249332882
decision_type=2 2 2 10 2 8 2 2 2 8 2 2 2 2
left_child=1 -1 3 4 -3 6 -4 8 9 -8 -10 -5 -13 -14
right_child=-2 2 5 11 -6 -7 7 -9 10 -11 -12 12 13 -15
leaf_value=-0.022338499020261256 0.023715112186400392 0.009945308487680167 -0.022489359429067882 -0.024800745016424253 0.029490212548805895 -0.031791565495388821 -0.032153221732015909 -0.0012787306936396482 0.015286453892559929 0.031089996500709663 -0.031051926319644766 0.016387157191768337 0.0036198759061940033 -0.03997409970575299
leaf_weight=597.5928664393723 2815.7359927222133 2915.9646218130365 424.094078887254 307.15670395642519 1693.9097090549767 297.59966832492501 333.70867194142193 4277.3319681147113 4019.2467798367143 98.032646932639182 140.77443701960146 1150.21772276517 466.97852528747171 250.62131253816187
leaf_count=32635 3907 8047 2747 2064 1385 2374 1639 12152 10576 168 910 2183 1035 1040
internal_value=0.00809124 0.0054981 0.00651524 0.0120621 0.017132 0.00259034 0.00369467 0.00494911 0.0107495 -0.0177543 0.0137113 0.0013136 0.00561899 -0.0116397
internal_weight=19789 16973.2 16375.6 6784.85 4609.87 9590.79 9293.19 8869.09 4591.76 431.741 4160.02 2174.97 1867.82 717.6
internal_count=82862 78955 46320 15754 9432 30566 28192 25445 13293 1807 11486 6322 4258 2075
is_linear=0
shrinkage=0.03


Tree=86
num_leaves=15
num_cat=0
split_feature=36 43 39 29 7 43 22 39 38 11 36 39 20 9
split_gain=914.307 446.05 337.49 345.609 402.935 266.519 264.01 245.782 282.912 205.053 326.97 206.771 201.211 748.154
threshold=3.2916666666666674 2.3750000000000004 425.11774725055562 0.62620870458088218 13.974750000000002 0.87500000000000011 -2.7236885714285735 18.191467836944447 266.62500000000006 15.399950000000002 4.291666666666667 3.5670617847222226 45.280553298611117 0.4016113096469775
decision_type=2 2 10 2 2 2 2 8 10 2 2 8 2 2
left_child=1 -1 3 12 -5 -2 -6 8 -8 11 -11 -7 13 -3
right_child=5 2 -4 4 6 9 7 -9 -10 10 -12 -13 -14 -15
leaf_value=-0.019823185681364822 -0.011879485965999505 -0.035644608126678266 -0.058927285613539958 0.022153319017988716 -0.023494241466328652 0.0041927156211024035 -0.049361273462441284 0.0092423538351746187 0.019253079375028702 -0.024816028280586811 0.026392918567838701 0.032197869510366267 0.004540417472615456 0.0042533601156425046
leaf_weight=642.34470986528322 186.20679525192827 568.11888791620731 71.505453610792756 1999.4619564367458 252.08250145148486 269.37356796860695 137.88415328785777 5058.8080077134073 87.868568206205964 178.31134155020118 299.04612123221159 2010.7547256499529 6199.4537304220721 1646.7618241319433
leaf_count=33721 1642 3821 362 2587 2053 522 614 8550 156 531 246 1261 20355 6571
internal_value=0.00739424 0.00467081 0.00565399 0.00594718 0.010613 0.0228048 0.0064421 0.00787429 -0.0226877 0.0251504 0.00725252 0.0288926 0.00176762 -0.00599197
internal_weight=19608 16664.3 16021.9 15950.4 7536.11 2943.69 5536.64 5284.56 225.753 2757.49 477.357 2280.13 8414.33 2214.88
internal_count=82992 78790 45069 44707 13960 4202 11373 9320 770 2560 777 1783 30747 10392
is_linear=0
shrinkage=0.03


Tree=87
num_leaves=15
num_cat=0
split_feature=28 43 39 29 17 38 40 20 9 8 39 41 40 41
split_gain=867.619 425.951 341.062 347.243 368.612 474.761 320.162 264.639 659.953 469.031 497.161 280.714 356.015 335.315
threshold=0.84375000000000011 2.1250000000000004 425.11774725055562 0.62620870458088218 1.0087009353199408 223.87500000000003 169.90075087638891 45.280553298611117 0.40262179893216121 12.84689166666667 14.864085829027779 995.50000000000011 116.23890721194446 477.50000000000006
decision_type=2 2 10 2 2 10 10 2 2 2 8 8 10 10
left_child=1 -1 3 7 5 -5 -7 8 -3 -9 -11 12 -10 -14
right_child=-2 2 -4 4 -6 6 -8 9 11 10 -12 -13 13 -15
leaf_value=-0.019730427349681803 0.023339490181668639 -0.033604795299421411 -0.058772571169986389 0.020843861043176825 0.001673460875810508 0.0085663094271209925 -0.025686103709797615 0.049029994994657627 0.016702296637581607 -0.035279013103310289 0.0055789627383052544 -0.038685224742226805 -0.041033835381973367 0.0137694394583774
leaf_weight=598.00947698671371 2731.5676446184516 601.47427591402084 71.776503860019147 3848.8302809270099 2581.7614070540294 958.96033560670912 329.04059738479555 211.56924093980342 1018.2499101003632 280.00205994676799 5809.52314029634 129.75671469885856 223.54781417828053 181.15677630808204
leaf_count=32550 3913 4104 362 4624 6776 1879 1140 270 2938 3066 17622 1410 1725 401
internal_value=0.00765894 0.00511476 0.00603048 0.00632168 0.010922 0.0155691 -0.00019716 0.00212139 -0.00695366 0.00522453 0.00369479 0.00338519 0.00724599 -0.0165289
internal_weight=19575.2 16843.7 16245.6 16173.9 7718.59 5136.83 1288 8455.28 2154.19 6301.09 6089.53 1552.71 1422.95 404.705
internal_count=82780 78867 46317 45955 14419 7643 3019 31536 10578 20958 20688 6474 5064 2126
is_linear=0
shrinkage=0.03


Tree=88
num_leaves=15
num_cat=0
split_feature=34 43 37 33 39 9 22 40 22 20 33 11 34 17
split_gain=895.868 397.623 444.176 469.692 438.151 404.158 344.249 336.211 303.152 380.754 332.548 293.274 268.374 265.593
threshold=0.32743907279511003 1.0000000180025095e-35 1.0000000180025095e-35 0.69530328749833048 8.3217230668055588 0.62720102659334254 -3.2733437500000071 3.6454153311111113 -0.081481785714272184 44.712802951388888 0.46934117973133394 13.968000000000002 -0.047619047619047616 1.2197457444353301
decision_type=2 2 2 2 8 2 2 8 2 2 2 2 2 2
left_child=1 -1 3 8 -4 6 -6 11 -3 -10 -11 -2 -12 -8
right_child=7 2 4 -5 5 -7 13 -9 9 10 12 -13 -14 -15
leaf_value=-0.030815829390795177 0.029322323561218742 -0.01829594017129639 -0.032877534211437111 0.025587422731199232 -0.024889532805146723 0.021656887986990815 0.0033456043509180996 0.026525972403534621 -0.031371039971503985 0.045953949059811643 -0.025145642414121393 -0.023508907068622509 0.012145010404294023 -0.022799475782967336
leaf_weight=280.11953868158162 152.92379655595869 403.47039143647999 314.54304036870599 1686.2160723074339 433.69408739171922 952.13586287060753 9538.7265823483467 2543.4140752409585 189.48587140068412 242.45777598395944 188.41816053166986 244.24775600899011 2099.9096724316478 362.00152596458793
leaf_count=23820 170 5384 2898 2641 10602 2421 24655 3082 803 237 666 930 3734 1362
internal_value=0.0072533 0.00456269 0.00516841 0.0128324 0.00199001 0.00296455 0.00124045 0.0225188 0.00594112 0.00954136 0.0126158 -0.00314463 0.0090649 0.00238745
internal_weight=19631.8 16691.2 16411.1 4809.96 11601.1 11286.6 10334.4 2940.59 3123.74 2720.27 2530.79 397.172 2288.33 9900.73
internal_count=83405 79223 55403 13465 41938 39040 36619 4182 10824 5440 4637 1100 4400 26017
is_linear=0
shrinkage=0.03


Tree=89
num_leaves=15
num_cat=0
split_feature=24 39 29 7 23 40 40 21 39 7 8 15 39 40
split_gain=890.851 309.948 290.312 453.073 261.357 257.893 245.139 413.27 457.36 329.263 374.033 307.527 286.067 522.009
threshold=0.95833333333333337 425.11774725055562 0.63515768760398605 13.969300000000002 55.789600000000007 450.03270436555562 116.23890721194446 2.3016974850986851 129.73890721194448 14.533050000000001 12.769050347222224 51.304600000000008 31.564344315277783 19.465398595972225
decision_type=2 10 2 2 2 10 10 2 10 2 2 2 8 8
left_child=1 2 5 -4 -5 6 12 11 -9 10 -10 -8 13 -1
right_child=-2 -3 3 4 -6 -7 7 8 9 -11 -12 -13 -14 -15
leaf_value=0.0054934348911073912 0.022954456062795482 -0.054812404940483769 0.021089652808623894 0.0056325814178118834 -0.031679328351303083 0.04808746726019416 -0.033563667051786733 -0.032533063210757177 -0.041748767264740187 -0.03274448169740337 0.014133311454081582 0.0060809811194101763 0.008155540112370253 -0.031227729963137614
leaf_weight=1027.2437761267647 2660.2838632650673 78.562889972236007 1999.7591873025522 5513.9603124535643 173.31468302989379 101.79494605632499 682.05716920970008 318.97488096449524 114.71938579855487 175.3360835313797 1580.9247960406356 236.89845209848136 4107.5627390188165 526.04469528142363
leaf_count=7529 3531 590 3780 18795 1142 116 8353 2103 1068 775 3548 1004 24528 6133
internal_value=0.0068383 0.00426009 0.00454366 0.00881065 0.00449016 0.000845813 0.000292036 -0.0064749 0.000612928 0.0062782 0.0103302 -0.0233481 0.00400889 -0.00695483
internal_weight=19297.4 16637.2 16558.6 7687.03 5687.27 8871.56 8769.76 3108.91 2189.96 1870.98 1695.64 918.956 5660.85 1553.29
internal_count=82995 79464 78874 23717 19937 55157 55041 16851 7494 5391 4616 9357 38190 13662
is_linear=0
shrinkage=0.03


Tree=90
num_leaves=15
num_cat=0
split_feature=28 43 8 28 40 43 22 20 10 38 11 11 9 9
split_gain=840.985 609.258 465.899 456.498 291.418 311.291 254.964 212.063 207.916 329.759 233.839 429.204 262.586 227.686
threshold=0.65625000000000011 3.3750000000000004 14.279111458333334 1.1145833333333337 2.4092308938888896 0.37500000000000006 5.7260861642156868 43.987950868055556 0.31422785947712667 266.62500000000006 15.162850000000001 14.179300000000001 0.39880468022634114 0.39185862443142733
decision_type=2 2 2 2 8 2 2 2 2 10 2 2 2 2
left_child=1 -1 4 -4 6 -6 -2 -3 13 10 11 -10 -13 -9
right_child=2 7 3 -5 5 -7 -8 8 9 -11 -12 12 -14 -15
leaf_value=-0.024949995493118615 -0.044045801146588202 -0.039653353024299821 -0.026060363205851901 0.026223787254937972 -0.017527797655059751 0.0268184536627511 0.012252744524015452 -0.0021567408933642149 0.014748342165005037 -0.041491869591819816 0.024094512983746093 0.01026251765959757 -0.025042458044782726 0.0086795567420610998
leaf_weight=641.36704553524032 99.405349997803569 94.442763299681246 381.58496863720939 246.56556691229343 148.10201708134264 3364.8865115810186 258.5927667543292 2119.3080351352692 655.13626300543547 185.24971250165254 311.18469656817615 250.94743137620389 768.71250122785568 9872.572186274454
leaf_count=36377 548 641 2052 221 1854 3034 394 6146 1807 1295 384 581 3292 24405
internal_value=0.00706371 0.00363054 0.0184293 -0.0055284 0.0223174 0.0249444 -0.00345882 0.00491787 0.00521786 -0.00332325 0.000256159 -0.00418485 -0.016352 0.00676445
internal_weight=19398.1 14898.9 4499.14 628.151 3870.99 3512.99 357.998 14257.6 14163.1 2171.23 1985.98 1674.8 1019.66 11991.9
internal_count=83031 74928 8103 2273 5830 4888 942 38551 37910 7359 6064 5680 3873 30551
is_linear=0
shrinkage=0.03


Tree=91
num_leaves=15
num_cat=0
split_feature=24 43 37 20 8 20 12 18 38 32 31 11 11 34
split_gain=800.247 351.801 263.696 446.301 497.283 495.438 370.344 331.668 300.432 422.244 395.145 337.117 325.478 296.437
threshold=0.95833333333333337 2.1250000000000004 1.0000000180025095e-35 45.160221701388899 13.10776388888889 46.424018923611115 47.27835000000001 -3.0500941558441519 60.125000000000007 0.29340277777777785 1.5000000000000002 14.140950000000002 14.064750000000002 0.30576923076923096
decision_type=2 2 2 2 2 2 2 2 8 2 2 2 2 2
left_child=1 -1 3 6 -5 -6 -3 -4 9 11 -10 12 -9 -12
right_child=-2 2 7 4 5 -7 -8 8 10 -11 13 -13 -14 -15
leaf_value=-0.018435079189365322 0.02239977584029347 -0.033253326459452941 -0.015797692035609018 0.027863263444549771 -0.044273184208550795 0.009952381203988836 0.016491731080351856 -0.0063067765195133603 -0.025201149736922484 0.022993418496542042 0.0012196355811160337 -0.047463435819475985 0.038121536606724515 0.020726280765988741
leaf_weight=583.52077706158161 2573.2585194287822 338.19462055061013 795.42367682233453 1607.3258380498737 162.42023675143719 2105.6460736058652 222.61283428501338 598.78761736862361 468.20015696063638 1552.051516215317 7148.9518708144315 128.71336308866739 196.21500354260206 776.41120218578726
leaf_count=32829 3504 2168 2606 2884 885 4660 605 2572 3331 2658 22152 950 192 978
internal_value=0.00683096 0.00442857 0.00525828 0.0114831 0.0151028 0.00605139 -0.0135128 0.00289016 0.00425907 0.0134404 0.00154967 -0.00261835 0.00469271 0.00313299
internal_weight=19257.7 16684.5 16101 4436.2 3875.39 2268.07 560.807 11664.8 10869.3 2475.77 8393.56 923.716 795.003 7925.36
internal_count=82974 79470 46641 11202 8429 5545 2773 35439 32833 6372 26461 3714 2764 23130
is_linear=0
shrinkage=0.03


Tree=92
num_leaves=15
num_cat=0
split_feature=24 43 18 22 41 29 29 24 0 43 35 20 37 23
split_gain=733.682 353.223 324.323 294.254 412.212 299.727 275.702 271.953 239.704 225.948 195.862 179.635 169.193 454.033
threshold=0.95833333333333337 5.1250000000000009 -0.62391285714287392 -1.7196785049019609 674.50000000000011 0.64330768289269968 1.0059497111994549 0.54166666666666685 13.35691666666667 1.8750000000000002 5.5000000000000009 43.987950868055556 3.5000000000000004 51.797300000000007
decision_type=2 2 2 2 8 2 2 2 2 2 2 2 2 2
left_child=1 2 -1 4 5 -4 -6 10 -9 -2 11 -3 -13 -14
right_child=9 7 3 -5 6 -7 -8 8 -10 -11 -12 12 13 -15
leaf_value=-0.029168820759223998 -0.00097375804429879718 -0.038739845955171395 -0.026363224910373077 0.019959426454867042 -0.027157354293530417 0.030674547704521795 0.023288604012902 0.021115938731746945 0.0063372949251735465 0.025518664895417861 -0.041193674662610091 0.0054558604447325822 -0.034782703701328431 0.0122556888841767
leaf_weight=458.08128337655216 334.65651895757765 86.675079081207514 111.47335978085175 452.31695098802447 726.96043339231983 315.63548295153305 111.80397139396518 1762.0569311752915 2249.0702105052769 2154.2796646207571 85.945177067071199 9570.9384178966284 341.28776156157255 400.28088552877307
leaf_count=12853 1542 582 6751 4744 21619 826 218 1796 3632 1929 458 23261 1809 809
internal_value=0.00676742 0.00449859 -0.00676896 -0.000783506 -0.0082052 0.0157612 -0.0204134 0.0061905 0.0128331 0.0219576 0.00364838 0.0040229 0.00438604 -0.0094102
internal_weight=19161.5 16672.5 2176.27 1718.19 1265.87 427.109 838.764 14496.3 4011.13 2488.94 10485.1 10399.2 10312.5 741.569
internal_count=82829 79358 47011 34158 29414 7577 21837 32347 5428 3471 26919 26461 25879 2618
is_linear=0
shrinkage=0.03


Tree=93
num_leaves=15
num_cat=0
split_feature=24 43 7 28 38 29 7 29 17 38 29 11 11 33
split_gain=751.787 317.405 250.042 287.167 347.802 245.594 359.723 241.414 249.79 382.392 288.218 255.696 325.967 215.836
threshold=0.87500000000000011 4.6250000000000009 14.957450000000001 1.0312500000000002 274.12500000000006 0.67939885377553122 14.001550000000002 0.47848678284010532 0.85690097826902967 262.87500000000006 0.67939885377553122 13.751250000000001 13.968000000000002 0.57426713670197138
decision_type=2 2 2 2 10 2 2 2 2 10 2 2 2 2
left_child=1 5 -2 4 -4 -1 -7 -3 9 -9 -11 -10 -13 -14
right_child=2 7 3 -5 -6 6 -8 8 11 10 -12 12 13 -15
leaf_value=-0.021956447335850286 0.025238713226252773 -0.0038830205654403851 0.003550327574839314 0.024072238284344419 -0.061510115326326456 0.026229841498706646 -0.01329129140291524 0.016628451619357495 -0.038286958051657112 -0.045421055546720816 0.0063511458700077515 0.020827069198511843 -0.0057998873386857766 0.0057269428314739952
leaf_weight=703.39062133384869 2279.9105145521462 2151.2132062036544 311.07074798550457 390.19820220395923 95.973891428671777 334.83073704876006 540.50348285259679 3422.0466206781566 124.91656508669257 159.73339230380952 242.69338672235608 1002.8291187416762 2003.1044719396159 5404.5604878328741
leaf_count=35599 2828 8286 702 464 617 1140 7198 4834 641 845 424 1895 5935 11513
internal_value=0.00659968 0.00400074 0.0201833 0.00571267 -0.0119029 -0.00877014 0.00183892 0.00539064 0.00700489 0.0133753 -0.0142602 0.00414924 0.004784 0.00260961
internal_weight=19167 16089.8 3077.15 797.243 407.045 1578.72 875.334 14511.1 12359.9 3824.47 402.427 8535.41 8410.49 7407.66
internal_count=82921 78310 4611 1783 1319 43937 8338 34373 26087 6103 1269 19984 19343 17448
is_linear=0
shrinkage=0.03


Tree=94
num_leaves=15
num_cat=0
split_feature=34 40 43 10 38 18 20 40 39 41 24 31 38 38
split_gain=771.81 353.073 342.278 322.515 332.575 308.616 339.228 325.918 622.018 286.187 271.295 254.516 240.578 402.224
threshold=0.29835164835164857 3.6454153311111113 1.0000000180025095e-35 0.300154685592188 266.62500000000006 -2.1586958333333421 45.307295486111123 144.90075087638891 187.05211569500003 2006.5000000000002 0.79166666666666685 1.5000000000000002 294.62500000000006 222.37500000000003
decision_type=2 8 2 2 10 2 2 8 10 10 2 2 10 10
left_child=2 -2 -1 5 -5 6 -4 -8 11 10 12 -9 13 -7
right_child=1 -3 3 4 -6 9 7 8 -10 -11 -12 -13 -14 -15
leaf_value=-0.030838281238842167 -0.0062852639975508806 0.02444971889055729 -0.020195536818787687 -0.0013033248373695958 -0.033495727075514473 0.010254198175895303 0.010025792974421415 0.0095453645539503845 0.0077389007760584683 -0.0092165126891074825 0.023345817819058215 -0.046938164410726547 0.039780927589777644 -0.011989010299690473
leaf_weight=254.52318732906133 387.46604160126299 2532.9154840675183 668.26431296765804 2493.3459568084218 325.67138400673866 5839.3418014543131 2206.0043418887071 88.039117977023125 743.55748082697392 692.31904849596322 1314.301932528615 381.08225492760539 213.09472731174901 835.60862392932177
leaf_count=23555 1147 3569 2817 11108 2740 20181 4478 184 1314 4069 1285 1564 438 4494
internal_value=0.0061876 0.0203712 0.00360654 0.00416331 -0.00503296 0.00616056 -0.00066328 0.00315956 -0.00932889 0.00929572 0.0108592 -0.0363403 0.00847357 0.00746829
internal_weight=18975.5 2920.38 16055.2 15800.6 2819.02 12981.6 4086.95 3418.68 1212.68 8894.67 8202.35 469.121 6888.05 6674.95
internal_count=82943 4716 78227 54672 13848 40824 10357 7540 3062 30467 26398 1748 25113 24675
is_linear=0
shrinkage=0.03


Tree=95
num_leaves=15
num_cat=1
split_feature=28 42 21 41 30 39 29 7 39 32 40 40 0 39
split_gain=748.178 349.912 346.614 299.483 295.574 294.356 314.357 253.385 486.228 412.734 422.36 394.261 380.957 366.753
threshold=0.86458333333333337 0 2.1740605875449472 1599.5000000000002 1.0000000180025095e-35 167.88674277694449 0.55099844766428496 14.273800000000001 189.32008477083335 0.29340277777777785 303.86458027513896 173.75895967930558 12.696287500000002 27.982021636805559
decision_type=2 1 2 10 2 10 2 2 8 2 8 8 2 10
left_child=1 2 -1 5 7 6 -4 9 11 12 -11 -9 -3 -14
right_child=-2 4 3 -5 -6 -7 -8 8 -10 10 -12 -13 13 -15
leaf_value=-0.026401022283080226 0.022045809721375854 -0.031238012784617793 -0.013158253703572329 -0.026417937613917346 0.024967270656284051 -0.021616059364127898 0.018805504104845723 -0.0037780322729631627 0.010824588342280988 0.013577684013702107 -0.046644622454168061 -0.034045522137791433 -0.039547020542973148 0.0057428355903355295
leaf_weight=589.60081336833537 2312.9850639179349 342.14210262848064 374.75228771939874 332.04884350625798 683.44832285307348 314.19981958298013 1053.3274974618107 2331.9565763776191 1910.5242721908726 5606.0833775508218 105.8527276548557 463.55004270654172 172.23832202330232 2263.0390032897703
leaf_count=11345 3618 1985 10580 7265 649 5513 6745 7153 3720 13093 510 2014 1694 7121
internal_value=0.00606794 0.00383274 -0.00612451 -0.000351234 0.00574426 0.00462894 0.0104143 0.0047468 -0.0008367 0.00784172 0.0124537 -0.00880736 -0.00164415 0.00252473
internal_weight=18855.7 16542.8 2663.93 2074.33 13878.8 1742.28 1428.08 13195.4 4706.03 8489.36 5711.94 2795.51 2777.42 2435.28
internal_count=83005 79387 41448 30103 37939 22838 17325 37290 12887 24403 13603 9167 10800 8815
cat_boundaries=0 1
cat_threshold=4
is_linear=0
shrinkage=0.03


Tree=96
num_leaves=15
num_cat=0
split_feature=34 40 23 39 9 7 38 39 20 23 7 10 37 4
split_gain=662.876 399.793 344.89 314.295 277.79 561.127 304.48 373.513 358.042 321.632 469.124 327.318 314.62 379.781
threshold=0.32743907279511003 3.6454153311111113 56.476950000000009 425.11774725055562 0.39465874753534619 13.840000000000002 200.12500000000003 87.281476819861126 45.516655902777778 51.384600000000006 13.940450000000002 0.018897222222221014 1.5000000000000002 13.777264583333336
decision_type=2 8 2 10 2 2 8 10 2 2 2 2 2 2
left_child=2 -2 3 4 5 -1 7 -6 -8 10 11 -9 13 -11
right_child=1 -3 -4 -5 6 -7 8 9 -10 12 -12 -13 -14 -15
leaf_value=-0.031452079288181077 -0.009226337068959329 0.024976236485854113 -0.048170527077703119 -0.058444300518112356 0.016035192210847628 0.0022112947556888617 -0.038502722043509678 -0.041784452855281762 0.0018520475673122234 0.0035242352476837066 -0.025905348175399266 0.010973418764027257 0.018643954361238779 -0.056619994488082546
leaf_weight=533.82681220350787 356.57295307843015 2217.0746513782069 112.89771782327443 70.722481223754585 4247.7393986159004 2671.8945867097937 207.1281591351144 116.90980457700789 4014.90455206763 875.25860225502402 674.85484665306285 1033.7281157863326 1588.3645294290036 104.91426913160831
leaf_count=6380 1094 3029 1055 560 16775 12561 4045 1340 20226 3414 4378 3996 3389 856
internal_value=0.00609244 0.0202358 0.00385176 0.00421861 0.00449801 -0.0034025 0.00646697 0.00969274 -0.00013636 0.00355919 -0.00606657 0.00558136 0.0104 -0.00296454
internal_weight=18826.8 2573.65 16253.1 16140.2 16069.5 3205.72 12863.8 8641.77 4222.03 4394.03 1825.49 1150.64 2568.54 980.173
internal_count=83098 4123 78975 77920 77360 18941 58419 34148 24271 17373 9714 5336 7659 4270
is_linear=0
shrinkage=0.03


Tree=97
num_leaves=15
num_cat=0
split_feature=28 43 39 29 7 43 18 16 7 37 41 9 4 33
split_gain=660.703 379.222 308.57 301.463 378.644 272.172 260.682 246.001 392.854 296.413 230.887 218.441 561.346 321.466
threshold=0.86458333333333337 2.6250000000000004 425.11774725055562 0.62620870458088218 14.168750000000001 0.62500000000000011 -2.6841289473684231 50.094041666666676 14.281450000000001 4.5000000000000009 38.500000000000007 0.39841360633917777 13.068776041666668 0.55393642731658388
decision_type=2 2 10 2 2 2 2 2 2 2 10 2 2 2
left_child=1 -1 3 7 6 -2 -5 8 9 10 -3 12 -12 -14
right_child=5 2 -4 4 -6 -7 -8 -9 -10 -11 11 -13 13 -15
leaf_value=-0.018231852460195375 -0.018541457010374823 -0.038855008871120665 -0.056994612581497447 -0.008407509082027231 0.0041650982287564451 0.024037635524593919 0.021285077449653529 0.018796347039904796 -0.016789255738679683 -0.042785377150205382 -0.028297342815487223 0.0071765083838891746 0.021227812819289277 -0.02011441555563177
leaf_weight=673.22855740599334 143.83531318372115 113.7315580509603 71.531607829965651 297.28792973607779 4669.1403190726414 2068.3167540878057 2498.0241353781894 648.15494401194155 1126.0507684182376 127.05054719373584 599.55441509839147 4783.8112318776548 604.97674557380378 233.99263851717114
leaf_count=34912 1449 865 358 744 9906 2177 3295 1012 4979 1052 3762 16017 1273 833
internal_value=0.00587304 0.00380197 0.00474351 0.00502837 0.0093947 0.021262 0.0181253 0.00107106 -0.000445045 0.00240472 0.00331748 0.00409442 -0.00615292 0.00968705
internal_weight=18658.7 16446.5 15773.3 15701.8 7464.45 2212.15 2795.31 8237.32 7589.17 6463.12 6336.07 6222.34 1438.52 838.969
internal_count=82634 79008 44096 43738 13945 3626 4039 29793 28781 23802 22750 21885 5868 2106
is_linear=0
shrinkage=0.03


Tree=98
num_leaves=15
num_cat=0
split_feature=28 43 11 28 17 40 38 21 33 29 41 11 11 40
split_gain=640.597 306.091 263.37 335.081 254.72 412.283 362.365 342.605 345.802 319.592 281.064 281.641 257.763 294.858
threshold=0.80208333333333337 2.1250000000000004 15.399950000000002 0.98958333333333337 0.89593768389629702 415.49515578680558 225.12500000000003 2.2341378569836858 0.86548926165057338 0.66585218779980815 2166.5000000000005 13.815450000000002 13.968000000000002 33.641741145972226
decision_type=2 2 2 2 2 8 10 2 2 2 8 2 2 10
left_child=1 -1 -2 -4 6 7 9 8 -6 -3 11 -9 13 -13
right_child=2 4 3 -5 5 -7 -8 10 -10 -11 -12 12 -14 -15
leaf_value=-0.019284968245125732 0.024051108324125218 0.0068978874883004505 -0.037281096827851086 0.016854512179146193 -0.014115102151900729 -0.042394836109705333 -0.0055180113177646919 -0.024163505649747459 0.040887514794119555 0.022443655687050056 -0.041872363229561518 -0.013741570195475342 0.0046601119039276911 0.029851074807450449
leaf_weight=499.33722481643781 2194.2669480098411 3171.1899572527036 151.53594944626093 315.24820774421096 1485.422059522476 188.48655980359763 1211.7885954766534 272.74293561186641 109.56301369145513 1905.6003791159019 112.47984019806609 171.19603134412318 6235.0159502336755 744.74183937814087
leaf_count=32241 3168 9015 883 510 9860 1096 4468 1458 109 2092 869 841 15008 1259
internal_value=0.00606667 0.00381331 0.0196999 -0.0007621 0.00455346 0.00140501 0.00921847 0.00231368 -0.0103136 0.0127363 0.00498718 0.00570271 0.00684505 0.0216972
internal_weight=18768.6 16107.6 2661.05 466.784 15608.2 9319.65 6288.58 9131.16 1594.99 5076.79 7536.18 7423.7 7150.95 915.938
internal_count=82877 78316 4561 1393 46075 30500 15575 29404 9969 11107 19435 18566 17108 2100
is_linear=0
shrinkage=0.03


Tree=99
num_leaves=15
num_cat=0
split_feature=24 43 37 18 32 41 28 7 4 32 9 41 12 4
split_gain=652.607 314.238 257.525 366.194 321.447 293.835 344.973 420.372 328.81 412.329 322.486 296.035 273.079 239.518
threshold=0.95833333333333337 0.87500000000000011 1.0000000180025095e-35 -2.6637928571428477 0.48090277777777785 226.50000000000003 0.30208333333333343 13.990400000000003 13.604221875000002 0.42881944444444448 0.38644761791441046 2181.5000000000005 47.013945833333338 12.992848958333335
decision_type=2 2 2 2 2 8 2 2 2 2 2 8 2 2
left_child=1 -1 4 -4 -3 -5 7 -7 11 -10 -11 -8 -12 -9
right_child=-2 2 3 5 -6 6 8 13 9 10 12 -13 -14 -15
leaf_value=-0.027406418787819024 0.020697242971540603 0.0052537896888905046 -0.010849251659626304 0.020140691317321088 0.023126033636690808 -0.020753027611977393 0.01143462510684163 0.030364423662873657 -0.038476054556015771 -0.046863337725435508 -0.038303390894589673 -0.037972449183675067 0.0075310211797124903 -0.0025929085785621709
leaf_weight=286.90636497549713 2307.7779634119943 3167.6235950924456 1732.3547185417265 929.88865741854534 1267.8898708941415 1120.4172534067184 4541.6500834794715 262.75135687924922 270.67611201805994 117.4528671214357 124.97174696531147 110.8780013169162 1641.4508474520408 801.18816555663943
leaf_count=26908 3511 10585 5396 2412 1938 8591 11225 766 1894 629 800 984 3744 3534
internal_value=0.00576513 0.00365971 0.00421536 0.00187343 0.0103666 0.0040958 0.00243439 -0.00793653 0.00576305 -0.00392472 0.00105741 0.0102493 0.00426847 0.00556713
internal_weight=18683.9 16376.1 16089.2 11653.7 4435.51 9921.33 8991.44 2184.36 6807.08 2154.55 1883.88 4652.53 1766.42 1063.94
internal_count=82917 79406 52498 39975 12523 34579 32167 12891 19276 7067 5173 12209 4544 4300
is_linear=0
shrinkage=0.03


Tree=100
num_leaves=15
num_cat=0
split_feature=24 4 28 22 39 43 12 16 5 41 23 20 38 19
split_gain=638.992 456.281 396.591 465.809 280.806 268.956 232.02 202.537 200.693 199.057 187.455 178.933 206.571 302.842
threshold=0.62500000000000011 13.742190625000001 0.98958333333333337 1.6841949305555615 133.3941171579167 3.1250000000000004 41.688212500000013 42.541569791666667 0.37845662175928052 1246.5000000000002 56.476950000000009 43.987950868055556 25.625000000000004 48.983750000000008
decision_type=2 2 2 2 8 2 2 2 2 8 2 2 8 2
left_child=5 -2 3 -3 9 -1 -7 8 -8 -5 11 -9 13 -13
right_child=1 2 -4 4 -6 6 7 10 -10 -11 -12 12 -14 -15
leaf_value=-0.021000494659951813 0.020738977669786655 -0.030133579581867749 0.022727882647312136 0.023138541063888601 0.011044810295373967 -0.031501004773102623 0.05979431764199488 -0.038521149487276252 -0.0050905275412890935 -0.061560420633475783 -0.043938536510805974 0.023211022593437873 0.0020478765182417417 -0.0095746656936094889
leaf_weight=441.39421295467764 3522.6951438719407 461.59312623040751 668.2040934599936 34.424868923611939 981.62537705106661 173.92950735241175 110.29769149515778 91.153534775599837 69.576636513695121 85.892789587378502 75.668578738346696 970.8208416653797 10548.049134192988 342.44729524105787
leaf_count=33414 5777 3023 904 45 1730 1189 352 665 603 638 479 1501 31652 948
internal_value=0.00571185 0.0140165 0.00340095 -0.00486799 0.00573324 0.00198434 0.00280534 0.00329665 0.034807 -0.0373357 0.00282257 0.00312226 0.00344551 0.0146611
internal_weight=18577.8 5754.44 2231.74 1563.54 1101.94 12823.3 12381.9 12208 179.874 120.318 12028.1 11952.5 11861.3 1313.27
internal_count=82920 12117 6340 5436 2413 70803 37389 36200 955 683 35245 34766 34101 2449
is_linear=0
shrinkage=0.03


Tree=101
num_leaves=15
num_cat=0
split_feature=24 43 37 39 32 11 11 39 23 4 32 20 9 11
split_gain=604.153 293.179 246.055 389.674 428.376 357.813 518.066 449.814 414.96 396.954 477.549 350.471 423.474 349.746
threshold=1.0416666666666667 3.8750000000000004 1.0000000180025095e-35 35.751316172638901 0.32812500000000006 13.957250000000002 14.064750000000002 55.479100581388899 51.310500000000012 13.604221875000002 0.45659722222222227 45.172198958333347 0.4085772123670684 14.392300000000002
decision_type=2 2 2 8 2 2 2 10 2 2 2 2 2 2
left_child=1 -1 11 4 -4 -5 -7 -8 13 -10 -11 12 -3 -9
right_child=-2 2 3 5 -6 6 7 8 9 10 -12 -13 -14 -15
leaf_value=-0.010313892557243191 0.02192947022596356 -0.045311720545286573 -0.038770126435801702 0.020251525974149035 -0.0030730821508664864 -0.039363892804518436 0.017469700301662356 -0.0064125748897698358 0.013345931286250364 -0.031518632267160715 0.002982892670228097 0.014043621141808469 0.0087696020740043283 -0.043013032769624412
leaf_weight=1273.1763022090308 1773.7285509267822 207.32992761582136 369.25302316248417 1194.012665797025 1655.8671912737191 254.81037509441376 1731.1849915813655 1193.5976724764332 2285.7733841426671 465.10849408525974 1601.5124612245709 3746.4360295915976 347.27011405956 291.72624315600842
leaf_count=41643 2626 1359 2650 2613 6042 1297 2786 3498 3916 1941 3238 7084 942 1436
internal_value=0.00529156 0.00351439 0.00466241 0.00229106 -0.00959787 0.00496174 0.002626 0.00404462 6.10837e-05 0.00473381 -0.00479342 0.0107489 -0.0114932 -0.0136252
internal_weight=18390.8 16617.1 15343.9 11042.8 2025.12 9017.73 7823.71 7568.9 5837.72 4352.39 2066.62 4301.04 554.6 1485.32
internal_count=83071 80445 38802 29417 8692 20725 18112 16815 14029 9095 5179 9385 2301 4934
is_linear=0
shrinkage=0.03


Tree=102
num_leaves=15
num_cat=0
split_feature=34 40 23 30 43 10 38 11 9 7 8 23 37 11
split_gain=527.31 382.127 337.145 329.339 347.367 292.788 294.959 267.484 262.432 489.34 375.359 279.383 317.131 241.333
threshold=0.32743907279511003 3.6454153311111113 56.476950000000009 0.60075187969924826 2.3750000000000004 0.33383749999999052 266.62500000000006 13.968000000000002 0.39133883403135311 13.790450000000002 13.447325694444446 52.730200000000004 1.5000000000000002 15.162850000000001
decision_type=2 8 2 2 2 2 10 2 2 2 2 2 2 2
left_child=2 7 3 4 -1 8 13 -2 9 -6 -11 -12 -13 -7
right_child=1 -3 -4 -5 5 6 -8 -9 -10 10 11 12 -14 -15
leaf_value=-0.020090071440350903 0.024623995082449397 0.023573530081985695 -0.047994526293085475 0.024398046838183758 -0.040387573524216798 -0.010026526103124029 -0.04586631473114474 -0.030350585914815417 0.0072544328604808063 0.010954673348663086 -0.046822175811599649 0.011636625429651779 -0.046963011530415232 0.018642141627724481
leaf_weight=568.67475713393651 123.47588965576142 2022.5963035281748 112.92045761272311 668.20199340954423 290.08259780146182 1211.9895369694568 164.9826147351414 220.50824655825272 10742.480952410493 1244.1552225379273 198.54745371825993 314.63561777956784 111.83662701770663 336.90799663867801
leaf_count=33409 165 3035 1070 797 1968 5390 1426 924 28923 2870 1037 582 527 513
internal_value=0.00539122 0.0186036 0.00343168 0.003801 0.00289306 0.00378862 -0.00785813 -0.0106028 0.00533627 -0.00420566 0.00142811 -0.0175225 -0.00380426 -0.00378266
internal_weight=18332 2366.58 15965.4 15852.5 15184.3 14615.6 1713.88 343.984 12901.7 2159.26 1869.17 625.02 426.472 1548.9
internal_count=82636 4124 78512 77442 76645 43236 7329 1089 35907 6984 5016 2146 1109 5903
is_linear=0
shrinkage=0.03


Tree=103
num_leaves=15
num_cat=0
split_feature=34 40 23 30 43 37 32 38 7 23 7 20 32 4
split_gain=563.076 333.025 311.92 302.679 313.76 240.418 375.854 340.402 370.54 358.752 328.857 328.536 327.861 360.247
threshold=0.32743907279511003 4.8837514052777786 56.476950000000009 0.57469315581443736 2.3750000000000004 1.0000000180025095e-35 0.48090277777777785 61.625000000000007 14.174850000000001 48.473850000000006 13.729250000000002 45.280553298611117 0.29340277777777785 12.634092708333336
decision_type=2 8 2 2 2 2 2 8 2 2 2 2 2 2
left_child=2 -2 3 4 -1 6 10 8 12 -9 -6 -11 13 -7
right_child=1 -3 -4 -5 5 7 -8 9 -10 11 -12 -13 -14 -15
leaf_value=-0.019626172897897795 -0.0061848822224760801 0.023561506623890581 -0.047726484804427517 0.023131749156448216 -0.017551633508112188 -0.039052903348382489 0.02405228183689969 0.060960660162605644 -0.030676931357415355 -0.024983810372831008 0.0084466694508508588 -0.001225726795445954 0.022798382358949688 0.0086164836834590284
leaf_weight=562.68490648991428 408.16330531565472 1979.7783209811896 107.98388778045774 656.26355783455074 534.53932413132861 172.73363745771348 1131.9176492802799 78.884375119581819 183.27152929501608 563.54916114872321 2400.9621795210987 7267.4308236963116 1396.2412038012408 797.24986517895013
leaf_count=33341 1230 2969 1051 841 2596 1283 1491 54 693 3634 6420 22510 2344 2447
internal_value=0.00489887 0.0184766 0.00285271 0.00320259 0.00233436 0.00318628 0.00937422 0.000779262 0.0103099 -0.00229354 0.00370815 -0.00293843 0.013496 9.60922e-05
internal_weight=18241.7 2387.94 15853.7 15745.7 15089.5 14526.8 4067.42 10459.4 2549.5 7909.86 2935.5 7830.98 2366.22 969.984
internal_count=82904 4199 78705 77654 76813 43472 10507 32965 6767 26198 9016 26144 6074 3730
is_linear=0
shrinkage=0.03


Tree=104
num_leaves=15
num_cat=0
split_feature=24 43 43 21 18 10 34 33 22 17 41 39 39 41
split_gain=567.573 267.221 263.28 244.443 340.233 358.59 348.435 285.955 467.795 306.372 276.876 243.924 490.934 339.353
threshold=0.95833333333333337 0.37500000000000006 1.8750000000000002 2.4382590147896894 -1.3226656798245344 0.29793928571428846 -0.3185897435897434 0.85399373992989747 -3.3369505244755411 1.1976054539824184 131.50000000000003 67.88963633472224 30.952648828055558 1460.5000000000002
decision_type=2 2 2 2 2 2 2 2 2 2 8 10 8 8
left_child=1 -1 -2 7 5 6 -5 8 -3 11 -8 12 13 -10
right_child=2 3 -4 4 -6 -7 10 -9 9 -11 -12 -13 -14 -15
leaf_value=-0.03061760644800593 -0.0068186049480413154 -0.03035882268107758 0.023504209043277172 -0.034553831886105023 0.019967978927935452 -0.036002916473766917 0.026052489874907554 0.022543584262309672 -0.00024435044687978958 -0.019172082155931861 0.0015192870062382484 -0.00098840696781350127 0.014977685341558163 -0.042508179021448822
leaf_weight=211.30087960604578 299.1734814774245 435.06454116431996 1840.8162766285241 174.34472518600523 1678.8689909456298 201.18868539854884 619.48104166984558 534.54680077079684 783.31683600880206 617.88064836896956 1244.6468107113615 6469.4894317686558 2819.3274095943198 217.73338953498751
leaf_count=24731 1532 12377 1974 796 6420 726 602 802 2854 2339 3052 17448 5700 1821
internal_value=0.00475711 0.00281663 0.0192638 0.00326579 0.00976213 0.00210623 0.00588326 0.00112191 0.000110479 0.00132844 0.00968168 0.00256119 0.00857083 -0.00947019
internal_weight=18147.2 16007.2 2139.99 15795.9 3918.53 2239.66 2038.47 11877.4 11342.8 10907.7 1864.13 10289.9 3820.38 1001.05
internal_count=83174 79668 3506 54937 11596 5176 4450 43341 42539 30162 3654 27823 10375 4675
is_linear=0
shrinkage=0.03


Tree=105
num_leaves=15
num_cat=0
split_feature=34 30 43 7 29 37 39 20 39 40 8 8 40 11
split_gain=530.249 326.358 315.374 281.435 316.885 274.388 377.56 346.224 369.51 499.992 271.904 505.556 265.457 279.085
threshold=0.41428571428571448 1.0000000180025095e-35 4.3750000000000009 14.229450000000002 0.64330768289269968 1.0000000180025095e-35 8.3217230668055588 45.160221701388899 65.488907211944465 60.37128306666667 13.10776388888889 13.253911458333336 3.6454153311111113 13.968000000000002
decision_type=2 2 2 2 2 2 8 2 10 10 2 2 8 2
left_child=1 2 3 4 -1 7 -7 8 9 -4 -9 -12 13 -2
right_child=12 -3 5 -5 -6 6 -8 10 -10 -11 11 -13 -14 -15
leaf_value=-0.023378556159187509 0.029107306143561561 0.021050157624791687 -0.046467832991969951 -0.025735190220448609 0.014856784591091684 -0.03289659796463875 0.0019394940961442531 0.023813437839546207 -0.045550828237505801 0.034528123552494926 -0.040056487128479853 0.011291854737562081 0.026962778729669755 -0.028738338030395674
leaf_weight=310.06335850735195 129.91839046543464 872.76682982919738 102.29873981326818 649.62457350175828 522.20659354329109 287.18925713002682 9862.7774747656658 1390.8202282432467 193.2883981699124 203.23284802958369 188.10350724495947 1974.7735845204443 1322.3284831307828 174.97718643816188
leaf_count=23062 135 1245 664 17550 3208 1497 25394 2244 1137 267 824 3450 1659 696
internal_value=0.0048124 0.00320575 0.00221151 -0.0109536 0.000601192 0.00358584 0.000950677 0.010184 -0.0132013 0.00734576 0.0134693 0.00680969 0.0211482 -0.00407528
internal_weight=18184.4 16557.1 15684.4 1481.89 832.27 14202.5 10150 4052.52 498.82 305.532 3553.7 2162.88 1627.22 304.896
internal_count=83032 80542 79297 43820 26270 35477 26891 8586 2068 931 6518 4274 2490 831
is_linear=0
shrinkage=0.03


Tree=106
num_leaves=15
num_cat=0
split_feature=34 40 41 17 40 23 11 23 23 40 23 31 33 38
split_gain=497.742 358.526 297.588 268.257 335.921 560.875 440.106 457.924 509.083 327.377 375.447 325.169 321.544 313.761
threshold=0.30576923076923096 3.6454153311111113 2242.5000000000005 0.85690097826902967 245.91348753194447 53.558150000000005 15.203050000000003 55.103950000000005 55.789600000000007 226.57975035333337 54.823750000000011 1.5000000000000002 0.85399373992989747 223.87500000000003
decision_type=2 8 10 2 8 2 2 2 2 8 2 2 2 10
left_child=2 -2 3 11 9 -6 -7 -8 -9 10 12 -1 -5 -13
right_child=1 -3 -4 4 5 6 7 8 -10 -11 -12 13 -14 -15
leaf_value=-0.021939249823057186 -0.010328764403069717 0.021979730915358792 -0.041596290195605061 0.00029279799209833851 -0.034065534593095505 0.02642847402029487 -0.058710415140780993 0.02651505845986649 -0.053029100580358035 0.024580475196238506 -0.04695178556007084 0.014864156638847912 0.022655765462895706 -0.0046976153681761688
leaf_weight=287.71301945089363 361.87043596059084 2098.9964859355241 134.25418471451849 7727.8352657372598 636.70075167529285 394.19604482664727 154.28836880251765 246.39247002219781 101.3828886533156 571.41056538908742 142.62790435180068 3635.3554687080905 624.50144488038495 925.31929372111335
leaf_count=2768 1164 3459 4403 43472 5394 684 1265 352 723 1627 1351 10559 1574 4348
internal_value=0.00469101 0.0172265 0.0027103 0.00309803 0.00042403 -0.0125596 0.00273916 -0.0158761 0.00324092 0.00262046 0.00114061 0.00894251 0.00196738 0.0108951
internal_weight=18042.8 2460.87 15582 15447.7 10599.3 1532.96 896.26 502.064 347.775 9066.38 8494.96 4848.39 8352.34 4560.67
internal_count=83143 4623 78520 74117 56442 8418 3024 2340 1075 48024 46397 17675 45046 14907
is_linear=0
shrinkage=0.03


Tree=107
num_leaves=15
num_cat=0
split_feature=28 8 28 43 43 40 35 22 21 38 32 32 22 17
split_gain=525.27 493.305 386.64 384.192 377.458 272.846 240.884 220.424 208.13 367.292 423.643 320.487 372.235 302.613
threshold=0.65625000000000011 14.279111458333334 1.0729166666666667 1.0000000180025095e-35 2.3750000000000004 2.4092308938888896 5.5000000000000009 5.7260861642156868 2.4234955239885445 126.87500000000001 0.56076388888888895 0.52951388888888895 -1.6261545238095256 1.2101424168903316
decision_type=2 2 2 2 2 8 2 2 2 8 2 2 2 2
left_child=4 3 -3 -2 -1 7 8 -5 11 10 -10 12 -6 -14
right_child=1 2 -4 5 6 -7 -8 -9 9 -11 -12 -13 13 -15
leaf_value=-0.029534060143639369 -0.032988462478704725 -0.031492092030592181 0.020487768948674278 -0.042410303760349023 -0.025687350225195891 0.024321972368800449 -0.046721690116394328 0.010888651803719526 0.019302878615363207 -0.0031514659947457584 -0.041588807529148862 0.017312175439217002 0.0018383873057305391 -0.025748569483804714
leaf_weight=331.35452709859237 121.67427310906351 337.6193108651787 206.96966533735394 95.689180435612798 510.64885400468484 2756.2735236827284 86.787337602116168 250.49518248438835 2216.020078334026 1358.2501393472776 106.91362612694502 968.77967166993767 8281.8512244317681 373.02793367952108
leaf_count=32093 1826 2038 284 525 8293 3130 653 383 4172 4661 543 1638 21460 1420
internal_value=0.00469905 0.0146563 -0.0117359 0.0191165 0.00206176 0.02117 0.0028169 -0.00392349 0.00313146 0.00923996 0.0164836 0.000911911 -0.000823267 0.000646544
internal_weight=18002.4 3768.72 544.589 3224.13 14233.6 3102.46 13902.3 346.184 13815.5 3681.18 2322.93 10134.3 9165.53 8654.88
internal_count=83119 8186 2322 5864 74933 4038 42840 908 42187 9376 4715 32811 31173 22880
is_linear=0
shrinkage=0.03


Tree=108
num_leaves=15
num_cat=0
split_feature=36 10 23 9 23 8 41 33 11 41 36 8 22 8
split_gain=540.15 292.56 401.717 307.908 404.487 601.326 277.924 256.702 573.646 244.436 238.251 389.103 217.946 206.701
threshold=3.3750000000000004 0.30733380952380912 49.739350000000009 0.39104678234390672 50.315100000000008 13.453375000000001 684.50000000000011 0.73903702926815551 15.162850000000001 1589.5000000000002 1.6250000000000002 13.186884722222223 6.8529253977272715 13.617994444444447
decision_type=2 2 2 2 2 2 10 2 2 8 2 2 2 2
left_child=1 3 -3 4 12 6 -6 8 9 13 -5 -12 -1 -4
right_child=-2 2 7 10 5 -7 -8 -9 -10 -11 11 -13 -14 -15
leaf_value=-0.038849772817795988 0.01876888570270702 0.018534476317057465 -0.006167336448977009 0.0024031773515106451 -0.044625813853569327 -0.024564813227648499 0.018304967193002789 -0.047351304255792356 0.026974501151633936 -0.036904907222350528 0.023256121453023922 0.0052240870948284928 0.016106239930159812 -0.049037120106416747
leaf_weight=410.54675895697437 2063.2169488035142 468.85724263661541 1182.0148297515698 6248.844622279983 66.550448030931875 543.72445461899042 983.08752983482555 169.89562203222886 331.4704128971789 391.00210074638017 1620.1014196265023 3211.3381107591558 76.542680538259447 109.75825595180504
leaf_count=5524 3894 3325 6137 35951 738 4202 2804 1125 607 4008 2460 11225 146 888
internal_value=0.00433571 0.00245155 -0.00663507 0.00428364 -0.00630398 0.00101491 0.0142763 -0.0120441 -0.00904401 -0.0161507 0.00627198 0.0112742 -0.0301985 -0.00984497
internal_weight=17877 15813.7 2653 13160.7 2080.45 1593.36 1049.64 2184.14 2014.25 1682.78 11080.3 4831.44 487.089 1291.77
internal_count=83034 79140 16090 63050 13414 7744 3542 12765 11640 11033 49636 13685 5670 7025
is_linear=0
shrinkage=0.03


Tree=109
num_leaves=15
num_cat=0
split_feature=28 7 28 22 39 43 35 39 18 7 18 39 11 8
split_gain=447.037 288.961 473.088 411.278 318.527 280.371 248.788 233.501 223.587 242.843 220.502 214.766 212.993 208.429
threshold=0.86458333333333337 14.273800000000001 0.46875000000000006 -1.8092516666667342 3.5670617847222226 0.37500000000000006 2.5000000000000004 291.87103388305565 1.5982636904761973 14.067150000000002 -2.6637928571428477 70.343963068333352 14.064750000000002 14.279111458333334
decision_type=2 2 2 2 10 2 2 8 2 2 2 10 2 2
left_child=1 2 7 -3 12 -2 11 8 9 -1 -8 -5 -4 -7
right_child=5 3 4 6 -6 13 10 -9 -10 -11 -12 -13 -14 -15
leaf_value=0.0016787271741294193 -0.026564276130403266 -0.02809606833026217 0.011055627716072207 0.0027296805972917074 0.024335644852132264 0.026184689760277761 -0.013063800035901461 -0.047613342306196883 -0.014370901971297303 0.013762598118443825 0.0042019403297590989 -0.051288128520902754 -0.055368326502503673 -0.00076288960636831894
leaf_weight=5521.2280836561695 116.0925562037155 505.07632668060251 98.005775320809335 116.57044353242964 1602.3841948290356 1454.1984221562743 781.98656720574945 79.984474718337879 579.07199519546703 2052.633674709592 4443.9141117436811 152.13588744960725 76.660833301022649 314.00698610395193
leaf_count=25502 1397 11106 182 549 2330 1581 3366 890 15651 5855 12393 1080 487 654
internal_value=0.00461612 0.00298877 0.00610886 -0.00221698 0.0201423 0.0184338 0.000166562 0.0030777 0.00358079 0.00495503 0.00161635 -0.0279308 -0.0182469 0.0214015
internal_weight=17894 16009.7 10010 5999.68 1777.05 1884.3 5494.61 8232.92 8152.93 7573.86 5225.9 268.706 174.667 1768.21
internal_count=83023 79391 50897 28494 2999 3632 17388 47898 47008 31357 15759 1629 669 2235
is_linear=0
shrinkage=0.03


Tree=110
num_leaves=15
num_cat=0
split_feature=36 8 39 22 10 36 38 23 33 22 39 43 22 43
split_gain=503.551 508.306 360.112 320.508 284.569 258.133 286.506 289.543 302.461 325.538 294.159 244.41 241.355 210.739
threshold=2.1250000000000004 13.524364583333336 3.5670617847222226 -3.8584171550671393 0.37821833333334048 3.8750000000000004 173.12500000000003 55.789600000000007 0.85399373992989747 1.1802074491040393 134.62101571861115 0.87500000000000011 5.9578727182539728 2.1250000000000004
decision_type=2 2 8 2 2 2 10 2 2 2 10 2 2 2
left_child=4 2 12 -3 13 6 -5 8 9 -8 -11 -4 -2 -1
right_child=1 3 11 5 -6 -7 7 -9 -10 10 -12 -13 -14 -15
leaf_value=-0.02949393535955231 -0.049222843420848997 -0.031086953042833709 -0.01152358269096861 0.018737439629213495 -0.018294338766766258 0.023202715495407127 -0.040998423822017897 -0.053338854301740242 0.026812873238658344 -0.041339352425386139 0.0056045995027441545 0.027963947878600855 0.0090168788035212971 0.0024140747426803456
leaf_weight=188.42413599952124 94.439940058626235 224.65331126586534 150.45745108649135 608.5690975189209 664.3574692895636 616.91560445353389 223.60140684852377 105.06998900696635 267.16212358651683 138.79760543303564 853.0998770496808 2147.7938759988174 193.94266411662102 11268.671698177699
leaf_count=25816 612 2686 1320 1033 6414 899 1507 832 469 783 1777 2060 298 36328
internal_value=0.00422192 0.0116398 0.0214108 0.00331577 0.000779272 0.00607312 0.00125324 -0.00545593 -0.00202901 -0.00838518 -0.000999353 0.025375 -0.0101597 0.00188679
internal_weight=17746 5624.5 2586.63 3037.87 12121.5 2813.22 2196.3 1587.73 1482.66 1215.5 991.897 2298.25 288.383 11457.1
internal_count=82834 14276 4290 9986 68558 7300 6401 5368 4536 4067 2560 3380 910 62144
is_linear=0
shrinkage=0.03


Tree=111
num_leaves=15
num_cat=0
split_feature=34 40 43 40 28 11 3 39 40 17 24 39 40 40
split_gain=485.132 291.955 284.311 329.473 348.005 248.023 237.835 197.197 474.319 433.025 309.706 278.784 369.388 356.036
threshold=0.30576923076923096 3.6454153311111113 6.1250000000000009 262.59878875972225 0.44791666666666669 13.968000000000002 14.312850000000003 216.24840895736114 171.80517843083337 1.031611810610231 0.54166666666666685 139.55211569500003 186.17938781611113 190.60218582069447
decision_type=2 8 2 8 2 2 2 8 8 2 2 10 8 10
left_child=2 5 3 4 -1 -2 -6 8 10 11 -4 12 -10 -13
right_child=1 -3 7 -5 6 -7 -8 -9 9 -11 -12 13 -14 -15
leaf_value=-0.013683091787478353 0.024740540212930043 0.021352779517682559 0.0019018775885833862 -0.031232917223936306 0.015869320479660914 -0.026413776942272062 -0.01161921545925183 0.0122789449368347 0.030263356503047987 -0.042391045179555144 0.015462611637100596 -0.041534655513807403 -0.058963785108299055 0.013070287108190547
leaf_weight=1252.0319974808954 133.26806918624789 1973.4653887948953 6736.3586666807532 404.98753061634488 1000.462829362601 233.09338070638478 394.18402876681648 2208.3290551193058 56.711931578814983 357.70783748477697 1954.9563188590109 127.28390511125326 152.0322347804904 661.46234387159348
leaf_count=36352 168 3472 17206 6526 3925 973 4509 3550 56 1506 2455 529 707 983
internal_value=0.00406904 0.0167885 0.00212372 -0.00606837 -0.00220742 -0.00778913 0.00809718 0.00416402 0.00237923 -0.0141222 0.00495355 -0.00395242 -0.0346937 0.00421698
internal_weight=17646.3 2339.83 15306.5 3051.67 2646.68 366.361 1394.65 12254.8 10046.5 1355.2 8691.31 997.49 208.744 788.746
internal_count=82917 4613 78304 51312 44786 1141 8434 26992 23442 3781 19661 2275 763 1512
is_linear=0
shrinkage=0.03


Tree=112
num_leaves=15
num_cat=0
split_feature=24 43 39 43 37 39 15 39 16 20 8 20 33 38
split_gain=449.397 240.274 223.722 217.916 213.227 358.003 450.413 352.486 482.91 333.962 413.197 438.283 324.604 677.038
threshold=1.0416666666666667 1.0000000180025095e-35 425.11774725055562 1.6250000000000002 1.0000000180025095e-35 35.751316172638901 47.803800000000003 67.88963633472224 48.522650000000013 45.160221701388899 13.10776388888889 46.424018923611115 0.63462401211809316 222.37500000000003
decision_type=2 2 10 2 2 8 2 8 2 2 2 2 2 8
left_child=1 -1 4 -2 9 6 -6 8 -7 -3 -11 -12 13 -9
right_child=3 2 -4 -5 5 7 -8 12 -10 10 11 -13 -14 -15
leaf_value=-0.030639430330032198 -0.0083484699075044317 -0.012701537919946573 -0.046191636188119334 0.024459359323961555 -0.024437128786748297 0.020874683939678309 0.0031175149063957931 -0.00069508997003364496 -0.012204847484376884 0.024097980127378273 -0.044207505543763473 0.0077042807634018851 0.0075516035751918174 -0.039675065002074864
leaf_weight=188.81309769186191 210.91319234855473 546.81646513333544 80.732914685737342 1318.0513091012836 992.00087134097703 1883.3554756026715 1154.3769546882249 3239.1249353920575 502.54253601050004 1578.8795771696605 156.43426838726737 2083.8776729749516 3178.7764686429873 456.69764198921621
leaf_count=23670 1134 3328 442 1521 8831 4260 4509 12285 1270 3473 1026 5518 7700 3682
internal_value=0.00439587 0.00291408 0.00331561 0.0199312 0.00357192 0.00141363 -0.00962299 0.00397244 0.0139049 0.00920917 0.0123488 0.00406133 0.000523743 -0.00552133
internal_weight=17571.4 16042.4 15853.6 1528.96 15772.9 11406.9 2146.38 9260.5 2385.9 4366.01 3819.19 2240.31 6874.6 3695.82
internal_count=82649 79994 56324 2655 55882 42537 13340 29197 5530 13345 10017 6544 23667 15967
is_linear=0
shrinkage=0.03


Tree=113
num_leaves=15
num_cat=0
split_feature=28 8 39 22 43 28 38 22 39 39 40 39 35 33
split_gain=454.139 491.26 336.497 275.196 251.505 251.391 317.185 298.542 241.457 472.618 378.652 303.435 452.832 355.151
threshold=0.55208333333333337 13.502024305555558 3.5670617847222226 -3.8584171550671393 2.3750000000000004 0.92708333333333337 171.62500000000003 1.3519398040555928 67.88963633472224 30.952648828055558 19.465398595972225 206.04542321097225 2.5000000000000004 0.490444435694815
decision_type=2 2 8 2 2 2 10 2 10 8 8 10 2 2
left_child=4 2 -2 -3 -1 6 -5 -8 9 10 -6 13 -13 -10
right_child=1 3 -4 5 8 -7 7 -9 11 -11 -12 12 -14 -15
leaf_value=-0.029950721445236982 -0.0086572828799210029 -0.029006942146331909 0.026143454620656592 0.020373788508408069 0.0046239642243035943 0.021538199792138838 -0.033528187192968795 0.00016384704937486846 0.014853748286523288 0.01318339121602107 -0.022614576496876451 -0.050952431507902171 0.012533916495728201 -0.0088356055318278316
leaf_weight=231.38337131310254 284.86204059841111 219.28296489850618 2021.104182976298 520.59257737500593 1263.2261972636916 683.06900972034782 299.57854767562822 1113.6771661769599 651.40641590720043 3364.1859650840051 720.52384444791824 106.7666847333312 1642.2628003577702 4488.7684642840177
leaf_count=29945 882 2428 3018 819 5658 1073 1833 3005 2306 7875 4575 701 3389 15591
internal_value=0.00406123 0.011562 0.0218425 0.00319874 0.000967134 0.00590745 0.000378117 -0.00699677 0.00155414 0.00633646 -0.00527584 -0.00215866 0.00863159 -0.00583119
internal_weight=17610.7 5142.17 2305.97 2836.2 12468.5 2616.92 1933.85 1413.26 12237.1 5347.94 1983.75 6889.2 1749.03 5140.17
internal_count=83098 13058 3900 9158 70040 6730 5657 4838 40095 18108 10233 21987 4090 17897
is_linear=0
shrinkage=0.03


Tree=114
num_leaves=15
num_cat=0
split_feature=34 30 41 39 39 43 23 33 39 39 33 39 39 7
split_gain=431.911 305.912 285.868 260.958 226.781 221.414 212.698 226.213 430.88 256.412 350.904 434.835 430.503 331.568
threshold=0.41428571428571448 0.57469315581443736 2211.5000000000005 425.11774725055562 4.5955370843055565 1.0000000180025095e-35 56.476950000000009 0.57322171666012189 27.388688370972226 67.88963633472224 0.4657827869008882 116.04051239930557 137.06062805041668 14.119050000000003
decision_type=2 2 10 10 8 2 2 2 10 10 2 10 10 2
left_child=1 2 3 5 -2 -1 7 8 -7 -10 11 -11 13 -12
right_child=4 -3 -4 -5 -6 6 -8 -9 9 10 12 -13 -14 -15
leaf_value=-0.030900354405565961 -0.0031321964187372956 0.021650845004852107 -0.033185111043381565 -0.05506766648820656 0.025977619760666967 -0.040011047455560167 -0.0446596075291497 0.0058145934208732744 0.0080065223329246673 0.036639032147767307 -0.034723715301129637 -0.039583671237996124 0.0020796711659191087 -0.003106576565946755
leaf_weight=177.3066726080142 306.7359009780921 714.05147271836177 209.01827636547387 70.627832884900272 1117.1807736726478 253.4550013798289 83.752802185248584 9374.2487113785464 2107.756936284015 315.8527391590178 760.73359296959825 84.661426719510928 1351.4623132492416 491.2450924764853
leaf_count=21018 846 1018 5161 578 1633 2744 753 27814 7646 832 5035 776 4989 2061
internal_value=0.0038822 0.00247203 0.00157443 0.00205867 0.0197091 0.0023313 0.00273086 0.00300315 -0.00190929 -1.26248e-05 -0.00564014 0.0204685 -0.00966301 -0.0223303
internal_weight=17418.1 15994.2 15280.1 15071.1 1423.92 15000.5 14823.2 14739.4 5365.17 5111.71 3003.96 400.514 2603.44 1251.98
internal_count=82904 80425 79407 74246 2479 73668 52650 51897 24083 21339 13693 1608 12085 7096
is_linear=0
shrinkage=0.03


Tree=115
num_leaves=15
num_cat=0
split_feature=34 41 39 43 37 39 20 9 8 20 39 7 28 7
split_gain=379.159 307.309 269.387 247.023 247.345 485.787 320.529 323.198 303.702 370.198 293.275 260.159 479.423 322.437
threshold=0.41428571428571448 2242.5000000000005 425.11774725055562 1.0000000180025095e-35 1.0000000180025095e-35 8.3217230668055588 45.160221701388899 0.41110298615837954 13.10776388888889 46.424018923611115 69.523590185277797 14.259550000000003 0.48958333333333343 14.347250000000003
decision_type=2 10 10 2 2 8 2 2 2 2 10 2 2 2
left_child=1 2 3 -1 6 -6 7 -5 -8 -10 -9 12 -7 -13
right_child=-2 -3 -4 4 5 11 8 10 9 -11 -12 13 -14 -15
leaf_value=-0.03103453327597543 0.018819697487089414 -0.04210689737002303 -0.054372109484473852 -0.040017541128752832 -0.033908289106075906 0.0028138812931601618 0.022820893995859206 0.02468356599105977 -0.036124265825057823 0.0091228916786711516 -0.041436874328606155 -0.031626563838703041 0.026310121699661859 -0.0010689158158409104
leaf_weight=186.70474323933013 1396.1342281415127 136.66529223904945 72.549351885216311 219.91471571335569 342.61825123312883 5748.2949783322401 1558.0904873257969 230.03248520614579 174.95954026747495 2168.0203312565573 80.754687424749136 337.10631406423636 903.61399257136509 3845.7638474130072
leaf_count=21301 2505 4499 601 1951 3038 23059 3415 550 1026 5323 680 1881 910 12084
internal_value=0.00383171 0.0025232 0.0029102 0.00317672 0.00358789 0.00120964 0.00958446 -0.0122727 0.0125603 0.00573014 0.00742509 0.00232317 0.00600915 -0.00353859
internal_weight=17401.2 16005.1 15868.4 15795.9 15609.2 11177.4 4431.77 530.702 3901.07 2342.98 310.787 10834.8 6651.91 4182.87
internal_count=82823 80318 75819 75218 53917 40972 12945 3181 9764 6349 1230 37934 23969 13965
is_linear=0
shrinkage=0.03


Tree=116
num_leaves=15
num_cat=0
split_feature=29 43 43 14 23 32 38 18 10 20 12 32 38 41
split_gain=420.005 260.279 256.565 232.464 198.972 206.213 188.527 224.521 237.64 204.877 220.666 276.864 234.753 225.101
threshold=0.90798381435313236 3.3750000000000004 1.0000000180025095e-35 -0.72430761904761698 50.569600000000001 0.31770833333333337 221.12500000000003 -2.0868042401960758 0.23034004901960836 45.583406076388897 46.292187500000011 0.37673611111111116 244.12500000000003 1586.5000000000002
decision_type=2 2 2 2 2 2 8 2 2 2 2 2 10 8
left_child=1 4 -2 -3 5 -1 7 8 -5 -8 12 -12 -11 -13
right_child=2 3 -4 6 -6 -7 9 -9 -10 10 11 13 -14 -15
leaf_value=-0.025744784616875942 -0.033028084897734206 -0.0034908262705840333 0.017679258567344241 -0.0097981854473704715 -0.028821003880958929 0.025108024563487163 -0.036578065248979177 0.010289484126297023 0.012575009453804851 -0.03035116387577064 -0.030836872803055377 -0.042885457415069397 0.018320731384075566 0.0036858160126098331
leaf_weight=125.319805448642 92.966785202734172 4382.228705666028 2075.1110869683325 1190.7592057138681 438.99777405615896 165.20509131764993 146.2388399457559 5496.5978464595973 665.09255175665021 100.6830389611423 335.91171688400209 100.79465369787067 728.9820990646258 1132.7326182378456
leaf_count=13738 1486 11843 3319 3421 21865 2659 1807 14014 1201 504 1892 434 1620 3231
internal_value=0.0031511 0.00136777 0.0154907 0.00226113 -0.0160983 0.00315927 0.00480789 0.00724374 -0.00177772 -0.00222837 -0.000120193 -0.00673448 0.0123848 -0.000151297
internal_weight=17177.6 15009.5 2168.08 14280 729.523 290.525 9897.79 7352.45 1855.85 2545.34 2399.1 1569.44 829.665 1233.53
internal_count=83034 78229 4805 39967 38262 16397 28124 18636 4622 9488 7681 5557 2124 3665
is_linear=0
shrinkage=0.03


Tree=117
num_leaves=15
num_cat=0
split_feature=36 43 8 36 7 41 22 36 39 40 33 19 8 19
split_gain=362.629 272.968 295.88 307.138 252.179 377.328 373.266 372.528 315.127 309.799 503.758 321.892 283.759 441.425
threshold=3.3750000000000004 1.0000000180025095e-35 14.279111458333334 4.4583333333333348 14.273800000000001 2242.5000000000005 -1.4481482602339149 1.8750000000000002 206.04542321097225 171.80517843083337 0.61140203757917455 51.175900000000006 13.436475000000003 52.404650000000011
decision_type=2 2 2 2 2 8 2 2 8 8 2 2 2 2
left_child=4 -2 -3 -4 5 7 -6 -1 9 10 11 -8 -12 -14
right_child=1 2 3 -5 6 -7 8 -9 -10 -11 12 -13 13 -15
leaf_value=0.0030927141787080114 -0.032975397219220194 0.024694984234893469 -0.040202208585932327 0.020812595621496063 -0.027208309703831469 -0.043914975751125115 -0.010975728287754295 0.019155845889954039 0.0094370700449056301 -0.022791621948515851 0.026530434803998231 -0.057448386161325006 -0.021979044789720393 0.014066233964405898
leaf_weight=7938.673726988025 95.170683761127293 1415.2665825672448 140.79929553717375 154.95356864482164 517.79579086927697 138.87101159896702 649.89132893295027 1552.8466382976621 1846.5895999623463 761.9679578107316 516.66617647092789 168.27118438761681 495.02859466569498 796.22140623116866
leaf_count=44467 1398 1748 531 208 11491 3627 2627 2739 4735 2982 726 1198 2648 1859
internal_value=0.00352732 0.0162399 0.018995 -0.00827236 0.00203371 0.00500218 -0.00293595 0.00572244 -0.000530257 -0.00596394 -0.0010745 -0.0205922 0.00776464 0.000241183
internal_weight=17189 1806.19 1711.02 295.753 15382.8 9630.39 5752.43 9491.52 5234.64 3388.05 2626.08 818.163 1807.92 1291.25
internal_count=82984 3885 2487 739 79099 50833 28266 47206 16775 12040 9058 3825 5233 4507
is_linear=0
shrinkage=0.03


Tree=118
num_leaves=15
num_cat=0
split_feature=28 43 17 38 40 23 11 23 23 23 31 11 20 40
split_gain=372.996 262.419 246.708 349.684 289.817 423.684 398.44 446.13 377.437 285.031 282.719 282.073 290.331 315.761
threshold=0.90625000000000011 0.87500000000000011 0.85690097826902967 225.12500000000003 245.91348753194447 53.558150000000005 15.203050000000003 55.103950000000005 55.789600000000007 49.269600000000004 1.5000000000000002 13.968000000000002 45.280553298611117 146.2891931427778
decision_type=2 2 2 10 8 2 2 2 2 2 2 2 2 10
left_child=2 -2 3 10 9 -6 -7 -8 -9 -4 -1 12 13 -11
right_child=1 -3 4 -5 5 6 7 8 -10 11 -12 -13 -14 -15
leaf_value=-0.020485134784576916 -0.023245691977600666 0.021654185119959393 -0.021121231852138121 -0.0088036996953813531 -0.031236596829366543 0.024612236241954025 -0.058461299047092935 0.024804565906101087 -0.046285356473947957 -0.013779094557602022 0.013532923980740835 0.00051450651481649268 0.032809762650779214 0.027112453059658169
leaf_weight=232.8325028391555 127.4605753752403 1350.1876192465425 477.49002517946064 943.03527144389227 639.07883148430847 366.41998812323436 155.52872531861067 222.2935758670792 95.167157646967098 405.9566423704382 3715.3591057488229 7676.967143591959 526.55030067055486 290.84970273124054
leaf_count=2116 1302 1830 5874 5690 5430 699 1362 321 933 4074 10873 40815 1165 766
internal_value=0.00336167 0.0177681 0.00200883 0.00760229 -0.000511732 -0.0128518 0.00116577 -0.0170116 0.00341508 0.00143495 0.0115221 0.0026473 0.0160199 0.00330359
internal_weight=17225.2 1477.65 15747.5 4891.23 10856.3 1478.49 839.409 472.989 317.461 9377.81 3948.19 8900.32 1223.36 696.806
internal_count=83250 3132 80118 18679 61439 8745 3315 2616 1254 52694 12989 46820 6005 4840
is_linear=0
shrinkage=0.03


Tree=119
num_leaves=15
num_cat=0
split_feature=34 40 23 39 40 21 40 33 23 11 29 39 23 21
split_gain=325.003 307.43 260.198 233.384 230.046 217.548 336.093 446.043 299.302 438.224 272.306 268.453 343.525 263.115
threshold=0.32743907279511003 2.4092308938888896 56.476950000000009 425.11774725055562 470.08636418458337 2.3044740781218187 124.44981224375 0.57216384656367714 49.592950000000009 13.886800000000003 0.91938455989393175 227.49840895736114 54.823750000000011 1.8632508285792622
decision_type=2 8 2 10 10 2 10 2 2 2 2 10 2 2
left_child=2 -2 3 4 5 6 7 8 9 -1 -8 12 -7 -9
right_child=1 -3 -4 -5 -6 11 10 13 -10 -11 -12 -13 -14 -15
leaf_value=-0.041170931382702482 -0.015863141598551612 0.019813972417728275 -0.045757241293205582 -0.052487048839940931 0.036096320236938838 0.0043745070242517774 -0.013928369043868377 -0.035999289002182765 -0.018160052674101684 0.026277572233766189 0.014269117199500251 0.018475984553230584 -0.037437920368848361 0.014904358620731977
leaf_weight=111.99797210399993 248.37502754852176 1704.1665808085818 99.836239015450701 67.921719703590497 183.96780423959717 7280.3526148363017 2247.7078306744806 94.653759216191247 988.63874106737785 371.90132091380656 356.3654193370603 1231.048660221044 180.25251747807488 2079.9566088835709
leaf_count=2168 821 3288 1058 575 133 27146 17092 878 11525 3488 896 2597 1496 9775
internal_value=0.0037471 0.0152698 0.00227518 0.00259376 0.00284454 0.00243277 -0.00183533 0.00404224 -0.00870367 0.010614 -0.0100656 0.00550234 0.00335941 0.0126732
internal_weight=17247.1 1952.54 15294.6 15194.8 15126.8 14942.9 6251.22 3647.15 1472.54 483.899 2604.07 8691.65 7460.61 2174.61
internal_count=82936 4109 78827 77769 77194 77061 45822 27834 17181 5656 17988 31239 28642 10653
is_linear=0
shrinkage=0.03


Tree=120
num_leaves=15
num_cat=0
split_feature=24 38 38 38 21 9 18 21 41 28 43 29 16 32
split_gain=354.746 215.864 291.435 535.006 304.961 268.804 238.672 274.18 311.954 301.649 239.685 233.302 243.781 309.263
threshold=1.0416666666666667 302.12500000000006 294.62500000000006 274.12500000000006 2.1144285065868877 0.40426673593078355 -2.356490000000004 2.4423517598146476 696.50000000000011 0.34375000000000006 4.8750000000000009 0.52827754170294694 50.024743750000006 0.22743055555555558
decision_type=2 8 10 10 2 2 2 2 10 2 2 2 2 2
left_child=1 2 3 4 -1 -4 -6 10 -9 -10 -8 12 13 -12
right_child=-2 -3 5 -5 6 -7 7 8 9 -11 11 -13 -14 -15
leaf_value=-0.016674366595849855 0.018028376656381677 -0.0094422819111994651 0.040914219894457982 -0.03698055694595926 -0.002722061817145573 -0.022285572516924108 -0.015137980262805249 0.024601058086994445 -0.018631039734986522 0.014917735416122669 0.0158392068586648 0.0084875672270232159 0.030575811319035123 -0.01569794543735294
leaf_weight=657.3591956528835 1349.853693747893 1353.2642923253588 312.51294065196998 303.13123394851573 3299.3552457101177 74.389079672750086 560.13058419339359 1394.5122302644886 374.12436690088362 674.72276395745575 367.89538309164345 5064.0298738032579 161.29788805544376 1159.492226915434
leaf_count=11506 2646 10148 974 4504 11933 684 16900 4568 3132 1275 997 8884 169 4473
internal_value=0.00327413 0.00200905 0.00308557 0.00237549 0.00324811 0.0287368 0.00425243 0.0066111 0.0153097 0.00294452 0.00370304 0.00526789 -0.00438658 -0.00809633
internal_weight=17106.1 15756.2 14403 14016.1 13712.9 386.902 13055.6 9756.21 2443.36 1048.85 7312.85 6752.72 1688.69 1527.39
internal_count=82793 80147 69999 68341 63837 1658 52331 40398 8975 4407 31423 14523 5639 5470
is_linear=0
shrinkage=0.03


Tree=121
num_leaves=15
num_cat=0
split_feature=24 43 21 40 32 17 38 29 41 23 32 11 23 23
split_gain=350.241 221.836 209.696 256.948 268.641 201.426 192.359 248.97 248.588 232.676 322.128 375.447 216.762 318.074
threshold=1.0416666666666667 0.37500000000000006 2.2226783996017896 179.86755702069448 0.55729166666666685 0.95418451721001907 272.87500000000006 0.58444645187621791 1898.5000000000002 54.823750000000011 0.37326388888888895 14.009150000000002 53.124300000000012 52.730200000000004
decision_type=2 2 2 10 2 2 8 2 8 2 2 2 2 2
left_child=1 -1 3 4 5 -3 7 12 -8 10 11 -10 13 -4
right_child=-2 2 6 -5 -6 -7 8 -9 9 -11 -12 -13 -14 -15
leaf_value=-0.030847986791534776 0.018037736507685087 0.00408149999720129 0.00014238201697041694 -0.022529784402675789 0.031046771008132031 -0.01489570584910643 -0.037137987469277378 0.0094975871060205552 0.032135107865885769 -0.041241632668359798 0.013971775077355916 -0.038483873924419959 -0.022810291188228801 0.032152004248374048
leaf_weight=179.95560389943421 1360.2480779029429 1246.2304817796685 4345.0704326441046 581.79586802516133 222.17661759071052 843.12187274708413 198.99907357245684 6302.8170942212455 90.07897483673878 116.67079120222479 771.26999526657164 264.88634485262446 333.31789771607146 297.58915416942909
leaf_count=24959 2663 7000 14791 4869 234 9094 1136 11007 297 745 1813 1743 2189 405
internal_value=0.00343658 0.002178 0.00256059 -0.00472807 -0.000239697 -0.00357988 0.00421863 0.00553771 -0.00609605 -0.00110013 0.00309117 -0.0205231 0.00052103 0.00220064
internal_weight=17154.2 15794 15614 2893.32 2311.53 2089.35 12720.7 11278.8 1441.91 1242.91 1126.24 354.965 4975.98 4642.66
internal_count=82945 80282 55323 21197 16328 16094 34126 28392 5734 4598 3853 2040 17385 15196
is_linear=0
shrinkage=0.03


Tree=122
num_leaves=15
num_cat=0
split_feature=36 20 39 38 32 11 11 11 39 38 18 10 38 18
split_gain=372.88 432.286 319.121 272.689 363.868 431.077 262.625 251.67 286.218 276.399 262.358 223.875 274.772 184.998
threshold=1.9583333333333337 47.196276736111109 3.0422670158333336 173.12500000000003 0.63020833333333337 15.276450000000002 14.064750000000002 15.399950000000002 246.47706470222226 259.12500000000006 -1.0954278571428628 0.17383924908425319 193.62500000000003 -1.7219175000000002
decision_type=2 2 8 10 2 2 2 2 10 10 2 2 10 2
left_child=-1 2 6 13 5 11 -2 9 -9 10 -6 -5 -13 -3
right_child=1 3 -4 4 7 -7 -8 8 -10 -11 -12 12 -14 -15
leaf_value=-0.00034851065612614165 0.010537168234410988 -0.010335213261337298 0.02307899558283142 -0.030281589409219118 -0.06421929781605544 -0.06034938657197525 -0.057816830548276028 -0.043007407435881578 0.0059418788872776275 0.032130481616753068 0.01035248112177607 -0.043504460565116594 0.0071373995658500933 0.020011421448724375
leaf_weight=10944.006767253391 132.50692672282457 220.35716704442166 2023.069738248596 288.1425680690445 54.47105285525322 157.98458007676527 80.584391605574638 144.68315564864315 409.57973412936553 511.41802130267024 180.20402042707428 110.30592646426521 720.3127102733124 992.49213598459028
leaf_count=65449 229 869 3253 2186 454 1227 538 1490 1119 456 630 704 2127 2236
internal_value=0.00295148 0.00894366 0.0194011 0.00277004 -0.00275099 -0.014122 -0.0154615 0.00841583 -0.00689014 0.0197804 -0.00715562 -0.00754599 0.000367948 0.0144939
internal_weight=16970.1 6026.11 2236.16 3789.95 2577.1 1276.75 213.091 1300.36 554.263 746.093 234.675 1118.76 830.619 1212.85
internal_count=82967 17518 4020 13498 10393 6244 767 4149 2609 1540 1084 5017 2831 3105
is_linear=0
shrinkage=0.03


Tree=123
num_leaves=15
num_cat=0
split_feature=28 39 43 35 7 28 39 22 39 33 40 39 38 37
split_gain=312.722 234.419 232.995 215.689 207.804 370.287 354.949 329.427 302.583 324.899 473.339 388.592 269.393 269.014
threshold=0.92708333333333337 425.11774725055562 1.6250000000000002 5.5000000000000009 14.273800000000001 0.46875000000000006 3.5670617847222226 -1.8092516666667342 216.24840895736114 0.61140203757917455 171.80517843083337 189.32008477083335 1.6250000000000002 2.5000000000000004
decision_type=2 10 2 2 2 2 10 2 8 2 8 10 10 2
left_child=1 3 -2 4 5 12 -7 -6 9 -9 -11 -12 -1 -13
right_child=2 -3 -4 -5 7 6 -8 8 -10 10 11 13 -14 -15
leaf_value=-0.043504223351180232 -0.014440449512697339 -0.052033978502093625 0.02228996567902369 -0.038872683363820874 -0.025749414403497806 -0.022647919778418218 0.022574625511020581 -0.019550487932953241 0.01050068554418185 0.0085199796526901992 -0.038328897962962814 -0.021283450854358042 0.0029753076775518531 0.031645646926003614
leaf_weight=112.87931101978756 180.15610468201339 71.631091758841649 1104.4140269868076 114.40368376183324 487.08378668106161 173.61336037842557 1494.964801204158 986.61371498997323 1689.4449435237329 1924.939925190527 427.7680375543423 176.75153043237515 7755.8830296357628 167.23067486239597
leaf_count=1539 1323 612 1542 1085 11023 701 2419 4627 4144 5442 2060 848 45497 137
internal_value=0.00291008 0.00173674 0.0171314 0.00198839 0.0022945 0.00502615 0.0178585 -0.00215157 -7.84072e-06 -0.0048294 0.000561727 -0.0192735 0.0023031 0.00446575
internal_weight=16867.8 15583.2 1284.57 15511.6 15397.2 9537.34 1668.58 5859.83 5372.75 3683.3 2696.69 771.75 7868.76 343.982
internal_count=82999 80134 2865 79522 78437 50156 3120 28281 17258 13114 8487 3045 47036 985
is_linear=0
shrinkage=0.03


Tree=124
num_leaves=15
num_cat=0
split_feature=28 8 28 40 43 18 41 43 18 38 19 9 33 35
split_gain=359.953 287.1 297.103 226.197 257.615 209.417 209.454 202.068 207.411 257.702 368.033 449.041 338.187 585.599
threshold=0.80208333333333337 14.279111458333334 1.1145833333333337 2.4092308938888896 0.37500000000000006 2.4975511133603234 652.50000000000011 1.8750000000000002 -2.1586958333333421 225.12500000000003 48.321000000000005 0.40950393363858112 0.63462401211809316 3.5000000000000004
decision_type=2 2 2 8 2 2 8 2 2 10 2 2 2 2
left_child=5 3 -3 -2 -5 7 -7 -1 -9 -10 -11 12 -12 -14
right_child=1 2 -4 4 -6 6 -8 8 9 10 11 -13 13 -15
leaf_value=-0.027942632780978343 -0.00675666204619491 -0.035166407663633846 0.021105621034602562 -0.018826120304882277 0.028486436622759674 0.011756505180075913 -0.027153122182200722 -0.002855901282687201 0.0075128058229859121 0.015813515292881126 -0.027700437764554157 -0.03592417363756889 0.031898181271676158 -0.027618621667339784
leaf_weight=198.48428036796395 240.58073310321197 188.87928392575122 151.17867804318666 111.92398963775486 1291.215803090483 174.19763379218057 431.41385170887224 4482.3010089844465 7526.9366774568334 568.31259654322639 286.45526806078851 491.05418197484687 429.01513450872153 226.58811063645408
leaf_count=23552 626 1096 224 1179 1477 3342 11820 11988 19542 2627 1462 2723 440 902
internal_value=0.00290947 0.0149069 -0.0101612 0.0200961 0.0247017 0.00130205 -0.0159603 0.00203886 0.00246556 0.00496891 -0.00459713 -0.0126965 -0.000563704 0.0113174
internal_weight=16798.5 1983.78 340.058 1643.72 1403.14 14814.8 605.611 14209.1 14010.7 9528.36 2001.43 1433.11 942.059 655.603
internal_count=83000 4602 1320 3282 2656 78398 15162 63236 39684 27696 8154 5527 2804 1342
is_linear=0
shrinkage=0.03


Tree=125
num_leaves=15
num_cat=0
split_feature=34 41 30 40 11 9 10 9 7 33 23 11 11 37
split_gain=308.999 284.645 228.22 206.078 257.612 223.575 199.101 284.455 421.426 273.561 490.62 439.621 235.453 225.103
threshold=0.41428571428571448 2211.5000000000005 0.57469315581443736 4.2667357020833334 13.968000000000002 0.44231227748408436 0.300154685592188 0.39104678234390672 13.790450000000002 0.74062996467232078 53.621400000000001 14.199750000000002 14.530950000000002 1.0000000180025095e-35
decision_type=2 10 2 8 2 2 2 2 2 2 2 2 2 2
left_child=1 2 6 4 -2 -6 7 8 -1 10 11 -8 -10 -14
right_child=3 -3 -4 -5 5 -7 9 -9 12 -11 -12 -13 13 -15
leaf_value=-0.042732296186344797 0.026576576730321561 -0.032939544212558403 0.0203882868572722 0.024231307671679136 -0.069177990292983091 -0.00038406809093348383 0.0072280417398084369 0.0052782182935519921 0.0066225720502484618 -0.043981127781947973 0.027258831335485019 -0.020700253839666539 0.0026200960202891212 -0.033857569590751084
leaf_weight=259.61426657461561 140.21065203705803 207.19821749511175 607.00261696707457 954.61858628503978 69.547869418282062 107.03718235436827 863.09626312321052 10157.483485624893 1085.6898384613451 157.94906734931283 394.54577915975824 1227.9987982423045 287.89544004923664 321.83812895673327
leaf_count=3959 148 5301 938 1642 409 307 5096 46135 4621 1059 535 9071 2166 1666
internal_value=0.00306523 0.00190349 0.00237552 0.0172797 -0.00367833 -0.0277155 0.00163322 0.00326124 -0.00721537 -0.00582454 -0.00338318 -0.00917495 -0.00175481 -0.016658
internal_weight=16841.7 15570.3 15363.1 1271.41 316.796 176.585 14756.1 12112.5 1955.04 2643.59 2485.64 2091.1 1695.42 609.734
internal_count=83053 80547 75246 2506 864 716 74308 58547 12412 15761 14702 14167 8453 3832
is_linear=0
shrinkage=0.03


Tree=126
num_leaves=15
num_cat=0
split_feature=28 8 39 22 10 12 39 22 43 43 32 4 11 11
split_gain=334.655 437.111 335.639 282.775 242.353 221.423 204.673 191.391 180.016 178.985 178.38 254.602 167.811 183.938
threshold=0.53125000000000011 13.493665104166668 3.5670617847222226 -3.6971577122153332 0.37529888888888702 41.688212500000013 156.27204118944448 6.3717596256684521 2.3750000000000004 0.62500000000000011 0.45312500000000006 13.873446875000003 14.179300000000001 14.69805
decision_type=2 2 8 2 2 2 8 2 2 2 2 2 2 2
left_child=4 2 7 -3 5 -1 10 -2 -7 -4 -5 -12 -6 -14
right_child=1 3 9 6 12 8 -8 -9 -10 -11 11 -13 13 -15
leaf_value=-0.033815441929038244 -0.043748115798447 -0.031486673156255383 -0.0096172273105142592 -0.05322801555610731 0.0028697993705874007 -0.029899512085844536 0.0093914687302154923 0.0080753351358595817 0.0018720649101385152 0.02641416740121709 0.014517802215972118 -0.022831257630105149 -0.043775770121768927 -0.003996853659111739
leaf_weight=162.16602385370061 103.54571461444721 217.17645504139364 133.14002411998808 73.904645846225321 234.87851407099515 161.95233162143268 1848.2215139090549 165.29481000453234 10672.495615044143 1734.5100043602288 324.33934660651721 330.83789477846585 271.45961569412611 170.18247607350349
leaf_count=1868 644 2921 1246 508 2078 25947 4239 263 34008 2021 765 1771 3392 1246
internal_value=0.00256763 0.00911976 0.0193316 0.00130824 -0.00020067 0.000872166 0.00408285 -0.011973 0.00139443 0.0238418 -0.00936894 -0.00434801 -0.0176148 -0.028491
internal_weight=16604.1 4930.97 2136.49 2794.48 11673.1 10996.6 2577.3 268.841 10834.4 1867.65 729.082 655.177 676.521 441.642
internal_count=82917 14378 4174 10204 68539 61823 7283 907 59955 3267 3044 2536 6716 4638
is_linear=0
shrinkage=0.03


Tree=127
num_leaves=15
num_cat=0
split_feature=34 23 21 33 17 18 38 41 29 40 20 11 33 8
split_gain=315.445 233.329 242.361 355.331 272.988 271.763 256.563 255.14 314.888 222.247 216.801 214.243 284.469 395.251
threshold=0.32743907279511003 56.476950000000009 2.2978799366170191 0.86548926165057338 0.83057477455358109 -2.6637928571428477 149.62500000000003 640.50000000000011 0.46537767659680002 3.6454153311111113 43.987950868055556 13.997300000000001 0.5903492476608817 13.581618576388891
decision_type=2 2 2 2 2 2 8 8 2 8 2 2 2 2
left_child=1 2 3 4 -1 -4 -6 10 -9 -2 -7 -8 -13 -14
right_child=9 -3 5 -5 6 7 11 8 -10 -11 -12 12 13 -15
leaf_value=0.0050127176025573095 -0.0075147231252383952 -0.045353272156545679 -0.0067687394366842861 0.023375322574781688 -0.020886451244340899 -0.039394988875590384 0.021114160143831311 -0.024055720734034038 0.005199704948132493 0.019401820064107806 0.016384632672963785 -0.028019551384215208 0.012971740328786275 -0.015178193961305313
leaf_weight=1611.3415867619915 338.30862484592944 95.227685158140957 1557.8340429260861 417.42337203235365 1243.753954088199 63.478524688165635 267.04743630765006 355.97639933344908 4572.5567039535381 1488.9440938476473 2387.8957290961407 469.36699530761689 853.73847562866285 944.50179003993981
leaf_count=8369 1060 1059 6446 1146 14055 675 2080 3545 14642 3086 7829 7716 4223 6875
internal_value=0.00265881 0.00121017 0.00151395 -0.0032573 -0.00532388 0.00461402 -0.00973219 0.00701741 0.0030822 0.0144169 0.0149247 -0.00425272 -0.00724808 -0.00181386
internal_weight=16667.4 14840.1 14744.9 5807.17 5389.75 8937.74 3778.41 7379.91 4928.53 1827.25 2451.37 2534.65 2267.61 1798.24
internal_count=82806 78660 77601 44464 43318 33137 34949 26691 18187 4146 8504 20894 18814 11098
is_linear=0
shrinkage=0.03


Tree=128
num_leaves=15
num_cat=0
split_feature=43 34 8 39 30 40 10 39 39 40 33 38 35 22
split_gain=293.034 320.256 260.027 243.537 240.21 221.145 192.025 204.853 491.683 384.117 324.789 295.114 286.604 294.957
threshold=1.0000000180025095e-35 0.46606334841628971 14.61027482638889 425.11774725055562 0.59425837320574182 4.2667357020833334 0.36587827380953225 30.952648828055558 68.699812243750003 20.770238512083338 0.49709196129747696 1.6250000000000002 4.5000000000000009 3.9206321428572215
decision_type=2 2 2 10 2 8 2 8 10 8 2 10 2 2
left_child=-1 2 3 4 6 -3 7 9 10 -2 -9 -10 13 -13
right_child=1 5 -4 -5 -6 -7 -8 8 11 -11 -12 12 -14 -15
leaf_value=-0.031519958979892952 0.0025233842915002693 -0.0038538445690436875 -0.054325871385378345 -0.052642455362393425 0.021204466987906921 0.02792985044749283 -0.010021054160855062 -0.013656071119820392 -0.050501941692193061 -0.024910717843850017 0.017376169162005416 -0.008233115841985543 0.023030440125490069 0.0042515522179489909
leaf_weight=219.96184611821081 1601.4090987872332 267.03746016137302 71.943147038342431 70.873722166987136 605.95795289659873 748.03026362415403 1114.2422322172206 336.96066546975635 99.75712558394298 642.9792762582656 2999.8070926214568 2691.7949414004106 503.96026869816706 4633.0616683326662
leaf_count=24558 8345 712 443 453 804 999 7300 2004 563 4772 6481 15500 773 9183
internal_value=0.00279806 0.00326058 0.00218227 0.0024515 0.00271133 0.0195728 0.00194365 0.00293113 0.00458003 -0.00534362 0.0142393 0.000513633 0.00117006 -0.000336908
internal_weight=16607.8 16387.8 15372.7 15300.8 15229.9 1015.07 14624 13509.7 11265.3 2244.39 3336.77 7928.57 7828.82 7324.86
internal_count=82890 58332 56621 56178 55725 1711 54921 47621 34504 13117 8485 26019 25456 24683
is_linear=0
shrinkage=0.03


Tree=129
num_leaves=15
num_cat=0
split_feature=28 11 43 40 41 43 4 33 18 35 28 22 20 12
split_gain=308.396 357.849 275.742 277.44 261.433 230.838 211.87 201.091 194.414 187.968 168.463 221.759 153.595 152.885
threshold=0.63541666666666685 15.399950000000002 1.0000000180025095e-35 2.4092308938888896 1961.5000000000002 3.3750000000000004 13.764556250000002 0.84953506472103613 -3.4032366666666616 5.5000000000000009 0.84375000000000011 -0.62053022935302116 43.987950868055556 41.688212500000013
decision_type=2 2 2 8 8 2 2 2 2 2 2 2 2 2
left_child=5 2 -2 8 7 -1 -5 -3 -4 12 11 -8 -7 -14
right_child=1 4 3 6 -6 9 10 -9 -10 -11 -12 -13 13 -15
leaf_value=-0.021040533068647845 -0.032639730907588128 -0.027154701870222304 0.0050321520476212488 0.028348942845408624 -0.044940547854383631 -0.038764480632110604 -0.04076241427947775 0.01848698205269823 -0.047615582280548657 -0.045997993075940026 0.02592000720831189 0.008198885991431806 -0.026920258976997503 0.0019861905698019375
leaf_weight=439.46268944977783 104.06952409865335 136.95465268753469 230.68439282663167 1328.6269181706011 152.69115724693984 84.40719644445926 98.929943128488958 233.66503925295547 85.82725721038878 74.973884457722306 363.19508239626884 497.99024610966444 165.88612781558186 12424.318674969021
leaf_count=36196 1900 692 541 1590 1462 643 677 483 386 546 431 720 1044 35614
internal_value=0.00234748 0.0106501 0.0150363 0.0169526 -0.0120441 0.00031186 0.0205924 0.00159338 -0.00934914 0.00104944 0.00984036 2.97337e-05 0.00133135 0.00160322
internal_weight=16421.7 3232.63 2709.32 2605.25 523.311 13189 2288.74 370.62 316.512 12749.6 960.115 596.92 12674.6 12590.2
internal_count=82925 8882 6245 4345 2637 74043 3418 1175 927 37847 1828 1397 37301 36658
is_linear=0
shrinkage=0.03


Tree=130
num_leaves=15
num_cat=0
split_feature=29 43 43 39 16 18 14 22 11 11 9 20 7 38
split_gain=276.161 229.841 204.804 213.299 202.507 195.835 186.988 186.284 167.544 140.633 125.271 246.22 405.69 151.86
threshold=0.90463210506633718 4.3750000000000009 1.0000000180025095e-35 1.0012836895833337 45.825671875000005 -0.1135385714285712 -0.68412905844155791 -3.3369505244755411 15.299100000000001 15.922650000000003 0.38987592107727259 47.153374652777785 13.951800000000002 170.37500000000003
decision_type=2 2 2 8 2 2 2 2 2 2 2 2 2 8
left_child=1 4 -2 -4 5 -1 -3 9 -5 -7 11 12 -8 -13
right_child=2 6 3 8 -6 7 10 -9 -10 -11 -12 13 -14 -15
leaf_value=-0.029397117110984777 -0.032634269119045371 -0.0030385901410501831 -0.019614951271207326 0.023519969464494864 -0.029705159288313042 -0.020105416970158108 -0.02607079106371905 0.023595110161774822 0.0016364354906326158 0.047764384385115426 0.0058505180623686336 -0.0062385890693472199 0.017400112693389869 -0.050714311203018926
leaf_weight=183.54721944592893 83.663428647909313 4439.2102251630276 145.74686700850725 1273.2357588061132 386.93506598169915 225.68200410995632 287.27032795641571 274.61196613777429 418.42821319634095 30.307469374965876 7811.1755182500929 133.28282082080841 584.99314474128187 143.18253405299038
leaf_count=6615 1512 11787 422 1942 19258 15183 1464 1580 1054 119 19929 330 1005 712
internal_value=0.00232924 0.000912784 0.0130146 0.0151097 -0.0122567 -0.00277455 0.00199583 0.00647278 0.0181113 -0.0119155 0.00449021 -0.00475672 0.00306999 -0.0293725
internal_weight=16421.3 14500.2 1921.07 1837.41 1101.08 714.149 13399.1 530.601 1691.66 255.989 8959.9 1148.73 872.263 276.465
internal_count=82912 77982 4930 3418 42755 23497 35227 16882 2996 15302 23440 3511 2469 1042
is_linear=0
shrinkage=0.03


Tree=131
num_leaves=15
num_cat=0
split_feature=24 43 43 7 28 39 33 40 4 29 41 37 39 40
split_gain=287.818 201.342 182.176 181.31 370.337 235.808 310.135 465.342 295.259 269.951 266.123 264.173 396.628 258.452
threshold=1.0416666666666667 1.1250000000000002 1.8750000000000002 14.273800000000001 0.46875000000000006 206.04542321097225 0.63169159531968488 173.75895967930558 13.529237499999999 0.58015573000383847 1666.5000000000002 2.5000000000000004 187.05211569500003 249.09878875972225
decision_type=2 2 2 2 2 8 2 8 2 2 8 2 10 10
left_child=1 -1 -2 4 -3 6 8 -8 9 -5 -11 -9 -13 -7
right_child=2 3 -4 5 -6 13 7 11 -10 10 -12 12 -14 -15
leaf_value=-0.026225517504834959 -0.0092214240959757991 0.0014615326799792977 0.021881074297762045 -0.032457817344090881 0.017613023085030394 0.019306239862734224 0.0065170153698232321 -0.040880113109255961 -0.046482414041737863 0.0099417956787448587 -0.040076601987217707 -0.043972106910451128 0.028140887964145465 -0.0031553449198342721
leaf_weight=237.8337308584014 204.54061915306374 7785.5186600759625 974.52387936413288 350.28977263229899 1527.5486411098391 769.24770294222981 1873.2724349575583 345.14454107405618 277.93011836032383 503.51362381526269 117.1544953272678 116.13605655403808 164.81424470245838 1147.9061424953397
leaf_count=28470 1175 31249 1468 2287 2304 1322 4878 1939 2158 1052 667 671 201 3192
internal_value=0.00220947 0.00110251 0.0164823 0.00153816 0.00411234 -0.00269339 -0.00707 -0.000967988 -0.0192712 -0.0114424 0.000451271 -0.0233378 -0.0017186 0.00586261
internal_weight=16395.4 15216.3 1179.06 14978.5 9313.07 5665.41 3748.26 2499.37 1248.89 970.958 620.668 626.095 280.95 1917.15
internal_count=83033 80390 2643 51920 33553 18367 13853 7689 6164 4006 1719 2811 872 4514
is_linear=0
shrinkage=0.03


Tree=132
num_leaves=15
num_cat=0
split_feature=43 36 35 21 18 10 22 12 23 38 40 38 23 9
split_gain=261.196 337.154 195.631 176.504 315.827 355.216 300.263 238.489 323.82 359.614 250.842 236.967 370.96 235.602
threshold=1.0000000180025095e-35 3.6250000000000004 5.5000000000000009 2.446903532801834 -1.3226656798245344 0.29793928571428846 -3.7488930546955577 44.06589166666668 48.473850000000006 297.12500000000006 64.548884041944447 81.125000000000014 50.511800000000008 0.42026734274991945
decision_type=2 2 2 2 2 2 2 2 2 10 10 8 2 2
left_child=-1 2 3 6 5 -5 -2 8 -8 11 -9 12 -10 -12
right_child=1 -3 -4 4 -6 -7 7 10 9 -11 13 -13 -14 -15
leaf_value=-0.031371007098360042 -0.026707895536009205 0.018640312791406346 -0.039407035770569948 0.0039012161978908672 0.018447156684013592 -0.04353402507853342 0.037441285225373912 0.010434231057691467 -0.027008010905582861 0.029546168980419497 0.0026423121551702772 -0.037396532894359895 0.025250560018617575 -0.010601892786843783
leaf_weight=199.67609421059024 354.95705334329978 1160.8304799841717 101.63561247219332 1665.6679659346119 1499.7386621050537 154.32076103240252 111.83850608021021 2801.7463184259832 338.76147082587704 137.31775214709342 5796.2259541940875 476.12411881284788 190.02349652908742 1526.3207974028774
leaf_count=24524 12159 1931 862 3821 6240 628 313 6772 1911 422 14401 3875 214 4944
internal_value=0.00264715 0.00306537 0.0018712 0.0021525 0.00825863 -0.000142618 0.000424327 0.00127301 -0.0110624 -0.0158401 0.0028019 -0.0220652 -0.00821622 -0.000119397
internal_weight=16515.2 16315.5 15154.7 15053 3319.73 1819.99 11733.3 11378.4 1254.07 1142.23 10124.3 1004.91 528.785 7322.55
internal_count=83017 58493 56562 55700 10689 4449 45011 32852 6735 6422 26117 6000 2125 19345
is_linear=0
shrinkage=0.03


Tree=133
num_leaves=15
num_cat=0
split_feature=24 15 21 38 32 9 28 21 38 33 22 39 39 39
split_gain=280.712 179.946 195.372 314.237 364.421 356.685 293.676 220.03 203.088 204.337 366.445 214.528 210.527 253.731
threshold=1.0416666666666667 43.209350000000008 2.4423517598146476 125.62500000000001 0.64062500000000011 0.39581839458588691 0.40625000000000006 2.4615150816214117 1.6250000000000002 0.85399373992989747 -3.3998628571428595 10.474760801666669 67.086251258194451 40.633751405277785
decision_type=2 2 2 8 2 2 2 2 8 2 2 8 10 8
left_child=1 -1 8 4 5 -4 7 -5 -3 10 -10 -12 13 -13
right_child=-2 2 3 6 -6 -7 -8 -9 9 -11 11 12 -14 -15
leaf_value=-0.020703539993148633 0.016701309038507226 -0.052225234032754454 -0.030371414953173345 0.013730546560978871 -0.039084039949611842 0.022816641206352024 0.0093174217837156369 -0.028805877729626193 -0.028900941955216156 0.018273376238315899 -0.034466245740907606 -0.0027936585014476613 -0.0020559705021304174 0.013304553115939328
leaf_weight=322.17992881988175 1167.4301168620586 65.406031094491482 120.72756363986991 143.91247710422613 100.74249500408769 1701.7823136693332 804.75750495539978 449.35911334888078 393.24993679625914 546.71621564542875 154.12866538343951 1468.6890388703905 6788.1763431010768 2200.6588517331984
leaf_count=3295 2624 295 625 358 527 4444 1752 4355 20169 1760 1065 7728 26121 7775
internal_value=0.00252929 0.0014441 0.00192312 0.00833841 0.0162028 0.0192786 -0.00248435 -0.0184819 8.84478e-05 0.000389146 -0.00050091 0.000554171 0.00107357 0.0068621
internal_weight=16427.9 15260.5 14938.3 3321.28 1923.25 1822.51 1398.03 593.272 11617 11551.6 11004.9 10611.7 10457.5 3669.35
internal_count=82893 80269 76974 12061 5596 5069 6465 4713 64913 64618 62858 42689 41624 15503
is_linear=0
shrinkage=0.03


Tree=134
num_leaves=15
num_cat=0
split_feature=43 28 14 10 11 11 33 18 38 12 33 35 9 29
split_gain=255.355 318.799 195.676 191.958 225.398 263.948 436.955 208.743 375.826 336.971 458.764 285.142 354.166 265.744
threshold=1.0000000180025095e-35 0.90625000000000011 -2.4473566666666589 0.34652055555555239 14.179300000000001 15.162850000000001 0.7263130328419517 -1.8609377380952425 225.12500000000003 46.258254166666681 0.63945004653381976 3.5000000000000004 0.40904134463372716 0.87288860242313993
decision_type=2 2 2 2 2 2 2 2 10 2 2 2 2 2
left_child=-1 2 -2 7 -5 -6 -7 -4 -9 -10 -11 12 -12 -13
right_child=1 -3 3 4 5 6 -8 8 9 10 11 13 -14 -15
leaf_value=-0.031342092386650075 -0.031671115974159614 0.018417643918773388 -0.0011428316164010799 0.0097746487651320969 -0.025080607221415151 0.030748879967586136 -0.046070444056160634 0.0099353082147514236 0.015021418596710388 -0.044036841879305448 0.027401383787076718 -0.037653426258862192 -0.039933821428469296 0.0082917828160417335
leaf_weight=194.76760155579541 153.04131565243006 1139.7984825801104 5323.6124073448591 458.67166981077753 746.42407437413931 220.41221702191979 94.354192908853292 6291.0646559477318 499.63262476376258 335.77196792489849 356.52441394818015 282.59100953908637 86.577310108346865 188.16767423204146
leaf_count=24604 559 1937 13899 2558 5829 306 627 22447 3386 2897 594 2199 590 444
internal_value=0.00271596 0.00312794 0.00196782 0.00231582 -0.00778345 -0.0153745 0.00764859 0.00346489 0.00651549 -0.00578223 -0.0141054 -0.0030718 0.0141845 -0.0193099
internal_weight=16371.4 16176.6 15036.8 14883.8 1519.86 1061.19 314.766 13363.9 8040.33 1749.27 1249.63 913.86 443.102 470.759
internal_count=82876 58272 56335 55776 9320 6762 933 46456 32557 10110 6724 3827 1184 2643
is_linear=0
shrinkage=0.03


Tree=135
num_leaves=15
num_cat=0
split_feature=24 43 14 34 4 18 33 41 43 39 41 37 34 32
split_gain=251.44 186.828 189.383 179.748 160.291 156.944 165.949 207.372 127.455 117.615 133.057 124.605 113.562 113.328
threshold=1.1250000000000002 1.8750000000000002 -0.73740000000000494 0.25000000000000017 13.690585416666668 1.5677854166666849 0.56114268613154417 674.50000000000011 2.1250000000000004 15.407226954305559 38.500000000000007 1.0000000180025095e-35 0.43806073153899244 0.60590277777777779
decision_type=2 2 2 2 2 2 2 8 2 8 8 2 2 2
left_child=1 -1 9 5 -5 -4 -7 -8 -2 11 -11 -3 -6 -9
right_child=8 2 3 4 12 6 7 13 -10 10 -12 -13 -14 -15
leaf_value=-0.019453365254742009 -0.0044873350264735086 0.0034147574397196036 0.0039407916981185377 0.020501858768738262 -0.016845468124543954 -0.030567405401777638 0.025767447725897431 -0.016967669443659648 0.023664785428738216 -0.041144150596259893 -0.0010349060061285815 -0.029925977390599854 0.02210547734212958 0.012089700203609373
leaf_weight=382.20867373049259 182.7060509538278 156.10051915515214 8109.6207161340863 969.19179735379294 208.86472600512207 233.45761376665905 186.8842460042797 499.47900814935565 690.22410995140672 74.84687140583992 4009.9781662428286 283.24582193978131 98.239477223716676 158.43875290127471
leaf_count=32550 924 355 22803 1689 680 4384 739 4997 1077 301 10646 1377 140 576
internal_value=0.00212126 0.0012312 0.00175992 0.00397715 0.0145222 0.00251091 -0.008237 -0.00203724 0.0177741 -0.00336816 -0.00177972 -0.0180991 -0.00435416 -0.00996239
internal_weight=16243.5 15370.6 14988.3 10464.2 1276.3 9187.88 1078.26 844.802 872.93 4524.17 4084.83 439.346 307.104 657.918
internal_count=83238 81237 48687 36008 2509 33499 10696 6312 2001 12679 10947 1732 820 5573
is_linear=0
shrinkage=0.03


Tree=136
num_leaves=15
num_cat=0
split_feature=30 43 34 39 23 39 37 12 38 23 16 8 7 7
split_gain=240.234 210.461 224.221 214.858 467.648 361.961 377.204 466.926 358.365 240.671 604.16 323.763 313.306 308.137
threshold=0.57207792207792219 2.1250000000000004 0.48529411764705871 68.699812243750003 54.19530000000001 35.751316172638901 1.0000000180025095e-35 46.092258333333341 271.62500000000006 51.683800000000005 48.522650000000013 13.073335937500003 14.241800000000003 14.693500000000002
decision_type=2 2 2 10 2 8 2 2 10 2 2 2 2 2
left_child=1 -1 3 4 5 6 -3 8 -8 10 12 -12 -7 -14
right_child=-2 2 -4 -5 -6 9 7 -9 -10 -11 11 -13 13 -15
leaf_value=-0.017586955852150258 0.019532202411459868 0.015991789417998142 0.018156853581952955 -0.0015851725645428744 -0.042639840237823065 0.018713943565943109 -0.040425699178715503 0.0034895209942001678 0.014113258441558075 0.027467254748537506 0.00031537013108732365 -0.058656572750446577 -0.039565689980463753 0.043661766944920882
leaf_weight=492.22098110592924 709.76435989327729 755.18504823790863 763.59496835060418 8443.684925459791 172.55634462367743 1921.8139081595 522.33109133783728 982.46147352666594 136.22258391836658 854.54279721574858 171.77671637386084 162.554309559986 163.47671120939776 52.011180741712451
leaf_count=34005 1312 2123 1328 26375 1476 4305 4416 3960 731 960 341 742 903 58
internal_value=0.00247531 0.00169778 0.00232744 0.00148325 0.00587787 0.0073481 -0.0015413 -0.00961475 -0.02914 0.0137506 0.00899904 -0.0284467 0.0148671 -0.0193686
internal_weight=16304.2 15594.4 15102.2 14338.6 5894.93 5722.38 2396.2 1641.02 658.554 3326.18 2471.63 334.331 2137.3 215.488
internal_count=83035 81723 47718 46390 20015 18539 11230 9107 5147 7309 6349 1083 5266 961
is_linear=0
shrinkage=0.03


Tree=137
num_leaves=15
num_cat=0
split_feature=30 43 36 8 36 36 39 39 8 35 32 4 23 38
split_gain=242.823 201.302 233.584 208.402 191.793 191.041 248.039 210.334 208.818 178.051 167.925 264.985 329.714 336.861
threshold=0.26679841897233209 1.0000000180025095e-35 4.3750000000000009 14.306229513888892 2.7083333333333335 2.6250000000000004 2.5334271483333337 355.3946902698612 13.733877256944444 5.5000000000000009 0.48090277777777785 13.655007291666667 53.621400000000001 314.62500000000006
decision_type=2 2 2 2 2 2 8 10 2 2 2 2 2 8
left_child=1 -1 3 5 -5 7 -7 9 -8 10 11 -3 13 -13
right_child=-2 2 -4 4 -6 6 8 -9 -10 -11 -12 12 -14 -15
leaf_value=-0.031117113258226067 0.01832598924899069 0.00084539564937036106 0.023109952653071746 0.00091731144294471397 -0.041966585842928388 -0.016730702684358049 0.027429061465622285 -0.051550898086683734 0.0031859771451115239 -0.044307336190162805 0.0090776853999911204 -0.03736191849910573 0.01973470788004348 0.011519703964581855
leaf_weight=170.16587665257975 785.60471667419188 9846.2825215193443 440.14206936955452 182.72614979348145 191.90997735247947 235.42920608725399 721.16029129549861 68.93513799237553 574.4026464461349 77.901652787812054 1915.8961280786898 530.55858835298568 180.20327035151422 166.14238537871279
leaf_count=24367 1506 39574 670 622 1034 822 882 508 1278 808 6328 3494 326 770
internal_value=0.00207033 0.00123462 0.00160047 0.000954538 -0.0211035 0.00153317 0.0115443 0.000333627 0.0166914 0.00061891 0.000899298 -0.000562632 -0.0163556 -0.0257053
internal_weight=16087.5 15301.9 15131.7 14691.5 374.636 14316.9 1530.99 12785.9 1295.56 12717 12639.1 10723.2 876.904 696.701
internal_count=82989 81483 57116 56446 1656 54790 2982 51808 2160 51300 50492 44164 4590 4264
is_linear=0
shrinkage=0.03


Tree=138
num_leaves=15
num_cat=0
split_feature=30 39 34 23 39 43 40 33 41 12 40 37 23 35
split_gain=243.254 197.844 265.191 208.648 197.147 168.223 294.371 199.293 217.639 205.573 164.474 185.202 398.147 287.654
threshold=0.57469315581443736 0.49650164250000006 0.48529411764705871 56.476950000000009 425.11774725055562 6.3750000000000009 262.59878875972225 0.57932547595167116 674.50000000000011 41.688212500000013 470.08636418458337 3.5000000000000004 51.797300000000007 3.5000000000000004
decision_type=2 8 2 2 10 2 10 2 8 2 10 2 2 2
left_child=1 -1 3 4 5 6 7 -3 9 -9 11 -7 -13 -14
right_child=-2 2 -4 -5 -6 10 -8 8 -10 -11 -12 12 13 -15
leaf_value=-0.046535659992541549 0.019269013177348023 -0.014086719346343231 0.018396773808704615 -0.044140471204884867 -0.049635715623065645 0.0034398986521378817 -0.032957506353964827 -0.04004343419753624 -0.002145483976612626 0.028634302852407784 0.036206572455965695 -0.036533424367060731 0.0222522496109612 -0.031656269223837248
leaf_weight=76.700203355867416 701.31354560120963 857.42691309249494 787.83285838854499 92.47565181797836 68.34712010982912 10341.058206174523 306.74957054830156 42.663481004768983 1506.9662773283198 395.00966234714724 129.92481327056885 331.86795470118523 313.65762338601053 123.29735656268895
leaf_count=306 1299 25427 1716 1079 602 22844 5054 428 19481 2071 66 1703 353 480
internal_value=0.00200318 0.00121437 0.00145681 0.0005358 0.000825411 0.00106922 -0.00510621 -0.00204658 0.00326664 0.0218637 0.00277758 0.00238342 -0.0118128 0.00700312
internal_weight=16075.3 15374 15297.3 14509.4 14417 14348.6 3108.82 2802.07 1944.64 437.673 11239.8 11109.9 768.823 436.955
internal_count=82909 81610 81304 79588 78509 77907 52461 47407 21980 2499 25446 25380 2536 833
is_linear=0
shrinkage=0.03


Tree=139
num_leaves=15
num_cat=0
split_feature=21 18 8 22 33 12 23 5 15 8 20 23 15 41
split_gain=221.689 328.811 249.083 245.188 230.179 217.214 256.01 259.999 219.096 238.705 214.424 347.628 259.184 229.743
threshold=2.4310470183563453 -1.2242974999999907 12.754375520833335 -3.7488930546955577 0.98684135120775107 44.105337500000012 48.473850000000006 0.3997079422792193 44.095950000000009 13.083157118055558 45.516655902777778 50.86010000000001 43.343700000000005 131.50000000000003
decision_type=2 2 2 2 2 2 2 2 2 2 2 2 2 8
left_child=3 2 -2 4 -1 6 -5 -8 -9 -10 -4 -12 -13 -14
right_child=1 -3 10 5 -6 -7 7 8 9 -11 11 12 13 -15
leaf_value=-0.029504850051451138 -0.047875103501334185 0.01768438625022983 0.019611984993864282 0.035602679307963937 0.021279876413296081 0.0023494769163156606 -0.030173382387522499 -0.037276811761995009 0.014282156680716624 -0.039766651751873362 -0.052189368462669049 -0.040448289831760693 0.019990432024808158 -0.0038296376352604639
leaf_weight=430.0099918456981 90.217915575951338 1786.5502635126468 521.39956166082993 98.815689653274603 97.956446520984173 9976.7387778476113 529.30434308934491 129.22920587297995 473.72536617261358 86.03898043022491 116.06953236833215 123.62383455038071 558.01941491663456 1046.1173070290824
leaf_count=19683 615 8507 1142 379 293 37259 5475 1797 1857 768 474 667 703 3260
internal_value=0.00201388 0.00789638 0.000770454 -9.74119e-05 -0.0200601 0.000837498 -0.0106084 -0.0143827 -0.00222564 0.00591845 0.00264541 -0.00216044 0.00122871 0.00446377
internal_weight=16063.8 4242 2455.45 11821.8 527.966 11293.9 1317.11 1218.3 688.994 559.764 2365.23 1843.83 1727.76 1604.14
internal_count=82879 15368 6861 67511 19976 47535 10276 9897 4422 2625 6246 5104 4630 3963
is_linear=0
shrinkage=0.03


Tree=140
num_leaves=15
num_cat=0
split_feature=28 8 40 22 41 11 39 39 8 20 12 39 35 40
split_gain=246.157 369.996 287.895 222.068 210.657 202.252 188.702 350.718 276.729 388.065 315.291 239.802 434.063 304.115
threshold=0.55208333333333337 13.590870486111113 2.4092308938888896 -3.8584171550671393 2196.5000000000005 14.064750000000002 68.699812243750003 30.952648828055558 12.84689166666667 45.280553298611117 46.556700000000014 206.04542321097225 2.5000000000000004 151.99164110861113
decision_type=2 2 8 2 8 2 10 10 2 2 2 10 2 10
left_child=4 2 5 -3 6 -2 7 8 9 10 -1 13 -13 -8
right_child=1 3 -4 -5 -6 -7 11 -9 -10 -11 -12 12 -14 -15
leaf_value=-0.032932302558707355 0.015660672484824747 -0.034446777010210601 0.022329446073524713 0.0023200400414801455 -0.023742675648283484 -0.038525963836865323 -0.0017166362353554729 0.010835427700493585 -0.014939111454527268 0.038575342445876501 0.014692343514919546 -0.050582264438515365 0.010597707839689503 -0.018148199222519638
leaf_weight=227.1204853738891 118.95847096666694 158.11318130395375 1630.3139316171873 2087.3405294653494 342.10839969909284 127.52221584832296 3389.8571272966219 3046.8020851982292 1138.5009807531023 254.31510500004515 276.15922838938423 110.82574590086006 1567.0260572022526 1445.3664581165649
leaf_count=3251 182 2331 3403 6374 6786 661 18528 14305 9940 411 783 1576 5988 8432
internal_value=0.001625 0.00793491 0.0177621 -0.00028307 -0.000580171 -0.0124164 0.00011354 0.00453277 -0.00559523 0.00844779 -0.00682243 -0.00324048 0.00652892 -0.00663117
internal_weight=15920.3 4122.25 1876.79 2245.45 11798.1 246.481 11456 4942.9 1896.1 757.595 503.28 6513.08 1677.85 4835.22
internal_count=82951 12951 4246 8705 70000 843 63214 28690 14385 4445 4034 34524 7564 26960
is_linear=0
shrinkage=0.03


Tree=141
num_leaves=15
num_cat=0
split_feature=28 11 41 41 39 35 32 7 11 9 4 39 39 23
split_gain=225.152 195.628 191.821 176.126 175.587 168.368 159.748 392.214 320.822 345.196 299.61 298.199 314.241 333.013
threshold=0.84375000000000011 15.433650000000002 1977.5000000000002 2211.5000000000005 425.11774725055562 5.5000000000000009 0.29340277777777785 13.531550000000001 13.968000000000002 0.39048201661500387 12.819323958333333 14.864085829027779 60.82627733513889 51.184250000000006
decision_type=2 2 10 10 10 2 2 2 2 2 2 8 10 2
left_child=3 -2 -3 4 5 6 7 -1 9 -8 -10 -12 -13 -14
right_child=1 2 -4 -5 -6 -7 8 -9 10 -11 11 12 13 -15
leaf_value=-0.035646035493696514 0.018524494787155465 0.0077329437620124687 -0.04614388541973493 -0.03447110285019192 -0.048097995952207304 -0.041072376917003363 -0.042164995089384566 -0.0010636523062153205 0.013201685827379102 0.023423030315748595 -0.031190450789554919 0.0099463432698811537 -0.01926093734560997 -0.00025974175845723882
leaf_weight=328.09511492168531 1134.2134477179497 180.921193161048 87.438130781752989 127.50627843651455 64.773112729308195 83.974169502733275 77.009189423406497 2862.99471437803 1602.4304703383241 987.08122118725441 282.59118672122713 2145.9291359625058 996.05255806550849 4958.3667095596902
leaf_count=4868 2764 437 678 4783 606 906 654 20666 5915 2303 2741 8156 6397 21152
internal_value=0.00160383 0.0130775 -0.0099276 0.000494454 0.000806665 0.00103115 0.00128229 -0.00462933 0.00298983 0.0186412 0.00132024 -0.000952245 0.000106374 -0.00344095
internal_weight=15919.4 1402.57 268.359 14516.8 14389.3 14324.5 14240.6 3191.09 11049.5 1064.09 9985.37 8382.94 8100.35 5954.42
internal_count=83026 3879 1115 79147 74364 73758 72852 25534 47318 2957 44361 38446 35705 27549
is_linear=0
shrinkage=0.03


Tree=142
num_leaves=15
num_cat=0
split_feature=30 21 18 10 32 38 22 12 38 38 38 11 11 39
split_gain=232.398 185.124 271.068 373.89 267.442 268.447 180.218 195.282 313.296 282.32 271.253 216.321 359.23 225.381
threshold=1.0000000180025095e-35 2.4234955239885445 -1.2242974999999907 0.28931645962732799 0.52951388888888895 265.37500000000006 -4.1799738888888918 44.027258333333343 295.87500000000006 308.37500000000006 86.875000000000014 14.194550000000001 13.886800000000003 41.886742776944452
decision_type=2 2 2 2 2 10 2 2 10 10 8 2 2 10
left_child=1 6 3 4 -3 -6 -1 8 10 -9 11 12 -8 -14
right_child=-2 2 -4 -5 5 -7 7 9 -10 -11 -12 -13 13 -15
leaf_value=-0.023074609520912046 0.01749808338625785 0.0091650860150781274 0.015388541995055309 -0.03211001546028168 -0.033792675329734012 0.014786359672170136 -0.03620058878484244 0.0020096077986388335 0.02878441089126239 -0.019250938245464609 -0.038016658629180307 -0.043836702931175024 -0.041017958818199834 0.02809660757412611
leaf_weight=335.89861279621255 767.77118416270241 1778.8846894449089 1654.1449220740469 291.81661189964507 290.58356923470274 157.05416435282677 152.27548756904434 8777.1314714378677 144.23816430557054 599.589407501393 387.43438483041245 110.76627305150032 48.29524036962539 309.25319427927025
leaf_count=16986 1523 4199 8406 1178 1416 424 2031 34552 868 3773 4893 736 457 1255
internal_value=0.0014097 0.000587153 0.0059577 -0.000240497 0.00394899 -0.0167537 -0.00147568 -0.000784498 -0.0124338 0.000648206 -0.0183544 -0.00603783 0.00224424 0.0186727
internal_weight=15805.1 15037.4 4172.48 2518.34 2226.52 447.638 10864.9 10529 1152.26 9376.72 1008.02 620.59 509.824 357.548
internal_count=82697 81174 15623 7217 6039 1840 65551 48565 10240 38325 9372 4479 3743 1712
is_linear=0
shrinkage=0.03


Tree=143
num_leaves=15
num_cat=0
split_feature=29 39 39 21 8 33 39 40 38 33 33 38 38 33
split_gain=222.47 190.307 414.003 343.472 305.982 382.535 256.172 279.236 248.214 229.824 281.754 232.667 215.218 214.323
threshold=0.90463210506633718 67.88963633472224 33.947213838611113 2.2965066947605668 12.84689166666667 0.608481555649379 86.354732294027784 118.49164110861112 78.125000000000014 0.47317866509461687 0.59296264220623607 151.12500000000003 90.875000000000014 0.49709196129747696
decision_type=2 10 8 2 2 2 10 10 10 2 2 10 10 2
left_child=1 2 4 6 5 -1 -3 8 -8 -10 11 -11 -6 -4
right_child=-2 3 13 -5 12 -7 7 -9 9 10 -12 -13 -14 -15
leaf_value=-0.035918189348562779 0.011556901284145472 -0.04097796839715373 -0.010641821361591109 0.0021426051853895788 -0.042041058721883726 0.017426592323402965 -0.046784190793429395 -0.014131677082018854 0.04726549975555875 0.0089103961639035046 0.022707595491285978 -0.039059635636541273 -0.0089392242080956179 0.013773189721749212
leaf_weight=143.53471268084832 1738.6604939170647 227.8684031838784 361.89036493946332 5071.0713706973474 204.10507996857632 742.53343450301327 73.469671829603612 2075.693721845164 127.69669470435474 183.14530127763283 354.37980152422097 179.27494415349793 1287.5001120577799 3004.948980006855
leaf_count=2829 4959 4324 4179 16941 2238 2343 810 16714 218 910 1564 1849 10782 12290
internal_value=0.00143752 0.000183378 0.00437985 -0.00272381 -0.00520256 0.00875449 -0.0103824 -0.00804068 0.0057326 0.0103514 0.00371852 -0.0148607 -0.0134939 0.0111465
internal_weight=15775.8 14037.1 5744.51 8292.6 2377.67 886.068 3221.53 2993.66 917.966 844.497 716.8 362.42 1491.61 3366.84
internal_count=82950 77991 34661 43330 18192 5172 26389 22065 5351 4541 4323 2759 13020 16469
is_linear=0
shrinkage=0.03


Tree=144
num_leaves=15
num_cat=0
split_feature=43 28 9 8 20 31 37 11 35 19 40 21 24 8
split_gain=225.052 259.659 180.588 343.724 537.759 339.867 196.536 193.446 163.845 164.714 494.779 289.781 210.401 196.154
threshold=1.0000000180025095e-35 0.90625000000000011 0.39104678234390672 13.453375000000001 45.61415538194445 3.5000000000000004 1.0000000180025095e-35 14.747050000000003 5.5000000000000009 48.983750000000008 242.8925932365278 2.1214247755929656 0.45833333333333343 12.740072395833336
decision_type=2 2 2 2 2 2 2 2 2 2 8 2 2 2
left_child=-1 2 3 4 5 -2 7 -5 9 10 12 -11 -4 -13
right_child=1 -3 8 6 -6 -7 -8 -9 -10 11 -12 13 -14 -15
leaf_value=-0.0313640643107738 -0.038307515181145099 0.016899373092521354 0.0043400696797571492 -0.055482753358562023 0.011365578784794522 0.032685826345968234 -0.043352676003789906 0.010772995994734561 -0.037974267674660993 -0.029856184629743224 -0.039052337790843786 -0.042723212165335415 0.017295148560522916 0.0019891879661989762
leaf_weight=177.85091511963401 385.48409861628897 1048.1004898287356 2988.1403203984955 51.724065577844158 1126.6069982878398 71.201443063560873 304.13405539910309 159.18158207135275 87.058187537128106 275.40240685490426 197.92247281444725 88.405051068402827 1812.6406973407138 7181.7111150245182
leaf_count=24515 3350 1961 18481 451 2682 54 1740 466 847 3985 2172 441 4275 17431
internal_value=0.00209982 0.002479 0.00145183 -0.00669613 0.000233937 -0.0271918 -0.0279591 -0.0056612 0.0028058 0.00309183 0.00731481 0.000293615 0.00923413 0.00143968
internal_weight=15955.6 15777.7 14729.6 2098.33 1583.29 456.686 515.04 210.906 12631.3 12544.2 4998.7 7545.52 4800.78 7270.12
internal_count=82851 58336 56375 8743 6086 3404 2657 917 47632 46785 24928 21857 22756 17872
is_linear=0
shrinkage=0.03


Tree=145
num_leaves=15
num_cat=0
split_feature=30 43 28 39 40 14 20 40 39 15 22 39 8 28
split_gain=218.501 180.954 193.081 171.29 167.799 139.507 139.072 139.657 480.746 441.986 288.566 284.099 207.421 242.306
threshold=0.57469315581443736 1.0000000180025095e-35 1.0104166666666667 425.11774725055562 470.08636418458337 -2.4473566666666589 43.987950868055556 252.3547322940278 139.55211569500003 48.619650000000007 1.4386746031745947 233.27453531666671 14.237980034722225 0.46875000000000006
decision_type=2 2 2 10 10 2 2 10 10 2 2 10 2 2
left_child=1 -1 3 4 5 -3 -7 11 -9 -10 -11 12 13 -8
right_child=-2 2 -4 -5 -6 6 7 8 9 10 -12 -13 -14 -15
leaf_value=-0.031115627554617553 0.018565434234295925 -0.025201738809224616 0.018358963991575317 -0.04781659642698198 0.033574785655648677 -0.038813272707328088 -0.001179715497709831 -0.050657408165612809 -0.04234160182042189 -0.027835504690327841 0.011136615752759173 0.024112247515736013 -0.047203789262488152 0.0087205924863950623
leaf_weight=157.8854438229464 643.7241889112629 189.4894470507279 558.5646024569869 65.015443143201992 136.7097096145153 78.926248110830784 8600.0642055992503 200.68345208186656 203.49306849925779 201.40384486201219 1101.5576466843486 500.39653780427761 78.627120302757248 3000.2754450304201
leaf_count=24320 1278 637 983 454 113 662 39664 1503 1622 1515 1569 770 566 7135
internal_value=0.00146264 0.000731048 0.00107023 0.000396352 0.000619013 0.000298373 0.00064615 0.000873203 -0.00716018 -0.00133591 0.00509582 0.00199971 0.00105029 0.0013814
internal_weight=15716.8 15073.1 14915.2 14356.6 14291.6 14154.9 13965.4 13886.5 1707.14 1506.45 1302.96 12179.4 11679 11600.3
internal_count=82791 81513 57193 56210 55756 55643 55006 54344 6209 4706 3084 48135 47365 46799
is_linear=0
shrinkage=0.03


Tree=146
num_leaves=15
num_cat=0
split_feature=43 28 8 39 41 33 41 12 37 10 8 32 10 39
split_gain=206.345 249.28 328.817 375.484 209.397 212.948 197.052 196.062 177.057 221.694 169.941 191.626 151.007 230.115
threshold=1.0000000180025095e-35 0.57291666666666685 13.572761631944447 3.5670617847222226 1213.5000000000002 0.85399373992989747 2051.5000000000005 47.247741666666677 1.5000000000000002 0.070559147727271496 14.047722048611112 0.57118055555555569 0.33383749999999052 30.952648828055558
decision_type=2 2 2 8 10 2 10 2 2 2 2 2 2 8
left_child=-1 12 3 -3 -4 7 -7 -6 9 -9 11 -10 13 -2
right_child=1 2 4 -5 5 6 -8 8 10 -11 -12 -13 -14 -15
leaf_value=-0.031305617157438098 -0.0090476465992624117 -0.014289883355979527 0.019184352570683905 0.025676419444329621 -0.054971991917381335 0.019314977995731838 -0.025354104852220793 -0.039028568121585609 -0.038808762109488124 0.011552687672103547 -0.042612620480307103 0.022199214371418786 -0.0096248303808158416 0.0029333542826495422
leaf_weight=169.90746599331032 1724.3641965804854 252.02887786738575 436.5296831172891 1298.7155954772606 87.979521059896797 452.07882277062163 109.65860570012592 93.377300922293216 78.200250602560118 448.12616932112724 203.54874375718646 110.68462189706042 1366.6086368669057 8808.5859731478849
leaf_count=24588 11769 865 676 1873 535 794 482 386 409 920 1083 152 9401 28894
internal_value=0.0014779 0.00183995 0.0087904 0.019176 0.000812589 -0.00426044 0.0105654 -0.0124124 -0.0083487 0.00277455 -0.0236653 -0.00313007 -0.000246362 0.000971255
internal_weight=15640.4 15470.5 3570.93 1550.74 2020.18 1583.65 561.737 1021.92 933.937 541.503 392.434 188.885 11899.6 10533
internal_count=82827 58239 8175 2738 5437 4761 1276 3485 2950 1306 1644 561 50064 40663
is_linear=0
shrinkage=0.03


Tree=147
num_leaves=15
num_cat=0
split_feature=43 28 37 18 11 32 7 21 22 40 40 22 23 23
split_gain=202.102 268.546 194.758 280.452 235.194 353.029 247.77 283.841 238.966 199.691 364.993 328.741 382.422 270.171
threshold=1.0000000180025095e-35 0.94791666666666685 1.0000000180025095e-35 -3.0500941558441519 15.399950000000002 0.48090277777777785 13.729250000000002 2.3459097918547678 -1.0769011904762096 255.68429408208337 216.38349876319447 2.1388010644257807 51.384600000000006 51.653400000000012
decision_type=2 2 2 2 2 2 2 2 2 10 10 2 2 2
left_child=-1 2 4 -4 5 6 7 -2 -8 10 -5 -11 -13 -14
right_child=1 -3 3 9 -6 -7 8 -9 -10 11 -12 12 13 -15
leaf_value=-0.031262015178184874 -0.037346279838500571 0.01838317116606546 -0.020041571950207098 -5.4363668301833491e-06 -0.038215105408106423 0.023396646010393641 -0.027466199008537459 0.0054130441778146585 0.0094032846245980378 -0.041284339120691377 0.022042488765886749 -0.05545065910645141 0.042410653542251077 -0.0035902875019470466
leaf_weight=164.3602725857636 269.86607611901127 858.20227370597422 652.82826822483912 7996.6940112358425 101.35861628851853 987.26406639395282 169.07517157739494 288.11635046126321 2274.7263180688024 254.43588176299818 737.13509426289238 111.33332869410515 133.85939808189869 775.90743174776435
leaf_count=24494 2167 1601 2525 34071 609 1633 3734 959 4488 2844 1531 535 64 1634
internal_value=0.00172993 0.00207927 0.00112965 -0.00100544 0.00669392 0.00784432 0.00272319 -0.0152972 0.00684227 0.000238008 0.00185772 -0.0108452 -0.00322748 0.00321724
internal_weight=15775.2 15610.8 14752.6 10662.2 4090.41 3989.05 3001.78 557.982 2443.8 10009.4 8733.83 1275.54 1021.1 909.767
internal_count=82889 58395 56794 43204 13590 12981 11348 3126 8222 40679 35602 5077 2233 1698
is_linear=0
shrinkage=0.03


Tree=148
num_leaves=15
num_cat=0
split_feature=34 8 14 39 30 12 9 39 22 8 29 23 39 18
split_gain=192.472 211.589 179.327 170.494 153.464 149.512 168.759 192.366 178.11 168.651 182.402 150.186 248.589 158.053
threshold=0.48529411764705871 14.61027482638889 -1.6199000000000046 425.11774725055562 1.0000000180025095e-35 41.688212500000013 0.62720102659334254 14.323268780277781 -1.8092516666667342 13.015854861111112 0.63856617389912251 53.197100000000006 187.05211569500003 3.0122624242424272
decision_type=2 2 2 10 2 2 2 10 2 2 2 2 10 2
left_child=1 3 -2 4 5 -1 8 -8 9 10 -7 -9 13 -13
right_child=2 -3 -4 -5 -6 6 7 11 -10 -11 -12 12 -14 -15
leaf_value=-0.02660849835622469 -0.024654379444435409 -0.0491556209080534 0.019988142128922175 -0.047824034033142143 0.016215995165847895 -0.023155637258089515 -0.032845398026848917 0.029007278583544339 0.001063726009780232 -0.021967513458708871 0.017205454986873769 -0.050859125702266417 0.024652579374898672 0.02960002065470425
leaf_weight=179.6625692921225 89.686926800757647 75.339900027145632 766.13510168087669 63.300201893784106 581.94636949850246 157.66767350491136 71.118999268626794 464.85017444379628 11953.727254970931 612.14424025418703 275.21286192955449 90.600841726060025 170.30133793619461 28.174434429383837
leaf_count=1915 303 920 1761 600 1209 10801 1376 641 43581 17038 1353 885 358 173
internal_value=0.00146422 0.000659828 0.0152865 0.000919372 0.00113418 0.000506308 0.000860608 0.014009 2.50479e-05 -0.0118457 0.00248529 0.0184665 0.00147494 -0.0316858
internal_weight=15579.9 14724 855.822 14648.7 14585.4 14003.5 13823.8 825.046 12998.8 1045.02 432.881 753.927 289.077 118.775
internal_count=82914 80850 2064 79930 79330 78121 76206 3433 72773 29192 12154 2057 1416 1058
is_linear=0
shrinkage=0.03


Tree=149
num_leaves=15
num_cat=0
split_feature=43 36 10 14 41 36 22 10 29 11 4 23 23 39
split_gain=193.989 232.432 161.908 173.423 145.136 148.296 141.976 265.68 184.928 135.296 134.79 128.661 151.05 108.374
threshold=1.0000000180025095e-35 3.8750000000000004 0.37821833333334048 1.0000000180025095e-35 514.50000000000011 1.6250000000000002 -2.862077777777694 -0.17383219696969548 0.59729898806299719 15.276450000000002 13.006787500000003 55.789600000000007 55.534000000000013 29.77634909527778
decision_type=2 2 2 2 10 2 2 2 2 2 2 2 2 8
left_child=-1 2 3 11 5 -4 7 8 -5 -8 -6 12 13 -2
right_child=1 -3 4 6 10 -7 9 -9 -10 -11 -12 -13 -14 -15
leaf_value=-0.031205062682440349 -0.0084856649075986789 0.018132236769232816 -0.025146020479380506 -0.021216917252284369 0.043576840971705173 0.024171748723474318 0.0092785192852149739 -0.02608767531094414 0.025923261029075294 -0.01353776549171078 -0.021216080455537398 -0.029280842934821243 0.032441933781383395 0.00087620752492815048
leaf_weight=158.01752532750834 1330.304388770368 772.20780908688903 79.634430876118131 107.09456308186054 29.359653197578155 171.05201300396584 4487.9659423101693 325.29982262197882 243.49765117303468 245.9008858166635 634.84498436900321 137.78771496145055 124.99424142669886 6781.575756122591
leaf_count=24542 6336 1456 889 2885 124 288 11324 9406 552 804 5137 828 113 18053
internal_value=0.00176144 0.00210014 0.00125674 0.00206816 -0.0109576 0.00846753 0.00625436 -0.00660026 0.0115041 0.00809072 -0.0182909 -0.000636413 -0.000153749 -0.000659946
internal_weight=15629.5 15471.5 14699.3 13784.4 914.891 250.686 5409.76 675.892 350.592 4733.87 664.205 8374.66 8236.87 8111.88
internal_count=82737 58195 56739 50301 6438 1177 24971 12843 3437 12128 5261 25330 24502 24389
is_linear=0
shrinkage=0.03


Tree=150
num_leaves=15
num_cat=0
split_feature=43 24 41 18 39 33 40 19 39 39 41 9 28 19
split_gain=190.747 234.511 163.185 149.053 230.518 246.043 349.954 291.602 288.823 237.217 226.079 280.059 326.624 215.951
threshold=1.0000000180025095e-35 1.2083333333333337 2211.5000000000005 -2.356490000000004 3.0422670158333336 0.60950605964156634 249.09878875972225 52.07630000000001 29.77634909527778 139.55211569500003 652.50000000000011 0.44897449578800847 0.38541666666666669 52.704650000000008
decision_type=2 2 10 2 8 2 10 2 8 10 8 2 2 2
left_child=-1 2 3 -2 -5 7 10 8 -6 -8 -7 -12 -13 -11
right_child=1 -3 -4 4 5 6 9 -9 -10 13 11 12 -14 -15
leaf_value=-0.031168461215772464 -0.0034066554660130001 0.021608203696734933 -0.028718206816013513 -0.047049501163410376 -0.035023856319898593 0.025362266071805639 -0.05109623836709714 -0.052985882346134265 0.0016309355861654771 -0.021614655351493206 0.011438898862432999 -0.0394504592946767 0.017167322064825269 0.0072810805212436347
leaf_weight=154.84012269246159 3694.0163934554439 539.15024976246059 158.2667604952585 79.448181433137506 200.23479949682951 906.71259016892873 97.59435313148424 93.39824833907187 5012.6451336912578 349.17817163432483 3281.0755278093275 219.09183661057614 156.43399596679956 693.32890060171485
leaf_count=24610 10322 994 2504 563 2724 1837 809 435 22323 2047 9135 3070 350 1207
internal_value=0.00185648 0.00218879 0.00148666 0.00181195 0.00355052 0.0039199 0.00824513 -0.000729726 0.000216521 -0.00661757 0.0119591 0.00862952 -0.0158821 -0.00240872
internal_weight=15635.4 15480.6 14941.4 14783.2 11089.1 11009.7 5703.42 5306.28 5212.88 1140.1 4563.31 3656.6 375.526 1042.51
internal_count=82930 58320 57326 54822 44500 43937 18455 25482 25047 4063 14392 12555 3420 3254
is_linear=0
shrinkage=0.03


Tree=151
num_leaves=15
num_cat=0
split_feature=24 4 22 41 28 15 9 7 8 22 19 7 39 39
split_gain=168.912 317.745 272.746 177.61 171.731 158.276 145.932 355.492 257.358 172.678 166.383 158.254 179.847 155.514
threshold=0.62500000000000011 13.361460416666668 -3.8584171550671393 2045.5000000000002 0.90625000000000011 43.343700000000005 0.39212531929930033 13.852450000000001 13.436475000000003 4.2682247095010295 45.902150000000006 13.452200000000003 43.783883051250008 66.281979532916679
decision_type=2 2 2 10 2 2 2 2 2 2 2 2 10 10
left_child=5 -2 -3 4 -4 -1 7 -7 9 -9 11 -8 -13 -12
right_child=1 2 3 -5 -6 6 10 8 -10 -11 13 12 -14 -15
leaf_value=-0.019800382524232333 0.017949997084770075 -0.036585445182875431 0.0012511841373333971 -0.022047459503952573 0.022264075261638362 -0.033682447039394992 0.035716944054347124 -0.014379424435301684 -0.020289731130816689 0.014133565850385775 0.0053176109570093645 -0.021495019557399915 0.018011297488611258 -0.0027179663727993149
leaf_weight=355.99453773919959 1492.3226588182151 166.47532291617244 1577.7038367700297 226.38932669418864 448.8974547511898 365.57159126223996 239.03530136542395 250.3494275273988 426.62384791451041 798.40325319697149 3891.141370734782 148.48033214034513 337.92521088721696 4891.1311673414311
leaf_count=3889 3433 2334 4260 1126 935 5027 785 2818 3925 1818 20590 3442 3778 25009
internal_value=0.00167207 0.00706821 0.000351702 0.00309604 0.00591428 -0.000131808 0.000486863 -0.00724192 -0.000672061 0.00731997 0.00198397 0.0157821 0.00593223 0.000842539
internal_weight=15616.4 3911.79 2419.47 2252.99 2026.6 11704.7 11348.7 1840.95 1475.38 1048.75 9507.71 725.441 486.406 8782.27
internal_count=83169 12088 8655 6321 5195 71081 67192 13588 8561 4636 53604 8005 7220 45599
is_linear=0
shrinkage=0.03


Tree=152
num_leaves=15
num_cat=0
split_feature=43 28 23 9 7 8 23 23 11 33 18 40 8 23
split_gain=181.597 199.994 151.876 138.801 355.702 465.865 217.293 189.38 168.508 242.218 351.807 463.895 299.926 274.884
threshold=1.0000000180025095e-35 0.96875000000000011 56.476950000000009 0.39160723403121711 13.849250000000001 13.44212170138889 50.315100000000008 49.739350000000009 14.209850000000001 0.56240889830505181 -1.1279643939393897 90.882190065833342 13.431793229166667 52.076650000000008
decision_type=2 2 2 2 2 2 2 2 2 2 2 8 2 2
left_child=-1 2 3 4 -2 6 7 -6 -5 10 11 -10 -12 -13
right_child=1 -3 -4 8 5 -7 -8 -9 9 -11 12 13 -14 -15
leaf_value=-0.031177589752660065 -0.033019385310990135 0.016798335701638373 -0.040477724805737907 0.0074492105517562227 0.0070332264645147583 -0.02163369551897185 0.015944802609497887 -0.048407790876764049 0.014202979656357912 0.0022909707659193655 -0.043457870800304735 -0.04436103932254875 0.025786056809780741 0.021458173825319362
leaf_weight=151.29989833268337 358.60153706639539 754.21612510085106 78.145711237564683 4054.5984476183075 130.11399965500459 622.76179907238111 1027.3660462594125 95.357019542250782 620.69195011816919 6922.8641183481086 381.85158378479537 256.43855055421591 65.321409607306123 72.72341587767005
leaf_count=24470 2887 1496 837 15780 562 2987 2051 816 1116 23616 4899 1192 167 113
internal_value=0.00142101 0.00174243 0.00096817 0.00119263 -0.00568776 -0.000447328 0.0100929 -0.0165243 0.00243524 -8.86569e-06 -0.011399 -0.00106051 -0.033308 -0.0297983
internal_weight=15592.4 15441.1 14686.8 14608.7 2234.2 1875.6 1252.84 225.471 12374.5 8319.89 1397.03 949.854 447.173 329.162
internal_count=82989 58519 57023 56186 9303 6416 3429 1378 46883 31103 7487 2421 5066 1305
is_linear=0
shrinkage=0.03


Tree=153
num_leaves=15
num_cat=0
split_feature=12 21 41 7 22 10 17 23 28 41 12 23 5 11
split_gain=189.673 189.189 256.085 235.712 187.287 212.978 184.782 188.42 187.373 175.343 156.356 289.502 236.995 274.001
threshold=41.688212500000013 2.446903532801834 856.50000000000011 13.694650000000001 -3.7488930546955577 -0.10701607142856821 0.91047920768215407 49.939800000000012 0.46875000000000006 19.500000000000004 44.147079166666678 48.473850000000006 0.40138242542611308 14.085300000000002
decision_type=2 2 8 2 2 2 2 2 2 8 2 2 2 2
left_child=-1 4 -3 -4 5 -2 -5 -8 -9 -6 11 -11 -13 -14
right_child=1 2 3 6 9 -7 7 8 -10 10 -12 12 13 -15
leaf_value=-0.029104555216387568 0.019488516654027392 0.015766347038441934 -0.041193302642220674 0.015116203719891403 -0.050966470632506748 -0.028241442646656668 0.046422816622193996 -0.029953316773429196 0.0013516691450879779 0.037822361789062335 0.0027276465611210158 -0.027486004440733194 0.016902469357588584 -0.022122526998489229
leaf_weight=175.10458662523888 107.14115356141701 1899.275254722219 118.82640778343193 602.22389742324594 56.674444034695625 380.89593899610918 54.111118910368532 285.43301026022527 430.80657649226487 110.85603109828662 10149.980320265982 533.37436691729818 361.19345467956737 291.84270219085738
leaf_count=1947 1300 5590 1878 1604 264 18521 76 2519 1254 316 38061 5413 1762 2374
internal_value=0.00185344 0.00220772 0.00846344 -0.000841018 0.000438376 -0.0177446 0.0026798 -0.00704938 -0.0111482 0.00121124 0.001474 -0.00832927 -0.0126698 -0.000545011
internal_weight=15557.7 15382.6 3390.68 1491.4 11992 488.037 1372.57 770.351 716.24 11503.9 11447.2 1297.27 1186.41 653.036
internal_count=82879 80932 12921 7331 68011 19821 5453 3849 3773 48190 47926 9865 9549 4136
is_linear=0
shrinkage=0.03


Tree=154
num_leaves=15
num_cat=0
split_feature=18 21 22 38 38 38 29 23 32 40 40 32 11 11
split_gain=172.666 274.561 250.902 230.569 335.96 307.267 256.917 330.309 227.85 187.333 177.413 174.277 170.215 163.14
threshold=-2.0868042401960758 2.4272929083928978 -3.6971577122153332 308.37500000000006 294.62500000000006 284.62500000000006 0.52827754170294694 51.549450000000007 0.22743055555555558 95.68122455180557 415.49515578680558 0.98437500000000011 13.968000000000002 13.751250000000001
decision_type=2 2 2 10 10 10 2 2 2 8 8 2 2 2
left_child=10 2 11 4 5 6 7 8 9 -4 13 -2 -8 -1
right_child=1 -3 3 -5 -6 -7 12 -9 -10 -11 -12 -13 -14 -15
leaf_value=-0.038823658961188473 -0.02950444327940762 0.01189036941706703 0.019623281449426457 -0.018560793705413373 0.033490087866650246 -0.048483364200628758 0.019660497096053931 0.018362121804644908 -0.023778581300731235 -0.039537461904558098 -0.046258182498393141 0.017523472056300955 0.0035579078070889034 -0.0020587130595686736
leaf_weight=110.24230988905765 382.06682660500519 2474.6151426999131 226.08122012694366 469.3038630328374 312.5434601502493 106.94789182289969 678.07236880599521 319.87239335943013 860.51355209667236 60.16463999717962 85.58038725075312 86.328571598976851 4551.9434371332172 4629.5261316362303
leaf_count=993 19686 10710 1119 3124 912 1308 1896 975 7290 770 687 311 15420 17694
internal_value=0.000998969 0.00315266 0.000466775 0.00178367 0.00312779 0.00172829 0.0025373 -0.0085552 -0.0160729 0.00709422 -0.00369986 -0.020818 0.00564897 -0.00292184
internal_weight=15353.8 10528.5 8053.84 7585.44 7116.14 6803.6 6696.65 1466.63 1146.76 286.246 4825.35 468.395 5230.02 4739.77
internal_count=82895 63521 52811 32814 29690 28778 27470 10154 9179 1889 19374 19997 17316 18687
is_linear=0
shrinkage=0.03


Tree=155
num_leaves=15
num_cat=0
split_feature=12 29 11 39 7 41 35 28 40 11 11 40 12 7
split_gain=172.235 162.692 200.916 176.177 175.573 293.194 253.348 216.606 215.192 334.761 542.755 403.001 257.745 295.205
threshold=41.768591666666673 0.8537854745930642 15.399950000000002 236.18564512680561 14.273800000000001 2224.5000000000005 2.5000000000000004 0.44791666666666669 89.920725858611121 14.564750000000002 14.687500000000002 284.03853428027782 47.529937500000003 14.404400000000001
decision_type=2 2 2 10 2 8 2 2 8 2 2 8 2 2
left_child=-1 4 -3 -4 5 7 -6 -2 -8 11 -11 -10 13 -12
right_child=1 2 3 -5 6 -7 8 -9 9 10 12 -13 -14 -15
leaf_value=-0.02508307092001804 0.0020640511274224462 0.013763612289732741 -0.043001190850028945 0.0036312478331910997 -0.034032911741900235 -0.043969460545404578 -0.021890968441931166 0.015770049199494377 0.021839773041443335 -0.042254045442955336 0.022208563296262727 -0.051757657640506313 0.0040509842047870811 -0.030602822652739062
leaf_weight=212.20585001574364 7047.8317350002471 1783.5975950426655 107.71415789437015 221.00737273320556 236.38745964888949 114.88856467604637 448.89193147688638 1216.0227349554189 837.71798647847027 310.76444318308495 121.69522134587169 71.826627165544778 2220.4437853073468 427.58470402943203
leaf_count=2283 41567 4887 1032 707 2690 3573 3573 2692 2193 2851 317 736 9354 4275
internal_value=0.00169363 0.00206991 0.0097921 -0.0117332 0.000819707 0.00341849 -0.00383738 0.00408255 -0.00222206 -4.31405e-06 -0.00472671 0.0159773 -0.00050239 -0.0188831
internal_weight=15378.6 15166.4 2112.32 328.722 13054.1 8378.74 4675.31 8263.85 4438.92 3990.03 3080.49 909.545 2769.72 549.28
internal_count=82730 80447 6626 1739 73821 47832 25989 44259 23299 19726 16797 2929 13946 4592
is_linear=0
shrinkage=0.03


Tree=156
num_leaves=15
num_cat=0
split_feature=40 28 8 28 10 38 9 41 11 23 23 32 32 33
split_gain=181.064 204.853 214.335 190.247 149.462 215.691 189.54 276.855 197.437 224.09 220.006 203.975 191.879 243.509
threshold=0.59511901861111116 0.84375000000000011 14.279111458333334 1.1145833333333337 0.31422785947712667 266.62500000000006 0.39160723403121711 495.50000000000006 14.792700000000002 50.315100000000008 49.739350000000009 0.53993055555555569 0.31076388888888895 0.61892787206629529
decision_type=8 2 2 2 2 10 2 10 2 2 2 2 2 2
left_child=-1 4 -3 -4 6 -6 7 -2 9 10 -9 -10 -11 -14
right_child=1 2 3 -5 5 -7 -8 8 11 12 -12 -13 13 -15
leaf_value=-0.040507765800949058 -0.041621833566349332 0.020048118784350009 -0.037399465029112108 0.017987290503045924 -0.0034950521902659729 -0.03576722542143751 0.0036896286695095367 0.00043511017769239021 -0.054122937415133958 0.022257211212100319 -0.049227377237033826 -0.00055779194108501924 -0.023494829299904568 0.011203538105336077
leaf_weight=91.115339029813185 181.91694310796447 940.1397244380787 123.35662451398093 100.43476103246212 1968.7082494028145 204.91930775868241 9948.4832696425146 186.66448032006156 126.80214193020947 461.82681770576164 139.84485122945625 128.16647101787385 295.67161387682427 470.07575382140931
leaf_count=323 3614 2672 796 209 12240 2805 49665 1601 1608 1445 1601 688 1878 1733
internal_value=0.00142659 0.00167933 0.0137706 -0.0125731 0.000681236 -0.00655257 0.00199862 -0.00644863 -0.0028906 0.0011298 -0.0209208 -0.0273044 0.00700707 -0.00220742
internal_weight=15368.1 15277 1163.93 223.791 14113.1 2173.63 11939.5 1990.97 1809.05 1554.08 326.509 254.969 1227.57 765.747
internal_count=82878 82555 3677 1005 78878 15045 63833 14168 10554 8258 3202 2296 5056 3611
is_linear=0
shrinkage=0.03


Tree=157
num_leaves=15
num_cat=0
split_feature=43 28 39 20 23 37 18 38 38 23 32 20 7 20
split_gain=176.516 214.835 148.031 139.419 136.302 136.327 280.994 269.551 281.979 258.163 250.324 224.924 258.806 215.111
threshold=1.0000000180025095e-35 0.94791666666666685 425.11774725055562 43.987950868055556 56.476950000000009 1.0000000180025095e-35 -3.0500941558441519 63.125000000000007 73.625000000000014 48.473850000000006 0.48090277777777785 48.110605555555559 13.729250000000002 45.280553298611117
decision_type=2 2 10 2 2 2 2 8 8 2 2 2 2 2
left_child=-1 2 3 -2 5 10 -7 -8 -9 -10 11 12 -5 -11
right_child=1 -3 -4 4 -6 6 7 8 9 13 -12 -13 -14 -15
leaf_value=-0.031213855924403091 -0.03840703961566376 0.016800303267849443 -0.04552829677768952 -0.015880580223673398 -0.039764576577401942 -0.019543344896571353 0.010401014096005235 -0.052060368132730649 0.051624258037499107 -0.020268356299598052 0.019037937483621276 -0.053754927020473055 0.007373032257855937 -0.00024514983022607323
leaf_weight=147.55303823587019 79.317543943179771 796.91539786010981 60.784994710818864 530.40646291058511 71.626044633565471 643.55913472594693 2106.9668136298424 97.873797320993617 81.773424211889505 518.40606243419461 1013.6244204174727 63.354216122301295 2273.8678692367394 6866.654613710125
leaf_count=24537 693 1626 460 3081 805 2471 7053 915 65 4320 1934 507 7711 26864
internal_value=0.00132971 0.00164755 0.000808352 0.00100782 0.00122961 0.00143923 -0.000364208 0.000913872 -0.00172957 -0.00106296 0.00623108 0.00169917 0.0029707 -0.00165326
internal_weight=15352.7 15205.1 14408.2 14347.4 14268.1 14196.5 10315.2 9671.67 7564.71 7466.83 3881.25 2867.63 2804.27 7385.06
internal_count=83042 58505 56879 56419 55726 54921 41688 39217 32164 31249 13233 11299 10792 31184
is_linear=0
shrinkage=0.03


Tree=158
num_leaves=15
num_cat=0
split_feature=28 8 39 10 33 38 22 41 23 28 32 39 34 39
split_gain=182.992 354.516 238.075 230.34 194.066 220.149 225.377 191.273 174.932 167.944 160.494 274.969 154.294 142.347
threshold=0.51041666666666685 13.485639583333334 3.5670617847222226 0.36587827380953225 0.6552617851972008 173.12500000000003 1.6841949305555615 1395.5000000000002 55.789600000000007 0.80208333333333337 0.69270833333333337 135.84396306833335 0.48529411764705871 68.699812243750003
decision_type=2 2 10 2 2 10 2 10 2 2 2 10 2 10
left_child=3 2 -2 13 -3 -6 9 -8 10 -7 11 -9 -10 -1
right_child=1 4 -4 -5 5 6 7 8 12 -11 -12 -13 -14 -15
leaf_value=0.0041038016813988928 -0.0088541419774917311 -0.033231720372132428 0.020818003689893911 -0.017833405384420221 0.016966677682153149 -0.036711425069192595 -0.034709918983370246 -0.044279673882689129 -0.057317439512746031 -0.0037576630930426925 0.028505560288102652 0.0092432072799517265 0.01357504740866642 -0.0030661084415223808
leaf_weight=4501.5653841122985 287.3202754673548 155.57577115111053 1572.2150142476894 684.72665392543422 603.80654269875959 271.21412775281351 111.21670516463928 96.920930002816021 68.281595837674104 285.33927999390289 300.5224323628936 732.6129419344943 45.425386805087328 5580.1751205055043
leaf_count=29226 979 1166 3529 7321 1441 3612 657 632 629 1302 396 1394 121 30401
internal_value=0.00111962 0.00617717 0.016231 -0.00100894 -0.000825929 0.0011908 -0.00379867 0.00280553 0.00618534 -0.0198534 0.00976087 0.00294393 -0.0291248 0.000135394
internal_weight=15296.9 4530.45 1859.54 10766.5 2670.92 2515.34 1911.53 1354.98 1243.76 556.553 1130.06 829.534 113.707 10081.7
internal_count=82806 15858 4508 66948 11350 10184 8743 3829 3172 4914 2422 2026 750 59627
is_linear=0
shrinkage=0.03


Tree=159
num_leaves=15
num_cat=0
split_feature=39 34 41 39 40 29 18 12 34 32 33 10 22 33
split_gain=182.461 207.012 202.607 155.236 169.83 142.381 192.747 165.739 190.485 191.925 181.808 158.78 168.057 220.011
threshold=0.49650164250000006 0.48529411764705871 2211.5000000000005 425.11774725055562 470.08636418458337 0.46537767659680002 -2.6841289473684231 45.140691666666676 -0.25688405797101449 0.29340277777777785 0.43765837383001949 0.29603333333333676 5.691356060606064 0.60374246710307389
decision_type=8 2 10 10 10 2 2 2 2 2 2 2 2 2
left_child=-1 2 3 4 5 7 -7 8 -2 -10 -9 12 13 -8
right_child=1 -3 -4 -5 -6 6 11 10 9 -11 -12 -13 -14 -15
leaf_value=-0.042813875808561691 -0.031174408630245364 0.016812098993168424 -0.032332671882659772 -0.046262813098599774 0.032856091404706501 -0.0076679874413195176 -0.0060177521110838447 0.026108397495723402 -0.0096301218910876309 0.02194682105072971 -0.02106994910872026 -0.0036408049369222126 0.010792508822725729 0.0066651365147501179
leaf_weight=83.51493776938878 129.05914617457893 743.7515798851382 165.27088543085847 61.3355397269479 149.74882554775104 1624.2363546413835 1934.4088959890651 80.370882143964991 303.77435335086193 400.75418914505281 773.84003048855811 2262.317176267039 3151.5397929159226 3381.2972710680915
leaf_count=331 1597 1913 5313 618 132 7063 15477 444 4641 1575 7496 13353 6675 16233
internal_value=0.00114388 0.00138882 0.000592097 0.000976127 0.00118354 0.000843448 0.0019602 -0.00732691 0.00218994 0.00833731 -0.0166057 0.00341829 0.00530458 0.00204951
internal_weight=15245.2 15161.7 14418 14252.7 14191.3 14041.6 12353.8 1687.8 833.588 704.529 854.211 10729.6 8467.25 5315.71
internal_count=82861 82530 80617 75304 74686 74554 58801 15753 7813 6216 7940 51738 38385 31710
is_linear=0
shrinkage=0.03


Tree=160
num_leaves=15
num_cat=0
split_feature=21 18 8 20 23 40 39 23 8 34 39 7 17 35
split_gain=173.955 257.033 229.435 229.282 253.98 191.707 368.522 253.666 409.314 190.096 260.339 205.284 166.092 187.444
threshold=2.4200533286562624 -1.2242974999999907 12.754375520833335 45.516655902777778 50.787250000000007 150.54310470166669 129.73890721194448 51.060650000000003 13.24712013888889 0.26673254281949949 189.32008477083335 13.398550000000002 1.2577632611379561 4.5000000000000009
decision_type=2 2 2 2 2 8 10 2 2 2 10 2 2 2
left_child=12 2 -2 -4 -5 6 7 -6 -9 10 -7 -12 -1 -14
right_child=1 -3 3 4 5 9 -8 8 -10 -11 11 -13 13 -15
leaf_value=-0.00027814977085242719 -0.045688675541067716 0.014934825036596844 0.018268458031041643 -0.042947635553050575 0.031969125945915888 -0.049056887947846052 0.030677514365990678 -0.05241663317021672 0.0011542277613745839 0.025114979661457065 0.035523517537846445 -0.020845707441917327 -0.028858850944666337 0.011593117236075165
leaf_weight=10306.180457844806 94.343034589895979 1735.2214328844566 577.01951556722634 134.19858860969543 137.69675947353244 193.21389595209621 383.681241966784 171.65659515513107 500.20776322565507 89.013745624804869 82.933938294649124 188.28532915830147 373.06273939978564 141.68311927863397
leaf_count=61879 689 8775 1323 507 125 982 343 1060 1636 178 49 612 4392 388
internal_value=0.000916769 0.00603004 -2.76182e-05 0.00174288 -0.00333386 -0.000267487 0.00650078 -0.00498119 -0.0125903 -0.0148454 -0.0225418 -0.00354184 -0.00110958 -0.0177236
internal_weight=15108.4 4287.47 2552.25 2457.91 1880.89 1746.69 1193.24 809.561 671.864 553.447 464.433 271.219 10820.9 514.746
internal_count=82938 16279 7504 6815 5492 4985 3164 2821 2696 1821 1643 661 66659 4780
is_linear=0
shrinkage=0.03


Tree=161
num_leaves=15
num_cat=0
split_feature=43 28 35 39 40 19 40 38 39 40 38 4 33 21
split_gain=169.35 203.285 146.467 137.59 175.85 144.052 437.86 288.859 246.562 308.659 262.408 263.662 236.768 326.225
threshold=1.0000000180025095e-35 0.90625000000000011 5.5000000000000009 425.11774725055562 470.08636418458337 48.983750000000008 249.09878875972225 274.12500000000006 230.36764165847225 153.45206501083337 63.125000000000007 13.079676041666671 0.63169159531968488 2.287566515760532
decision_type=2 2 2 10 10 2 8 10 10 10 8 2 2 2
left_child=-1 2 3 4 5 6 8 -7 9 -2 11 -11 -9 -14
right_child=1 -3 -4 -5 -6 7 -8 12 -10 10 -12 -13 13 -15
leaf_value=-0.031189547618433348 0.0072435769789182761 0.015259775820554074 -0.037514353935549784 -0.044559587287584794 0.03244588819670615 -7.4434941558651739e-06 -0.038904225333224213 -0.044159539524451091 0.03421534702509902 -0.015415092763592615 -0.047859635589918452 0.046447415587826793 -0.038198202804327154 0.0080475784093566732
leaf_weight=143.81651118106674 4390.0312393151689 895.6683568963781 89.496807042043656 58.99648148205597 156.9290714613162 7587.9459475374315 201.02074692922179 233.87229669862427 265.60220269556157 303.69518249249086 166.96280744334217 76.851821670075879 213.19213160150684 381.5968471725937
leaf_count=24633 22567 1913 870 450 127 20732 2303 2140 347 1887 1917 137 1863 978
internal_value=0.00109718 0.00140834 0.000529076 0.000774293 0.00096881 0.000609079 0.00443089 -0.00184508 0.00611227 0.00459392 -0.016626 -0.00283291 -0.0186517 -0.00856474
internal_weight=15165.7 15021.9 14126.2 14036.7 13977.7 13820.8 5404.16 8416.61 5203.14 4937.54 547.51 380.547 828.661 594.789
internal_count=82864 58231 56318 55448 54998 54871 29158 25713 26855 26508 3941 2024 4981 2841
is_linear=0
shrinkage=0.03


Tree=162
num_leaves=15
num_cat=0
split_feature=43 36 8 40 38 33 41 9 6 18 11 15 38 11
split_gain=158.953 186.809 275.453 351.597 184.655 196.383 251.032 188.917 177.781 185.647 165.972 203.871 204.923 159.518
threshold=1.0000000180025095e-35 2.1250000000000004 13.485639583333334 3.6454153311111113 173.12500000000003 0.85399373992989747 1381.5000000000002 0.38748155873908496 0.17122410256410273 1.5982636904761973 14.969100000000003 49.227800000000009 274.12500000000006 14.897900000000002
decision_type=2 2 2 8 10 2 10 2 2 2 2 2 10 2
left_child=-1 8 3 -3 13 6 -6 -8 9 -2 -9 -12 -13 -4
right_child=1 2 4 -5 5 -7 7 10 -10 -11 11 12 -14 -15
leaf_value=-0.031149487254848174 -0.0021067445181136954 -0.017522976968289916 -0.0097002207817387179 0.022909219679172955 -0.05194366675559025 0.010905167375920516 -0.057015071880886004 0.015063307047344236 0.0047942740752418911 -0.01966865030164118 -0.05351484613283259 0.0018459120455447736 -0.041442850163102313 0.024379191985795672
leaf_weight=137.97883168130647 7055.8926196871325 227.39670127769932 171.71963849756867 1275.7957632876933 119.37910756887868 536.10407953988761 61.86559738451615 309.42196614225395 3394.4750549108721 585.82748415111564 88.301421202486381 588.35991234751418 117.17273406917229 436.1117950376356
leaf_count=24482 23230 855 528 2087 710 1271 412 597 12987 12279 591 1416 811 611
internal_value=0.00078622 0.00108268 0.00669698 0.0167852 0.000448057 -0.00433271 -0.010696 -0.0064288 -0.000917836 -0.00345547 -0.00354309 -0.0108053 -0.00539184 0.0147512
internal_weight=15105.8 14967.8 3931.63 1503.19 2428.44 1820.6 1284.5 1165.12 11036.2 7641.72 1103.26 793.834 705.533 607.831
internal_count=82867 58385 9889 2942 6947 5808 4537 3827 48496 35509 3415 2818 2227 1139
is_linear=0
shrinkage=0.03


Tree=163
num_leaves=15
num_cat=0
split_feature=15 43 24 39 39 39 40 37 23 23 33 37 38 11
split_gain=170.881 167.818 174.497 139.063 141.212 310.388 301.888 214.967 201.286 232.16 197.95 385.669 330.475 391.352
threshold=43.209350000000008 0.37500000000000006 1.2083333333333337 0.49650164250000006 67.88963633472224 31.564344315277783 20.770238512083338 3.5000000000000004 49.739350000000009 49.65290000000001 0.626651943453575 3.5000000000000004 249.12500000000003 13.985000000000001
decision_type=2 2 2 8 10 8 8 2 2 2 2 2 8 2
left_child=-1 -2 3 -3 5 6 7 -5 9 -8 11 12 -6 -14
right_child=1 2 -4 4 10 -7 8 -9 -10 -11 -12 -13 13 -15
leaf_value=-0.021942393515333645 -0.029821575517502419 -0.03964877451426662 0.019531518229199109 0.0058873329958481256 -0.00098941555612004932 0.010607925420052233 -0.024628769548270365 -0.040479313748775114 -0.031911539382948703 0.038659959954410066 0.0034630700054364403 -0.045341987108554006 0.029979660531000107 -0.044076960207825762
leaf_weight=293.10014500748366 154.74925424042158 74.762660966487601 465.75253981351852 1551.5442969528958 3731.5738823906286 3341.9003858884098 115.97266117355321 94.534216582542285 455.33249258680735 93.163118151249364 3967.2178393738577 210.25716298399493 79.230968032265082 324.87188598059583
leaf_count=3288 24861 277 990 6861 13995 9572 1706 1120 3559 180 11352 1757 319 3161
internal_value=0.000699321 0.00115344 0.00148591 0.000885946 0.00110577 0.00476375 -0.00369001 0.00320154 -0.0207415 0.00361409 -0.00138172 -0.0058041 -0.00378352 -0.0295188
internal_weight=14954 14660.9 14506.1 14040.4 13965.6 5652.45 2310.55 1646.08 664.468 209.136 8313.15 4345.93 4135.68 404.103
internal_count=82998 79710 54849 53859 53582 22998 13426 7981 5445 1886 30584 19232 17475 3480
is_linear=0
shrinkage=0.03


Tree=164
num_leaves=15
num_cat=0
split_feature=39 34 41 25 37 39 20 8 23 23 8 9 39 40
split_gain=167.952 178.585 189.134 145.45 144.071 259.048 224.947 322.137 312.82 433.162 315.195 281.654 279.682 341.206
threshold=0.49650164250000006 0.41428571428571448 2242.5000000000005 0.48220558469133329 1.0000000180025095e-35 8.3217230668055588 45.160221701388899 13.10776388888889 51.836950000000009 50.886200000000009 13.253911458333336 0.4085772123670684 68.699812243750003 59.531979532916672
decision_type=8 2 10 2 2 8 2 2 2 2 2 2 8 10
left_child=-1 2 4 -3 6 -6 11 -8 9 10 -9 -2 13 -13
right_child=1 3 -4 -5 5 -7 7 8 -10 -11 -12 12 -14 -15
leaf_value=-0.042368104381055122 -0.042737452778759379 -0.023134485574461246 -0.042806115265766449 0.018678749636878166 -0.029999049606981486 -0.00058796174600743336 0.019182929303957784 -0.037844242801105814 0.0065810429459182175 -0.051000436581270049 0.037560377927417635 -0.046786837287044636 -0.04318342992637187 0.03939658739819097
leaf_weight=79.702015958959237 184.58690208889311 82.311998710501939 90.311394773016218 750.11748564848676 276.16530254343525 9780.9491917602136 1400.1308023621095 79.573038987349719 1622.3666825481341 223.89323179563507 130.1154451330658 52.245611846679822 83.620699348859489 185.07598999713082
leaf_count=319 4882 413 4540 1884 3160 45284 6421 1204 9334 2988 228 1086 1217 136
internal_value=0.000794128 0.00102719 0.00023006 0.0145214 0.000510341 -0.00139848 0.0053553 0.00808981 0.000529577 -0.0220767 0.00890186 -0.0133184 0.00368188 0.0203069
internal_weight=15021.2 14941.5 14109 832.429 14018.7 10057.1 3961.61 3456.08 2055.95 433.582 209.688 505.529 320.942 237.322
internal_count=83096 82777 80480 2297 75940 48444 27496 20175 13754 4420 1432 7321 2439 1222
is_linear=0
shrinkage=0.03


Tree=165
num_leaves=15
num_cat=0
split_feature=43 28 39 40 20 39 39 39 11 11 21 41 37 33
split_gain=153.656 177.076 137.837 141.852 130.951 130.871 154.331 317.303 243.199 581.353 244.491 277.021 237.065 299.56
threshold=1.0000000180025095e-35 0.96875000000000011 425.11774725055562 470.08636418458337 43.987950868055556 1.0012836895833337 68.699812243750003 33.947213838611113 13.959650000000002 14.088000000000003 2.2862845613147189 2018.5000000000002 1.0000000180025095e-35 0.57832568651096572
decision_type=2 2 10 10 2 8 10 8 2 2 2 10 2 2
left_child=-1 2 3 4 -2 -6 7 12 -8 -10 11 -11 -7 -14
right_child=1 -3 -4 -5 5 6 8 -9 9 10 -12 -13 13 -15
leaf_value=-0.0310736580868862 -0.038223520894035426 0.016446055515424482 -0.044645746636378943 0.031496479629979361 -0.036237221487749077 0.011822373272262914 0.012609561074685227 0.010905636544042604 -0.044908939700622368 -0.0059956403565351365 0.0025556223027401299 -0.040549463528900188 -0.03878936649858971 -0.0039575437677279888
leaf_weight=130.1119996952475 76.258862996241078 683.91995523124933 58.734511931601446 135.14678397681564 83.697225508163683 670.19733506906778 968.7221567928791 3347.067628002027 290.30325226858258 2216.4029136874015 4439.37122234446 229.61165156343486 260.09569128672592 1494.3626988355536
leaf_count=24459 685 1461 453 124 413 2640 3649 9272 2272 12116 10368 2495 3563 8958
internal_value=0.00126211 0.00154552 0.000830276 0.00102135 0.000726541 0.000941422 0.00116762 0.00492008 -0.00149193 -0.00339713 -0.00164063 -0.00925451 -0.00334365 -0.00914046
internal_weight=15084 14953.9 14270 14211.2 14076.1 13999.8 13916.1 5771.72 8144.41 7175.69 6885.39 2446.01 2424.66 1754.46
internal_count=82928 58469 57008 56555 56431 55746 55333 24433 30900 27251 24979 14611 15161 12521
is_linear=0
shrinkage=0.03


Tree=166
num_leaves=15
num_cat=0
split_feature=39 28 8 39 35 39 23 39 35 33 39 40 37 40
split_gain=130.494 155.332 274.604 188.915 139.008 143.725 261.401 234.186 354.559 264.656 237.915 247.969 734.738 413.261
threshold=0.49650164250000006 0.63541666666666685 13.970010937500001 139.55211569500003 5.5000000000000009 68.699812243750003 54.19530000000001 206.04542321097225 2.5000000000000004 0.43765837383001949 81.781476819861126 173.75895967930558 2.5000000000000004 188.3547322940278
decision_type=8 2 2 8 2 10 2 10 2 2 10 10 2 10
left_child=-1 4 -3 -4 5 6 -2 9 -9 -7 -11 -12 -13 -14
right_child=1 2 3 -5 -6 7 -8 8 -10 10 11 12 13 -15
leaf_value=-0.034229427371231219 0.0050039844121345179 0.016104502898685948 -0.04005732172083077 0.00053622269504246991 -0.042332703930201381 0.032802074201866871 -0.041361466888341331 -0.049083012254380699 0.0095420700201151142 -0.033333057963371202 -0.0022166611057413241 -0.050236992510030914 -0.055257548893486046 0.018654518789058053
leaf_weight=92.454631954897195 5120.591465334699 1512.2664643046446 117.88890287693357 780.69974208506756 68.457626634277403 154.76108944643056 110.83354420342948 96.895948571444023 1803.5910835722461 288.15596687491052 4039.3876753651421 390.93995403929148 81.795242802938446 382.31301356299082
leaf_count=332 31607 4392 1294 2927 938 729 1542 1586 7135 4316 20327 4029 826 1094
internal_value=0.00111059 0.00133143 0.00830365 -0.00482799 -9.79535e-06 0.000225938 0.00401396 -0.00251218 0.00652884 -0.00573206 -0.00688886 -0.00532549 -0.0199924 0.00553733
internal_weight=15041 14948.6 2410.86 898.589 12537.7 12469.3 5231.43 7237.84 1900.49 5337.35 5182.59 4894.44 855.048 464.108
internal_count=83074 82742 8613 4221 74129 73191 33149 40042 8721 31321 30592 26276 5949 1920
is_linear=0
shrinkage=0.03


Tree=167
num_leaves=15
num_cat=0
split_feature=21 38 38 32 7 32 11 4 22 35 12 11 11 8
split_gain=143.701 185.524 184.726 259.033 225.704 183.939 228.393 218.898 180.203 204.991 191.132 265.652 280.768 269.016
threshold=2.4234955239885445 1.6250000000000002 126.87500000000001 0.64062500000000011 13.694650000000001 0.29340277777777785 14.224650000000002 12.7394625 -3.7488930546955577 4.5000000000000009 44.147079166666678 14.199750000000002 13.886800000000003 12.683827256944445
decision_type=2 8 8 2 2 2 2 2 2 2 2 2 2 2
left_child=1 -1 3 5 -4 6 7 -2 9 -3 11 12 -10 -14
right_child=2 8 4 -5 -6 -7 -8 -9 10 -11 -12 -13 13 -15
leaf_value=-0.05081017481799633 -0.036439595500752729 -0.032008328448925351 -0.039775648538949111 -0.033930019435237845 0.0013774514761076455 0.017705689246833006 -0.04973213055070734 0.018359568262943767 -0.035251809978466719 0.014040296130243853 0.0017391532136274909 -0.033456980907361301 0.043862511800128422 -0.0028148640994464171
leaf_weight=65.527052894234657 83.511659689247608 316.90364481776487 128.62090873764828 108.23772481956985 1605.8403349363361 1794.091301606386 78.841529055731371 292.49703645845875 181.83590026479214 119.12609832070302 9077.7336127783055 338.55134475347586 137.97557410004083 553.98536849324591
leaf_count=314 1201 18907 1882 678 6200 4496 1002 549 2593 954 36382 3268 289 4189
internal_value=0.000948702 -0.000866512 0.00573534 0.0112015 -0.00169546 0.0133877 -0.00364545 0.00612428 -0.000556692 -0.0194242 0.000244606 -0.0109384 -0.00218529 0.00654237
internal_weight=14883.3 10791.6 4091.64 2357.18 1734.46 2248.94 454.85 376.009 10726.1 436.03 10290.1 1212.35 873.797 691.961
internal_count=82904 66896 16008 7926 8082 7248 2752 1750 66582 19861 46721 10339 7071 4478
is_linear=0
shrinkage=0.03


Tree=168
num_leaves=15
num_cat=0
split_feature=43 24 8 37 18 39 33 35 36 19 40 4 12 4
split_gain=149.948 167.478 136.646 139.35 243.478 203.612 297.26 271.86 216.723 206.078 388.795 220.091 205.863 198.741
threshold=1.0000000180025095e-35 1.2083333333333337 14.61027482638889 1.0000000180025095e-35 -3.0500941558441519 35.751316172638901 0.57832568651096572 3.5000000000000004 1.5416666666666667 48.983750000000008 249.09878875972225 13.604221875000002 45.485112500000007 13.002156250000001
decision_type=2 2 2 2 2 8 2 2 2 2 8 2 2 2
left_child=-1 2 3 -2 -5 6 -6 12 -9 10 11 -7 -8 -10
right_child=1 -3 -4 4 5 9 7 8 13 -11 -12 -13 -14 -15
leaf_value=-0.031061044205725755 0.006027708543991866 0.019494321483669915 -0.043572976801179164 -0.018060471174304767 -0.038108899252424798 0.012758048182222219 -0.039937690514855885 -0.026722787854614041 0.018584021809013564 -0.0012071467940705355 -0.036080438803693937 -0.030708877358202255 0.019887565441649806 -0.034618967159430296
leaf_weight=126.66876813943963 3931.7886589084519 454.83774405904114 60.568947084364481 671.37911953008734 265.0350934175076 2824.3290789987659 57.198737996630371 494.10965541168116 241.89333681762218 5040.6846901598619 164.77774972817861 107.95133265887853 471.52261429827195 84.426637022872455
leaf_count=24542 13642 1002 443 2625 3852 10632 793 5217 499 14827 1952 1231 1209 545
internal_value=0.00131304 0.00159088 0.00102469 0.00121588 -0.0005996 0.000604235 -0.00912555 -0.00340788 -0.014212 0.0025351 0.0086243 0.0111479 0.0133523 0.00475545
internal_weight=14997.2 14870.5 14415.7 14355.1 10423.3 9751.93 1614.19 1349.15 820.43 8137.74 3097.06 2932.28 528.721 326.32
internal_count=83011 58469 57467 57024 43382 40757 12115 8263 6261 28642 13815 11863 2002 1044
is_linear=0
shrinkage=0.03


Tree=169
num_leaves=15
num_cat=0
split_feature=14 34 41 29 39 39 39 10 35 41 35 16 37 11
split_gain=145.678 149.281 139.813 122.624 141.009 199.646 193.123 160.477 192.703 154.037 215.095 148.366 212.163 138.268
threshold=-0.68412905844155791 0.50000000000000011 2242.5000000000005 0.46537767659680002 69.523590185277797 31.564344315277783 86.354732294027784 0.36025883928571445 2.5000000000000004 1460.5000000000002 4.5000000000000009 46.179992708333344 1.0000000180025095e-35 13.946550000000002
decision_type=2 2 10 2 10 8 10 2 2 8 2 2 2 2
left_child=-1 2 3 -2 5 9 -6 -7 -9 11 -11 12 -5 -8
right_child=1 -3 -4 4 6 7 13 8 -10 10 -12 -13 -14 -15
leaf_value=-0.0035774231033914345 -0.0074374599285235944 0.019575162808331683 -0.037668181281546628 0.017498679975988311 -0.025847469932321777 0.016257624524899057 0.016749423271277711 0.021454881100104919 -0.039012988143731255 -0.039224096176954423 0.01046514176075417 0.013603134219108694 -0.032957508640131035 -1.829886868461684e-05
leaf_weight=4736.0333836930804 1030.3188361785142 454.83970286883414 78.289273630478419 127.55140383733669 239.89556502253981 1979.1090829165187 491.03876563662197 83.69396824517753 107.03506510006264 192.65156465163454 131.16563372162636 600.92837206402328 179.38687102205586 4405.4530453003827
leaf_count=20384 11861 1227 3730 789 3198 8415 1985 492 1063 2686 897 1735 2761 21820
internal_value=0.000763418 0.00279878 0.00200581 0.00233434 0.00351429 0.00825094 0.000376493 0.0137247 -0.0125055 -0.00139548 -0.0191267 0.00494296 -0.0120012 0.00166631
internal_weight=14837.4 10101.4 9646.52 9568.23 8537.91 3401.52 5136.39 2169.84 190.729 1231.68 323.817 907.867 306.938 4896.49
internal_count=83043 62659 61432 57702 45841 18838 27003 9970 1555 8868 3583 5285 3550 23805
is_linear=0
shrinkage=0.03


Tree=170
num_leaves=15
num_cat=0
split_feature=14 34 41 43 17 40 11 43 39 23 32 40 22 38
split_gain=175.816 131.779 158.059 122.768 117.483 167.714 262.453 158.762 145.012 161.724 134.083 191.16 168.092 153.715
threshold=-0.72430761904761698 0.40000000000000024 2196.5000000000005 6.1250000000000009 0.83057477455358109 252.3547322940278 14.756800000000002 6.1250000000000009 227.49840895736114 54.823750000000011 0.52256944444444453 153.45206501083337 -4.3179600315125866 1.6250000000000002
decision_type=2 2 10 2 2 8 2 2 10 2 2 10 2 10
left_child=3 2 4 -1 -2 8 -7 -8 9 10 11 12 -6 -14
right_child=1 -3 -4 -5 5 6 7 -9 -10 -11 -12 -13 13 -15
leaf_value=-0.02052574355993092 0.0083896705871901334 0.016882697848507849 -0.029305085447997144 -0.0021536222834139711 -0.027996397245216527 -0.035080069309743833 -0.026298340619233699 0.0069389762622329761 0.022758117017633719 -0.036482038738081493 0.015517554555675181 -0.012915334634563328 -0.046288388972570663 0.0052054510504039057
leaf_weight=354.56516390072647 2714.1794386136462 620.94632632075809 136.4355324410717 4130.1192796807736 147.2835228422191 277.38730434508761 167.55544531578198 554.95851554721594 313.72255378961563 96.432805044343695 630.84412916412111 766.91562797687948 51.876127512310632 3967.5515366071486
leaf_count=8544 11092 1757 4618 10740 10216 3144 2587 1052 1130 1209 2660 5721 567 17898
internal_value=0.00135751 0.00349046 0.00264244 -0.0036104 0.0030953 0.00103406 -0.0103315 -0.000794657 0.00293758 0.00183532 0.0025058 0.000839224 0.00337335 0.00452951
internal_weight=14930.8 10446.1 9825.14 4484.68 9688.71 6974.53 999.901 722.514 5974.63 5660.9 5564.47 4933.63 4166.71 4019.43
internal_count=82935 63651 61894 19284 57276 46184 6783 3639 39401 38271 37062 34402 28681 18465
is_linear=0
shrinkage=0.03


Tree=171
num_leaves=15
num_cat=0
split_feature=15 43 39 34 8 16 39 32 9 22 17 9 19 9
split_gain=154.281 151.397 152.6 203.298 188.793 160.031 136.888 130.8 138.773 263.278 146.277 169.002 118.544 109.762
threshold=43.410650000000011 1.0000000180025095e-35 0.49650164250000006 0.48529411764705871 14.61027482638889 42.541569791666667 425.11774725055562 0.69965277777777779 0.62720102659334254 -3.2733437500000071 1.2101424168903316 0.54187385660389709 54.910150000000009 0.52197925982820526
decision_type=2 2 8 2 2 2 10 2 2 2 2 2 2 2
left_child=-1 -2 -3 4 5 -4 7 8 9 -7 11 12 -11 -12
right_child=1 2 3 -5 -6 6 -8 -9 -10 10 13 -13 -14 -15
leaf_value=-0.017192040030034883 -0.031055984407040944 -0.038380262050009856 0.029535923277434036 0.018728545793335348 -0.053192850838630838 -0.023190786467091929 -0.045140394198103534 0.015140602663157969 0.014785521474894725 0.0026205243062865833 -0.019042142889666474 -0.03682908939139589 -0.03260084596283374 0.012145365380349625
leaf_weight=387.54282586206682 122.92913994309492 81.746567905182019 185.29965393117163 660.03427549335174 55.168691670754924 411.37234694021754 55.304023064556532 623.64338459738065 631.30358750233427 10962.54865243379 507.0860906294547 99.016952280886471 85.686716377735138 126.19896167144179
leaf_count=4256 23406 311 1872 1484 431 14417 443 1450 1905 29807 2056 556 310 246
internal_value=0.00146591 0.00196206 0.00224441 0.00247764 0.00169583 0.00192093 0.00153979 0.00173512 0.00108203 0.000371301 0.00119598 0.0019932 0.00234443 -0.0128178
internal_weight=14994.9 14607.3 14484.4 14402.7 13742.6 13687.5 13502.2 13446.9 12823.2 12191.9 11780.5 11147.3 11048.2 633.285
internal_count=82950 78694 55288 54977 53493 53062 51190 50747 49297 47392 32975 30673 30117 2302
is_linear=0
shrinkage=0.03


Tree=172
num_leaves=15
num_cat=0
split_feature=39 39 8 32 32 32 41 23 23 33 8 8 23 33
split_gain=133.359 280.792 241.234 271.968 241.613 225.163 232.626 278.917 284.424 214.649 263.276 260.075 768.846 290.557
threshold=28.579261272638892 67.086251258194451 12.84689166666667 0.48090277777777785 0.34548611111111116 0.30034722222222227 305.50000000000006 49.969150000000006 50.382900000000006 0.69802462530544729 13.888857465277779 13.581618576388891 53.621400000000001 0.63782650782183115
decision_type=8 10 2 2 2 2 10 2 2 2 2 2 2 2
left_child=2 5 4 -4 -1 6 -2 -8 -9 11 -11 13 -13 -3
right_child=1 9 3 -5 -6 -7 7 8 -10 10 -12 12 -14 -15
leaf_value=-0.026366092414319031 -0.0339964888956392 -0.0042867358557256785 -0.026541384597755985 -0.0011874649200823164 0.014915888842107709 0.014854394633356112 0.018651610620745173 -0.044491321532254727 0.0021141764249038917 0.018037804079274179 -0.0017987061159589616 -0.039388287297644681 0.017496398319450272 0.015684885190049312
leaf_weight=156.63141021702904 164.88416941423202 4668.271762819204 714.37778029369656 814.30771615641424 669.49304118158761 2195.4551806190284 584.50273693085182 160.52066977659706 435.59336877678288 1027.038765273348 1453.2759535619989 586.87767822836759 335.36374359147158 761.71143913565902
leaf_count=2442 2285 27092 7504 4704 2131 7952 4636 2226 2706 3375 6727 6132 826 2264
internal_value=0.000552571 0.001798 -0.00598961 -0.0130453 0.0070665 0.00893429 -0.000729404 0.00394149 -0.0104892 -0.00106362 0.00641908 -0.00398589 -0.0187062 -0.00148277
internal_weight=14728.3 12373.5 2354.81 1528.69 826.124 3540.96 1345.5 1180.62 596.114 8832.54 2480.31 6352.22 922.241 5429.98
internal_count=83002 66221 16781 12208 4573 19805 11853 9568 4932 46416 10102 36314 6958 29356
is_linear=0
shrinkage=0.03


Tree=173
num_leaves=15
num_cat=0
split_feature=18 39 34 38 38 38 23 33 11 11 8 38 38 43
split_gain=153.168 242.184 227.947 245.397 250.204 429.717 164.595 239.152 159.132 200.754 197.274 172.859 193.424 167.891
threshold=-2.1586958333333421 3.0422670158333336 0.40000000000000008 305.87500000000006 294.62500000000006 275.62500000000006 53.005200000000009 0.7012298647781311 13.751250000000001 13.959650000000002 12.899441840277779 49.625000000000007 97.125000000000014 6.8750000000000009
decision_type=2 8 2 10 10 10 2 2 2 2 2 10 10 2
left_child=8 -2 3 4 5 -3 7 -5 -1 10 11 -10 -13 -11
right_child=1 2 -4 6 -6 -7 -8 -9 9 13 -12 12 -14 -15
leaf_value=-0.042167411374748248 -0.05237227679198693 0.0035727976643737834 0.021401425260017749 -0.026881912228303328 0.030169526505015674 -0.044794695290743876 -0.048649782648606935 0.021438243337650022 -0.043896269557929288 -0.025800038930340396 0.036009279433104328 0.026197822626524103 -0.027471207260130512 -0.0031900576339682464
leaf_weight=92.535560066928156 69.114965498563834 8725.9373449553968 606.48903450975195 239.1246386365965 306.80121878557838 167.51230767578818 118.47821987356292 148.70558917307062 64.936987680848688 322.08128044416662 221.76948287838604 198.86426048364956 85.706430279067717 3477.9183951150626
leaf_count=944 600 51402 1624 3350 1921 3594 1427 583 546 6313 234 596 798 9013
internal_value=0.00119836 0.00319635 0.0035738 0.00245779 0.00357749 0.00265684 -0.0178554 -0.00834705 -0.00344833 -0.00261923 0.0139468 -0.000115004 0.0099943 -0.00511272
internal_weight=14846 10382.2 10313 9706.56 9200.25 8893.45 506.308 387.83 4463.81 4371.28 571.277 349.508 284.571 3800
internal_count=82945 64501 63901 62277 56917 54996 5360 3933 18444 17500 2174 1940 1394 15326
is_linear=0
shrinkage=0.03


Tree=174
num_leaves=15
num_cat=0
split_feature=43 28 10 23 39 33 8 11 39 38 21 10 32 23
split_gain=157.694 167.363 142.885 238.855 208.365 285.599 280.827 238.892 231.915 237.505 203.894 250.762 276.682 324.892
threshold=1.8750000000000002 0.94791666666666685 0.300154685592188 49.739350000000009 30.952648828055558 0.61291360875979894 12.84689166666667 14.293750000000001 67.88963633472224 320.87500000000006 2.2978799366170191 0.067996140873013297 0.63368055555555569 51.327450000000006
decision_type=2 2 2 2 8 2 2 2 10 8 2 2 2 2
left_child=-1 2 4 -4 5 -2 7 -7 -6 10 11 12 13 -10
right_child=1 -3 3 -5 8 6 -8 -9 9 -11 -12 -13 -14 -15
leaf_value=-0.017538078086206329 -0.034983716542173471 0.016846612826410753 0.014921816716012976 -0.009858368390163165 0.011711005804592901 0.0020092355510900614 -0.011153771640299228 0.043412346360338326 -0.0091900020253641908 -0.043016252956963645 0.00592407115351161 0.0013461255346448504 0.022122285672949188 -0.053168437029733596
leaf_weight=400.6110391272814 274.26670829742216 612.96485444530845 420.44397628738079 2068.2522520895582 2613.453774452908 414.20354760531336 1072.4766813602764 178.96246562758461 362.65567050129175 106.65412676788401 4191.099541623611 1713.731058027246 119.58440812677145 258.9064573943615
leaf_count=33263 2781 1398 2120 9312 5988 1377 6492 216 1657 1119 9335 6525 164 1407
internal_value=0.00100403 0.00152079 0.000838614 -0.00566766 0.00227116 -0.00667539 -0.00199592 0.0145529 0.00412469 0.00118728 0.00190302 -0.00496155 -0.0195288 -0.0275648
internal_weight=14808.3 14407.7 13794.7 2488.7 11306 1939.91 1665.64 593.166 9366.09 6752.63 6645.98 2454.88 741.147 621.562
internal_count=83154 49891 48493 11432 37061 10866 8085 1593 26195 20207 19088 9753 3228 3064
is_linear=0
shrinkage=0.03


Tree=175
num_leaves=15
num_cat=0
split_feature=12 43 29 11 40 9 40 32 21 41 33 12 19 4
split_gain=150.81 139.717 149.877 207.499 166.106 148.5 138.399 380.87 297.648 210.753 199.646 192.069 208.237 186.943
threshold=41.688212500000013 1.0000000180025095e-35 0.8537854745930642 15.399950000000002 3.6454153311111113 0.40904134463372716 116.23890721194446 0.25173611111111116 2.287566515760532 2006.5000000000002 0.46752022943054578 50.215162500000012 50.448800000000006 12.912173958333335
decision_type=2 2 2 2 8 2 10 2 2 10 2 2 2 2
left_child=-1 -2 6 4 -4 -5 10 -8 9 11 -3 12 -9 -10
right_child=1 2 3 5 -6 -7 7 8 13 -11 -12 -13 -14 -15
leaf_value=-0.027687807701794593 -0.031038210248604918 0.021776206650256529 -0.0053139491274617227 -0.052702107478079942 0.018539474561400773 -0.0021184675862323896 -0.040295357151825105 -0.0086998890167092457 0.016097959344223704 -0.045513760676371647 0.0016112070505930984 0.0045093229966997068 -0.040078347675509302 -0.00036092968085895343
leaf_weight=165.37620675918879 120.19788839411922 474.11028466629796 332.50691307871602 67.669553868006915 1244.3980789696798 218.61355454241857 239.0808076079702 741.54919579543639 786.95075766870286 151.76762200397206 6321.9102224042872 617.46407071501017 255.46997025981545 2932.5937807848677
leaf_count=1950 24149 1848 993 443 2474 768 2283 6546 1642 1937 28061 1634 1648 6639
internal_value=0.000712037 0.00103773 0.00130791 0.00924398 0.0135096 -0.0142169 0.00012633 -0.00330984 -0.00169089 -0.0118281 0.00302097 -0.00863527 -0.0167722 0.0031247
internal_weight=14669.7 14504.3 14384.1 1863.19 1576.9 286.283 12520.9 5724.88 5485.8 1766.25 6796.02 1614.48 997.019 3719.54
internal_count=83015 81065 56916 4678 3467 1211 52238 22329 20046 11765 29909 9828 8194 8281
is_linear=0
shrinkage=0.03


Tree=176
num_leaves=15
num_cat=0
split_feature=39 34 39 40 39 9 38 20 8 21 38 33 11 11
split_gain=162.514 147.741 160.728 277.719 216.994 212.848 635.624 261.644 282.27 197.282 182.526 279.953 258.183 240.653
threshold=0.49650164250000006 0.48529411764705871 68.699812243750003 186.17938781611113 33.947213838611113 0.41064613050545357 78.125000000000014 45.837458854166677 13.019849305555558 2.4272929083928978 173.12500000000003 0.85399373992989747 13.892350000000002 13.959650000000002
decision_type=8 2 10 10 8 2 10 2 2 2 8 2 2 2
left_child=-1 2 3 4 10 6 -6 8 9 -8 13 12 -12 -2
right_child=1 -3 -4 -5 5 -7 7 -9 -10 -11 11 -13 -14 -15
leaf_value=-0.044693959152785435 -0.018086316675287505 0.014805423476941259 -0.0024407914726220039 -0.048092339446522248 -0.048986320720910463 0.016821582535992148 -0.013194931073149282 0.018189993922946415 -0.055200578589007593 0.036587581283646115 0.016171716335954132 0.013103837745108527 -0.033096206735638123 0.01145483129303876
leaf_weight=69.770011801272631 322.25847301050089 653.7207273215754 8282.3053018489154 89.262890013924334 194.10639040602837 1799.9442371933255 219.59214475523913 896.20658143964829 96.561604842543602 105.11145241383929 117.44751452945638 262.79222292796476 504.47428578947438 1068.1481002083165
leaf_count=298 2885 1951 45032 1559 3032 6044 3347 2954 905 106 579 1629 7401 5554
internal_value=0.000657814 0.000877407 0.000224086 0.00411243 0.00495501 0.0098546 0.00155287 0.00903045 -0.0104527 0.00298327 -0.00217771 -0.0128225 -0.0237811 0.00459992
internal_weight=14681.7 14611.9 13958.2 5675.91 5586.64 3311.52 1511.58 1317.47 421.265 324.704 2275.12 884.714 621.922 1390.41
internal_count=83276 82978 81027 35995 34436 16388 10344 7312 4358 3453 18048 9609 7980 8439
is_linear=0
shrinkage=0.03


Tree=177
num_leaves=15
num_cat=0
split_feature=43 24 20 23 23 7 11 11 11 23 23 4 32 7
split_gain=131.241 140.599 120.974 145.253 355.12 236.741 208.875 371.718 315.446 199.24 252.121 238.32 387.556 277.786
threshold=1.0000000180025095e-35 1.2083333333333337 43.987950868055556 49.739350000000009 49.881600000000006 13.398550000000002 13.968000000000002 14.042100000000001 13.892350000000002 49.939800000000012 50.304850000000009 12.819323958333333 0.31770833333333337 13.865550000000002
decision_type=2 2 2 2 2 2 2 2 2 2 2 2 2 2
left_child=-1 2 -2 5 -5 -4 8 -8 -6 -9 -11 12 -12 -13
right_child=1 -3 3 4 6 -7 7 9 -10 10 11 13 -14 -15
leaf_value=-0.030965348990096647 -0.037997778003357255 0.018292641936587691 -0.041591086804096081 -0.040413202575682663 -0.023599252143370945 0.010037130633481202 -0.044711354939562999 0.023994779871928086 0.025904897361158325 -0.020012478706927465 -0.045756101888203907 -0.027635638885457448 0.016208927166029185 -0.00035915284286465086
leaf_weight=113.6938618280692 71.178349832072854 422.10455783456564 82.136707575060427 194.98449555400293 144.18402197980322 2091.74376828596 169.1948678776389 301.04597263701726 574.8545528112445 575.0981958770426 96.706637366209179 349.44500229367986 1299.3484862442128 8169.0756971045048
leaf_count=24493 677 999 753 2001 873 10217 1339 628 1273 3643 1042 2689 4019 28065
internal_value=0.00100029 0.00125233 0.000741634 0.000940612 -0.000364879 0.00806821 0.000307146 -0.000721087 0.0159592 -2.72547e-05 -0.000718891 0.000402145 0.0118868 -0.0014812
internal_weight=14654.8 14541.1 14119 14047.8 11873.9 2173.88 11679 10959.9 719.039 10790.7 10489.7 9914.58 1396.06 8518.52
internal_count=82711 58218 57219 56542 45572 10970 43571 41425 2146 40086 39458 35815 5061 30754
is_linear=0
shrinkage=0.03


Tree=178
num_leaves=15
num_cat=0
split_feature=43 24 39 7 28 41 41 35 40 11 23 20 40 39
split_gain=129.662 143.964 127.579 124.665 279.985 234.632 169.32 159.862 154.518 150.183 355.236 280.064 268.089 324.447
threshold=1.0000000180025095e-35 1.2916666666666667 0.49650164250000006 14.273800000000001 0.48958333333333343 38.500000000000007 2166.5000000000005 2.5000000000000004 37.775289195138896 15.276450000000002 53.621400000000001 49.562924305555562 249.09878875972225 206.04542321097225
decision_type=2 2 8 2 2 10 10 2 10 2 2 2 10 10
left_child=-1 2 -2 4 5 -4 7 8 -5 10 12 -11 13 -9
right_child=1 -3 3 6 -6 -7 -8 9 -10 11 -12 -13 -14 -15
leaf_value=-0.030971332579735358 -0.038421910411166035 0.021149413600478922 -0.039720546819395831 0.029714430828399131 0.016322018141537185 0.001493251032754235 -0.035821908397941853 -0.0043188544104048572 -0.036407434295474501 -0.057224148254325639 0.016904879250578982 -0.0055326529074334772 -0.023166964225487079 0.023450533724654523
leaf_weight=114.20093940274091 74.243263182346709 310.71530140936375 125.45565424521919 37.003144347690977 1214.2292734319344 7364.5273877858999 135.57085423188983 2294.0648361404892 200.04997363965958 110.2811261221068 1004.309083408094 621.27719274279661 522.25269765482517 452.48515775764827
leaf_count=24655 291 741 1241 130 2363 33288 1895 8985 1516 716 1802 2150 2638 673
internal_value=0.000730076 0.000982456 0.000538334 0.000746461 0.00296497 0.000797718 -0.00284452 -0.00198493 -0.0260046 -0.000842233 0.00130901 -0.0133925 -0.00348638 0.000262932
internal_weight=14580.7 14466.5 14155.7 14081.5 8704.21 7489.98 5377.29 5241.72 237.053 5004.67 4273.11 731.558 3268.8 2746.55
internal_count=83084 58429 57688 57397 36892 34529 20505 18610 1646 16964 14098 2866 12296 9658
is_linear=0
shrinkage=0.03


Tree=179
num_leaves=15
num_cat=0
split_feature=15 43 24 20 23 32 32 39 6 9 22 29 23 39
split_gain=130.84 124.252 129.279 122.435 116.464 220.346 179.143 185.083 131.073 120.762 181.804 139.234 240.114 279.261
threshold=43.343700000000005 1.0000000180025095e-35 1.2916666666666667 43.987950868055556 55.789600000000007 0.59895833333333337 0.69270833333333337 371.74274725055562 0.23040000000000005 0.64487632177107501 -3.6971577122153332 0.66585218779980815 51.060650000000003 18.765676435277779
decision_type=2 2 2 2 2 2 2 10 2 2 2 2 2 8
left_child=-1 -2 3 -3 6 -6 7 8 9 10 -5 -12 -13 -14
right_child=1 2 -4 4 5 -7 -8 -9 -10 -11 11 12 13 -15
leaf_value=-0.017246171270812623 -0.030904298424931233 -0.037966296811723504 0.020520578670118018 -0.025256224684862414 0.017581165551465071 -0.036199940053443888 0.017669128500680236 -0.049899490019488374 0.0069764451530261729 0.015026932012255613 -0.0031781150816203364 0.016768614194147036 -0.04188070089636755 0.0018226950750982872
leaf_weight=352.87455123016844 106.5380355080124 71.071618175134063 312.33872663788497 272.11018960754154 105.15940481843427 193.41827287629712 599.23757131258026 63.224292849248741 2735.6743826083839 434.21410818828736 5964.6061445958912 1000.0860672872514 138.82979074586183 2232.1671844706871
leaf_count=3954 23343 666 744 11715 431 1373 1249 521 9225 1311 20957 1702 665 5000
internal_value=0.000773029 0.00122109 0.00146562 0.00103319 0.00123769 -0.0172627 0.00164994 0.000901062 0.00115631 -0.000429766 -0.00112981 -0.000423956 0.0044486 -0.000752862
internal_weight=14581.6 14228.7 14122.1 13809.8 13738.7 298.578 13440.1 12840.9 12777.7 10042 9607.8 9335.69 3371.08 2371
internal_count=82856 78902 55559 54815 54149 1804 52345 51096 50575 41350 40039 28324 7367 5665
is_linear=0
shrinkage=0.03


Tree=180
num_leaves=15
num_cat=0
split_feature=12 14 43 21 22 41 28 32 10 32 22 33 39 9
split_gain=147.655 125.119 132.292 129.218 225.799 158.87 168.332 157.58 149.825 140.721 153.818 134.377 114.097 160.148
threshold=41.688212500000013 -0.68412905844155791 6.1250000000000009 2.4200533286562624 -3.6971577122153332 750.50000000000011 0.36458333333333343 0.61284722222222243 -0.073684949466056096 0.29340277777777785 6.8214022058823778 0.98684135120775107 27.388688370972226 0.40530722060169083
decision_type=2 2 2 2 2 8 2 2 2 2 2 2 8 2
left_child=-1 2 -2 4 11 7 8 9 -7 10 -5 -3 13 -6
right_child=1 3 -4 5 12 6 -8 -9 -10 -11 -12 -13 -14 -15
leaf_value=-0.027394454391703297 -0.020480212069192864 -0.029616231878792497 -0.0011601651483278057 -0.028391791675283464 -0.042992200189034407 -0.040199051923630102 0.0098014650818575577 -0.029677839680798932 -0.0017761465018406326 0.023945849186776433 0.019775013725582578 0.018495449661681148 0.003725835527741814 -0.0024652586837238424
leaf_weight=160.45695415657246 343.38346991676372 306.54835961322533 4325.8791774818674 106.53728796250653 108.35556603706209 131.4859990729019 765.46398432872957 62.179503357270733 294.39309504744597 988.43831142783165 133.05772168410476 62.228555805748329 6373.6029259063653 445.01158284151461
leaf_count=1939 8829 18690 11194 1471 1145 2803 2124 428 1210 2332 231 265 27755 2527
internal_value=0.00113585 0.00145461 -0.00258507 0.00338387 0.00137195 0.00929595 0.00139389 0.0165857 -0.0137052 0.0189505 -0.00167162 -0.0214697 0.00259091 -0.0104641
internal_weight=14607 14446.6 4669.26 9777.3 7295.75 2481.56 1191.34 1290.21 425.879 1228.03 239.595 368.777 6926.97 553.367
internal_count=82943 81004 20023 60981 50382 10599 6137 4462 4013 4034 1702 18955 31427 3672
is_linear=0
shrinkage=0.03


Tree=181
num_leaves=15
num_cat=0
split_feature=43 28 20 23 10 41 17 41 23 23 41 23 39 11
split_gain=140.003 144.149 108.941 109.426 106.149 106.476 104.602 212.035 191.018 216.758 227.316 210.732 184.505 177.922
threshold=1.8750000000000002 0.90625000000000011 43.987950868055556 56.476950000000009 0.41581773809523598 680.50000000000011 0.85690097826902967 1335.5000000000002 49.269600000000004 49.739350000000009 287.50000000000006 49.881600000000006 169.81434431527779 13.968000000000002
decision_type=2 2 2 2 2 10 2 10 2 2 10 2 10 2
left_child=-1 2 -2 4 6 -6 7 -4 -8 10 -10 -11 -9 -13
right_child=1 -3 3 -5 5 -7 8 12 9 11 -12 13 -14 -15
leaf_value=-0.017012267284788 -0.037052056932957038 0.014858142039611406 0.010385891010461997 -0.038417827320789584 0.0074567973322274446 -0.025185057158416908 -0.021615565087062957 -9.6306415856627274e-05 -0.042764174388409203 -0.039886938972431507 0.01701817417096279 0.016776813731179258 -0.034413240677179442 -0.0016574652784067578
leaf_weight=378.60847631288925 67.204964731121436 685.60113407671452 2719.3204351246823 62.218025319743901 135.82178211852442 263.05347522802185 358.29086929932237 1118.0286479804199 59.845872260862961 122.70995857461821 980.74897575331852 504.45532681723125 160.3558452995494 6955.2702466698247
leaf_count=33252 645 1638 7099 694 717 2142 2696 4037 444 1148 3154 1325 610 23357
internal_value=0.000967934 0.00144874 0.000767056 0.000958906 0.0011449 -0.0140793 0.00161382 0.00564993 -0.000183135 0.000709795 0.0135423 -0.00105286 -0.00442443 -0.000408787
internal_weight=14571.5 14192.9 13507.3 13440.1 13377.9 398.875 12979 3997.7 8981.32 8623.03 1040.59 7582.44 1278.38 7459.73
internal_count=82958 49706 48068 47423 46729 2859 43870 11746 32124 29428 3598 25830 4647 24682
is_linear=0
shrinkage=0.03


Tree=182
num_leaves=15
num_cat=0
split_feature=28 4 22 40 33 11 22 40 41 41 11 40 37 9
split_gain=130.662 230.142 250.974 218.951 158.202 137.546 146.703 135.823 132.584 280.547 219.61 260.514 187.681 258.624
threshold=0.40625000000000006 13.380830208333336 -3.8584171550671393 3.0319795329166674 0.57932547595167116 14.179300000000001 5.0028021241829927 450.03270436555562 1179.5000000000002 1381.5000000000002 14.920050000000002 312.77048400972228 1.5000000000000002 0.40637333212497023
decision_type=2 2 2 10 2 2 2 10 10 10 2 10 2 2
left_child=7 3 -3 -2 5 -5 -7 -1 10 -10 11 -4 13 -11
right_child=1 2 8 4 -6 6 -8 -9 9 12 -12 -13 -14 -15
leaf_value=-0.0024426928959482507 -0.012254759814092174 -0.036943992985259869 0.0045832512682367349 0.013372146172339292 0.019700794991063499 -0.045733795530530898 0.0020732233184697062 0.034237804884754093 -0.028794786190435094 0.017645249827832367 0.023878323538522445 -0.051085372589512762 -0.0097297042481879516 -0.0088901220345829757
leaf_weight=7710.4256500056945 315.04828637302853 162.72594315296737 785.32679836614989 359.89665945264278 1514.2455866999808 90.846278117736802 155.48367481969763 90.940808304876555 330.56421393470373 873.73445297143189 519.02326666360023 82.712219031760469 933.1216079153819 530.59344927995699
leaf_count=55252 1273 5471 2567 1085 3892 847 340 204 2029 2554 1056 423 3560 2310
internal_value=0.000623184 0.00371147 -0.000528826 0.011052 0.0145189 0.00156434 -0.0156716 -0.00201077 0.000941224 -0.00297004 0.00846125 -0.000773885 0.000692874 0.00762027
internal_weight=14454.7 6653.32 4217.8 2435.52 2120.47 606.227 246.33 7801.37 4055.08 2668.01 1387.06 868.039 2337.45 1404.33
internal_count=82863 27407 19970 7437 6164 2272 1187 55456 14499 10453 4046 2990 8424 4864
is_linear=0
shrinkage=0.03


Tree=183
num_leaves=15
num_cat=0
split_feature=29 23 41 18 12 11 23 39 23 12 9 22 21 24
split_gain=134.431 175.953 156.92 170.075 147.34 140.998 212.867 142.511 254.971 122.349 164.496 197.897 154.217 144.991
threshold=0.46537767659680002 53.124300000000012 604.50000000000011 -2.8201377117000574 50.085270833333347 14.064750000000002 50.511800000000008 86.354732294027784 52.802100000000003 41.688212500000013 0.59238851534290349 -3.6971577122153332 2.257332060533662 1.0416666666666667
decision_type=2 2 8 2 2 2 2 10 2 2 2 2 2 2
left_child=1 2 5 -4 -5 6 -1 -7 -9 -2 11 12 -11 -13
right_child=9 -3 3 4 -6 7 -8 8 -10 10 -12 13 -14 -15
leaf_value=-0.026024483304490767 -0.033386024782569572 -0.047584302060184235 0.015259194839587589 -0.027826745747892366 0.03185953860361395 0.025087547554109829 0.024914919628676157 -0.035910577350136613 0.035316791816110922 -0.03388068757587042 0.015238935444017717 0.00087341674500631935 0.0015437948653594701 0.015792827058717592
leaf_weight=253.80124141537817 88.686948861053679 92.446804034581874 125.34041141951457 501.23553202213952 39.382188019226305 328.56572018540464 103.05091812310275 112.93916729924968 74.039442197186872 255.1687699269969 766.66901122266427 10895.685535623983 194.4928713486006 618.59412919078022
leaf_count=4199 1034 1529 741 7539 107 1058 222 1082 78 12531 2767 42490 5742 1909
internal_value=0.000498882 -0.00761116 -0.00517963 -0.0161347 -0.023428 0.00319199 -0.0112858 0.0132158 -0.00766826 0.00153111 0.00177696 0.000913094 -0.0185891 0.00167625
internal_weight=14450.1 1630.8 1538.35 665.958 540.618 872.396 356.852 515.544 186.979 12819.3 12730.6 11963.9 449.662 11514.3
internal_count=83028 16555 15026 8387 7646 6639 4421 2218 1160 66473 65439 62672 18273 44399
is_linear=0
shrinkage=0.03


Tree=184
num_leaves=15
num_cat=0
split_feature=15 21 41 32 28 35 23 9 17 38 39 39 9 11
split_gain=123.691 121.667 196.145 271.943 267.234 168.586 203.586 167.222 163.559 146.568 287.394 276.534 265.308 270.858
threshold=43.209350000000008 2.4382590147896894 856.50000000000011 0.61284722222222243 0.44791666666666669 2.5000000000000004 52.097500000000004 0.39581839458588691 0.87780352107995763 124.37500000000001 14.323268780277781 206.04542321097225 0.38987592107727259 14.184150000000001
decision_type=2 2 8 2 2 2 2 2 2 10 10 8 2 2
left_child=-1 9 3 7 5 -4 -7 -3 -8 11 -11 12 -2 -14
right_child=1 2 4 -5 -6 6 8 -9 -10 10 -12 -13 13 -15
leaf_value=-0.018981559317905999 -0.039944119745528459 -0.018543402658722459 0.014288700660951812 -0.033666253845197398 0.010054533453219661 -0.044836365040725315 0.013504222376000482 0.018544590449958379 -0.030066074298559328 -0.031917608417762637 0.0032161444436969344 0.0098224496367821622 0.00057260491965312275 -0.019997697055301043
leaf_weight=275.22821415757062 239.60530791804194 116.83317432564218 134.0031181271188 104.67678114247974 787.08997647912474 225.84329294523923 161.03976529056672 1567.204900499084 147.80437739094486 214.86270770657575 7159.5414242744155 839.60994953342015 1576.3540803222568 906.87371923041064
leaf_count=3282 3182 570 334 640 2050 2189 634 4347 2209 2436 39798 4811 9495 6711
internal_value=0.000900943 0.00128813 0.00638894 0.0130406 -0.00178728 -0.01572 -0.0232534 0.0159621 -0.00737707 -0.000225509 0.00218829 -0.00522138 -0.00986219 -0.00694469
internal_weight=14456.6 14181.3 3244.5 1788.71 1455.78 668.691 534.687 1684.04 308.844 10936.8 7374.4 3562.44 2722.83 2483.23
internal_count=82688 79406 12973 5557 7416 5366 5032 4917 2843 66433 42234 24199 19388 16206
is_linear=0
shrinkage=0.03


Tree=185
num_leaves=15
num_cat=0
split_feature=14 15 21 22 35 3 23 20 23 23 40 23 40 41
split_gain=132.438 133.749 144.882 179.581 161.141 122.99 129.159 141.584 137.474 276.35 296.568 207.417 194.138 170.669
threshold=-0.68412905844155791 43.343700000000005 2.4234955239885445 -3.6971577122153332 4.5000000000000009 13.563950000000002 49.739350000000009 45.786721180555567 50.315100000000008 50.569600000000001 90.882190065833342 50.094400000000007 55.436834693055566 2018.5000000000002
decision_type=2 2 2 2 2 2 2 2 2 2 8 2 10 10
left_child=-1 -2 3 4 -3 -5 7 -7 11 -10 12 -8 -11 -12
right_child=1 2 -4 5 -6 6 8 -9 9 10 13 -13 -14 -15
leaf_value=-0.0038365982593216662 -0.019751957894095718 -0.03112148689200623 0.0094633659699732402 -0.0072115273513738594 0.012770462591540863 0.010683126500954689 0.00076270835698640362 0.051366269988622412 0.023540964326165422 -0.0032464269849045773 0.0059861482261935857 -0.042101756255190574 -0.040234216123757154 -0.017613073908006042
leaf_weight=4575.1758227086975 239.4755816218676 276.73470763408113 2298.4894431698485 1109.386020461563 102.63316966523416 503.41127975872951 304.29328093113145 90.097529089427553 555.69797267165268 277.43558207113529 3345.0150263269315 151.49964518548222 235.95747111632954 299.61544177477481
leaf_count=20371 3156 17756 9788 6996 890 2352 1579 83 1417 1179 10928 1341 2516 2540
internal_value=0.000376536 0.00234571 0.00290182 0.000821091 -0.0192447 0.00193139 0.00369236 0.016935 0.00216899 0.00369109 0.00103324 -0.0135459 -0.0202913 0.00404182
internal_weight=14364.9 9789.74 9550.27 7251.78 379.368 6872.41 5763.02 593.509 5169.51 4713.72 4158.02 455.793 513.393 3644.63
internal_count=82892 62521 59365 49577 18646 30931 23935 2435 21500 18580 17163 2920 3695 13468
is_linear=0
shrinkage=0.03


Tree=186
num_leaves=15
num_cat=0
split_feature=30 20 23 14 34 39 23 21 4 3 23 23 38 9
split_gain=124.221 117.507 110.734 107.318 110.94 128.702 258.079 236.47 306.568 180.296 250.96 208.165 188.084 172.852
threshold=0.57207792207792219 44.056071701388895 48.473850000000006 -2.4473566666666589 0.48529411764705871 67.88963633472224 54.19530000000001 2.2862845613147189 13.04886875 13.963600000000001 53.298300000000005 52.057700000000004 305.87500000000006 0.39691878949963455
decision_type=2 2 2 2 2 10 2 2 2 2 2 2 10 2
left_child=1 -1 -3 -4 5 6 13 8 -7 -10 11 -11 -12 -5
right_child=-2 2 3 4 -6 7 -8 -9 9 10 12 -13 -14 -15
leaf_value=-0.025976192763433988 0.015214780637315725 0.032434002150490721 -0.019217764273178117 -0.007859451303627276 0.014030714241262399 -0.035432308492361911 -0.034065160083201269 0.0014370802851311896 0.0074464111808300168 -0.0086341772008235469 0.0074372073047888716 -0.035904309230049176 -0.049606470134785294 0.0072920457154467535
leaf_weight=153.38246869086288 502.88939307304099 95.100719778740313 252.54083566641202 808.94877326564165 521.80989687354304 356.93908209278015 157.52925162547035 4904.7748088283115 677.22053768654587 593.67614812171087 655.79882403221563 437.75779442419298 55.498774046252947 4151.5433586140862
leaf_count=1666 1305 562 983 7806 1623 5226 2391 17816 4489 5834 3255 5465 777 23638
internal_value=0.000583712 5.0344e-05 0.000344269 0.000117073 0.000485026 -6.82493e-05 0.0036168 -0.00252362 -0.00951732 -0.00568185 -0.0107848 -0.0202316 0.002923 0.00482008
internal_weight=14325.4 13822.5 13669.1 13574 13321.5 12799.7 5118.02 7681.67 2776.89 2419.95 1742.73 1031.43 711.298 4960.49
internal_count=82836 81531 79865 79303 78320 76697 33835 42862 25046 19820 15331 11299 4032 31444
is_linear=0
shrinkage=0.03


Tree=187
num_leaves=15
num_cat=0
split_feature=14 43 34 22 19 40 7 38 4 33 15 40 40 19
split_gain=132.464 132.151 108.339 159.972 111.234 242.225 230.303 176.795 155.589 129.313 181.943 128.601 166.093 144.996
threshold=-0.68412905844155791 6.1250000000000009 0.25049019607843159 -3.6971577122153332 48.983750000000008 249.09878875972225 13.729250000000002 274.12500000000006 13.655007291666667 0.63169159531968488 51.187750000000008 229.2104992252778 151.99164110861113 48.729200000000013
decision_type=2 2 2 2 2 8 2 10 2 2 2 10 10 2
left_child=1 -1 4 -4 5 8 -6 -8 11 -9 -11 12 13 -2
right_child=2 -3 3 -5 6 -7 7 9 -10 10 -12 -13 -14 -15
leaf_value=-0.021040614129322465 0.0061785481479068316 -0.0020406618552240323 -0.019149489751493252 0.014315007120766127 -0.025169392436442065 -0.034929376007124861 0.002257240578853183 -0.042286207516450826 -0.036686307217617918 0.0097001844733199116 -0.035132401610275699 0.032120960489772962 -0.013716969521803707 0.025786515913312897
leaf_weight=356.3407016248384 2297.40906396028 4227.9469620585442 143.49080620834138 1173.7115749572404 341.25157271447824 126.71983891277341 4249.5800454072014 130.87879239369067 70.204838030273095 213.93600889632944 130.26548742150771 188.70403958670795 321.11496340797748 397.51904296351131
leaf_count=9228 22831 11166 1435 3287 2691 2740 17406 2106 1819 1361 1590 570 3548 1382
internal_value=0.000685893 -0.00352181 0.00265741 0.0106578 0.00141178 0.00560703 -0.0014058 0.000315548 0.00718571 -0.0170211 -0.00731965 0.00815794 0.0066485 0.00907934
internal_weight=14369.1 4584.29 9784.79 1317.2 8467.58 3401.67 5065.91 4724.66 3274.95 475.08 344.201 3204.75 3016.04 2694.93
internal_count=83160 20394 62766 4722 58044 32890 25154 22463 30150 5057 2951 28331 27761 24213
is_linear=0
shrinkage=0.03


Tree=188
num_leaves=15
num_cat=0
split_feature=20 23 23 9 9 11 23 41 16 23 35 7 19 38
split_gain=102.986 109.413 332.896 318.09 290.002 250.899 205.443 385.565 381.778 267.092 466.623 193.365 176.938 164.597
threshold=43.987950868055556 49.739350000000009 50.304850000000009 0.39841360633917777 0.43302083417001686 14.079050000000002 50.569600000000001 550.50000000000011 48.598230208333341 50.684200000000011 3.5000000000000004 13.398550000000002 46.556950000000008 52.625000000000007
decision_type=2 2 2 2 2 2 2 10 2 2 2 2 2 8
left_child=-1 4 3 -3 11 -5 7 -4 -9 10 -8 -2 -7 -11
right_child=1 2 6 5 -6 12 9 8 -10 13 -12 -13 -14 -15
leaf_value=-0.036618140161664696 -0.040563258404498696 -0.042342322188279255 -0.042631013486729576 -0.037982998162456212 -0.034586912130596628 -0.04228103507464008 -0.05578532801325288 0.023278743948370213 -0.049500492071480023 0.010121452391866714 0.025953625361302236 0.011610224539644005 0.00600865785311971 -0.000969857862073308
leaf_weight=65.851785214501433 65.156468279077671 294.43705082713859 100.69873454218032 183.04108614876168 140.29370325262425 74.991022509988397 189.39347959705628 991.30263511708472 68.480556130991317 1417.7058205186622 93.112372019910254 1932.9879878723295 672.88562214147532 7963.5817585883196
leaf_count=983 1142 4135 1427 2409 1878 1331 1943 3498 305 4666 181 12801 3147 43067
internal_value=0.00052984 0.000704825 -0.00040519 -0.0152189 0.00695678 -0.00660387 0.00127304 0.0131941 0.0185337 -0.00015973 -0.0288481 0.00988949 0.00111656 0.000707168
internal_weight=14253.9 14188.1 12049.6 1225.35 2138.44 930.918 10824.3 1160.48 1059.78 9663.79 282.506 1998.14 747.877 9381.29
internal_count=82913 81930 66109 11022 15821 6887 55087 5230 3803 49857 2124 13943 4478 47733
is_linear=0
shrinkage=0.03


Tree=189
num_leaves=15
num_cat=0
split_feature=6 29 11 35 40 38 32 37 39 11 32 11 39 39
split_gain=117.188 173.003 176.515 214.72 359.513 205.647 249.744 256.939 177.023 188.664 148.704 269.178 250.623 142.544
threshold=0.20549999999999874 0.66585218779980815 14.544500000000001 4.5000000000000009 130.70206501083337 170.37500000000003 0.44965277777777785 1.5000000000000002 3.5670617847222226 13.968000000000002 0.55381944444444453 15.176150000000002 396.90871122458339 134.62101571861115
decision_type=2 2 2 2 8 10 2 2 10 2 2 2 10 10
left_child=1 -1 8 4 -4 -6 -7 13 9 -3 -9 -12 -13 -8
right_child=-2 2 3 -5 5 6 7 10 -10 -11 11 12 -14 -15
leaf_value=-0.0042133091146741306 0.0052478511062456533 0.013595673479055386 -0.041324911247347725 0.014687013274509719 0.011589974023553874 -0.05551499521499554 -0.0408264047689198 -0.052575996391643454 0.015234172826303904 -0.0418341134674367 0.021231532208656891 -0.053217593713250522 0.017620997642203769 0.010758065299300514
leaf_weight=6426.7897628334176 3485.6943673891074 111.65465077385306 225.04595983610488 604.63269191863947 703.63623591669602 93.772514899668749 51.208658004004974 109.16909459861927 1410.7970124000858 107.71605603332864 131.62107993115205 155.61349738616263 62.467559332028031 631.74994081136538
leaf_count=48184 16744 202 2522 2071 2361 664 811 772 4339 724 220 1350 122 2123
internal_value=0.000464521 -0.00107595 0.00350746 -0.00110402 -0.00552028 -0.00134604 -0.0087161 -0.00482754 0.0113361 -0.013688 -0.0221643 -0.0125476 -0.0329386 0.00683619
internal_weight=14311.6 10825.9 4399.08 2768.92 2164.28 1939.24 1235.6 1141.83 1630.17 219.371 458.871 349.702 218.081 682.959
internal_count=83209 66465 18281 13016 10945 8423 6062 5398 5265 926 2464 1692 1472 2934
is_linear=0
shrinkage=0.03


Tree=190
num_leaves=15
num_cat=0
split_feature=14 22 4 28 11 28 20 41 4 41 38 11 11 37
split_gain=124.245 140.847 151.669 122.429 107.379 211.27 158.786 213.981 197.136 208.053 284.379 169.854 172.306 156.413
threshold=-0.72430761904761698 -3.2733437500000071 12.888368750000001 0.38541666666666669 15.224700000000002 0.65625000000000011 48.692972916666676 1992.5000000000002 13.672138541666667 1913.5000000000002 251.62500000000003 14.954050000000002 14.792700000000002 1.5000000000000002
decision_type=2 2 2 2 2 2 2 8 2 10 10 2 2 2
left_child=-1 2 3 -2 5 6 7 8 9 10 -3 12 -10 -9
right_child=1 4 -4 -5 -6 -7 -8 13 11 -11 -12 -13 -14 -15
leaf_value=-0.0033938805099415362 -0.014609012567549895 0.0047937793227081325 -0.021862513171275043 0.018316743039219634 -0.0078259879983397541 0.019627247986110891 0.018902846676074996 -0.0056917953605807219 -0.0095390137895134588 0.030081733601671733 -0.034574319143953584 0.012140452783292708 -0.055110072739891922 -0.041085511888460463
leaf_weight=4391.7210887074179 180.99906563671539 5674.0505742256064 418.05972166013089 229.25478243513498 667.46499070216669 770.71452017873526 534.93008048913907 379.30069450067822 184.97832915827166 279.91007637511939 169.0984251605114 135.69810855080141 124.82643510389607 158.92649643472396
leaf_count=19378 8003 21112 17757 838 3062 2096 1359 3575 804 506 1300 347 960 1700
internal_value=0.000805863 0.00266751 -0.00916783 0.00379009 0.00374808 0.00466722 0.00315604 0.00196828 0.00345919 0.00486184 0.00364876 -0.0157866 -0.0280187 -0.0161996
internal_weight=14299.9 9908.21 828.314 410.254 9079.9 8412.43 7641.72 7106.79 6568.56 6123.06 5843.15 445.503 309.805 538.227
internal_count=82797 63419 26598 8841 36821 33759 31663 30304 25029 22918 22412 2111 1764 5275
is_linear=0
shrinkage=0.03


Tree=191
num_leaves=15
num_cat=0
split_feature=17 41 23 38 31 28 11 8 40 33 40 40 11 23
split_gain=117.373 221.525 231.207 193.554 185.65 256.698 183.35 201.811 171.538 484.178 194.698 269.362 283.734 187.841
threshold=0.89391270666917411 2242.5000000000005 49.269600000000004 225.12500000000003 1.5000000000000002 0.17708333333333334 13.968000000000002 12.88886527777778 67.965398595972246 0.57322171666012189 90.882190065833342 146.2891931427778 14.756800000000002 49.939800000000012
decision_type=2 8 2 10 2 2 2 2 10 2 10 10 2 2
left_child=3 2 -2 4 5 -1 7 -4 13 -10 -11 -12 -13 -8
right_child=1 -3 6 -5 -6 -7 8 -9 9 10 11 12 -14 -15
leaf_value=0.015873729536376776 -0.024953675646210864 -0.031534927539680263 0.0019128436975478513 -0.007154372616543724 0.0085355840901237753 -0.042355813988635568 0.020003070597036897 0.030135018887181064 -0.023744431731197769 -0.031894478433800159 0.013044978931971856 -0.024105191262936379 0.001149969603598206 0.00043185213211217291
leaf_weight=120.42835956183262 343.22711913014064 216.32446515435004 618.50296395760961 1110.7563701835461 4002.7915286540228 154.68787728872849 562.05098006816115 360.35075511236209 974.38589174766093 163.27621899347287 1200.6748870626907 513.62953493581153 1802.7792864740768 2042.4455514161964
leaf_count=825 5228 5650 4662 7826 14447 1917 3187 933 8421 1793 4745 3412 8149 11634
internal_value=0.000512845 -0.00162276 -0.000865128 0.00399914 0.00689614 -0.0169015 0.00014139 0.0123226 -0.00150262 -0.00495186 2.86218e-05 0.00151926 -0.00445798 0.00466138
internal_weight=14186.3 8797.65 8581.32 5388.66 4277.91 275.116 8238.1 978.854 7259.24 4654.75 3680.36 3517.08 2316.41 2604.5
internal_count=82829 57814 52164 25015 17189 2742 46936 5595 41341 26520 18099 16306 11561 14821
is_linear=0
shrinkage=0.03


Tree=192
num_leaves=15
num_cat=0
split_feature=43 28 11 40 41 10 41 18 33 20 8 39 29 41
split_gain=113.728 129.432 129.172 145.29 116.003 103.541 116.293 103.146 162.217 136.202 131.868 127.966 115.927 194.468
threshold=1.0000000180025095e-35 0.88541666666666685 15.433650000000002 2.4092308938888896 1977.5000000000002 0.41581773809523598 680.50000000000011 -2.6841289473684231 0.46934117973133394 44.993785416666675 12.774043923611112 3.0422670158333336 0.46537767659680002 604.50000000000011
decision_type=2 2 2 8 10 2 10 2 2 2 2 8 2 8
left_child=-1 5 3 -3 -4 7 -7 8 -2 -10 -11 -9 13 -13
right_child=1 2 4 -5 -6 6 -8 11 9 10 -12 12 -14 -15
leaf_value=-0.030947676842256928 0.027838789746311963 -0.0054510422443222089 0.0065639939847849937 0.026929959052685526 -0.044615471958491026 0.0070971300975406458 -0.026534721074180177 -0.047618095875084761 -0.042751291446137256 0.030968495974649023 -0.0082476591716575589 0.0030495836259767134 0.002570956925546466 -0.021237806393034131
leaf_weight=104.4210821557208 117.45442599803209 169.91675508115441 117.90926595125347 464.66362867690623 59.05338933179155 139.2800870523206 272.61666432995116 47.026195389451459 97.275859199464321 79.909418158233166 1681.8172092423774 697.77017651661299 9549.2800543341436 514.93933299917262
leaf_count=24751 269 409 301 1061 324 1010 2927 499 637 77 5375 3983 36107 5563
internal_value=9.52984e-05 0.000328882 0.0119499 0.0182646 -0.0106696 -0.00038658 -0.0151727 9.09187e-05 -0.00620871 -0.00837369 -0.00645231 0.00124329 0.0014612 -0.0072723
internal_weight=14113.3 14008.9 811.543 634.58 176.963 13197.4 411.897 12785.5 1976.46 1859 1761.73 10809 10762 1212.71
internal_count=83293 58542 2095 1470 625 56447 3937 52510 6358 6089 5452 46152 45653 9546
is_linear=0
shrinkage=0.03


Tree=193
num_leaves=15
num_cat=0
split_feature=18 39 28 8 38 39 12 9 38 37 21 38 39 11
split_gain=109.938 173.139 208.12 267.701 156.852 229.809 416.92 207.87 191.691 187.913 217.032 172.007 162.338 158.119
threshold=-2.2703904761904594 3.0422670158333336 0.59375000000000011 13.703517881944446 225.12500000000003 156.27204118944448 46.258254166666681 0.40904134463372716 247.87500000000003 3.5000000000000004 2.1177027414612302 294.62500000000006 321.86761645527787 14.293750000000001
decision_type=2 8 2 2 8 8 2 2 8 2 2 10 10 2
left_child=-1 -2 4 -4 9 6 11 8 -8 10 -3 -6 -12 -11
right_child=1 2 3 -5 5 -7 7 -9 -10 13 12 -13 -14 -15
leaf_value=-0.0037169476670784038 -0.041774142250047427 -0.025982406258661724 0.021907944606382308 0.00081792264818928752 -0.012301816237593136 0.011104611392530418 0.0091913355069201414 -0.046336708763092725 -0.030448037308978763 -0.048352677465332984 0.0054327573492387879 0.02211251268295869 -0.035131400207207106 -0.0043433439595061364
leaf_weight=3890.5798212504014 78.969000593351666 212.67670433418243 1025.9008393347031 1146.5330975109537 236.31895089425961 439.79858989454806 180.5764441692736 321.27990400418639 277.64474436154705 112.18457604706055 5721.6460002774838 290.15891147730872 89.206458939210279 210.06333394075045
leaf_count=16831 650 7657 2823 5308 4476 2122 910 4950 4092 1378 27516 2448 555 1507
internal_value=0.000581321 0.00219835 0.0025407 0.0107829 0.000326768 -0.00763403 -0.0139481 -0.027865 -0.0148409 0.00251771 0.00371296 0.00667099 0.00480409 -0.0197666
internal_weight=14233.5 10343 10264 2172.43 8091.55 1745.78 1305.98 779.501 458.221 6345.78 6023.53 526.478 5810.85 322.248
internal_count=83223 66392 65742 8131 57611 18998 16876 9952 5002 38613 35728 6924 28071 2885
is_linear=0
shrinkage=0.03


Tree=194
num_leaves=15
num_cat=0
split_feature=43 36 10 9 7 20 31 23 37 39 40 20 41 37
split_gain=124.02 129.984 121.68 118.807 244.923 267.849 174.539 168.504 218.464 153.002 245.216 252.066 271.357 122.676
threshold=0.87500000000000011 3.8750000000000004 0.41581773809523598 0.39160723403121711 13.849250000000001 47.175349826388903 3.5000000000000004 52.730200000000004 1.5000000000000002 208.57670534791671 118.49164110861112 46.186419444444446 1898.5000000000002 1.0000000180025095e-35
decision_type=2 2 2 2 2 2 2 2 2 10 8 2 10 2
left_child=-1 2 3 4 6 9 -2 -7 -9 10 11 12 -6 -5
right_child=1 -3 -4 13 5 7 -8 8 -10 -11 -12 -13 -14 -15
leaf_value=-0.023181116040798286 -0.038505427600669391 0.01503746159312371 -0.016026355959138587 0.0073259261931237956 -0.034987766837586393 -0.041808062460405256 0.019574187497668059 0.0080966176256375231 -0.041254197189718948 0.028625891091215598 -0.035337492100769169 0.022109017729975582 0.024990447613813128 0.00016406312569743861
leaf_weight=193.56411636745906 284.12943117076065 563.62272519245744 395.58941205253359 2932.0673464079155 187.77767407416832 180.76639633643208 55.014933537924662 268.50994540937245 114.29061813850421 237.57910102326423 136.12037159258034 460.03636180597823 105.13515831180848 8088.9989292395767
leaf_count=28364 2762 1402 3477 9336 1157 1257 72 703 688 320 766 739 292 31956
internal_value=0.000605995 0.000936281 0.000344121 0.000841539 -0.00582725 -0.00115233 -0.0290541 -0.0180198 -0.00670688 0.00729355 0.00156732 0.00827711 -0.013448 0.00206991
internal_weight=14203.2 14009.6 13446 13050.4 2029.36 1690.22 339.144 563.567 382.801 1126.65 889.07 752.949 292.913 11021.1
internal_count=83291 54927 53525 50048 8756 5922 2834 2648 1391 3274 2954 2188 1449 41292
is_linear=0
shrinkage=0.03


Tree=195
num_leaves=15
num_cat=0
split_feature=43 14 43 36 22 39 7 33 5 7 39 8 4 23
split_gain=111.433 111.298 106.633 96.574 86.6309 185.54 144.672 126.09 242.09 167.427 240.512 132.664 121.897 114.473
threshold=1.0000000180025095e-35 -0.68412905844155791 6.1250000000000009 3.7916666666666674 3.9206321428572215 254.58227940958338 13.519850000000002 0.60950605964156634 0.35772525721346199 14.213550000000001 54.013592302361118 13.259882291666669 14.320073958333335 49.739350000000009
decision_type=2 2 2 2 2 10 2 2 2 2 8 2 2 2
left_child=-1 2 -2 4 5 7 -6 8 -3 -10 11 -11 -9 -8
right_child=1 3 -4 -5 6 -7 13 12 9 10 -12 -13 -14 -15
leaf_value=-0.030881457806263401 -0.019523585031031396 -0.036803851643327751 -0.0016528079474318529 0.016659153816138847 -0.026880071429113219 -0.023892770739836727 0.01671034436644005 0.0063053875412176852 0.0034149888870463481 -0.025885605983336092 -0.041928318022657118 0.039435763103665117 -0.04290485949292927 0.0037574997146488636
leaf_weight=98.72025011095684 322.7370671145618 194.16060721082613 4191.1114257434383 430.11872088257223 124.01069763489068 293.67810327745974 730.53975630179048 2286.5241460841498 1269.5369720642921 46.188822113152128 190.01907931006281 67.989323675865307 45.23041437251959 3830.7868801951408
leaf_count=24639 3030 3258 11183 1170 627 2353 1368 12551 10227 623 3084 174 621 8077
internal_value=0.000719498 0.000944157 -0.0029346 0.00278553 0.00212648 -0.000899848 0.00496377 0.000752674 -0.00528792 -0.00137871 -0.0213304 0.0130158 0.00533284 0.00583523
internal_weight=14121.4 14022.6 4513.85 9508.78 9078.66 4393.33 4685.34 4099.65 1767.89 1573.73 304.197 114.178 2331.75 4561.33
internal_count=82985 58346 14213 44133 42963 32891 10072 30538 17366 14108 3881 797 13172 9445
is_linear=0
shrinkage=0.03


Tree=196
num_leaves=15
num_cat=0
split_feature=33 39 11 8 39 32 38 38 20 9 11 20 40 41
split_gain=137.167 262.744 192.407 319.116 458.398 400.035 328.712 254.159 241.311 341.094 292.528 335.7 227.647 220.207
threshold=0.59796364615849373 26.793104701666671 14.224650000000002 13.24712013888889 91.93122455180557 0.33159722222222227 55.625000000000007 251.62500000000003 45.725883854166675 0.40703581963286045 13.959650000000002 45.332416145833342 166.34171316375003 305.50000000000006
decision_type=2 8 2 2 8 2 10 8 2 2 2 2 8 10
left_child=1 -1 8 4 -4 7 -7 -5 9 10 11 -3 13 -11
right_child=-2 2 3 5 -6 6 -8 -9 -10 12 -12 -13 -14 -15
leaf_value=-0.036595558112809783 0.0031206134321678006 -0.016018140972507911 -0.0047348854730963575 0.025376324863643891 -0.040293615312341005 0.024541738223311169 -0.027223250426703129 -0.044857205624073054 0.016674061163479578 -0.012047464796751341 -0.033532472913389157 0.031829135060204461 -0.022623319264515437 0.019543839926231807
leaf_weight=199.93710827402538 7890.4683303414786 430.33404525005608 916.58986318562529 589.87740056950133 505.8993813690322 146.10831437411252 442.7342148925818 49.415806369186612 869.31534388719592 250.81046191003406 431.60262947011506 189.15165191987762 187.01130906544859 942.164687290031
leaf_count=3467 38892 6106 6103 1864 4427 462 3655 898 2747 1942 5728 414 1724 4195
internal_value=0.000502841 -0.00285521 -0.00171567 -0.00773348 -0.0174005 0.00346845 -0.0143591 0.0198859 0.00311826 -0.00173395 -0.0146024 -0.00138086 0.008071 0.0128976
internal_weight=14041.4 6150.95 5951.02 2650.62 1422.49 1228.14 588.843 639.293 3300.39 2431.07 1051.09 619.486 1379.99 1192.98
internal_count=82624 43732 40265 17409 10530 6879 4117 2762 22856 20109 12248 6520 7861 6137
is_linear=0
shrinkage=0.03


Tree=197
num_leaves=15
num_cat=0
split_feature=18 39 28 11 41 11 0 38 41 32 35 33 40 39
split_gain=114.526 174.135 168.088 276.858 153.859 190.446 172.57 144.773 261.759 373.872 301.04 376.639 271.71 209.873
threshold=-2.2922187165775365 3.0422670158333336 0.61458333333333337 15.399950000000002 342.50000000000006 13.959650000000002 12.633237500000002 223.87500000000003 1812.5000000000002 0.61631944444444453 3.5000000000000004 0.63612302183758918 54.641741145972226 41.886742776944452
decision_type=2 8 2 2 10 2 2 8 8 2 2 2 10 8
left_child=4 -2 7 -4 6 -6 -1 -3 9 -9 11 12 13 -10
right_child=1 2 3 -5 5 -7 -8 8 10 -11 -12 -13 -14 -15
leaf_value=-0.0075748979782694764 -0.042599196739540948 0.002571753181493761 0.015290578715822994 -0.016511550941649633 0.017485647147080004 -0.0041721879180604236 -0.039790698525585748 -0.040322609393785257 -0.043177818599588524 0.026386769144756038 -0.03020216722691919 0.027271797743830203 -0.030556448107472566 0.017568505709939446
leaf_weight=565.11109600932105 77.32453456328949 6495.9858220993192 1595.926917736535 290.4614995844895 425.43430399021599 2552.7464695725357 202.8826742216479 364.62381857103901 59.627125679398887 94.577185091096908 248.69291262200568 453.99195765823242 280.33034351415699 328.47941670418368
leaf_count=1899 656 39115 5182 2170 1546 11225 1814 5438 1792 476 3729 1904 4476 1667
internal_value=0.000327626 0.00196269 0.00230422 0.0103876 -0.0041629 -0.00107353 -0.0161261 0.000471839 -0.00697829 -0.0265556 -0.000407078 0.00621553 -0.00810493 0.0081487
internal_weight=14036.2 10290 10212.7 1886.39 3746.17 2978.18 767.994 8326.31 1830.32 459.201 1371.12 1122.43 668.437 388.107
internal_count=83089 66605 65949 7352 16484 12771 3713 58597 19482 5914 13568 9839 7935 3459
is_linear=0
shrinkage=0.03


Tree=198
num_leaves=15
num_cat=0
split_feature=43 28 14 18 34 9 7 8 39 37 23 37 8 40
split_gain=105.721 143.828 97.87 92.613 104.017 92.4319 253.065 263.104 209.496 255.615 249.349 147.704 224.063 134.428
threshold=1.1250000000000002 0.96875000000000011 -2.4473566666666589 2.5403540350877143 0.36096256684491995 0.39160723403121711 13.790450000000002 13.44212170138889 208.57670534791671 1.5000000000000002 50.315100000000008 1.5000000000000002 13.670675173611112 116.23890721194446
decision_type=2 2 2 2 2 2 2 2 10 2 2 2 2 8
left_child=-1 2 -2 5 -5 6 -4 8 9 10 -8 12 -9 -12
right_child=1 -3 3 4 -6 -7 7 11 -10 -11 13 -13 -14 -15
leaf_value=-0.020596904540710489 -0.023339446056415337 0.015405875744104906 -0.034873891695784781 -0.020351684187431229 0.019039118842019503 0.0017125774485769601 -0.036858814515576356 -0.037957886802186799 0.03136655600241009 -0.031292951852431812 0.021608555306763502 -0.041632034564940447 0.0093994059221740086 -0.012537488415384155
leaf_weight=216.36820973738213 160.67661720328033 557.17174519319087 229.97767115186434 351.73278463195311 71.956393680535257 10636.357663856121 95.943090484361164 141.51335998869035 243.08246277156286 185.28432356647681 514.87945688527543 170.02934353903402 242.84576689847745 129.18365330854431
leaf_count=29338 591 1404 1960 8754 172 35186 626 698 276 1068 745 1024 560 417
internal_value=0.000161454 0.000490042 -0.000141945 0.00014626 -0.0136327 0.000611042 -0.00538671 -0.00143241 0.00664345 0.000121603 0.00801886 -0.0184336 -0.00808986 0.0147509
internal_weight=13947 13730.6 13173.5 13012.8 423.689 12589.1 1952.74 1722.76 1168.37 925.291 740.006 554.388 384.359 644.063
internal_count=82819 53481 52077 51486 8926 42560 7374 5414 3132 2856 1788 2282 1258 1162
is_linear=0
shrinkage=0.03


end of trees

feature_importances:
hours_since_repair=258
work_hours_ahead=223
joint_temp_c_max_24h=144
hours_since_wear_repair=144
sensor_errors_h_mean_4h=143
motor_current_a_max_24h=139
hours_since_pm=135
cycles_since_pm=130
motor_current_a_mean_24h=111
joint_temp_c_slope_24h=93
joint_temp_c_slope_4h=91
sensor_errors_h_mean_1h=90
sensor_errors_h_mean_24h=86
joint_temp_c_std_24h=80
sensor_errors_h_std_24h=79
motor_current_a_mean_4h=76
joint_temp_c_mean_24h=76
sensor_errors_h_std_4h=74
motor_current_a_max_4h=70
motor_current_a_std_24h=70
microstops_24h=50
joint_temp_c_mean_1h=47
sensor_errors_h_count_4h=47
motor_current_a_slope_24h=45
sensor_errors_h_slope_24h=43
joint_temp_c_std_4h=39
sensor_errors_h_max_24h=38
joint_temp_c_max_4h=28
joint_temp_c_mean_4h=24
joint_temp_c_max_1h=22
shift=21
joint_temp_c_slope_1h=16
sensor_errors_h_slope_4h=14
sensor_errors_h_max_4h=10
sensor_errors_h_std_1h=9
motor_current_a_std_4h=6
motor_current_a_mean_1h=5
motor_current_a_max_1h=5
motor_current_a_slope_4h=5

parameters:
[boosting: gbdt]
[objective: binary]
[metric: average_precision]
[tree_learner: serial]
[device_type: cpu]
[data_sample_strategy: bagging]
[data: ]
[valid: ]
[num_iterations: 2000]
[learning_rate: 0.03]
[num_leaves: 15]
[num_threads: 4]
[seed: 7]
[deterministic: 1]
[force_col_wise: 1]
[force_row_wise: 0]
[histogram_pool_size: -1]
[max_depth: -1]
[min_data_in_leaf: 200]
[min_sum_hessian_in_leaf: 0.001]
[bagging_fraction: 0.8]
[pos_bagging_fraction: 1]
[neg_bagging_fraction: 1]
[bagging_freq: 1]
[bagging_seed: 17422]
[bagging_by_query: 0]
[feature_fraction: 0.8]
[feature_fraction_bynode: 1]
[feature_fraction_seed: 7040]
[extra_trees: 0]
[extra_seed: 6516]
[early_stopping_round: 0]
[early_stopping_min_delta: 0]
[first_metric_only: 0]
[max_delta_step: 0]
[lambda_l1: 0]
[lambda_l2: 1]
[linear_lambda: 0]
[min_gain_to_split: 0]
[drop_rate: 0.1]
[max_drop: 50]
[skip_drop: 0.5]
[xgboost_dart_mode: 0]
[uniform_drop: 0]
[drop_seed: 15215]
[top_rate: 0.2]
[other_rate: 0.1]
[min_data_per_group: 100]
[max_cat_threshold: 32]
[cat_l2: 10]
[cat_smooth: 10]
[max_cat_to_onehot: 4]
[top_k: 20]
[monotone_constraints: ]
[monotone_constraints_method: basic]
[monotone_penalty: 0]
[feature_contri: ]
[forcedsplits_filename: ]
[refit_decay_rate: 0.9]
[cegb_tradeoff: 1]
[cegb_penalty_split: 0]
[cegb_penalty_feature_lazy: ]
[cegb_penalty_feature_coupled: ]
[path_smooth: 0]
[interaction_constraints: ]
[verbosity: -1]
[saved_feature_importance_type: 0]
[use_quantized_grad: 0]
[num_grad_quant_bins: 4]
[quant_train_renew_leaf: 0]
[stochastic_rounding: 1]
[linear_tree: 0]
[max_bin: 255]
[max_bin_by_feature: ]
[min_data_in_bin: 3]
[bin_construct_sample_cnt: 200000]
[data_random_seed: 61]
[is_enable_sparse: 1]
[enable_bundle: 1]
[use_missing: 1]
[zero_as_missing: 0]
[feature_pre_filter: 1]
[pre_partition: 0]
[two_round: 0]
[header: 0]
[label_column: ]
[weight_column: ]
[group_column: ]
[ignore_column: ]
[categorical_feature: 42]
[forcedbins_filename: ]
[precise_float_parser: 0]
[parser_config_file: ]
[objective_seed: 15521]
[num_class: 1]
[is_unbalance: 0]
[scale_pos_weight: 18.7963]
[sigmoid: 1]
[boost_from_average: 1]
[reg_sqrt: 0]
[alpha: 0.9]
[fair_c: 1]
[poisson_max_delta_step: 0.7]
[tweedie_variance_power: 1.5]
[lambdarank_truncation_level: 30]
[lambdarank_norm: 1]
[label_gain: ]
[lambdarank_position_bias_regularization: 0]
[eval_at: ]
[multi_error_top_k: 1]
[auc_mu_weights: ]
[num_machines: 1]
[local_listen_port: 12400]
[time_out: 120]
[machine_list_filename: ]
[machines: ]
[gpu_platform_id: -1]
[gpu_device_id: -1]
[gpu_device_id_list: ]
[gpu_use_dp: 0]
[num_gpu: 1]

end of parameters

pandas_categorical:null
