tree
version=v4
num_class=1
num_tree_per_iteration=1
label_index=0
max_feature_idx=42
objective=binary sigmoid:1
feature_names=motor_current_a_mean_1h motor_current_a_std_1h motor_current_a_slope_1h motor_current_a_max_1h motor_current_a_mean_4h motor_current_a_std_4h motor_current_a_slope_4h motor_current_a_max_4h motor_current_a_mean_24h motor_current_a_std_24h motor_current_a_slope_24h motor_current_a_max_24h vibration_mm_s_mean_1h vibration_mm_s_std_1h vibration_mm_s_slope_1h vibration_mm_s_max_1h vibration_mm_s_mean_4h vibration_mm_s_std_4h vibration_mm_s_slope_4h vibration_mm_s_max_4h vibration_mm_s_mean_24h vibration_mm_s_std_24h vibration_mm_s_slope_24h vibration_mm_s_max_24h chain_elongation_pct_mean_1h chain_elongation_pct_std_1h chain_elongation_pct_slope_1h chain_elongation_pct_max_1h chain_elongation_pct_mean_4h chain_elongation_pct_std_4h chain_elongation_pct_slope_4h chain_elongation_pct_max_4h chain_elongation_pct_mean_24h chain_elongation_pct_std_24h chain_elongation_pct_slope_24h chain_elongation_pct_max_24h microstops_24h hours_since_pm hours_since_repair hours_since_wear_repair cycles_since_pm shift work_hours_ahead
feature_infos=[18.286441666666665:25.652608333333333] [0.14554369046211973:2.9201161231071882] [-7.6433035714285715:2.9741600000000021] [18.845400000000001:26.944099999999999] [18.647043749999998:25.203900000000001] [0.36851607429512312:3.0906406084476949] [-8.7160933333333332:1.3259100000000088] [19.514299999999999:26.944099999999999] [18.823359375000003:25.041502777777779] [0.51646500202944723:3.1351737840696354] [-7.8983277777777774:0.90919529914530162] [20.1096:26.944099999999999] [1.7932833333333333:5.9611499999999999] [0.059281299163864064:1.6393688200205454] [-4.2978000000000005:1.1536333333333331] [2.0537000000000001:6.5053000000000001] [1.9201333333333335:5.7596645833333335] [0.15410986643677205:1.8336896062490979] [-5.050891021671827:0.78624164759725401] [2.3298000000000001:6.5053000000000001] [2.0158840277777781:5.496137152777778] [0.20309976919481204:1.7863859741127683] [-4.3989350877192983:1.2037822222222236] [2.5710999999999999:6.5053000000000001] [0.68000000000000005:2.5729000000000002] [0:0.94597619255190568] [-2.3938733333333335:0.032046666666666654] [0.68000000000000005:2.5729000000000002] [0.68000000000000005:2.5673000000000004] [0:0.94364597951161622] [-2.3211599999999999:0.055600000000000094] [0.68000000000000005:2.5729000000000002] [0.68351250000000008:2.5475833333333333] [0:0.92286806175617631] [-2.2992578947368409:0.17066666666666708] [0.68359999999999999:2.5729000000000002] [0:9] [0.16666666666666666:167.41666666666666] [0.0019263288888888889:589.20318490583338] [0.0019263288888888889:904.11459473472223] [1:1160] -1:2:1:0 [0:8]
tree_sizes=1722 1728 1752 1735 1737 1733 1730 1738 1747 1738 1769 1771 1733 1752 1754 1753 1735 1758 1763 1758 1759 1760 1762 1778 1753 1748 1765 1752 1775 1756 1756 1782 1777 1758 1775 1766 1765 1764 1768 1766 1764 1743 1753 1776 1748 1778 1757 1759 1762 1760 1764 1751 1752 1745 1750 1765 1763 1757 1759 1754 1764 1782 1750 1761 1759 1758 1769 1757 1758 1759 1763 1772 1761 1755 1760 1763 1760 1767 1756 1763 1765 1759 1774 1768 1774 1756 1764 1774 1759 1762 1759 1767 1768 1753 1756 1762 1778 1768 1757 1767 1772 1765 1758 1772 1770 1768 1774 1773 1777 1767 1777 1761 1763 1770 1768 1773 1776 1767 1760 1776 1775 1764 1753 1772 1773 1770 1768 1765 1766 1767 1775 1771 1785 1770 1766 1769 1766 1765 1762 1753 1769 1767 1763 1773 1772 1774 1777 1804 1767 1765 1799 1774 1758 1774 1769 1766 1774 1764 1792 1783 1768 1772 1775 1774 1777 1776 1765 1778 1770 1772 1777 1772 1777 1770 1764 1776 1777 1763 1765 1776 1779 1766 1765 1776 1783 1770 1765 1789 1779 1777 1781 1783 1772 1764 1764 1778 1780 1773 1781 1786 1766 1772 1770 1768 1772 1773 1771 1781 1769 1778 1773 1784 1762 1766 1773 1783 1779 1781 1768 1747 1765 1768 1761 1784 1773 1755 1765 1774 1787 1781 1762 1771 1780 1786 1771 1768 1797 1776 1779 1771 1775 1774 1770 1776 1770 1776 1770 1762 1778 1764 1774 1778 1781 1777 1791 1778 1768 1774 1772 1781 1786 1776 1785 1770 1780 1792 1776 1770 1786 1778 1776 1761 1765 1783 1779 1762 1787 1775 1780 1779 1795 1783 1783 1768 1777 1770 1775 1776 1763 1786 1778 1775 1769 1755 1772 1781 1785 1788 1768 1777 1780 1769 1763 1777 1775 1781 1781 1784 1792 1767 1776 1761 1793 1784 1786 1769 1794 1789 1790 1771 1771 1752 1780 1783 1770 1790 1775 1777 1774 1777 1779 1766 1772 1776 1785 1788 1784 1778 1789 1777 1772 1768 1782 1779 1799 1784 1783 1779 1758 1764 1769 1791 1757 1767 1782 1776 1785 1783 1765 1785 1768 1789 1778 1773 1767 1772 1767 1771 1763 1774 1759 1778 1765 1783 1775 1776 1769 1771 1783 1766 1776 1767 1779 1781 1787 1768 1776 1772 1775 1772 1785 1770 1767 1776 1776 1781 1777 1771 1783 1785 1757 1762 1772 1786 1762 1769 1765 1787 1774 1781 1792 1769 1797 1780 1773 1777 1782 1789 1773 1778 1796 1763 1783 1762 1779 1761 1765 1781 1776 1776 1780 1773 1771 1783 1776 1743 1763 1768 1759 1798 1775 1806 1759 1779 1777 1784 1773 1772 1779 1755 1764 1777 1781 1777 1780 1767 1775 1782 1766 1773 1780 1777 1776 1772 1767 1780 1788 1772 1771 1793 1776 1778 1775 1778 1783 1782 1771 1779 1776 1772 1778 1773 1762 1781 1777 1758 1782 1774 1773 1766 1779 1783 1779 1770 1771 1775 1773 1772 1782 1788 1783 1775 1778 1782 1782 1783 1770 1776 1779 1780 1772 1772 1783 1791 1772 1779 1776 1778 1781 1780 1792 1773 1783 1768 1780 1758 1790 1773 1783 1762 1780 1769 1758 1780 1769 1768 1786 1766 1779 1786 1781 1775 1773

Tree=0
num_leaves=15
num_cat=1
split_feature=22 42 18 23 33 42 21 42 12 24 41 18 10 22
split_gain=462722 147723 90304.5 61721.7 40735.1 35188.3 15983.9 18283.4 12608.3 37873.1 12059 11066.2 8493.67 8045.43
threshold=0.18638092948718041 4.8750000000000009 0.19833994360902227 3.5015500000000004 0.011734842154424574 1.1250000000000002 0.2622837870387506 4.8750000000000009 2.6529458333333333 1.2249041666666669 0 0.3386263636363635 0.040829861111107618 0.10675947781385271
decision_type=2 2 2 2 2 2 2 2 2 2 1 2 2 2
left_child=1 8 3 10 -5 11 7 -7 -1 -10 12 -2 -3 -14
right_child=5 2 -4 4 -6 6 -8 -9 9 -11 -12 -13 13 -15
leaf_value=-3.8109329822817486 -3.8099084609501053 -3.1736959012267123 -2.6725307067649169 -2.6135969033431978 -3.3342762216891688 -3.8092751567722294 -2.4902987338891025 -2.7323071143232043 -2.6875483408272274 -3.7051942235157109 -3.7703190913752467 -2.7204649691984506 -3.6603908391793833 -3.2137187102372367
leaf_weight=507.19271519780159 27.283199463039637 75.387434903532267 247.34497145563364 132.99651067331433 153.52429268881679 16.858443792909384 768.6242746450007 86.79436793923378 37.650728672742844 222.99669833481312 161.39065608009696 11.08547944575548 147.62812307476997 47.483904685825109
leaf_count=23256 1251 1872 2133 873 4641 773 2136 896 313 9454 7186 80 6041 1235
internal_value=-3.12502 -3.41301 -3.16627 -3.33757 -2.99686 -2.57777 -2.53865 -2.90607 -3.72373 -3.55458 -3.56489 -3.47622 -3.44281 -3.54935
internal_weight=2644.24 1733.6 965.756 718.411 286.521 910.646 872.277 103.653 767.84 260.647 431.89 38.3687 270.499 195.112
internal_count=62140 57004 23981 21848 5514 5136 3805 1669 33023 9767 16334 1331 9148 7276
cat_boundaries=0 1
cat_threshold=1
is_linear=0
shrinkage=1


Tree=1
num_leaves=15
num_cat=2
split_feature=42 15 41 18 40 11 40 18 41 38 40 7 22 20
split_gain=61332.9 33741.7 12140.5 7508.93 5604.22 5203.57 4865.16 4384.2 5657.56 3651.23 4110.41 3604.82 3361.45 3354.56
threshold=1.6250000000000002 2.7736500000000004 0 0.30413705882352954 1069.5000000000002 21.899400000000004 795.50000000000011 0.075880462184873404 1 474.94920017277781 230.50000000000003 24.786200000000004 0.35467571428571454 2.3429960069444449
decision_type=2 2 1 2 8 2 8 2 1 8 10 2 2 2
left_child=3 2 5 -1 7 6 13 8 11 10 -10 -3 -6 -2
right_child=1 4 -4 -5 12 -7 -8 -9 9 -11 -12 -13 -14 -15
leaf_value=-0.021050005696935391 0.2909676718243287 0.054905178761652379 -0.012318572346427489 0.34343974180831238 -0.030602367437607619 -0.030671765212881737 -0.030328198457809083 0.39274567097185725 0.089804081040346748 0.47218559452041897 0.33985689127884022 0.38719756654626553 0.37145576221626952 0.60890922359935795
leaf_weight=542.8602652810514 268.15284157171845 106.21532572805882 281.93140034005046 55.119017623364925 51.192070368677378 52.953074343502522 38.102537229657173 2826.8979948777705 64.290507772937417 181.62614097259939 890.02897254563868 39.846767442300916 28.376651629805565 33.947141356766224
leaf_count=23722 3892 3277 10911 374 1768 1550 1226 7172 1465 416 6329 206 16 84
internal_value=0.299801 0.335046 0.137953 0.0130643 0.366772 0.245471 0.288417 0.371606 0.324723 0.347351 0.323123 0.147573 0.115615 0.328586
internal_weight=5461.54 4863.56 675.087 597.979 4188.47 393.156 340.203 4108.91 1282.01 1135.95 954.319 146.062 79.5687 302.1
internal_count=62408 38312 17663 24096 20649 6752 5202 18865 11693 8210 7794 3483 1784 3976
cat_boundaries=0 1 2
cat_threshold=1 2
is_linear=0
shrinkage=0.03


Tree=2
num_leaves=15
num_cat=1
split_feature=15 41 18 22 34 38 39 22 11 16 39 37 20 38
split_gain=25752.7 11540 5587.9 6318.77 11100.1 5739.07 5260.08 7209.57 3110.89 3543.65 4457.7 2922.94 3914.18 2363.46
threshold=2.7736500000000004 0 0.16741131578947407 0.31093901098901028 0.080453333333332711 411.92116080722229 154.10047265972227 0.11919516483516505 21.899400000000004 2.253835416666667 63.320692317777791 127.04166666666669 2.8949032986111116 341.08013014027784
decision_type=2 1 2 2 2 8 10 2 2 2 10 10 2 10
left_child=1 8 3 4 5 6 -2 11 9 10 -1 -8 -13 -9
right_child=2 -3 -4 -5 -6 -7 7 13 -10 -11 -12 12 -14 -15
leaf_value=0.25439684608707364 0.30781221427891936 -0.015589413039234256 0.27382470492067218 0.27656423298797406 -0.00080571896559509138 0.29040003705148026 0.0098736550841621654 0.27626947279978342 -0.030610696648360278 0.32433020927802636 0.0035541753830975347 -0.030643201919185951 0.26553001280134753 -0.030446748548487404
leaf_weight=145.95090037956834 196.24395800195634 517.47170051187277 3307.7633651718497 995.62044168822467 256.31955268420279 548.2075299359858 320.15285653993487 271.98806101828814 51.489157361909747 164.92361480556428 112.67936308309436 61.485380394384265 113.76316939294338 24.448039278388023
leaf_count=1382 1577 22050 5327 807 7042 2379 10212 2661 1560 905 2821 2025 649 610
internal_value=0.224266 0.0824472 0.247338 0.21583 0.181962 0.212437 0.168931 0.134167 0.189048 0.21576 0.145545 0.0639186 0.162034 0.250956
internal_weight=7088.51 992.515 6095.99 2788.23 1792.61 1536.29 988.081 791.838 475.043 423.554 258.63 495.401 175.249 296.436
internal_count=62007 28718 33289 27962 27155 20113 17734 16157 6668 5108 4203 12886 2674 3271
cat_boundaries=0 1
cat_threshold=1
is_linear=0
shrinkage=0.03


Tree=3
num_leaves=15
num_cat=0
split_feature=42 12 42 29 39 21 40 9 22 38 21 21 42 33
split_gain=25431.8 12125.3 2981.91 2610.09 2227.85 2145.76 2063.65 2059.37 1459.67 1360.13 1844.98 1404.88 4544.28 3971.58
threshold=0.87500000000000011 2.2339500000000005 7.8750000000000009 0.0080142207588838766 5.5240310643055563 0.23324770067415473 1105.5000000000002 0.55431836662125578 0.35467571428571454 474.94920017277781 0.23750355046061683 0.27325836715167201 4.3750000000000009 3.3306690738754701e-16
decision_type=2 2 2 2 10 2 8 2 2 8 2 2 2 2
left_child=-1 2 -2 4 -4 -3 9 -6 -8 10 -7 12 13 -12
right_child=1 5 3 -5 7 6 8 -9 -10 -11 11 -13 -14 -15
leaf_value=-0.02311206299135438 -0.030827130804788987 0.030300042224731299 0.26435114830683198 0.25417390603448076 0.31158755439058361 0.045464059168074694 -0.030737150097659233 -0.015937665758293664 0.20986184190372437 0.23805554286638339 0.23600590929816023 0.21854822317917294 0.20103788818245405 -0.0096830609412310604
leaf_weight=509.18479561805725 211.9425417650491 62.921544749289751 38.879516309127212 86.304288310930133 18.229234147816896 67.122518658638 56.31545440480113 169.52321548573673 36.771140372380614 1211.1658874433488 87.12025235965848 3130.0860059969127 2650.7686073407531 180.2997001837939
leaf_count=21158 8619 1450 156 668 127 1294 1886 4102 13 1026 658 1410 14154 5447
internal_value=0.182428 0.195499 0.0559865 0.114694 0.0606947 0.205277 0.206756 0.0173447 0.0655248 0.208541 0.202658 0.204395 0.189144 0.0709387
internal_weight=8516.63 8007.45 524.879 312.936 226.632 7482.57 7419.65 187.752 93.0866 7326.56 6115.4 6048.27 2918.19 267.42
internal_count=62168 41010 13672 5053 4385 27338 25888 4229 1899 23989 22963 21669 20259 6105
is_linear=0
shrinkage=0.03


Tree=4
num_leaves=15
num_cat=0
split_feature=42 12 10 11 29 40 39 12 9 39 6 10 34 34
split_gain=17982.4 8549.35 4235.29 2872.72 2019.53 1591.51 1296.91 5430.62 3513.21 2281.26 1272.33 1169.55 1265.39 1094.27
threshold=0.62500000000000011 2.2571166666666671 0.01956888888889571 21.561900000000005 0.0027296707531350652 1100.5000000000002 155.97277606763893 2.6454875000000002 0.61981552419530772 214.76262911236114 0.2936926066580447 0.23528417582417099 0.04426666666666694 0.096482857142856912
decision_type=2 2 2 2 2 8 10 2 2 10 2 2 2 2
left_child=-1 2 3 4 -2 6 -3 8 10 -10 -8 -12 -13 -9
right_child=1 5 -4 -5 -6 -7 7 13 9 -11 11 12 -14 -15
leaf_value=-0.027994133038308795 -0.030379406622920033 0.19050811752044688 -0.01604107776339115 -0.030860998607162134 0.22846723682049153 0.042024242292422208 -0.016635206808238334 0.17595117399707097 0.20891650938386849 -0.031045007623297351 -0.030973807627729999 0.30727692059614192 0.045927051687440441 0.10914211270918042
leaf_weight=470.77142847143114 31.362346155568957 2321.9021943230182 342.31572542712092 67.771393092349172 190.03458939306438 87.510330149903893 259.03519087098539 5342.5091969836503 199.2888745162636 43.08863883279264 35.375544419512153 33.800848631188273 32.800699427723885 236.46424421481788
leaf_count=20261 1008 2555 11035 2101 1042 2061 6198 10971 910 1120 870 54 589 1351
internal_value=0.152806 0.162036 0.0553887 0.139711 0.191828 0.169868 0.171178 0.163889 0.0782084 0.166305 0.0187658 0.107977 0.181148 0.17314
internal_weight=9694.03 9223.26 631.484 289.168 221.397 8591.78 8504.27 6182.36 603.39 242.378 361.012 101.977 66.6015 5578.97
internal_count=62126 41865 15186 4151 2050 26679 24618 22063 9741 2030 7711 1513 643 12322
is_linear=0
shrinkage=0.03


Tree=5
num_leaves=15
num_cat=0
split_feature=42 12 42 39 12 9 37 32 38 0 35 34 22 16
split_gain=13936.4 6115.49 2680.61 1049.53 4778.21 3543.88 1526.69 1125.54 1045.81 1135.69 1104.39 939.101 2455.49 836.275
threshold=0.62500000000000011 2.2537541666666674 7.8750000000000009 155.97277606763893 2.6674500000000005 0.61852244832967129 55.541666666666671 1.1322015625000004 63.268425637916671 19.918537500000003 0.98915000000000008 0.097599999999999992 0.35467571428571454 2.0601895833333335
decision_type=2 2 2 10 2 2 10 2 10 2 2 2 2 2
left_child=-1 2 -2 -3 5 -5 7 -7 10 -10 13 -6 -13 -4
right_child=1 3 8 4 11 6 -8 -9 9 -11 -12 12 -14 -15
leaf_value=-0.027890437667912361 -0.030813218383039475 0.16331169619627697 0.23612628815459419 0.0031573395501280771 0.15151068866140316 0.1961706795645424 -0.0073955635218831382 0.027555134216124579 -0.031253433894487079 0.15658656767047735 -0.030825063826380335 -0.032862904526840563 0.16062005594299497 0.11470483432838745
leaf_weight=458.2056164611131 227.73234741203487 2665.4382964111865 72.308327049016953 373.25560356304049 6074.5129402372986 220.67237014509737 52.94871860742569 42.880339410156012 92.954795641824603 40.924166347831488 34.262279402464628 90.878378693014383 165.91945488192141 184.75070712529123
leaf_count=20267 9545 2823 201 8617 11291 478 1222 765 2333 519 840 1503 64 1495
internal_value=0.133955 0.14113 0.0521612 0.147121 0.140952 0.0658371 0.139514 0.168945 0.0965694 0.0269008 0.128385 0.149124 0.0922864 0.149642
internal_weight=10797.6 10339.4 652.933 9686.51 7021.07 689.757 316.501 263.553 425.2 133.879 291.321 6331.31 256.798 257.059
internal_count=61963 41696 14933 26763 23940 11082 2465 1243 5388 2852 2536 12858 1567 1696
is_linear=0
shrinkage=0.03


Tree=6
num_leaves=15
num_cat=0
split_feature=42 12 10 29 21 38 34 21 24 38 33 12 42 7
split_gain=11150.1 5874.92 2360.12 1534.23 1204.07 2089.14 749.877 2372.3 713.026 477.435 937.94 439.496 1855.93 1154.66
threshold=0.62500000000000011 2.2537541666666674 0.016661363636369299 0.0074755597151990377 0.23800463635895175 474.94920017277781 0.094489878542510647 0.2622837870387506 0.99410000000000009 35.196873186805561 0.082827541117446432 2.3826125 7.3750000000000009 21.443050000000003
decision_type=2 2 2 2 2 8 2 2 2 10 2 2 2 2
left_child=-1 2 3 9 5 8 11 -8 -3 10 -2 12 -6 -14
right_child=1 4 -4 -5 6 -7 7 -9 -10 -11 -12 -13 13 -15
leaf_value=-0.027782285779476387 0.13915218142068594 0.1560990039672242 -0.019410407557709203 0.17751928579500773 -0.031217516375669788 0.16501990423731255 -0.020796758966503279 0.12555502597904705 -0.032218807811679934 -0.031271706483118333 -0.030483167431189673 0.13554714466322387 0.15029085809351359 -0.0059048492629078997
leaf_weight=445.69499644637108 74.406634204089642 19.975029746070504 329.54859745688736 123.31423566676676 75.063202913850546 110.00138589739799 117.86473732814193 636.04366804286838 130.8593279980123 57.016259424388409 47.511785870417953 9338.9778720624745 345.97155028954148 48.471676962450147
leaf_count=20282 417 155 10850 514 2247 37 2745 1031 2822 1486 1658 16011 1135 809
internal_value=0.119376 0.125104 0.0361127 0.0965151 0.130295 0.0662372 0.13187 0.102677 -0.006416 0.0400142 0.0733349 0.134104 0.105163 0.13113
internal_weight=11900.7 11455 631.798 302.249 10823.2 260.836 10562.4 753.908 150.834 178.935 121.918 9808.48 469.506 394.443
internal_count=62199 41917 14925 4075 26992 3014 23978 3776 2977 3561 2075 20202 4191 1944
is_linear=0
shrinkage=0.03


Tree=7
num_leaves=15
num_cat=0
split_feature=42 16 10 42 21 38 18 30 5 42 21 17 33 21
split_gain=9052.63 3278.57 3252.47 1580.44 1187.54 1375.05 837.388 1651.98 1268.99 982.167 755.826 609.125 495.852 1371.42
threshold=0.62500000000000011 2.2434291666666675 0.068165505952391583 7.3750000000000009 0.23750355046061683 482.63614671291674 0.025053974358973993 0.0093333333333330461 0.62154549294314954 6.8750000000000009 0.24438015793234305 0.23485844150823962 0.015221702168044882 0.27140808737109529
decision_type=2 2 2 2 2 10 2 2 2 2 2 2 2 2
left_child=-1 2 3 -2 5 -3 7 12 10 -10 -9 -5 -6 -14
right_child=1 4 -4 11 6 -7 -8 8 9 -11 -12 -13 13 -15
leaf_value=-0.027697623122461938 -0.030707253617965828 -0.013050422683314487 -0.023230429416316454 0.02171396226328727 0.13184292637428552 0.1439837792684866 0.12155560161691112 0.078847184006569856 -0.031458820255586592 0.13015280489165781 -0.03262929544994695 0.13640415751181378 0.053951480243504865 0.12166754707820471
leaf_weight=435.74231562204659 69.701768828555942 134.85653867386281 310.8816286008805 47.49306053109467 813.34092084132135 78.790071941912174 8450.1082442514598 80.42021356523037 40.697286285459995 190.39709964208305 166.05341630801558 365.76269919238985 385.83355865813792 908.71182843856514
leaf_count=20304 2720 2762 9773 722 1340 29 11858 815 1001 896 3150 1404 4416 702
internal_value=0.106576 0.111436 0.0524191 0.101062 0.115596 0.0452627 0.116954 0.101871 0.0513366 0.101679 0.00391524 0.123308 0.113291 0.101542
internal_weight=12478.8 12043 793.839 482.958 11249.2 213.647 11035.6 2585.45 477.568 231.094 246.474 413.256 2107.89 1294.55
internal_count=61892 41588 14619 4846 26969 2791 24178 12320 5862 1897 3965 2126 6458 5118
is_linear=0
shrinkage=0.03


Tree=8
num_leaves=15
num_cat=0
split_feature=42 12 10 11 21 34 38 40 10 38 38 42 12 24
split_gain=7588.46 2847.02 2297.31 1376.89 1001.44 2288.07 1716.28 1575.38 1202.33 871.29 2102.36 1121.37 1306.15 1279.15
threshold=0.62500000000000011 2.2537541666666674 0.01956888888889571 21.580050000000004 0.27228175129017901 0.088045091093116881 154.29517274472224 959.50000000000011 0.0053412500000027847 411.92116080722229 345.19920017277781 5.8750000000000009 2.6674500000000005 1.2374083333333339
decision_type=2 2 2 2 2 2 8 8 2 8 10 2 2 2
left_child=-1 2 3 -2 5 7 -7 9 -9 10 11 12 -3 -14
right_child=1 4 -4 -5 -6 6 -8 8 -10 -11 -12 -13 13 -15
leaf_value=-0.027582434867774296 0.11773369815277916 -0.021722080658387537 -0.015411451871867734 -0.030940453318434293 0.11380680068196861 0.087047201398968085 -0.032996041480384757 0.097871653362777436 -0.024819287014960879 0.12050160205776092 -0.033898494597042514 0.10804944867093869 0.13321802147031062 0.03396435368386929
leaf_weight=423.00636894255877 324.98130351863801 129.40411058068275 326.29908689670265 67.267105992883444 5921.3750235568732 222.13904222473502 205.50556017644703 134.32374509051442 152.66583574935794 2060.1369834747165 108.69440126046538 2736.783176952973 244.03630969673395 225.14807742834091
leaf_count=20248 2020 3437 10728 2094 1649 1499 3848 334 2586 1754 1313 8246 46 2012
internal_value=0.0973844 0.101497 0.043392 0.0922236 0.104932 0.0964655 0.0294178 0.101411 0.0327459 0.104984 0.0956699 0.0999012 0.0625288 0.0857626
internal_weight=13281.8 12858.8 718.547 392.248 12140.2 6218.84 427.645 5791.19 286.99 5504.2 3444.07 3335.37 598.588 469.184
internal_count=61814 41566 14842 4114 26724 25075 5347 19728 2920 16808 15054 13741 5495 2058
is_linear=0
shrinkage=0.03


Tree=9
num_leaves=15
num_cat=0
split_feature=42 12 10 42 22 34 42 9 38 38 21 39 5 39
split_gain=6545.97 2698.77 1951.9 1096.56 1088.12 1449.38 4039.02 1227.05 1518.22 1350.49 686.528 639.482 539.844 495.642
threshold=0.62500000000000011 2.2537541666666674 0.01956888888889571 7.8750000000000009 0.14097056466817598 0.045267013888889519 7.8750000000000009 0.59531328394213168 133.76004004597226 96.375288423750007 0.25230099949267221 5.5240310643055563 0.737063846236372 154.10047265972227
decision_type=2 2 2 2 2 2 2 2 8 8 2 8 2 10
left_child=-1 2 3 -2 5 13 12 9 -9 -8 -5 -12 -7 -3
right_child=1 4 -4 10 -6 6 7 8 -10 -11 11 -13 -14 -15
leaf_value=-0.02749234373521511 -0.030656825109177083 0.11791178945636518 -0.018932395997303338 0.14152431308664026 0.10263681222611465 -0.020931038698835294 0.096661035092668476 -0.033650376427812774 0.11923982706886201 -0.033706484981626574 0.1122257363480688 -0.013670929755959477 0.095159633847435865 0.089146410705133128
leaf_weight=414.01593061350286 65.590030003339052 806.33941665291786 316.50038317032158 184.51497115753591 8822.4397867079824 439.44301858730614 156.15887434780598 62.361035909503698 847.82649259082973 130.50721507146955 77.074497979134321 67.51792293228209 38.276282541453838 1732.2008470315486
leaf_count=20368 2468 402 10736 407 7187 9183 494 736 2342 1714 98 1075 98 4792
internal_value=0.089981 0.0935207 0.0365456 0.0809677 0.0966262 0.0840182 0.0622825 0.0916976 0.108739 0.0373992 0.10324 0.0537477 -0.0114502 0.0983262
internal_weight=14160.8 13746.8 711.198 394.697 13035.6 4213.11 1674.57 1196.85 910.188 286.666 329.107 144.592 477.719 2538.54
internal_count=62100 41732 14784 4048 26948 19761 14567 5286 3078 2208 1580 1173 9281 5194
is_linear=0
shrinkage=0.03


Tree=10
num_leaves=15
num_cat=1
split_feature=42 12 10 35 22 34 23 37 38 18 41 42 22 23
split_gain=5664.54 2134.12 1804.3 942.156 882.932 2998.94 1817.57 947.235 1117.92 590.188 1175.36 1227.54 707.918 687.703
threshold=0.37500000000000006 2.2339500000000005 0.016661363636369299 0.99365000000000014 0.24942235294117623 0.080453333333332711 2.8814500000000005 149.54166666666669 474.94920017277781 0.26280820512820546 0 5.8750000000000009 0.10773988636363649 3.0881000000000003
decision_type=2 2 2 2 2 2 2 8 10 2 1 2 2 2
left_child=-1 2 3 -2 5 7 -7 9 -9 10 11 -3 -13 -12
right_child=1 4 -4 -5 -6 6 -8 8 -10 -11 13 12 -14 -15
leaf_value=-0.030610774271827099 0.094222543788751029 -0.014456192655460103 -0.022079836419496322 -0.030911062848090663 0.097597740420476073 0.11890545961018584 -0.0091849668890217565 -0.033191983967643106 0.10055139957449659 0.10321742441987697 0.048648294427429475 0.011896524139334371 0.101196366916476 0.094848101045211478
leaf_weight=378.27021050639451 358.87714908830822 206.66190368495882 285.61699185334146 63.247332854196429 6506.6549616474658 125.35569801367819 472.0644090436399 123.06109965965152 102.04609019681811 2136.4552383050323 324.24417353048921 112.01011347211897 280.21655065007508 3038.4916454106569
leaf_count=19287 1993 3849 10251 2025 1400 630 7406 2234 110 974 2703 1359 572 7277
internal_value=0.0838881 0.0869542 0.0361121 0.0754449 0.0896312 0.0821281 0.0178458 0.0881978 0.0276134 0.0904293 0.0835086 0.0446758 0.0757897 0.0904092
internal_weight=14513.3 14135 707.741 422.124 13427.3 6920.61 597.42 6323.19 225.107 6098.08 3961.62 598.889 392.227 3362.74
internal_count=62070 42783 14269 4018 28514 27114 8036 19078 2344 16734 15760 5780 1931 9980
cat_boundaries=0 1
cat_threshold=2
is_linear=0
shrinkage=0.03


Tree=11
num_leaves=15
num_cat=1
split_feature=12 41 21 34 22 40 38 21 18 39 20 32 22 21
split_gain=2832.86 2349.35 1234.61 1607.69 1245.9 1201.54 823.985 1324.07 933.721 879.996 1324.65 701.135 981.938 689.073
threshold=2.277845833333334 0 0.27325836715167201 0.091449561403510168 0.31093901098901028 1021.5000000000001 474.94920017277781 0.23827283119847384 0.075880462184873404 155.97277606763893 2.8949032986111116 1.5485218750000005 0.13785679487179342 0.2429459505824291
decision_type=2 1 2 2 2 8 8 2 2 10 2 2 2 2
left_child=1 -1 3 5 -5 6 7 -2 9 -9 -11 -12 13 -13
right_child=2 -3 -4 4 -6 -7 -8 8 -10 10 11 12 -14 -15
leaf_value=0.065563926809104278 -0.0056717405197261742 -0.027556534792528696 0.091083081066848801 -0.023343093145010603 0.090231493729101497 -0.021205514331883526 0.097166871459986787 0.10393838824717656 0.084664832576347562 0.0073713246593960545 0.098749033626775673 0.065643714890966182 0.084800493460255491 -0.034837561879378469
leaf_weight=644.22965596430004 188.30896016582847 391.23765970394015 6776.8132021892816 263.06963902153075 128.62214096821845 110.84155937843025 1589.6384690795094 300.58924379013479 3307.6726131141186 488.61171407997608 394.20362145639956 98.57325029745698 279.3125431612134 159.33093891851604
leaf_count=5614 3787 18532 2119 5543 99 2313 1132 887 8240 9264 594 459 1122 2506
internal_value=0.078317 0.0303869 0.0818381 0.0732547 0.0140869 0.0766026 0.0781984 0.0724006 0.075325 0.0573316 0.0473997 0.0683677 0.0459322 0.00367247
internal_weight=15121.1 1035.47 14085.6 7308.77 391.692 6917.08 6806.24 5216.6 5028.29 1720.62 1420.03 931.42 537.217 257.904
internal_count=62211 24146 38065 35946 5642 30304 27991 26859 23072 14832 13945 4681 4087 2965
cat_boundaries=0 1
cat_threshold=1
is_linear=0
shrinkage=0.03


Tree=12
num_leaves=15
num_cat=0
split_feature=42 12 42 40 11 21 40 33 42 38 3 11 38 39
split_gain=4663.31 1711.06 1796.14 769.997 758.496 668.254 1302.17 984.163 1800.79 658.604 1346.85 534.346 1172.94 428.167
threshold=0.37500000000000006 2.3216791666666672 7.6250000000000009 803.50000000000011 21.786000000000005 0.27228175129017901 1028.5000000000002 0.022294853719797014 5.6250000000000009 157.52907293416669 24.202000000000002 21.47935 64.350231493888899 498.0167850366667
decision_type=2 2 2 8 2 2 8 2 2 8 2 2 10 10
left_child=-1 2 -2 4 11 6 7 13 -9 -10 -11 12 -4 -3
right_child=1 5 3 -5 -6 -7 -8 8 9 10 -12 -13 -14 -15
leaf_value=-0.030618441216343405 -0.022723036903949691 0.083447170397735776 0.083251229183560593 -0.031930760548075469 -0.03188505540056509 0.085846951079609157 -0.022305746574206257 -0.032861462300539747 0.085995256666694067 -0.012877853931478394 0.08588588695254297 0.11315604182138399 -0.032532596409421528 0.060444305749229564
leaf_weight=374.34863927029073 292.31275541707873 4842.8120982106775 396.0231114141643 70.433587118983269 59.263006189838052 7154.90970322676 126.80606842972338 195.090985449031 633.0546927433461 232.86947764083743 264.91029432043433 268.76908469758928 97.64888677932322 872.91870980337262
leaf_count=19386 11508 10362 1446 1542 1206 1599 2860 4005 803 2314 203 850 1884 2031
internal_value=0.0739402 0.076466 0.041758 0.0628872 0.0710436 0.079333 0.0728204 0.0745363 0.051177 0.0656915 0.0397494 0.0790753 0.0603296 0.0799453
internal_weight=15882.2 15507.8 1184.45 892.138 821.704 14323.4 7168.46 7041.66 1325.93 1130.83 497.78 762.441 493.672 5715.73
internal_count=61999 42613 18436 6928 5386 24177 22578 19718 7325 3320 2517 4180 3330 12393
is_linear=0
shrinkage=0.03


Tree=13
num_leaves=15
num_cat=0
split_feature=42 12 42 22 38 7 38 19 39 40 23 42 37 40
split_gain=4178.67 1833.21 918.645 750.251 1161.92 2866.77 1012.53 1931.88 1396.37 834.917 735.879 1035.57 730.164 729.863
threshold=0.37500000000000006 2.2339500000000005 7.8750000000000009 0.13648202020201924 411.92116080722229 23.144550000000006 214.61629482694448 3.6295000000000006 309.50550895486117 739.50000000000011 3.0881000000000003 6.8750000000000009 121.54166666666669 795.50000000000011
decision_type=2 2 2 2 8 2 10 2 10 10 2 2 10 10
left_child=-1 2 -2 4 5 6 8 9 10 -8 11 -3 -4 -14
right_child=1 3 12 -5 -6 -7 7 -9 -10 -11 -12 -13 13 -15
leaf_value=-0.030594596932717537 -0.030699600734822988 -0.031606485264273787 0.0058708526095331698 0.079183508123956456 0.084209055363847485 -0.036295229385057422 -0.03401117849860557 0.12611964608316972 -0.034359697595403339 0.045364236829245452 0.090792968214788564 0.068422038224820361 0.097825279239676821 -0.031443928861531974
leaf_weight=363.00872023869306 192.09029123932123 109.40090291574597 230.07137124240398 10140.944191914052 1771.788532294333 288.28426776081324 273.04537881724536 141.82972518727183 104.19964789971709 210.16484401747584 1370.3298844285309 606.79896364733577 245.73231559060514 46.263850500807166
leaf_count=19359 9229 3196 3400 7968 1598 2873 4121 111 1297 2144 2729 2501 541 1095
internal_value=0.0699638 0.0722861 0.0252801 0.0745198 0.0648058 0.0537069 0.0629311 0.0291872 0.0725409 0.000534325 0.0778933 0.0531197 0.0458967 0.0773065
internal_weight=16094 15730.9 714.158 15016.8 4875.84 3104.05 2815.77 625.04 2190.73 483.21 2086.53 716.2 522.068 291.996
internal_count=62162 42803 14265 28538 20570 18972 16099 6376 9723 6265 8426 5697 5036 1636
is_linear=0
shrinkage=0.03


Tree=14
num_leaves=15
num_cat=0
split_feature=42 12 42 40 7 6 22 34 39 12 40 34 38 38
split_gain=3709.43 1652.67 2288.12 1055.87 755.35 494.621 468.584 2285.69 508.574 1097.4 1529.04 1434.66 450.071 877.553
threshold=0.37500000000000006 2.4836958333333334 6.8750000000000009 811.50000000000011 21.469500000000004 0.2936926066580447 0.22961910173160169 0.085397222222221472 246.0863782843056 2.8158875000000001 731.50000000000011 0.066773055555555183 261.76583657152781 121.06470357666667
decision_type=2 2 2 8 2 2 2 2 10 2 10 2 10 10
left_child=-1 2 -2 4 -4 -6 7 8 -3 10 -10 -12 13 -11
right_child=1 6 3 -5 5 -7 -8 -9 9 12 11 -13 -14 -15
leaf_value=-0.030574282914458989 -0.022301432864950305 0.082839094488228737 0.07195417585475361 -0.023861109932988369 -0.033146139015573395 0.061546310782880406 0.076883298839120817 -0.023953049495257919 -0.029889732761280107 0.069144772653466968 -0.034151766308316803 0.11600924349240235 0.075184097063929145 0.0049456214814848163
leaf_weight=351.01679983641952 389.16929584834725 1795.6864477861673 1451.6469472460449 131.0549320243299 109.31152779608965 89.307561511173844 7458.1346071995795 245.32596242241561 253.55236783251166 690.15179547481239 80.463792018592358 194.38977602310479 2925.1521898694336 265.36376058682799
leaf_count=19252 13772 1126 6102 2545 1667 440 1693 3669 3153 1383 1059 457 4146 1565
internal_value=0.0658286 0.067935 0.0435523 0.057944 0.064451 0.00952662 0.0717367 0.0657748 0.0693258 0.0638047 0.023189 0.0720849 0.0693277 0.0513393
internal_weight=16429.7 16078.7 2170.49 1781.32 1650.27 198.619 13908.2 6450.09 6204.76 4409.07 528.406 274.854 3880.67 955.516
internal_count=62029 42777 24526 10754 8209 2107 18251 16558 12889 11763 4669 1516 7094 2948
is_linear=0
shrinkage=0.03


Tree=15
num_leaves=15
num_cat=0
split_feature=42 15 11 9 11 16 10 16 39 18 22 34 29 40
split_gain=3379.73 1316.65 1029.79 914.56 1358.32 935.093 751.07 466.143 1128.4 422.826 581.348 1992.53 740.577 452.833
threshold=0.37500000000000006 2.9095500000000007 21.899400000000004 0.61433268751252645 20.539000000000005 2.3482093750000002 0.42382190789473234 2.236789583333334 6.9250069995833341 0.25612857142857032 0.26403699054621771 0.085397222222221472 0.0080142207588838766 986.50000000000011
decision_type=2 2 2 2 2 2 2 2 10 2 2 2 2 8
left_child=-1 2 3 4 -2 -6 -4 8 -5 10 11 12 13 -3
right_child=1 9 6 7 5 -7 -8 -9 -10 -11 -12 -13 -14 -15
leaf_value=-0.030555014460625043 0.086093790828152369 0.065800102309068312 -0.020542389384975809 0.086873738791131527 -0.022910057239593908 0.05634126896729133 0.067830635214568433 0.082870006588386225 -0.017122653730926921 0.074499429172177667 0.073259150075987198 -0.024451907121874328 -0.0034962931894972162 0.013068208796286319
leaf_weight=342.49343933258206 264.059042240493 4104.4559575729072 324.47430415451527 219.65028593782336 388.43468500301242 203.28819189686328 116.91082343179733 829.0911946836859 162.97461483534425 5729.7446841802448 3387.8364137150347 255.7829568516463 151.80620968155563 152.57254658080637
leaf_count=19308 612 9432 7099 378 9720 698 501 1440 4170 1432 778 3786 1224 1345
internal_value=0.0626351 0.0645961 0.044572 0.0534487 0.0296549 0.0043661 0.00296562 0.0702149 0.0426485 0.0682377 0.0637734 0.0568699 0.0615924 0.0639137
internal_weight=16633.6 16291.1 2508.88 2067.5 855.782 591.723 441.385 1211.72 382.625 13782.2 8052.45 4664.62 4408.83 4257.03
internal_count=61923 42615 24618 17018 11030 10418 7600 5988 4548 17997 16565 15787 12001 10777
is_linear=0
shrinkage=0.03


Tree=16
num_leaves=15
num_cat=0
split_feature=42 12 42 40 7 39 15 39 12 9 38 5 38 38
split_gain=3118.01 1258.61 1527.13 724.464 540.778 328.76 1238.43 1175.68 753.272 685.654 550.605 633.734 473.734 390.846
threshold=0.37500000000000006 2.3826125 7.3750000000000009 803.50000000000011 21.455750000000005 161.66110739569447 3.3771500000000008 309.50550895486117 2.5654000000000008 0.61374945958852456 327.94343076333342 0.60861370348999111 341.08013014027784 189.01004004597226
decision_type=2 2 2 8 2 10 2 10 2 2 10 2 10 10
left_child=-1 2 -2 4 -4 -3 7 8 9 -7 -9 -12 -13 -11
right_child=1 5 3 -5 -6 6 -8 10 -10 13 11 12 -14 -15
leaf_value=-0.030531890427447694 -0.020590055405954866 0.072597383113769287 0.062473910404165243 -0.032194217187881909 -0.018291510350434897 -0.015668581183744274 0.067484923966312796 -0.02558893064835489 0.066627672192019788 -0.032663316238818185 -0.018405159581042576 0.1039825114257152 0.013944428365995682 0.073571838762671107
leaf_weight=333.41408792510629 328.85608084592968 3716.09076692909 1169.5473753400147 86.382520902901888 79.266763348132372 222.62470529880375 8758.2350748106837 261.91398697625846 1353.5578993158415 36.209962004795671 137.0776679161936 118.02307969518006 94.862309636548162 202.53792390227318
leaf_count=19375 12567 863 5259 1923 1074 3758 8175 3082 2243 632 1266 238 599 838
internal_value=0.0602241 0.0620525 0.0372694 0.0515248 0.0573369 0.0648174 0.0622264 0.0432285 0.0553471 0.0221799 0.0072511 0.0318316 0.0641141 0.0573905
internal_weight=16898.6 16565.2 1664.05 1335.2 1248.81 14901.1 11185 2426.81 1814.93 461.373 611.877 349.963 212.885 238.748
internal_count=61892 42517 20823 8256 6333 21694 20831 12656 7471 5228 5185 2103 837 1470
is_linear=0
shrinkage=0.03


Tree=17
num_leaves=15
num_cat=0
split_feature=42 16 10 22 33 31 16 11 39 42 4 21 38 38
split_gain=2826.57 1247.41 1595.22 701.852 1323.83 1541.79 816.104 546.766 451.186 855.492 640.646 489.429 563.34 381.829
threshold=0.37500000000000006 2.2400864583333338 0.051025873015863706 0.24942235294117623 0.023172743689639737 1.0369500000000003 4.1001458333333343 21.561900000000005 154.10047265972227 2.6250000000000004 20.164468750000001 0.2377670367180825 482.63614671291674 96.375288423750007
decision_type=2 2 2 2 2 2 2 2 10 2 2 2 10 8
left_child=-1 2 7 4 8 -6 13 -2 -3 -10 -11 12 -12 -7
right_child=1 3 -4 -5 5 6 -8 -9 9 10 11 -13 -14 -15
leaf_value=-0.030505453529179636 0.062324403600596337 0.074712114007265587 -0.028409417646283894 0.067659459860149554 0.074610432326800841 0.021187478773615685 0.064142572461214159 -0.031184809010194832 -0.022492727239308636 -0.021408137496894873 -0.033951365475511947 0.060389032770285941 0.089380022040012372 -0.034440469777991846
leaf_weight=320.99594689719379 582.34874885249883 1440.9518173066899 321.41149867139757 7892.8845632746816 347.04761508200318 153.07985407672822 130.63895684666932 61.68466698564589 122.28546602092683 90.471182422712445 103.05210950691253 5318.4450797680765 48.04725269973278 398.1594604048878
leaf_count=19255 2506 1097 10227 1727 902 1394 182 2057 2267 1253 1548 10971 10 6618
internal_value=0.0576104 0.0592749 0.026119 0.0612681 0.0550725 0.0232337 -0.00298591 0.0533338 0.0596676 0.0558401 0.0575667 0.0588766 0.0055959 -0.0189821
internal_weight=17331.5 17010.5 965.445 16045.1 8152.18 1028.93 681.878 644.033 7123.25 5682.3 5560.02 5469.54 151.099 551.239
internal_count=62014 42759 14790 27969 26242 9096 8194 4563 17146 16049 13782 12529 1558 8012
is_linear=0
shrinkage=0.03


Tree=18
num_leaves=15
num_cat=0
split_feature=42 12 42 22 34 40 10 22 24 39 38 38 22 28
split_gain=2597.85 1273.98 1092.35 578.281 1470.07 568.844 519.535 544.663 501.556 426.687 767.375 1080.34 870.336 1378.77
threshold=0.37500000000000006 2.3216791666666672 7.6250000000000009 0.22961910173160169 0.087431366459627041 1041.5000000000002 0.053904999999996768 0.090535416666666993 0.93705000000000005 157.86264522375004 411.92116080722229 345.19920017277781 0.11664333333333364 1.2306364583333336
decision_type=2 2 2 2 2 8 2 2 2 10 10 10 2 2
left_child=-1 2 -2 4 5 9 -4 -8 -6 -3 11 12 13 -11
right_child=1 3 6 -5 8 -7 7 -9 -10 10 -12 -13 -14 -15
leaf_value=-0.030485809606031682 -0.02637508499670382 0.070190023349548977 0.060004273178410422 0.064731044868518356 0.084773459827037906 -0.020279334725593037 -0.019587293668107374 0.049493546326015776 -0.028638134892164435 0.057296821914989013 0.066028822899835665 -0.035940276814857286 0.061602645726606869 0.00041825973716376404
leaf_weight=314.13305083848536 266.44738809671253 1624.8689795918763 586.82750790007412 7685.3852663189173 39.766802910715342 87.269720753654838 199.07911052834243 210.32084817718714 251.92939099669456 820.00904207210988 2333.9238092489541 146.03303004056215 1769.3077974421903 719.91077913343906
leaf_count=19405 11612 770 2096 1744 24 1598 3911 900 4589 3221 1711 1390 3239 5928
internal_value=0.0549083 0.0565124 0.0275057 0.0588767 0.0530956 0.0556649 0.0419284 0.0159357 -0.01294 0.0565614 0.0527248 0.0437218 0.047247 0.0307237
internal_weight=17055.2 16741.1 1262.67 15478.4 7793.02 7501.32 996.227 409.4 291.696 7414.05 5789.18 3455.26 3309.23 1539.92
internal_count=62138 42733 18519 24214 22470 17857 6907 4811 4613 16259 15489 13778 12388 9149
is_linear=0
shrinkage=0.03


Tree=19
num_leaves=15
num_cat=0
split_feature=42 12 10 22 34 42 10 9 18 37 30 22 23 42
split_gain=2399.71 1092.07 1106.73 739.192 1311.98 1307.97 574.859 626.677 531.063 583.911 551.813 945.111 654.115 460.868
threshold=0.37500000000000006 2.2339500000000005 0.051025873015863706 0.22961910173160169 0.076852277432711766 7.6250000000000009 0.17501637426900093 0.64175616124000012 0.26280820512820546 149.54166666666669 0.019640867955573696 0.14993754901960785 2.9922500000000003 7.8750000000000009
decision_type=2 2 2 2 2 2 2 2 2 8 2 2 2 2
left_child=-1 2 13 4 8 -6 -7 -8 9 10 12 -12 -3 -2
right_child=1 3 -4 -5 5 6 7 -9 -10 -11 11 -13 -14 -15
leaf_value=-0.030463042300884962 -0.030486839209750424 -0.01037612414798585 -0.03142920209425773 0.062586853251342681 -0.033060854844262889 0.074380899062248887 -0.028092183143598973 0.073186633713731866 0.065060741090728458 -0.0064502269397995905 -0.015526453333761875 0.067715311996712296 0.055599313862131544 0.055343497871172091
leaf_weight=304.8258769903332 63.622193341143429 139.51801966596395 255.93616484943777 7945.4523099139333 324.31174557842314 265.15904071554542 146.15767177566886 86.811144215986133 2483.6508568543941 170.83728680294007 286.42865344230086 213.44197072461247 4138.3994685849175 453.31737381033599
leaf_count=19409 2815 1641 9701 1767 7058 432 1431 118 968 2108 2716 391 9877 1681
internal_value=0.0528827 0.0543812 0.0195097 0.0560435 0.0497386 0.013765 0.0442567 0.00979883 0.0537169 0.0480116 0.0499599 0.0200815 0.0534457 0.0447415
internal_weight=17277.9 16973 772.876 16200.2 8254.72 822.44 498.128 232.969 7432.28 4948.63 4777.79 499.871 4277.92 516.94
internal_count=62113 42704 14197 28507 26740 9039 1981 1549 17701 16733 14625 3107 11518 4496
is_linear=0
shrinkage=0.03


Tree=20
num_leaves=15
num_cat=0
split_feature=19 21 40 34 38 39 38 18 40 5 40 17 11 38
split_gain=1153.75 844.611 1093.53 763.44 786.544 623.833 583.998 602.003 758.61 628.201 714.659 572.453 534.5 957.888
threshold=2.6819500000000005 0.27140808737109529 1028.5000000000002 0.087431366459627041 154.29517274472224 4.1310307291666675 474.94920017277781 0.27127855392156852 952.50000000000011 0.59210801730638052 459.50000000000006 0.28090451443029768 22.626200000000001 411.92116080722229
decision_type=2 2 8 2 8 10 8 2 10 2 10 2 2 10
left_child=5 2 3 6 -5 -1 7 8 9 10 -2 -11 -12 -14
right_child=1 -3 -4 4 -6 -7 -8 -9 -10 11 12 -13 13 -15
leaf_value=0.066356485434235155 -0.00070665767572764427 0.059923964622186472 -0.03212463055969722 0.040818994742010582 -0.03393584438937694 -0.017370896939284553 0.064765773252494052 0.061018452615278419 -0.036097086172722288 0.053866084359089052 0.055384477072577876 -0.023006672870169997 -0.023752826285208872 0.05252007155613219
leaf_weight=105.02723398059607 523.88784473948181 8031.9547231411561 155.4358267635107 344.8893754594028 198.95291813183576 326.4102559518069 1915.6562424451113 1756.9464727994055 112.90688036940992 2731.9023733465001 853.89275259152055 89.534439119510353 267.72668155748397 329.66109977290034
leaf_count=395 5701 4330 4454 3094 4150 11214 1125 1015 1286 13493 6095 1406 3815 519
internal_value=0.0515841 0.0527916 0.0466135 0.047958 0.0134595 0.00311764 0.0501423 0.0459311 0.0405205 0.0423311 0.0293296 0.0514193 0.0401652 0.0183549
internal_weight=17744.8 17313.3 9281.39 9125.96 543.842 431.437 8582.11 6666.46 4909.51 4796.61 1975.17 2821.44 1451.28 597.388
internal_count=62092 50483 46153 41699 7244 11609 34455 33330 32315 31029 16130 14899 10429 4334
is_linear=0
shrinkage=0.03


Tree=21
num_leaves=15
num_cat=0
split_feature=42 12 42 11 40 21 42 33 9 39 40 10 24 23
split_gain=2171.01 1110.88 1491.64 837.835 564.988 528.041 747.315 780.989 409.215 887.948 388.141 379.818 309.646 992.58
threshold=0.37500000000000006 2.4836958333333334 7.1250000000000009 21.899400000000004 803.50000000000011 0.27140808737109529 3.3750000000000004 3.3306690738754701e-16 0.61405854402036952 97.981494794027796 1007.5000000000001 0.42382190789473234 1.2374083333333339 3.2672500000000002
decision_type=2 2 2 2 8 2 2 2 2 10 10 2 2 2
left_child=-1 2 -2 4 8 6 7 -3 9 -4 12 -5 -8 -14
right_child=1 5 3 11 -6 -7 10 -9 -10 -11 -12 -13 13 -15
leaf_value=-0.030471476877254797 -0.020654652586130445 0.051951756430235828 0.052135840238710242 -0.033259712307144383 -0.021949179147377013 0.058914443257576526 0.061963659195169107 -0.033272919802788743 0.066283763089772602 -0.034408256543469955 -0.00068367697806730079 0.061479851756381931 -0.035164950955116583 0.049278185856503044
leaf_weight=303.29690752457827 410.9128049639985 182.42584371194243 563.94889573659748 173.87378281448036 94.346304926089942 7697.2084936257452 1712.6327793132514 203.88092035613954 938.97131823375821 130.80093834735453 133.91758181527257 47.718071024864912 127.83704498596489 4983.9163452964276
leaf_count=19380 14274 450 1714 2814 1830 1570 853 3908 1946 1751 1363 111 1595 8587
internal_value=0.0490202 0.0504073 0.0312513 0.042196 0.0492353 0.0534113 0.0476366 0.007003 0.053357 0.0358161 0.0498912 -0.0126737 0.0508836 0.0471599
internal_weight=17705.7 17402.4 2360.57 1949.66 1728.07 15041.8 7344.61 386.307 1633.72 694.75 6958.3 221.592 6824.39 5111.75
internal_count=62146 42766 24440 10166 7241 18326 16756 4358 5411 3465 12398 2925 11035 10182
is_linear=0
shrinkage=0.03


Tree=22
num_leaves=15
num_cat=2
split_feature=12 21 40 10 38 39 21 40 41 20 27 41 39 18
split_gain=1369.72 832.563 878.101 717.76 610.217 700.784 1033.25 1005.51 608.081 1093.45 683.825 566.126 514.917 362.94
threshold=2.2339500000000005 0.27140808737109529 1028.5000000000002 0.051025873015863706 474.94920017277781 157.86264522375004 0.23850303404894771 102.50000000000001 0 2.8949032986111116 1.5372000000000001 1 188.76262911236114 -0.1450431818181826
decision_type=2 2 8 2 8 10 2 10 1 2 2 1 10 2
left_child=3 2 4 11 5 -2 -7 -8 9 -9 -11 -1 -10 -14
right_child=1 -3 -4 -5 -6 6 7 8 12 10 -12 -13 13 -15
leaf_value=0.045816711148654751 0.057583533900844246 0.056935766584225472 -0.032142734065382872 -0.026950794580599863 0.059401758856718521 -0.033738166452935751 -0.037513825787786108 -0.032627466753421347 -0.016811002192883954 0.068889069959303981 0.010396652544418888 -0.030473075631838886 -0.011694489866938005 0.048598863409321617
leaf_weight=446.06747363135219 1672.0197562156245 7995.849734579213 134.81239663437009 294.8897488117218 2008.7045505559072 187.47200800850987 153.93960406817496 267.88249686639756 116.07999496906996 342.73395360074937 378.24910924490541 108.11329653486609 91.66455041244626 3812.5814418671653
leaf_count=1645 4432 2593 3607 12746 1182 4159 1312 8725 1416 221 4108 6330 828 8658
internal_value=0.0480126 0.0498527 0.0436685 0.0108034 0.0448036 0.0406202 0.0353095 0.0378226 0.0401448 0.0190425 0.0382591 0.0309055 0.0453293 0.0471807
internal_weight=18011.1 17162 9166.14 849.071 9031.33 7022.62 5350.6 5163.13 5009.19 988.866 720.983 554.181 4020.33 3904.25
internal_count=61962 41241 38648 20721 35041 33859 29427 25268 23956 13054 4329 7975 10902 9486
cat_boundaries=0 1 2
cat_threshold=4 1
is_linear=0
shrinkage=0.03


Tree=23
num_leaves=15
num_cat=1
split_feature=22 38 35 41 23 18 22 34 6 38 23 9 10 39
split_gain=1435.93 1130.56 1865.95 802.742 1475.26 787.857 476.823 388.572 339.526 523.073 277.884 289.938 262.832 262.59
threshold=0.13648202020201924 411.92116080722229 1.5824500000000004 0 3.5015500000000004 0.3386263636363635 -0.11459884902679017 0.04479195906432884 -0.058409278074865831 154.29517274472224 2.8365000000000005 0.55431836662125578 0.56985932009167584 243.99436038180559
decision_type=2 8 2 1 2 2 2 2 2 10 2 2 2 10
left_child=1 2 3 8 5 6 -5 -6 9 -1 11 -10 -8 -12
right_child=-2 -3 -4 4 7 -7 12 -9 10 -11 13 -13 -14 -15
leaf_value=0.039946713791619404 0.052550880303519218 0.052903882812099193 -0.037396583724134604 0.070946321913198343 0.054735750632032489 0.055406103222768087 -0.031878464744011591 -0.033168865815872035 0.073179325873544893 -0.020983540812933309 0.058826959957582435 -0.033279812217185741 0.046244375729452628 0.031508638735149364
leaf_weight=493.8199593834579 11210.902967847884 2132.9912601131946 377.47078827489167 46.250259076245129 644.05103202722967 141.18084297981113 682.21931340917945 48.025621220469475 33.173023572191596 169.78720594570041 1323.1202611308545 69.573712766170502 40.227982120588422 421.55301442183554
leaf_count=2111 10696 3103 5630 653 2239 183 28491 915 54 1624 3200 1153 304 1810
internal_value=0.0460052 0.0349197 0.0263672 0.0322268 0.0156197 -0.00948919 -0.0214645 0.0485967 0.0428112 0.0243493 0.0494261 0.00146587 -0.0274704 0.0522481
internal_weight=17834.3 6623.44 4490.45 4112.98 1601.96 909.878 768.698 692.077 2511.03 663.607 1847.42 102.747 722.447 1744.67
internal_count=62166 51470 48367 42737 32785 29631 29448 3154 9952 3735 6217 1207 28795 5010
cat_boundaries=0 1
cat_threshold=1
is_linear=0
shrinkage=0.03


Tree=24
num_leaves=15
num_cat=0
split_feature=42 22 34 19 42 11 9 39 19 18 38 38 37 37
split_gain=1846.12 998.505 1201.63 741.809 718.787 605.388 901.808 479.251 1198.7 441.628 414.928 382.401 436.074 422.29
threshold=0.37500000000000006 0.2221715367965352 0.080453333333332711 2.9437500000000005 7.8750000000000009 20.539000000000005 0.61527227219092684 196.49436038180559 3.2359500000000003 0.18202352941176433 155.90529533680561 189.01004004597226 125.54166666666669 129.54166666666669
decision_type=2 2 2 2 2 2 2 10 2 2 8 8 10 10
left_child=-1 2 3 5 -4 -2 -7 -5 9 -9 -6 12 -8 -14
right_child=1 -3 4 7 10 6 11 8 -10 -11 -12 -13 13 -15
leaf_value=-0.030464460028435187 0.060008895395428197 0.053436430149610553 -0.032751590862364621 0.05892156657509625 0.052209494775816746 -0.022595390966616412 -0.013752129652481758 -0.029488526293248822 0.045690174050484339 0.0314520375859762 -0.015782940137604218 0.061170716631860349 0.067823202929844451 -0.032144396869618591
leaf_weight=289.02152119576931 302.20932331867516 8349.8356986911967 312.16944332048297 1916.9279763279483 238.98407482728362 419.33289965894073 223.59019260946661 272.05684110615402 4896.5371073624119 175.03718828037381 121.1864759074524 266.62635730672628 170.34950661566108 48.223996964283288
leaf_count=19265 521 2451 8984 1611 890 8383 3835 3851 8457 418 1081 543 114 1610
internal_value=0.0446606 0.045888 0.0391516 0.0421405 0.000511165 0.0223702 0.0122431 0.0460316 0.0413974 -0.00561337 0.0293517 0.0328569 0.0156841 0.0457213
internal_weight=18002.1 17713.1 9363.23 8690.89 672.34 1430.33 1128.12 7260.56 5343.63 447.094 360.171 708.79 442.164 218.574
internal_count=62014 42749 40298 29343 10955 15006 14485 14337 12726 4269 1971 6102 5559 1724
is_linear=0
shrinkage=0.03


Tree=25
num_leaves=15
num_cat=2
split_feature=42 22 34 19 41 18 41 42 7 39 18 6 21 42
split_gain=1824.65 955.7 955.59 855.815 744.71 468.529 793.728 558.471 449.952 447.598 331.87 300.698 274.795 333.877
threshold=0.87500000000000011 0.2221715367965352 0.080453333333332711 2.6819500000000005 0 0.26280820512820546 1 6.3750000000000009 22.198450000000005 4.1310307291666675 0.17611055194805164 0.13362458333333396 0.25585178656037838 7.1250000000000009
decision_type=2 2 2 2 1 2 1 2 2 10 2 2 2 2
left_child=-1 2 3 9 8 6 7 10 -4 -2 -5 -9 -8 -14
right_child=1 -3 4 5 -6 -7 12 11 -10 -11 -12 -13 13 -15
leaf_value=-0.024157502081351447 0.051558768849427596 0.052130999535008285 0.049846675931694319 -0.03051107958744146 -0.032790161246680459 0.053519872032096676 0.0465294821579159 0.00011972455203902821 -0.024663697651766119 -0.033038432636268218 0.025650738582350625 0.050646390410064211 -0.036112366904698441 0.033574225413818992
leaf_weight=352.47876119241118 75.989530798047781 8275.7381263319403 286.15004496462643 294.17859969567508 288.01098957192153 2461.6579974312335 3774.426370671019 156.50235253293067 97.089064231142402 208.54709976539016 138.53030292131007 327.57755305245519 65.022919407114387 1031.5701946383342
leaf_count=21196 231 2257 1208 5545 8206 969 8916 1357 755 5796 584 938 1091 3066
internal_value=0.0433647 0.0447274 0.0380665 0.0407771 0.00359616 0.0425414 0.0378636 0.0122392 0.0309553 -0.0103441 -0.0125134 0.0343451 0.0426829 0.029413
internal_weight=17833.5 17481 9205.25 8534 671.25 8249.47 5787.81 916.789 383.239 284.537 432.709 484.08 4871.02 1096.59
internal_count=62115 40919 38662 28493 10169 22466 21497 8424 1963 6027 6129 2295 13073 4157
cat_boundaries=0 1 2
cat_threshold=1 2
is_linear=0
shrinkage=0.03


Tree=26
num_leaves=15
num_cat=0
split_feature=42 22 34 19 42 18 30 37 22 33 23 33 18 23
split_gain=1963.35 933.608 1257.9 850.942 732.279 535.285 465.593 541.016 506.191 654.172 455.048 640.686 358.397 335.08
threshold=0.87500000000000011 0.26403699054621771 0.080453333333332711 2.6819500000000005 7.8750000000000009 0.25612857142857032 0.014043656343656312 148.54166666666669 0.12944772727272727 0.013100555475634126 3.0968000000000004 0.021777555425551012 0.083388684210526406 3.6276000000000006
decision_type=2 2 2 2 2 2 2 8 2 2 2 2 2 2
left_child=-1 2 3 -2 -4 6 7 10 9 13 11 -5 -6 -8
right_child=1 -3 4 5 12 -7 8 -9 -10 -11 -12 -13 -14 -15
leaf_value=-0.030739602180890016 -0.012650071726358509 0.051440599314010745 -0.033585350783860407 -0.023054875732891243 -0.015465035702929035 0.052097340681233416 0.050477500793447462 -0.034915965709940433 0.04054987139559562 -0.013298207321772813 0.046735728057914094 0.055920165454937866 0.045689804314293252 -0.016820191203221615
leaf_weight=327.64059961028397 264.66620512679219 7360.8132883328944 329.87302504200488 207.79665715340525 124.61386056803167 3065.0343669438735 330.36730100680143 79.790817343629897 858.17097678873688 531.20011360011995 3773.2626722659916 164.98597195744514 276.14632136560977 82.805017177015543
leaf_count=21269 5931 1546 8611 3395 1393 1117 927 1435 1713 6572 6618 650 621 322
internal_value=0.0419443 0.0433107 0.0373745 0.0403342 -0.000536264 0.0418775 0.0366736 0.0421214 0.0238857 0.00871579 0.043612 0.011954 0.0266829 0.0369821
internal_weight=17777.2 17449.5 10088.7 9358.08 730.633 9093.41 6028.38 4225.84 1802.54 944.372 4146.05 372.783 400.76 413.172
internal_count=62120 40851 39305 28680 10625 22749 21632 12098 9534 7821 10663 4045 2014 1249
is_linear=0
shrinkage=0.03


Tree=27
num_leaves=15
num_cat=0
split_feature=42 22 34 42 18 10 20 29 9 22 39 15 29 11
split_gain=1545.57 1066.89 789.115 1499.17 513.72 420.979 418.775 979.907 385.067 424.002 366.089 871.843 297.387 269.325
threshold=0.37500000000000006 0.14097056466817598 0.045267013888889519 6.8750000000000009 0.025053974358973993 0.15922900560223482 2.4447538194444447 0.0056673582599439882 0.60428414827892196 0.084077500000001026 498.0167850366667 5.5591500000000007 0.0051023848920161976 20.539000000000005
decision_type=2 2 2 2 2 2 2 2 2 2 10 2 2 2
left_child=-1 2 6 -4 5 12 7 -2 9 13 -8 -12 -5 -6
right_child=1 -3 3 4 8 -7 10 -9 -10 -11 11 -13 -14 -15
leaf_value=-0.030421604279451862 -0.030206118804436438 0.047672377000452015 -0.028532599583668494 0.041663954631647668 0.056187537931503585 -0.02385251694685582 0.048580780011975438 0.04845777959537198 0.048275018101109624 0.038237501040253183 -0.047517382722813695 0.052762965778964083 -0.034070436884858217 -0.036509492980034343
leaf_weight=268.23449665028602 232.23251692112535 11206.018922194839 473.18102018814534 262.72902949340641 33.709695335477591 245.7420441582799 2964.4957123380154 365.77919313218445 1148.3275961298496 301.91857689246535 123.7493215277791 207.5036879517138 55.900929448194802 150.86386680416763
leaf_count=19308 4292 8160 13906 1225 33 3661 3956 1234 2279 833 675 33 713 1750
internal_value=0.0409641 0.0420432 0.0324304 0.0198651 0.0302866 0.0055962 0.0410469 0.0179099 0.0388016 0.0163872 0.0452384 0.01527 0.028312 -0.0193682
internal_weight=18040.4 17772.2 6566.13 2672.37 2199.19 564.372 3893.76 598.012 1634.82 486.492 3295.75 331.253 318.63 184.574
internal_count=62058 42750 34590 24400 10494 5599 10190 5526 4895 2616 4664 708 1938 1783
is_linear=0
shrinkage=0.03


Tree=28
num_leaves=15
num_cat=1
split_feature=42 22 34 41 38 38 37 22 35 40 40 10 38 16
split_gain=1451.66 987.714 1051.27 592.254 494.385 880.069 726.135 524.914 1379.48 914.24 518.094 570.791 367.258 717.492
threshold=0.37500000000000006 0.22961910173160169 0.080453333333332711 0 411.92116080722229 345.19920017277781 149.54166666666669 0.12682444444444355 1.5824500000000004 490.50000000000006 286.50000000000006 0.053904999999996768 212.66194274111115 2.9577270833333338
decision_type=2 2 2 1 8 10 10 2 2 10 10 2 10 2
left_child=-1 2 4 -4 5 6 7 8 9 10 11 -2 -11 -14
right_child=1 -3 3 -5 -6 -7 -8 -9 -10 12 -12 -13 13 -15
leaf_value=-0.030396447300515408 0.055008909556538144 0.04879403014918713 0.023574525415108558 -0.032845334736658918 0.047471174347396984 -0.037709363934847223 -0.034039868600099096 0.047372503325095669 -0.039374732001485779 0.046853918649905291 -0.03507852486958718 -0.010598102686215617 -0.017140731693202634 0.068147399579023313
leaf_weight=259.13303011190146 227.50017643999308 8033.0910153687 374.93197441566736 300.94778045173734 2881.8531787684187 156.47106721252203 136.25739089213312 2191.0917483568192 248.58001116383821 2178.9432251248509 216.73720997665077 249.28735130745918 236.75244150217623 140.74724233150482
leaf_count=19280 661 2224 1965 9088 2191 1375 3276 2645 2517 7366 3640 3446 2296 37
internal_value=0.039999 0.0410387 0.0345041 -0.00155886 0.0372537 0.0323246 0.0342117 0.0358519 0.0286252 0.0338368 0.00328149 0.020756 0.0421215 0.0147542
internal_weight=17832.3 17573.2 9540.1 675.88 8864.22 5982.37 5825.9 5689.64 3498.55 3249.97 693.525 476.788 2556.44 377.5
internal_count=62007 42727 40503 11053 29450 27259 25884 22608 19963 17446 7747 4107 9699 2333
cat_boundaries=0 1
cat_threshold=1
is_linear=0
shrinkage=0.03


Tree=29
num_leaves=15
num_cat=0
split_feature=12 21 10 18 37 38 39 21 19 29 39 16 31 13
split_gain=1143.73 862.293 683.162 579.135 740.944 545.782 515.339 604.647 490.343 488.784 431.941 851.155 547.827 711
threshold=2.2636875000000001 0.27140808737109529 0.053904999999996768 0.17921223776223652 147.04166666666669 467.42471986430559 155.97277606763893 0.23957345859649812 3.2359500000000003 0.0022635625143877952 337.83637828430562 2.9577270833333338 1.6104500000000004 0.22615252680797945
decision_type=2 2 2 2 8 8 10 2 2 2 10 2 2 2
left_child=2 3 9 4 5 6 -2 -8 -9 -1 -10 -12 -13 -14
right_child=1 -3 -4 -5 -6 -7 7 8 10 -11 11 12 13 -15
leaf_value=-0.03178348748098294 0.048487547650873278 0.048224843228372338 -0.025788817720537018 0.043293145870367096 -0.025190637918231507 0.048513152483108397 -0.034203244697506519 -0.0018956690402135777 0.05036145625122785 0.038107252086028831 -0.033136354387436957 0.052160033668349766 0.033567284856787429 -0.019423607107660699
leaf_weight=107.94179773237556 690.8130510551855 7442.8749793237075 356.05655894242227 3859.3322562100366 225.03313631843776 1151.1431391499937 174.75593734439462 574.83616385236382 626.95765357743949 523.21550216991454 224.31727215554565 588.78747158031911 679.05569930467755 341.92900788597763
leaf_count=5659 2223 2481 14486 4706 3851 1126 4120 9488 2194 3004 2935 691 2406 2881
internal_value=0.0387716 0.0406394 0.00739293 0.0344558 0.0279865 0.0303594 0.024992 0.0199231 0.023049 0.026123 0.0288738 0.0215051 0.0291351 0.0158189
internal_weight=17567 16579.8 987.214 9136.96 5277.63 5052.6 3901.45 3210.64 3035.88 631.157 2461.05 1834.09 1609.77 1020.98
internal_count=62251 39102 23149 36621 31915 28064 26938 24715 20595 8663 11107 8913 5978 5287
is_linear=0
shrinkage=0.03


Tree=30
num_leaves=15
num_cat=0
split_feature=42 21 40 38 42 29 18 40 19 39 16 12 5 38
split_gain=1360.04 811.618 709.461 584.237 685.63 650.219 453.511 425.058 391.119 337.301 855.946 330.709 351.137 779.427
threshold=0.37500000000000006 0.27140808737109529 1028.5000000000002 474.94920017277781 3.8750000000000004 1.6653345369377351e-16 0.28118805194805213 973.50000000000011 2.6294000000000008 337.83637828430562 2.9471614583333339 2.8158875000000001 0.60223750362326667 194.31088273722224
decision_type=2 2 8 8 2 2 2 10 2 10 2 2 2 10
left_child=-1 2 3 4 5 -2 7 8 -6 11 -11 12 13 -10
right_child=1 -3 -4 -5 6 -7 -8 -9 9 10 -12 -13 -14 -15
leaf_value=-0.030398970322081918 0.033063004085775435 0.04633358885659794 -0.032201362550276245 0.048696897403210329 -0.033206158149583616 -0.03356296510302164 0.046774566437865359 -0.03654302824393936 0.031413544852939922 -0.034609641998367469 0.028167752885815599 0.057645333205648144 0.041899991699884565 -0.035568689544206215
leaf_weight=254.97003554459661 246.42448313627392 8039.8909411476925 145.35515773948282 2028.6623124154285 86.31654563639313 281.18272538483143 1648.6236858908087 87.49564081709832 842.94282627478242 218.28901509940624 1808.5594094768167 577.90298464335501 1458.1333006117493 191.02363862935454
leaf_count=19422 1360 5091 4846 1092 2145 7429 673 1123 5411 1651 3701 185 5562 2347
internal_value=0.0383002 0.0392937 0.0334064 0.0344162 0.0305198 -0.00244093 0.0330331 0.0287269 0.0298355 0.0309094 0.021393 0.0371833 0.032417 0.0190163
internal_weight=17915.8 17660.8 9620.91 9475.56 7446.89 527.607 6919.29 5270.66 5183.17 5096.85 2026.85 3070 2492.1 1033.97
internal_count=62038 42616 37525 32679 31587 8789 22798 22125 21002 18857 5352 13505 13320 7758
is_linear=0
shrinkage=0.03


Tree=31
num_leaves=15
num_cat=1
split_feature=42 22 34 41 38 38 37 35 22 38 23 29 32 22
split_gain=1426.8 970.867 720.009 645.917 455.023 452.779 797.886 364.432 814.323 599.107 471.446 725.877 600.234 539.472
threshold=0.87500000000000011 0.22961910173160169 0.080453333333332711 0 155.90529533680561 474.94920017277781 149.04166666666669 1.6205000000000003 0.14097056466817598 430.19372457611115 3.5015500000000004 0.0020102061496417912 1.3835475694444446 -0.11459884902679017
decision_type=2 2 2 1 8 8 10 2 2 10 2 2 2 2
left_child=-1 2 5 4 -4 6 7 10 9 -9 11 13 -13 -2
right_child=1 -3 3 -5 -6 -7 -8 8 -10 -11 -12 12 -14 -15
leaf_value=-0.027287488118920605 0.065829005228713947 0.04590988346239068 0.046442866387662318 -0.033058190573695773 -0.020591366341284386 0.047262996577572984 -0.034621385925421452 -0.04026638522776986 0.035604810799995161 0.034158177868464722 0.045553390212939179 0.035207912897985028 -0.038240743601150165 -0.035051980145569012
leaf_weight=303.66962671466172 57.936905218288302 8017.8033370133489 293.22874458692968 277.51272248663008 131.3374276086688 1843.1168804708868 164.49990778509527 291.84083009231836 777.31271642912179 144.91482925415039 2351.4893369665369 2730.9753725919873 103.15843982808292 250.09366251435131
leaf_count=21146 178 2149 891 8281 1098 1088 3622 2659 1077 214 2419 12023 915 4188
internal_value=0.0371107 0.0382339 0.0316945 0.00246443 0.0257065 0.0340486 0.0304982 0.0321001 0.0172042 -0.0155508 0.0353883 0.027769 0.0325219 -0.0159258
internal_weight=17738.9 17435.2 9417.42 702.079 424.566 8715.34 6872.22 6707.72 1214.07 436.756 5493.65 3142.16 2834.13 308.031
internal_count=61948 40802 38653 10270 1989 28383 27295 23673 3950 2873 19723 17304 12938 4366
cat_boundaries=0 1
cat_threshold=1
is_linear=0
shrinkage=0.03


Tree=32
num_leaves=15
num_cat=1
split_feature=12 21 38 39 40 21 10 41 12 11 16 28 12 11
split_gain=1057.47 827.864 482.369 624.667 780.177 766.697 471.988 423.288 767.693 491.391 805.69 521.827 503.018 430.754
threshold=2.2537541666666674 0.27549433083190294 474.94920017277781 157.86264522375004 102.50000000000001 0.23850303404894771 0.051025873015863706 0 2.7043958333333333 22.626200000000001 2.9577270833333338 1.6105031250000004 3.3403291666666672 24.898850000000003
decision_type=2 2 8 10 10 2 2 1 2 2 2 2 2 2
left_child=6 2 3 -2 -5 -6 -1 -7 -9 -10 -11 -12 -13 -14
right_child=1 -3 -4 4 5 7 -8 8 9 10 11 12 13 -15
leaf_value=0.020902449728340263 0.044664111516504408 0.046024232688543457 0.045271914070345941 -0.03915177702060136 -0.034350145528605831 0.035839624201643272 -0.023904919712634684 -0.020822648686474526 0.050931591417266289 -0.033556826983022231 0.048763160823311412 -0.038355251318418014 0.035140199067794524 -0.019001162033184651
leaf_weight=599.93748965207487 1753.2353502539918 6913.9813181282952 2073.7735859146342 168.77987604774535 181.81373579613864 2969.4930797833949 325.58558840397745 368.73296504933387 534.01139440573752 234.70621859189123 563.68399212602526 148.73837879206985 546.58903014566749 173.65872132591903
leaf_count=8337 3842 1836 1497 1389 4334 5505 13999 10238 299 4341 910 2282 1854 1432
internal_value=0.0363477 0.0380845 0.032431 0.0289416 0.024255 0.026132 0.00513108 0.0281229 0.0191966 0.0259063 0.0178657 0.0263074 0.0117018 0.0220779
internal_weight=17556.7 16631.2 9717.22 7643.44 5890.21 5721.43 925.523 5539.61 2570.12 2201.39 1667.38 1432.67 868.986 720.248
internal_count=62095 39759 37923 36426 32584 31195 22336 26861 21356 11118 10819 6478 5568 3286
cat_boundaries=0 1
cat_threshold=1
is_linear=0
shrinkage=0.03


Tree=33
num_leaves=15
num_cat=0
split_feature=42 12 42 21 34 33 38 11 11 19 38 21 42 38
split_gain=1262.89 906.54 864.941 538.716 574.181 485.9 484.315 438.016 387.981 1127.34 571.147 1070.86 276.583 263.386
threshold=0.62500000000000011 2.4836958333333334 7.3750000000000009 0.27549433083190294 0.08866449579832035 0.0050827590271821654 112.90431888250002 21.899400000000004 22.626200000000001 3.3848500000000006 286.19343076333342 0.25351148274176988 6.3750000000000009 216.56658364569446
decision_type=2 2 2 2 2 2 8 2 2 2 10 2 2 10
left_child=-1 2 -2 4 8 -4 -6 -7 13 -10 11 -11 -13 -3
right_child=1 3 5 -5 6 7 -8 -9 9 10 -12 12 -14 -15
leaf_value=-0.030482487898898954 -0.02047145598759002 0.048515401423274269 -0.035749249182278439 0.045485572523007431 0.030784073439194058 0.036044843358682285 -0.037205273952928969 -0.0093082729920281986 -0.022693835474181748 -0.040855211909600703 0.040175907092022407 -0.010542305895615695 0.037822918431480695 0.020199991095706908
leaf_weight=257.79291926603764 409.43015616480261 2348.6639241222292 103.23557818681002 6595.6947629414499 192.94405409879982 1669.3953725751489 182.52754051610827 216.08371968567371 330.43083695694804 236.68725283816457 3712.3185528367758 123.56052625924349 749.22468737512827 340.51449482887983
leaf_count=20244 14340 1257 1131 1105 552 6014 2857 2452 3005 1767 4003 784 889 1671
internal_value=0.0353346 0.0363222 0.0191985 0.039093 0.0339567 0.0273718 -0.00227854 0.030845 0.0356918 0.0308576 0.0345314 0.0156256 0.0309716 0.0449388
internal_weight=17468.5 17210.7 2398.14 14812.6 8216.87 1988.71 375.472 1885.48 7841.4 5152.22 4821.79 1109.47 872.785 2689.18
internal_count=62071 41827 23937 17890 16785 9597 3409 8466 13376 10448 7443 3440 1673 2928
is_linear=0
shrinkage=0.03


Tree=34
num_leaves=15
num_cat=1
split_feature=42 22 34 42 18 41 10 9 16 10 42 21 28 23
split_gain=1202.66 967.551 878.758 906.258 642.61 494.603 399.313 467.408 370.457 426.413 332.171 327.8 250.62 510.85
threshold=0.62500000000000011 0.26403699054621771 0.076595764142977696 7.6250000000000009 0.26280820512820546 0 0.19810310150375632 0.64461821742991898 2.2400864583333338 0.013776388888896209 6.3750000000000009 0.26567753423386792 0.98911250000000006 3.0244000000000004
decision_type=2 2 2 2 2 1 2 2 2 2 2 2 2 2
left_child=-1 2 4 -4 5 10 -5 -8 9 -7 11 -2 -10 -14
right_child=1 -3 3 6 -6 8 7 -9 12 -11 -12 -13 13 -15
leaf_value=-0.030437422460196071 -0.026280344712662378 0.044279242858097694 -0.034108920913574974 0.042597647955643393 0.044187462314601911 0.024504235234225413 -0.029145866943621496 0.051557094365452014 0.050000331970112062 -0.033169829752002278 0.02481368662739308 0.024958387399587154 -0.035260187419613648 0.032616315882549339
leaf_weight=250.89637944288552 335.44264905806631 6933.7308189831674 366.88535863906145 419.4096973920241 2986.7236004434526 405.03311231825501 198.42031637672335 94.532767127268016 731.6513624060899 160.21138802636415 530.54262598790228 167.79672877304256 101.78184847068042 3690.9956928202882
leaf_count=20346 6340 1613 10159 839 1155 2698 1913 161 351 3519 2764 1182 1341 7856
internal_value=0.0346751 0.0356309 0.029742 0.00414109 0.0327741 0.0272009 0.023861 -0.0030171 0.0310431 0.00812754 0.00827285 -0.00918003 0.0339035 0.030786
internal_weight=17374.1 17123.2 10189.4 1079.25 9110.18 6123.46 712.363 292.953 5089.67 565.245 1033.78 503.239 4524.43 3792.78
internal_count=62237 41891 40278 13072 27206 26051 2913 2074 15765 6217 10286 7522 9548 9197
cat_boundaries=0 1
cat_threshold=2
is_linear=0
shrinkage=0.03


Tree=35
num_leaves=15
num_cat=0
split_feature=22 18 38 10 18 16 7 19 33 33 34 31 13 9
split_gain=1124.65 845.604 715.974 591.533 559.239 449.445 541.832 404.678 333.106 318.391 335.106 451.802 316.653 293.102
threshold=0.23789335317460217 0.25612857142857032 474.94920017277781 0.063635075757577694 0.025053974358973993 2.2434291666666675 21.469500000000004 2.6819500000000005 0.015448988954641918 0.023493785816300836 0.069834793233083614 1.2307500000000002 0.229200885247864 0.55945876295043928
decision_type=2 2 8 2 2 2 2 2 2 2 2 2 2 2
left_child=1 2 3 7 8 -6 -7 -1 12 10 11 -8 -5 -11
right_child=-2 -3 -4 4 5 6 9 -9 -10 13 -12 -13 -14 -15
leaf_value=-0.016251763223059247 0.042957627980557613 0.041211960085970556 0.041032383911254286 0.030777453492869949 -0.032798733439703687 0.049068051682657099 0.034578816972766678 0.031412615156046368 -0.019184272253157802 0.055439801566979516 0.040219302904731392 -0.010668110595669201 -0.035321234535957924 -0.03630621590397589
leaf_weight=171.58764744363725 7145.9041316369548 2839.7331509832293 1406.6063841860741 280.70788632892072 145.56189750507474 487.29819293320179 328.75655534490943 2323.6050461158156 781.67734496295452 36.870279402472079 420.04512653127313 498.58654052112252 83.976578672416508 182.43273715861142
leaf_count=4844 2649 2164 1844 2393 5295 1448 1385 13183 16003 96 1316 3402 2460 3401
internal_value=0.0338685 0.0273616 0.021854 0.0171488 0.0087016 0.0178999 0.0216915 0.0281297 -0.00814592 0.0125686 0.0184294 0.00733144 0.0155018 -0.0206998
internal_weight=17133.3 9987.45 7147.71 5741.11 3245.91 2099.55 1953.99 2495.19 1146.36 1466.69 1247.39 827.343 364.684 219.303
internal_count=61883 59234 57070 55226 37199 16343 11048 18027 20856 9600 6103 4787 4853 3497
is_linear=0
shrinkage=0.03


Tree=36
num_leaves=15
num_cat=0
split_feature=22 18 38 5 35 20 38 38 17 12 11 21 11 40
split_gain=1256.23 788.387 674.291 526.535 612.816 839.54 443.027 411.726 362.833 344.254 419.521 335.384 330.244 300.933
threshold=0.22961910173160169 0.27127855392156852 474.94920017277781 0.59275292230230103 1.6106000000000003 2.8949032986111116 194.31088273722224 190.77608276430558 0.25986784618010644 2.4008208333333338 22.626200000000001 0.24778184385810323 20.539000000000005 980.50000000000011
decision_type=2 2 8 2 2 2 10 10 2 2 2 2 2 10
left_child=1 2 3 4 5 6 7 9 13 12 -11 -10 -1 -5
right_child=-2 -3 -4 8 -6 -7 -8 -9 11 10 -12 -13 -14 -15
leaf_value=0.034229520026001291 0.041889806884242167 0.040364710956317523 0.039484397694683739 0.030488731223707908 -0.028858847627033134 0.040090925285193438 -0.029893527336810739 0.066994167149652672 0.034993299669601879 0.038933140252129135 -0.035897145583624182 -0.0098428673037734629 -0.025974667554008599 -0.033405440864689682
leaf_weight=101.69199588149786 7400.8018631367013 2355.9701844137162 1334.8921858388931 2510.7771978117526 397.20135407336056 644.07158072665334 360.9100465523079 97.69386647362262 218.60698439646512 318.38033027946949 84.627145514823496 473.8409020267427 407.32064945995808 67.356359483674169
leaf_count=646 2940 1699 1866 16767 4313 1181 6914 237 1527 1521 1350 6267 12684 2061
internal_value=0.0326487 0.0253486 0.0203022 0.0157898 0.00515266 0.0118691 -0.00141222 0.00878758 0.0236303 0.00248605 0.0231696 0.00434204 -0.0139034 0.0288071
internal_weight=16774.1 9373.34 7017.37 5682.48 2411.9 2014.7 1370.62 1009.71 3270.58 912.02 403.007 692.448 509.013 2578.13
internal_count=61973 59033 57334 55468 28846 24533 23352 16438 26622 16201 2871 7794 13330 18828
is_linear=0
shrinkage=0.03


Tree=37
num_leaves=15
num_cat=1
split_feature=22 42 34 19 23 18 41 18 39 23 42 17 21 40
split_gain=1208.72 1010.41 697.213 455.439 370.321 347.635 376.35 359.382 335.525 296.726 294.745 288.755 285.68 334.682
threshold=0.2221715367965352 2.6250000000000004 0.080453333333332711 2.6819500000000005 2.8814500000000005 0.27127855392156852 0 0.11892315772462876 4.1310307291666675 2.8757500000000005 6.8750000000000009 0.23676120290393207 0.25585178656037838 952.50000000000011
decision_type=2 2 2 2 2 2 1 2 10 2 2 2 2 8
left_child=1 -1 3 8 9 6 7 10 -3 -4 -5 -12 13 -8
right_child=-2 2 4 5 -6 -7 12 -9 -10 -11 11 -13 -14 -15
leaf_value=-0.013406945080751511 0.041210397048114765 0.04131831599525055 -0.032185346811790867 -0.035000920290758394 -0.02319996403168165 0.041498041086609899 0.036055689919912114 0.026830151808355261 -0.028023334675177102 0.056283649847194264 0.04144464609336887 -0.035990935965184011 0.01684236879613632 -0.014805755252866138
leaf_weight=576.65324168093503 7546.8342433562502 89.391722894273698 47.078002003021538 218.45046148262918 356.77072872780263 2119.0744591942057 3660.5641999617219 487.58428916428238 204.87113750353456 117.99370968621224 129.29861486330628 64.03355348482728 1067.6462861839682 119.75212662480772
leaf_count=26426 3142 206 1745 4062 5725 784 7245 1413 5036 141 463 892 3816 1033
internal_value=0.0322971 0.0250285 0.0275825 0.029732 -0.00602529 0.0311027 0.0272633 0.00942658 -0.00689 0.0310107 -0.0111957 0.015744 0.0305696 0.034441
internal_weight=16806 9259.16 8682.51 8160.67 521.842 7866.4 5747.33 899.367 294.263 165.072 411.783 193.332 4847.96 3780.32
internal_count=62129 58987 32561 24950 7611 19708 18924 6830 5242 1886 5417 1355 12094 8278
cat_boundaries=0 1
cat_threshold=2
is_linear=0
shrinkage=0.03


Tree=38
num_leaves=15
num_cat=0
split_feature=22 42 18 16 11 39 23 39 21 29 37 30 22 21
split_gain=1128.3 1087.11 616.29 526.583 536.426 504.052 504.038 489.624 461.175 494.807 437.776 363.048 413.796 291.664
threshold=0.24942235294117623 1.6250000000000002 0.25612857142857032 2.2400864583333338 20.539000000000005 155.97277606763893 3.0244000000000004 4.1310307291666675 0.25558379975182138 0.0080142207588838766 148.54166666666669 0.0061747252747253204 0.088752291666665706 0.2377670367180825
decision_type=2 2 2 2 2 10 2 10 2 2 10 2 2 2
left_child=1 -1 3 4 -3 -5 -7 -6 9 10 13 -10 -13 -8
right_child=-2 2 -4 5 7 6 8 -9 11 -11 -12 12 -14 -15
leaf_value=-0.026238090672482325 0.041180867144594208 0.043281845599743553 0.039370378026119222 0.043072157210165558 0.037935277885665052 -0.034030008683893914 -0.0050846508022339646 -0.033380482591591043 -0.020118980124983581 -0.040258114266960174 -0.036131372177632508 -0.026077335148382903 0.025494270236646067 0.033811162243777386
leaf_weight=354.9126737494953 6739.9185757897794 170.53569553326815 2683.6414380483329 1151.0318990247324 109.56697729602456 144.32810080144554 183.09535244479775 400.79714179690927 324.05281006451696 91.695389147847891 86.976168293505907 168.75602978933603 801.8756550187245 3230.6077859373763
leaf_count=23100 2412 567 1499 1668 441 2773 1669 11769 2577 960 1584 1538 1927 7562
internal_value=0.0317108 0.0252612 0.0271783 0.022406 -0.00263002 0.0251633 0.0210585 -0.0180259 0.0226921 0.0282236 0.0300284 0.00733374 0.0165103 0.0317241
internal_weight=16641.8 9901.87 9546.96 6863.32 680.9 6182.42 5031.39 510.364 4887.06 3592.37 3500.68 1294.68 970.632 3413.7
internal_count=62046 59634 36534 35035 12777 22258 20590 12210 17817 11775 10815 6042 3465 9231
is_linear=0
shrinkage=0.03


Tree=39
num_leaves=15
num_cat=1
split_feature=22 42 34 41 12 11 29 39 38 22 7 20 21 5
split_gain=1173.44 946.331 723.475 392.617 367.422 680.872 411.413 363.18 398.669 646.793 1110.41 372.957 669.558 691.467
threshold=0.24942235294117623 2.3750000000000004 0.079312967914438634 0 2.3826125 21.580050000000004 0.002654124149319309 196.49436038180559 411.92116080722229 0.13648202020201924 23.034850000000002 2.8949032986111116 0.24835551385023233 0.60414911318401787
decision_type=2 2 2 1 2 2 2 10 10 2 2 2 2 2
left_child=1 -1 4 -4 5 6 -3 -6 9 10 11 12 13 -9
right_child=-2 2 3 -5 7 -7 -8 8 -10 -11 -12 -13 -14 -15
leaf_value=-0.014864380323088216 0.040483197905567155 -0.034457896479157146 0.013497857308618343 -0.034146198045404696 0.04312411642266533 -0.033901603265720483 0.029809136105202628 -0.022785077363569908 0.037235446834625291 0.034693250935316833 -0.040918149050548552 0.043421051485476786 -0.021973934541463912 0.053480694389928744
leaf_weight=527.2984439949505 6754.4440589956939 97.867453423328698 439.19594665057957 239.84297449979931 1804.0614564167336 219.94136355631053 976.62219800520688 150.87280544638634 2244.6722279284149 1531.9197774287313 336.59668066352606 418.76861413568258 365.4119191383943 362.96665823087096
leaf_count=25819 2447 2285 2164 6485 812 4556 5986 1565 1493 1796 2471 253 2892 967
internal_value=0.0308776 0.0241965 0.0264394 -0.00335594 0.0288171 0.0140841 0.0239289 0.0314579 0.0275612 0.0206937 0.00756058 0.0201537 0.0090352 0.0310869
internal_weight=16470.5 9716.04 9188.74 679.039 8509.7 1294.43 1074.49 7215.27 5411.21 3166.54 1634.62 1298.02 879.251 513.839
internal_count=61991 59544 33725 8649 25076 12827 8271 12249 11437 9944 8148 5677 5424 2532
cat_boundaries=0 1
cat_threshold=1
is_linear=0
shrinkage=0.03


Tree=40
num_leaves=15
num_cat=0
split_feature=22 34 18 23 6 16 30 22 35 7 16 39 16 33
split_gain=1070.53 894.274 652.392 396.477 497.953 611.235 375.548 394.349 344.341 650.608 491.79 668.408 492.575 335.432
threshold=0.26403699054621771 0.087431366459627041 0.27127855392156852 3.0881000000000003 0.2936926066580447 2.0675395833333341 0.019200000000000002 0.089628571428572043 1.7793000000000003 24.378200000000003 3.2601729166666673 337.83637828430562 2.9298531250000006 0.0050827590271821654
decision_type=2 2 2 2 2 2 2 2 2 2 2 10 2 2
left_child=1 2 3 4 5 -1 8 -8 10 -10 11 -5 -13 -14
right_child=-2 -3 -4 6 -6 -7 7 -9 9 -11 -12 12 13 -15
leaf_value=0.038081057949800372 0.040210630611868713 -0.019459195238132533 0.038940116538505598 0.03412567114662074 0.029775856629432454 -0.023713563222662444 -0.038192907200711036 0.016677490726281708 -0.043781584882717113 0.022778722519300087 0.049727147124820459 -0.038586590030692598 -0.048825118099546934 0.02178641444584099
leaf_weight=189.79632975766435 6480.7096440400928 398.05984682869166 2689.185837152414 2291.6851617498323 498.99913122318685 587.46545666642487 155.74237636104226 474.52118678577244 160.96838233247399 718.13571085128933 987.94499948341399 193.7907279310748 65.825557827949524 648.77530995290726
leaf_count=1672 2209 10533 1542 11210 4392 15456 2119 1819 2127 1879 917 3101 986 2097
internal_value=0.0306996 0.0245697 0.0263853 0.021539 0.00641922 -0.00859465 0.0249242 0.00307962 0.0276402 0.0105553 0.031223 0.0254966 0.00371369 0.0152229
internal_weight=16541.6 10060.9 9662.84 6973.65 1276.26 777.262 5697.39 630.264 5067.13 879.104 4188.02 3200.08 908.392 714.601
internal_count=62059 59850 49317 47775 21520 17128 26255 3938 22317 4006 18311 17394 6184 3083
is_linear=0
shrinkage=0.03


Tree=41
num_leaves=15
num_cat=3
split_feature=22 18 23 41 33 41 20 18 41 21 15 6 19 21
split_gain=1029.18 626.903 411.89 875.205 539.332 668.29 483.364 289.511 305.517 268.469 299.067 246.35 239.248 354.332
threshold=0.2221715367965352 0.3386263636363635 3.5015500000000004 0 0.015448988954641918 1 2.6744470486111114 0.080287462887988784 2 0.24892005695117156 2.9523000000000006 0.52047000000000054 3.5897500000000004 0.27325836715167201
decision_type=2 2 2 1 2 1 2 2 1 2 2 2 2 2
left_child=1 2 3 -1 -4 12 7 8 -5 -10 -11 -7 13 -6
right_child=-2 -3 4 6 5 11 -8 -9 9 10 -12 -13 -14 -15
leaf_value=-0.029243977324839472 0.038627228338035072 0.041042542668908992 0.034273945338322655 -0.03141222466983741 -0.040553818700159221 -0.024885711997915946 -0.037490319804956686 0.028332090966861508 0.028411760041635446 -0.025119856207028664 0.027699294913795362 0.030635075180425221 0.030971082897855946 0.031953366060495821
leaf_weight=409.06149609899148 6860.437521610409 1499.3483184427023 2683.0399307580665 148.91248990828171 113.6132529117167 432.72103417990729 135.5606339816004 1639.5418417826295 543.0860510468483 239.73255535960197 160.01829324662685 85.339229864999652 1032.2239319980145 127.85714804474264
leaf_count=22683 3118 609 5482 6345 757 6759 1394 5751 2978 2902 451 398 1473 660
internal_value=0.029821 0.0232863 0.0198465 0.0117582 0.0257638 0.0130085 0.0176169 0.0203647 0.00838462 0.0146968 -0.00396025 -0.0156985 0.0246879 -0.00218825
internal_weight=16110.5 9250.06 7750.71 3275.91 4474.79 1791.75 2866.85 2731.29 1091.75 942.837 399.751 518.06 1273.69 241.47
internal_count=61760 58642 58033 42504 15529 10047 19821 18427 12676 6331 3353 7157 2890 1417
cat_boundaries=0 1 2 3
cat_threshold=4 1 2
is_linear=0
shrinkage=0.03


Tree=42
num_leaves=15
num_cat=0
split_feature=22 42 18 38 35 13 23 19 5 38 17 19 8 11
split_gain=1091.06 951.327 647.652 469.609 558.885 680.01 510.757 503.078 435.51 545.046 513.548 373.825 376.553 351.527
threshold=0.26403699054621771 2.1250000000000004 0.2921792857142857 474.94920017277781 1.6106000000000003 0.22012896275200353 3.5632000000000006 3.9069500000000006 0.59210801730638052 197.85826796250004 0.26426313340317775 2.9941500000000008 18.932050520833332 22.626200000000001
decision_type=2 2 2 8 2 2 2 2 2 10 2 2 2 2
left_child=1 -1 3 4 6 7 8 -6 9 11 -10 12 -3 -13
right_child=-2 2 -4 -5 5 -7 -8 -9 10 -11 -12 13 -14 -15
leaf_value=-0.019298783387005684 0.039055824939930241 0.042511846459592398 0.038814880672737119 0.036352147393049969 -0.035278769221975162 -0.029635108878697435 0.036063058136782802 0.0312319877651306 0.028670166732267875 -0.03662699774590477 -0.018604030366134946 0.042239946213292877 -0.020400842201185782 -0.036465902949340261
leaf_weight=459.98558376077563 5971.9717092337087 108.93986245896667 2268.1632002536207 1344.4924223888665 127.33823793474585 474.00482967030257 1439.3179805800319 506.22637748904526 1763.4738141573034 276.15084997471422 233.5774777601473 375.52479323372245 386.33835749421269 58.302571873180568
leaf_count=24926 2162 186 916 1238 1197 3163 2317 978 9282 3670 2891 1046 7556 637
internal_value=0.0289423 0.0227895 0.0248594 0.0203923 0.0166543 -0.00249217 0.0212225 0.0178297 0.0145431 0.000300417 0.0231344 0.0113036 -0.00650498 0.031603
internal_weight=15793.8 9821.84 9361.85 7093.69 5749.2 1107.57 4641.63 633.565 3202.31 1205.26 1997.05 929.106 495.278 433.827
internal_count=62165 60003 35077 34161 32923 5338 27585 2175 25268 13095 12173 9425 7742 1683
is_linear=0
shrinkage=0.03


Tree=43
num_leaves=15
num_cat=1
split_feature=22 42 34 19 34 38 38 34 22 40 37 37 41 39
split_gain=1063.15 993.206 508.484 365.579 327.562 319.226 318.791 279.033 230.387 537.497 466.602 368.223 242.672 239.437
threshold=0.26403699054621771 2.3750000000000004 0.098659077380952406 2.6819500000000005 0.080453333333332711 155.90529533680561 92.800948855694458 0.084787264957264893 0.1351521929824562 459.50000000000006 29.291666666666671 147.54166666666669 0 481.57226606416674
decision_type=2 2 2 2 2 8 10 2 2 10 8 10 1 8
left_child=1 -1 3 7 8 6 -6 -3 9 10 12 -11 -5 -13
right_child=-2 2 -4 4 5 -7 -8 -9 -10 11 -12 13 -14 -15
leaf_value=-0.018804008422686456 0.038437578111532818 -0.020409744640866138 -0.034788826532125443 0.021207456061195805 -0.035721433567851069 -0.02502793235410734 0.043450016425952517 0.049758121360722066 0.034342440530029425 0.03094305111479697 -0.03617561667799904 -0.03701380824656831 -0.024310584030801819 0.021918543899140178
leaf_weight=500.2877188581042 5927.2517142137513 252.84561290079728 127.3436986906454 719.17961543425918 59.114697146695107 212.6489403876476 192.59343390632421 62.844591005705297 3114.6881426591426 4024.1701675355434 201.35558453854173 119.9841668792069 122.62872934807092 126.4274675026536
leaf_count=25893 2191 5648 3057 2385 1009 2787 825 495 2931 8407 2474 2277 1634 257
internal_value=0.0283997 0.0223476 0.0245546 0.0253789 0.0265051 0.00197067 0.0247885 -0.00632838 0.0278564 0.0240488 0.0047381 0.0287636 0.0145557 -0.00681076
internal_weight=15763.4 9836.11 9335.82 9208.48 8892.79 464.357 251.708 315.69 8428.43 5313.75 1043.16 4270.58 841.808 246.412
internal_count=62270 60079 34186 31129 24986 4621 1834 6143 20365 17434 6493 10941 4019 2534
cat_boundaries=0 1
cat_threshold=1
is_linear=0
shrinkage=0.03


Tree=44
num_leaves=15
num_cat=0
split_feature=22 38 38 18 40 37 29 7 20 21 22 11 16 35
split_gain=1089.26 576.123 670.869 517.722 370.527 342.238 588.095 566.987 550.603 452.32 403.022 623.037 497.431 398.32
threshold=0.21086944444444444 411.92116080722229 345.19920017277781 0.30413705882352954 986.50000000000011 125.54166666666669 1.0000000180025095e-35 23.144550000000006 2.5074029513888898 0.2377670367180825 0.14097056466817598 22.994550000000004 2.7959499999999999 1.22455
decision_type=2 8 10 2 10 10 2 2 2 2 2 2 2 2
left_child=1 2 3 4 5 6 -1 8 9 -7 11 12 13 -8
right_child=-2 -3 -4 -5 -6 7 10 -9 -10 -11 -12 -13 -14 -15
leaf_value=-0.030537906260962928 0.036748136725568932 0.032626027384635443 -0.037575984268199372 0.036152591236168478 -0.03353604087381739 0.048527721361469239 0.012836454603859985 -0.042712972009309409 0.043172128078958254 -0.034172679738483716 0.030171210270457792 -0.034988941657964664 0.046918455497941797 -0.027247854256092024
leaf_weight=297.08323678420857 6921.3283322495408 2605.3814847934991 204.092190454714 1103.6924236370251 146.00610502390191 89.773170435801148 1237.6405547480099 95.078982319682837 991.14099050639197 171.92452757339925 921.15436119399965 282.5602132207714 316.85165797360241 271.16121164523065
leaf_count=13278 3604 3986 3301 798 5477 480 14438 796 1378 4635 2416 3411 206 3763
internal_value=0.0278579 0.020809 0.0157805 0.0176247 0.0133759 0.014848 0.00967565 0.027596 0.0329616 -0.00572628 0.0136281 0.00638891 0.0128087 0.00561924
internal_weight=15654.9 8733.54 6128.16 5924.07 4820.38 4674.37 3326.45 1347.92 1252.84 261.698 3029.37 2108.21 1825.65 1508.8
internal_count=61967 58363 54377 51076 50278 44801 37512 7289 6493 5115 24234 21818 18407 18201
is_linear=0
shrinkage=0.03


Tree=45
num_leaves=15
num_cat=1
split_feature=42 21 18 41 42 40 12 38 10 17 21 40 13 8
split_gain=868.51 759.361 470.104 600.559 463.057 463.033 454.363 252.742 415.14 625.756 303.213 246.342 226.353 221.791
threshold=0.62500000000000011 0.27140808737109529 0.20982678571428556 0 6.8750000000000009 952.50000000000011 2.2571166666666671 474.94920017277781 0.063635075757577694 0.24996225358680318 0.24050958080779583 232.50000000000003 0.17771756570384892 20.285932118055559
decision_type=2 2 2 1 2 8 2 8 2 2 2 10 2 2
left_child=-1 2 3 4 -2 7 -3 8 -5 10 -10 12 -12 -11
right_child=1 6 -4 5 -6 -7 -8 -9 9 13 11 -13 -14 -15
leaf_value=-0.030537043626244802 -0.02709084302225287 -0.002958024179004929 0.032241940880460257 0.030532225188589862 0.019780517410823595 -0.023252711381237211 0.037944597018515304 0.036763609886087942 -0.026206017654145319 0.0065627412634849036 0.031274872016881464 0.029099013249825816 -0.037155092647941562 -0.031426601750525085
leaf_weight=228.65952506801113 440.9758025156334 254.6557058445178 3017.996481646318 1765.0349924080074 331.40609890175983 199.95685257809237 6000.5047288788483 991.44063491467386 114.01798029569909 232.71980383107439 73.680848521180451 1261.5316142546944 103.30451662093401 338.8883590195328
leaf_count=20260 9127 3224 2838 4237 1858 3744 1764 655 1974 2806 301 4850 1362 3008
internal_value=0.0273946 0.0282723 0.022623 0.0176585 -0.00698016 0.0214049 0.0362792 0.0232389 0.0197826 0.0108401 0.0207169 0.0244517 -0.00865133 -0.0159755
internal_weight=15354.8 15126.1 8870.95 5852.96 772.382 5080.58 6255.16 4880.62 3889.18 2124.14 1552.53 1438.52 176.985 571.608
internal_count=62008 41748 36760 33922 10985 22937 4988 19193 18538 14301 8487 6513 1663 5814
cat_boundaries=0 1
cat_threshold=2
is_linear=0
shrinkage=0.03


Tree=46
num_leaves=15
num_cat=0
split_feature=22 42 34 10 18 16 29 28 4 30 10 42 37 37
split_gain=1061.95 1083.25 588.773 530.472 418.193 347.301 380.662 297.697 456.893 343.462 298.384 237.936 221.408 211.775
threshold=0.26403699054621771 3.1250000000000004 0.076852277432711766 0.19810310150375632 0.2921792857142857 2.2336020833333339 0.012654686461827222 0.98911250000000006 20.176378125000003 0.019134574898785377 0.15922900560223482 7.8750000000000009 22.541666666666671 97.541666666666686
decision_type=2 2 2 2 2 2 2 2 2 2 2 2 10 10
left_child=1 -1 4 11 5 6 -3 -7 -9 12 -11 -4 -10 -14
right_child=-2 2 3 -5 -6 7 -8 8 9 10 -12 -13 13 -15
leaf_value=-0.017600670756812806 0.037212422545782477 -0.011593428376920883 -0.034451104355958849 -0.024562731216841573 0.037619200023512628 0.04171716955512899 0.048421499293045185 -0.03676514606718561 0.0034242496156464438 -0.031854442616289981 0.015317373561092853 0.033447732725867201 0.035049610117946613 0.020675128977962913
leaf_weight=616.35091582778841 5690.1828358611092 480.87287561269477 53.040200744289905 415.08758494118229 2053.5103754280135 762.74134287890047 117.51151203271002 117.19535225117579 355.05746884271502 170.63105441443622 405.58267035521567 336.1574578769505 1949.6868761917576 1762.8492838349193
leaf_count=28492 2184 8190 1371 6527 666 653 47 1561 1497 1209 1542 715 3294 4205
internal_value=0.0269428 0.0208501 0.0234909 -0.000999447 0.0259 0.0219636 0.000253504 0.024315 0.0215189 0.0229974 0.00131765 0.0241298 0.0260674 0.0282315
internal_weight=15286.5 9596.27 8979.92 804.285 8175.64 6122.13 598.384 5523.74 4761 4643.81 576.214 389.198 4067.59 3712.54
internal_count=62153 59969 31477 8613 22864 22198 8237 13961 13308 11747 2751 2086 8996 7499
is_linear=0
shrinkage=0.03


Tree=47
num_leaves=15
num_cat=0
split_feature=22 42 18 33 38 40 5 31 20 38 19 17 10 19
split_gain=1017.43 755.157 517.999 437.163 344.325 347.607 328.239 620.548 429.376 490.212 359.455 320.277 236.472 226.743
threshold=0.24942235294117623 2.3750000000000004 0.30413705882352954 0.027356427420373447 474.94920017277781 993.50000000000011 0.59036905643052029 1.6104500000000004 2.8949032986111116 194.31088273722224 2.9941500000000008 0.26426313340317775 -0.13730833333333972 2.7250500000000004
decision_type=2 2 2 2 8 10 2 2 2 10 2 2 2 2
left_child=1 -1 3 4 5 6 7 8 9 10 13 -8 -9 -3
right_child=-2 2 -4 -5 -6 -7 11 12 -10 -11 -12 -13 -14 -15
leaf_value=-0.016325457148893469 0.036365956316921709 0.014785298073219124 0.036497034392770397 -0.015059204430471814 0.034231322911593268 -0.034691553751817032 0.027682434560186937 0.033102270195766406 0.03722033181344038 -0.030400370822028153 0.033227991099514201 0.00040936614041707628 -0.041657105635709082 -0.029899340924392941
leaf_weight=478.29966514976695 5795.64296899084 232.6566025367938 1844.6185604892671 329.6765151200816 1288.3150703283027 113.84669794840738 2831.9094353546388 43.798789955675602 556.86860796064138 267.1008862843737 487.50097819231451 448.97317627631128 260.61335376091301 180.69721478642896
leaf_count=25753 2453 2558 735 6548 1095 2980 8672 29 360 2732 1267 2664 1571 2745
internal_value=0.0264858 0.020368 0.0223446 0.0186327 0.0202895 0.0169723 0.0180863 0.00859631 0.015568 0.00522141 0.0158052 0.0239515 -0.0308276 -0.00477356
internal_weight=15160.5 9364.88 8886.58 7041.96 6712.28 5423.97 5310.12 2029.24 1724.82 1167.96 900.855 3280.88 304.412 413.354
internal_count=62162 59709 33956 33221 26673 25578 22598 11262 9662 9302 6570 11336 1600 5303
is_linear=0
shrinkage=0.03


Tree=48
num_leaves=15
num_cat=0
split_feature=22 18 38 37 34 10 23 29 11 39 21 40 11 11
split_gain=999.719 681.094 446.434 379.141 307.325 477.491 388.712 668.294 469.406 610.866 266.983 263.842 254.389 441.148
threshold=0.26403699054621771 0.25612857142857032 467.42471986430559 149.04166666666669 0.076595764142977696 0.17305513071895276 3.0881000000000003 0.0058565651574670101 22.437650000000001 327.09151346722228 0.23850303404894771 102.50000000000001 24.898850000000003 25.978700000000003
decision_type=2 2 8 10 2 2 2 2 2 8 2 10 2 2
left_child=1 2 3 4 6 -6 7 -1 -8 -10 -11 -12 -13 -14
right_child=-2 -3 -4 -5 5 -7 8 -9 9 10 11 12 13 -15
leaf_value=-0.030195353010510521 0.036287443016181725 0.033210552806026895 0.031037186796927629 -0.030562161980234502 0.024035124336231079 -0.025917188453048023 0.03419527139894233 0.022391812252873861 -0.033561177373607858 -0.037414960008045034 -0.040686387078008826 0.024482172205107573 -0.049067488818358929 0.035076486847347745
leaf_weight=409.54456020705402 5435.4477772908285 2597.9337444906123 1293.0294454675168 185.78126513212919 290.8496329174377 419.24988564988598 1334.7512679733336 461.5426772730425 237.3755241939798 77.426375632174313 63.802138432860374 1849.2798600364476 117.84018705040216 105.22287702560425
leaf_count=13490 2175 2244 2104 6170 2355 10634 5377 2958 5075 1202 404 6652 1054 140
internal_value=0.0260364 0.020133 0.015166 0.0114652 0.0129255 -0.0054522 0.0157284 -0.00233849 0.0198851 0.0120812 0.0169887 0.0189772 0.0208328 -0.00939586
internal_weight=14879.1 9443.63 6845.7 5552.67 5366.88 710.1 4656.79 871.087 3785.7 2450.95 2213.57 2136.15 2072.34 223.063
internal_count=62034 59859 57615 55511 49341 12989 36352 16448 19904 14527 9452 8250 7846 1194
is_linear=0
shrinkage=0.03


Tree=49
num_leaves=15
num_cat=0
split_feature=22 42 18 33 42 21 40 29 34 38 6 40 34 23
split_gain=990.386 705.037 576.918 487.21 1005.97 240.53 327.555 411.322 451.182 510.912 290.447 287.55 306.611 219.702
threshold=0.26403699054621771 1.6250000000000002 0.17921223776223652 0.00078647227184858095 6.8750000000000009 0.24452820727379745 286.50000000000006 0.0017783590061708559 0.068319672619046964 62.192057708611117 0.27246357142856842 286.50000000000006 0.061240000000000495 3.5291000000000001
decision_type=2 2 2 2 2 2 10 2 2 10 2 8 2 2
left_child=1 -1 3 13 -5 11 -7 -8 9 -9 -11 -6 -13 -3
right_child=-2 2 -4 4 5 6 7 8 -10 10 -12 12 -14 -15
leaf_value=-0.023588699988211885 0.035825029917986743 -0.0032129411962821932 0.030245206938156015 -0.025147885784603845 0.042888671933355139 -0.011433913603031537 -0.039237539222081279 0.031420383756387664 0.040599515177259814 -0.028261798604245644 0.014370620507759242 0.022343034637034631 -0.036568504205216956 0.034873014406970597
leaf_weight=325.86588325817138 5397.5342962145805 153.66594237089157 3778.933670761995 628.08582618599758 553.66437398642302 480.73451632261276 111.06299842102453 475.09052706602961 614.13293523108587 341.4085983382538 247.16081319190562 473.88656136207283 94.56629991158843 1195.2369523495436
leaf_count=23207 2184 1978 4182 14724 1062 3522 1540 1317 1315 2452 798 1778 1288 682
internal_value=0.0255673 0.0197198 0.021265 0.0149395 0.00969991 0.0161586 0.0105334 0.0164399 0.0201467 0.00831072 -0.010365 0.0275167 0.0124957 0.0305351
internal_weight=14871 9473.5 9147.63 5368.7 4019.79 3391.71 2269.59 1788.86 1677.79 1063.66 588.569 1122.12 568.453 1348.9
internal_count=62029 59845 36638 32456 29796 15072 10944 7422 5882 4567 3250 4128 3066 2660
is_linear=0
shrinkage=0.03


Tree=50
num_leaves=15
num_cat=0
split_feature=18 42 10 33 42 18 11 19 6 33 40 12 23 39
split_gain=850.89 869.271 622.8 374.38 631.188 252.335 237.209 224.983 176.298 235.159 216.359 181.375 162.372 292.576
threshold=0.26280820512820546 1.8750000000000002 0.39476541889483796 5.8823174815117559e-06 6.8750000000000009 0.096177719298246089 26.157750000000004 2.6115500000000007 -0.17951769230769718 0.018714852879716439 739.50000000000011 3.1482125000000005 3.5291000000000001 50.018425637916671
decision_type=2 2 2 2 2 2 2 2 2 2 10 2 2 10
left_child=1 -1 3 12 5 6 -5 -6 9 -9 11 -11 13 -3
right_child=-2 2 -4 4 7 -7 -8 8 -10 10 -12 -13 -14 -15
leaf_value=-0.025064037051369788 0.035324247410031581 0.053661262282476072 0.033819770081647042 -0.032724878610613357 -0.025984501825869963 0.0063826117360290483 0.034895563227294986 -0.017503123391192046 0.021841115902123977 -0.024567499971624204 0.036374919974412681 0.022909811698801383 0.03505078498709055 -0.033409323864479354
leaf_weight=369.38740332657471 4899.9151948741637 56.612795246765018 2756.7933531915769 404.64842585893348 101.32254115724936 465.76047595450655 51.936068483162671 253.9287573248148 3670.7341259159148 144.2689582426101 272.12113202456385 143.40730362012982 1164.1174759417772 86.458898089826107
leaf_count=24115 2455 38 3908 10161 1716 3139 55 1612 10662 1253 549 174 647 1808
internal_value=0.0250912 0.0200445 0.0217876 0.0169164 0.0134867 -0.00914979 -0.0249737 0.0180406 0.0190408 0.00639744 0.0172508 -0.000902572 0.0313471 0.00117742
internal_weight=14841.4 9941.5 9572.11 6815.32 5508.13 922.345 456.584 4585.78 4484.46 813.726 559.797 287.676 1307.19 143.072
internal_count=62292 59837 35722 31814 29321 13355 10216 15966 14250 3588 1976 1427 2493 1846
is_linear=0
shrinkage=0.03


Tree=51
num_leaves=15
num_cat=0
split_feature=22 42 18 33 42 18 18 7 37 33 21 22 23 29
split_gain=1022.05 608.695 444.918 403.047 722.985 375.607 287.984 325.029 250.878 239.995 220.498 179.068 170.672 505.432
threshold=0.21634803921568194 1.6250000000000002 0.3386263636363635 0.015448988954641918 7.3750000000000009 0.20982678571428556 -0.041028904428904237 20.402850000000004 146.54166666666669 0.032379557512246117 0.26451707794364177 0.19017362637362581 3.1159500000000002 0.0058565651574670101
decision_type=2 2 2 2 2 2 2 2 8 2 2 2 2 2
left_child=1 -1 3 8 5 -5 7 -6 10 -2 12 -12 13 -3
right_child=9 2 -4 4 6 -7 -8 -9 -10 -11 11 -13 -14 -15
leaf_value=-0.0249837605385725 0.035692473492065536 -0.031354893782221643 0.035871760913108744 -0.029875495352892887 0.037023689723906045 0.013643127222331332 0.02087443656471576 -0.019249840736364206 -0.014293673180859067 0.011388277808781124 -0.046783345999731968 0.0380048668658476 0.030292681687259248 0.037473414311764722
leaf_weight=285.87716319318861 5660.5238253297284 162.56746087130159 1261.881293412298 536.33287476422265 123.94310163613409 266.56413704575971 2439.3517183200456 353.48707518447191 144.60441682860255 392.16461753472686 64.93491727206856 33.069359511137009 2600.0062107080594 231.62825626693666
leaf_count=22697 2423 2951 479 14590 385 963 7486 3401 1318 973 594 6 3172 566
internal_value=0.0246969 0.017987 0.0194846 0.0165073 0.00976712 -0.0154282 0.0167055 -0.00459412 0.0242476 0.0341199 0.026054 -0.0180786 0.0275041 0.0090809
internal_weight=14556.9 8504.25 8218.37 6956.49 3719.68 802.897 2916.78 477.43 3236.81 6052.69 3092.21 98.0043 2994.2 394.196
internal_count=62004 58608 35911 35432 26825 15553 11272 3786 8607 3396 7289 600 6689 3517
is_linear=0
shrinkage=0.03


Tree=52
num_leaves=15
num_cat=0
split_feature=21 42 12 40 10 38 34 18 38 42 28 20 10 5
split_gain=925.587 597.067 475.349 392.586 342.547 331.66 296.932 262.063 239.062 266.429 392.276 390.078 388.457 197.271
threshold=0.27140808737109529 1.8750000000000002 2.1618041666666672 952.50000000000011 0.0053412500000027847 17.013318153750003 0.098659077380952406 0.30413705882352954 467.42471986430559 6.6250000000000009 1.572329166666667 2.828355034722223 0.36820476190475587 0.60350068789438283
decision_type=2 2 2 8 2 8 2 2 8 2 2 2 2 2
left_child=1 -1 -2 5 -5 -3 7 8 9 10 11 12 -7 -11
right_child=2 3 -4 4 -6 6 -8 -9 -10 13 -12 -13 -14 -15
leaf_value=-0.020897584794902457 -0.013388775092066277 -0.040449014190529389 0.035205967285063255 0.020923216168396992 -0.036977048856586106 -0.031363177201689976 -0.01867914274892871 0.034353600647153197 0.032128546711202285 0.01355609422124774 -0.037160043885542324 0.034743416142800611 0.028475936713463695 0.026735372201503609
leaf_weight=337.69181536976248 186.6836578194052 76.953360054641962 5644.9144738879986 168.75961323641241 199.81655993685126 248.88742310088128 159.16039719153196 1402.5399988722056 1183.594290304929 1958.7085192319937 178.35119022987783 361.64670486096293 159.29940246511251 2146.1601141928695
leaf_count=22627 3719 918 3093 515 4942 6779 2368 535 898 7570 1440 340 953 5353
internal_value=0.0244253 0.0181546 0.0336483 0.0197566 -0.0104814 0.021173 0.0217861 0.0226316 0.0199903 0.0171414 0.00280483 0.0120999 -0.00799778 0.0204515
internal_weight=14413.2 8581.57 5831.6 8243.88 368.576 7875.3 7798.35 7639.19 6236.65 5053.05 948.185 769.834 408.187 4104.87
internal_count=62050 55238 6812 32611 5457 27154 26236 23868 23333 22435 9512 8072 7732 12923
is_linear=0
shrinkage=0.03


Tree=53
num_leaves=15
num_cat=0
split_feature=22 18 38 40 5 40 27 15 17 33 20 23 29 28
split_gain=1013.69 528.178 501.93 323.307 302.283 562.527 353.213 263.081 240.738 225.918 224.688 372.453 208.791 195.102
threshold=0.2221715367965352 0.3386263636363635 474.94920017277781 993.50000000000011 0.59036905643052029 459.50000000000006 1.72645 3.0211000000000001 0.26426313340317775 0.033041225407486878 2.3589901041666672 5.0778500000000006 0.0056673582599439882 1.7626062500000004
decision_type=2 2 8 10 2 10 2 2 2 2 2 2 2 2
left_child=1 2 3 4 5 -1 7 12 -6 -2 -11 -12 -7 -4
right_child=9 -3 13 -5 8 6 -8 -9 -10 10 11 -13 -14 -15
leaf_value=-0.023205873219524473 0.035093703312509994 0.034770906623174697 0.037832095773903465 -0.033569537062067521 0.020525792567010818 -0.01622216481635412 -0.036743916423355109 0.024780088451872562 -0.00071999599091830549 0.035911799262864183 -0.053672698893365546 0.027497306550388352 0.020050697295262782 0.011413454269844437
leaf_weight=557.42037465656176 5450.7124713947996 1314.6366866454482 962.38457513647154 146.13506501493976 2905.5648959483951 331.58532743155956 125.46431271266192 989.76097021717578 574.86946273874491 174.26685567945242 94.450349073857069 108.02567525580525 249.3099831584841 342.01797762140632
leaf_count=9556 2284 623 1192 5893 19130 9004 1243 4002 5973 75 709 117 1791 695
internal_value=0.023903 0.0172918 0.014089 0.0103509 0.0114759 0.00291383 0.0115065 0.0153817 0.0170174 0.0335406 0.0110366 -0.0104443 -0.00064679 0.0309191
internal_weight=14326.6 8499.15 7184.51 5880.11 5733.98 2253.54 1696.12 1570.66 3480.43 5827.46 376.743 202.476 580.895 1304.4
internal_count=62287 59102 58479 56592 50699 25596 16040 14797 25103 3185 901 826 10795 1887
is_linear=0
shrinkage=0.03


Tree=54
num_leaves=15
num_cat=0
split_feature=22 42 18 38 28 37 19 23 32 16 16 9 38 5
split_gain=1057.37 670.551 544.798 393.89 443.692 559.216 547.26 416.059 372.402 289.104 367.732 304.792 299.173 246.05
threshold=0.24942235294117623 1.8750000000000002 0.2921792857142857 474.94920017277781 1.6027125000000004 93.791666666666686 3.9069500000000006 3.5015500000000004 1.3835475694444446 2.2135968750000004 2.069798958333334 0.58611633402934438 98.803167022083343 0.57172057812983945
decision_type=2 2 2 8 2 10 2 2 2 2 2 2 10 2
left_child=1 -1 3 4 7 6 -6 8 9 10 -3 12 -11 -8
right_child=-2 2 -4 -5 5 -7 13 -9 -10 11 -12 -13 -14 -15
leaf_value=-0.025692007665160589 0.03387269727596047 0.023150318907117235 0.032804079244716358 0.030025072355930531 -0.042485727789936763 -0.046304450384717623 -0.026455954851599395 0.026709219452466227 -0.037464134027412603 0.019770405745111772 -0.03190507313843409 0.020405599571098838 -0.035876440063492269 0.026766496360417492
leaf_weight=319.91886331792921 5272.4087745780125 175.52713399752975 1868.0732365995646 1198.6175771374255 165.95375312212855 244.07022374402732 91.157886749133468 1713.436745219864 153.21454930771142 160.05939886393026 285.50221986183897 1742.677442997694 188.14122992334887 519.75347939319909
leaf_count=24071 2461 1363 927 1287 1358 1825 542 4166 1681 684 8093 9812 3055 874
internal_value=0.0232426 0.0168895 0.0184938 0.0144623 0.0110281 -0.0067914 0.00566611 0.015146 0.00781471 0.0105468 -0.0109392 0.0152874 -0.0103136 0.0187946
internal_weight=14098.5 8826.1 8506.18 6638.11 5439.49 1020.94 776.865 4418.56 2705.12 2551.91 461.029 2090.88 348.201 610.911
internal_count=62199 59738 35667 34740 33453 4599 2774 28854 24688 23007 9456 13551 3739 1416
is_linear=0
shrinkage=0.03


Tree=55
num_leaves=15
num_cat=0
split_feature=21 42 12 33 18 38 40 42 10 16 31 42 17 11
split_gain=904.883 565.834 451.803 395.084 361.496 294.356 355.533 263.771 226.166 414.585 477.493 472.843 389.149 350.165
threshold=0.27549433083190294 3.1250000000000004 2.1618041666666672 3.3306690738754701e-16 0.27127855392156852 467.42471986430559 959.50000000000011 0.87500000000000011 0.056514583333313169 2.2434291666666675 1.2307500000000002 6.8750000000000009 0.25126060694424129 22.960400000000003
decision_type=2 2 2 2 2 8 10 2 2 2 2 2 2 2
left_child=1 3 -2 7 5 6 8 -1 -3 -10 -11 -12 13 -13
right_child=2 4 -4 -5 -6 -7 -8 -9 9 10 11 12 -14 -15
leaf_value=-0.030333713496289258 -0.013094592504995266 0.022899895046219445 0.034736896460854573 -0.03422444506000602 0.031156448702774682 0.028871121365091748 -0.025969680889003983 0.030301045270894094 -0.033005347741938439 0.026735456226674871 -0.031094126142148053 -0.023439519071526742 -0.018367964741457993 0.024478962404378735
leaf_weight=89.00539589067921 183.99762855935842 1772.5771293495782 4853.7682947646827 312.50601231353357 1773.1509615331888 1259.398016194813 204.60920626996085 228.07329796953127 192.68663888191804 1223.7013939912431 311.50040263030678 158.44567938521504 346.32112441211939 992.12023819424212
leaf_count=9291 3654 4596 2316 16871 968 1245 4200 847 5915 4410 3376 1228 1848 1626
internal_value=0.0228346 0.0170612 0.0329877 -0.0103374 0.019157 0.0158597 0.0127047 0.0132387 0.014293 0.00955645 0.0122712 0.00247416 0.00947578 0.0178654
internal_weight=13901.9 8864.1 5037.77 629.585 8234.51 6461.36 5201.96 317.079 4997.35 3224.78 3032.09 1808.39 1496.89 1150.57
internal_count=62391 56421 5970 27009 29412 28444 27199 10138 22999 18403 12488 8078 4702 2854
is_linear=0
shrinkage=0.03


Tree=56
num_leaves=15
num_cat=0
split_feature=22 42 18 33 42 29 18 22 30 7 37 30 21 33
split_gain=1027.08 687.238 463.539 345.93 695.785 273.903 249.163 223.964 354.668 273.9 228.471 211.044 214.414 187.924
threshold=0.24942235294117623 1.8750000000000002 0.2921792857142857 5.8823174815117559e-06 6.3750000000000009 0.00039217994077684395 0.19833994360902227 0.13648202020201924 0.011747368421052439 23.286050000000007 125.54166666666669 0.0081481159420287528 0.2423272850836167 0.032379557512246117
decision_type=2 2 2 2 2 2 2 2 2 2 10 2 2 2
left_child=1 -1 3 -3 6 -6 -5 8 -7 10 -10 12 -9 -2
right_child=13 2 -4 4 5 7 -8 11 9 -11 -12 -13 -14 -15
leaf_value=-0.028854158284859242 0.035051233809113999 0.028535153834892593 0.031550728613028961 -0.03010747256565225 -0.014330463510339659 0.021336967694795879 0.010757206761865498 0.034815788694344138 -0.0041449024354660311 -0.034218588386234684 0.023579779925245646 0.030031121570850902 -0.034016845387708709 0.013791816974855649
leaf_weight=293.97993783047423 4549.3016036367044 1219.3735165088437 1733.8871242897585 461.24622840015218 272.1812237626873 1603.7537426585332 188.66570938425139 68.13774411380291 750.56512846192345 177.05467464029789 414.45046290243044 1334.6769327376969 98.164404195733368 409.66174418851733
leaf_count=24005 1575 2463 912 12984 3250 5296 873 61 5198 910 1974 1399 464 828
internal_value=0.022421 0.0161576 0.0177509 0.0141148 0.010835 0.0148432 -0.0182464 0.0166317 0.0118191 0.000438016 0.00572983 0.0260627 -0.00577503 0.0332981
internal_weight=13575.1 8616.14 8322.16 6588.27 5368.9 4718.98 649.912 4446.8 2945.82 1342.07 1165.02 1500.98 166.302 4958.96
internal_count=62192 59789 35784 34872 32409 18552 13857 15302 13378 8082 7172 1924 525 2403
is_linear=0
shrinkage=0.03


Tree=57
num_leaves=15
num_cat=0
split_feature=22 42 18 34 28 16 7 11 37 23 17 5 38 37
split_gain=923.922 568.975 467.697 282.49 258.792 704.403 542.632 518.294 464.225 238.059 372.925 261.604 286.583 232.543
threshold=0.26403699054621771 2.8750000000000004 0.27127855392156852 0.098659077380952406 1.7626062500000004 3.2601729166666673 24.378200000000003 23.528900000000004 2.291666666666667 3.5632000000000006 0.26017585185571646 0.59210801730638052 197.85826796250004 112.54166666666669
decision_type=2 2 2 2 2 2 2 2 10 2 2 2 10 10
left_child=1 13 3 4 5 7 -6 9 -9 10 11 12 -3 -1
right_child=-2 2 -4 -5 6 -7 -8 8 -10 -11 -12 -13 -14 -15
leaf_value=-0.031810307638111136 0.033156866090975713 0.011937311980123504 0.031137891593072346 -0.034942773965702598 -0.04554099838534352 0.041964514958838607 0.012358069653517351 0.039272366700575774 -0.044673494402357121 0.027308756976300062 -0.010300649608782369 0.023587431194744633 -0.031346874809454535 0.0081371832247210587
leaf_weight=285.67700686166063 4668.5299311159179 644.61461596284062 2023.596057234332 101.11978971865028 182.88321171794087 905.74538452550769 700.23879577219486 77.891275722533464 238.93272673850879 1160.5667376760393 579.37565771257505 1589.0486511485651 173.98701751837507 241.13236365141347
leaf_count=20705 2212 5699 1086 2704 1212 267 1396 71 2252 1986 6054 7309 2161 6964
internal_value=0.0223468 0.0166763 0.018578 0.014574 0.0153802 0.0178546 0.000329969 0.0129549 -0.0239767 0.0157811 0.0112946 0.0164934 0.00271059 -0.0135447
internal_weight=13573.3 8904.81 8378 6354.4 6253.28 5370.16 883.122 4464.42 316.824 4147.59 2987.03 2407.65 818.602 526.809
internal_count=62078 59866 32197 31111 28407 25799 2608 25532 2323 23209 21223 15169 7860 27669
is_linear=0
shrinkage=0.03


Tree=58
num_leaves=15
num_cat=0
split_feature=22 42 38 32 19 37 12 11 7 15 30 38 40 13
split_gain=893.054 542.752 413.139 394.031 687.667 617.69 371.004 504.067 518.576 490.246 451.189 373.443 359.427 260.405
threshold=0.23789335317460217 1.6250000000000002 474.94920017277781 1.584549479166667 3.9069500000000006 93.791666666666686 3.129679166666667 22.626200000000001 22.653900000000004 3.0211000000000001 0.0083999999999992119 212.66194274111115 904.50000000000011 0.21859198022469123
decision_type=2 2 8 2 2 10 2 2 2 2 2 10 10 2
left_child=1 -1 3 6 -5 13 7 9 -9 11 -10 12 -3 -6
right_child=-2 2 -4 4 5 -7 -8 8 10 -11 -12 -13 -14 -15
leaf_value=-0.027697183485537621 0.031989083612566159 0.018233856492300506 0.030720135155616186 -0.045164304125284355 0.03190164300739106 -0.046540026371137709 0.040229084355844331 -0.039383181626419031 -0.035401242497965245 0.033901388186265556 0.018279842479632682 -0.026629683033634267 -0.034644024589405069 -0.0063340477356336891
leaf_weight=250.40610382147133 4730.490355883725 2041.5082526137121 1605.9384916918352 257.93997481139377 550.23082249425352 144.65633694268763 561.70637367852032 265.88576811971143 172.83748654229566 1405.1582286390476 743.71065817028284 209.40584373753518 121.7324238489382 225.63326711114496
leaf_count=22946 2650 13809 1408 2198 611 1074 124 3768 1568 1744 2120 2991 4231 856
internal_value=0.0215287 0.0157427 0.0170554 0.0137762 -0.00197042 0.0101689 0.0171365 0.0145139 -0.00257867 0.019863 0.00812942 0.0115383 0.0152436 0.0207883
internal_weight=13287.2 8556.75 8306.34 6700.41 1178.46 920.52 5521.95 4960.24 1182.43 3777.8 916.548 2372.65 2163.24 775.864
internal_count=62098 59448 36502 35094 4739 2541 30355 30231 7456 22775 3688 21031 18040 1467
is_linear=0
shrinkage=0.03


Tree=59
num_leaves=15
num_cat=0
split_feature=22 18 42 33 23 33 6 38 21 11 20 9 38 16
split_gain=918.028 607.713 433.678 678.006 336.629 194.591 189.379 204.81 330.437 281.658 389.279 222.175 289.723 249.333
threshold=0.26403699054621771 0.25612857142857032 6.1250000000000009 5.8823174815117559e-06 3.5291000000000001 0.03210939306273438 0.085100000000003492 327.94343076333342 0.25571648024923782 22.626200000000001 2.5270177083333336 0.62932108942935683 152.74521737347223 2.0675395833333341
decision_type=2 2 2 2 2 2 2 8 2 2 2 2 10 2
left_child=1 2 3 4 -1 -2 7 9 -9 10 11 13 -13 -4
right_child=5 -3 6 -5 -6 -7 -8 8 -10 -11 -12 12 -14 -15
leaf_value=-0.03177455154569752 0.034388374874859788 0.028897047024494076 0.032441930609172116 -0.025597401140734739 0.026952955569776036 0.012457764476070868 0.020401898915906855 0.025781319657234115 -0.029145992019674043 -0.019610483607166843 0.035947008575373092 -0.036201892610217778 0.046657711344729638 -0.023960796745650343
leaf_weight=103.901148410514 4095.6278199218214 2316.4140346166678 84.694276415742934 667.20288685243577 542.59449692629278 401.29609080776572 2684.7323165712878 852.68667601514608 110.59994236100465 404.39201463386416 342.63093433063477 51.361289715860039 138.39245931385085 399.81019777897745
leaf_count=8428 1447 2252 257 26427 2751 799 8816 1249 527 2500 428 784 244 5111
internal_value=0.021429 0.015737 0.0109573 -0.00440098 0.0174801 0.0324345 0.0149375 0.00877928 0.0194511 0.00153773 0.00995886 -0.00328095 0.0241576 -0.0140547
internal_weight=13196.3 8699.41 6383 1313.7 646.496 4496.92 5069.3 2384.57 963.287 1421.28 1016.89 674.258 189.754 484.504
internal_count=62020 59774 57522 37606 11179 2246 19916 11100 1776 9324 6824 6396 1028 5368
is_linear=0
shrinkage=0.03


Tree=60
num_leaves=15
num_cat=0
split_feature=22 42 18 33 33 38 5 35 15 10 6 38 39 42
split_gain=890.409 442.555 368.839 338.816 247.047 239.476 316.167 429.683 454.611 318.462 219.109 231.049 356.85 209.525
threshold=0.2221715367965352 3.6250000000000004 0.3386263636363635 3.3306690738754701e-16 0.033041225407486878 467.42471986430559 0.59036905643052029 1.6106000000000003 3.0211000000000001 -0.048508749999996728 0.2936926066580447 286.19343076333342 214.76262911236114 0.87500000000000011
decision_type=2 2 2 2 2 8 2 2 2 2 2 10 10 2
left_child=1 3 5 13 -2 6 7 8 9 -3 11 12 -8 -1
right_child=4 2 -4 -5 -6 -7 10 -9 -10 -11 -12 -13 -14 -15
leaf_value=-0.030239489536157863 0.032780708866085639 0.019122628538520783 0.033147222192933125 -0.031756286382880736 0.0058553495555883931 0.0269124135189487 0.014148156460184892 -0.03297490736301386 0.020878868163401291 -0.024079335282261218 0.027208571991737773 0.022942771045318333 -0.020687163853955973 0.025213525489727547
leaf_weight=79.890743595082313 4638.3585544908419 222.36957331979647 1076.5155398603529 307.02586255595088 328.9191308519803 1095.3925486477092 798.24729667231441 271.88602573610842 976.98481601523235 491.01576093770564 1227.2442701081745 869.74682319257408 394.69928112439811 253.29620910808444
leaf_count=9316 2267 1190 402 19424 891 1114 5642 2074 2445 8252 3337 1940 2838 1007
internal_value=0.0210076 0.01485 0.0169137 -0.00907054 0.0309993 0.0141558 0.0114907 0.00195839 0.00759338 -0.0106049 0.0171739 0.0111932 0.00261484 0.0118664
internal_weight=13031.6 8064.31 7424.1 640.213 4967.28 6347.59 5252.19 1962.26 1690.37 713.385 3289.94 2062.69 1192.95 333.187
internal_count=62139 58981 29234 29747 3158 28832 27718 13961 11887 9442 13757 10420 8480 10323
is_linear=0
shrinkage=0.03


Tree=61
num_leaves=15
num_cat=0
split_feature=22 42 18 33 42 18 29 33 29 22 18 21 29 5
split_gain=921.845 535.964 447.171 300.486 561.604 232.353 220.564 218.221 206.434 183.144 248.582 226.591 249.596 274.774
threshold=0.26403699054621771 3.1250000000000004 0.27127855392156852 5.8823174815117559e-06 6.8750000000000009 0.20982678571428556 1.0000000180025095e-35 3.3306690738754701e-16 1.0000000180025095e-35 0.068327666451196575 -0.12539317226890737 0.24609333906712141 0.011432891714469689 0.49806415431705592
decision_type=2 2 2 2 2 2 2 2 2 2 2 2 2 2
left_child=1 7 3 -3 5 -5 -6 8 -1 11 -11 -8 13 -13
right_child=-2 2 -4 4 6 -7 9 -9 -10 10 -12 12 -14 -15
leaf_value=-0.019484660827907591 0.031950111607498423 0.027407246182710888 0.02985280096635768 -0.027316227902817698 -0.028350873551766263 0.014961891101637752 0.018612335386546091 -0.032205207798501098 0.035307697626538716 -0.024292246306821991 0.021188695855944104 0.032517375548864497 0.03658405513625284 -0.018065645273817998
leaf_weight=130.6895142653957 4214.5399331524968 1059.9150909800082 1807.0898305466399 468.62244799779728 109.28828801959753 155.08713325764984 752.30698578059673 284.83417538832873 115.79517909185961 111.97080565430224 2640.3866888047196 113.16982907848433 117.24280593451113 630.66648701997474
leaf_count=7813 2164 2005 1032 10975 1559 484 3072 18268 2278 896 5573 372 106 5311
internal_value=0.0204792 0.0147865 0.0167326 0.0128786 0.00985367 -0.0167965 0.013571 -0.0143664 0.00629471 0.0146267 0.0193303 0.00659548 -0.00391282 -0.0103364
internal_weight=12711.6 8497.07 7965.75 6158.66 5098.74 623.71 4475.03 531.319 246.485 4365.74 2752.36 1613.39 861.079 743.836
internal_count=61908 59744 31385 30353 28348 11459 16889 28359 10091 15330 6469 8861 5789 5683
is_linear=0
shrinkage=0.03


Tree=62
num_leaves=15
num_cat=0
split_feature=22 18 33 42 38 38 11 11 40 17 38 15 24 23
split_gain=909.098 521.439 370.524 307.194 282.327 225.048 279.741 360.903 258.625 210.847 207.808 343.067 237.986 206.388
threshold=0.26403699054621771 0.3386263636363635 0.028352189862520975 0.87500000000000011 17.013318153750003 474.94920017277781 24.898850000000003 25.978700000000003 986.50000000000011 0.26017585185571646 493.25401706083341 4.2934500000000009 1.7961083333333334 3.0881000000000003
decision_type=2 2 2 2 8 8 2 2 10 2 10 2 2 2
left_child=1 2 3 -1 -5 6 8 -8 9 -6 -7 12 -12 -11
right_child=-2 -3 -4 4 5 10 7 -9 -10 13 11 -13 -14 -15
leaf_value=-0.030342742005033604 0.031525293370164166 0.031712627808873663 -0.021764707442921891 -0.03964801969025427 0.017616297797789716 0.03430520039771439 -0.048198984641122947 0.025055516642599671 -0.030409717395656715 -0.022476551237374163 0.012668955388041905 0.029679654428502681 -0.068554559772219581 0.0092316254559710927
leaf_weight=145.82963000936434 4159.3369669243693 1318.3500681323931 293.75249341782182 87.707347294315696 3854.1071777692996 828.18831567838788 151.66904003079981 99.480362545698881 118.82093572290614 227.19428843026981 58.826085358858109 216.23007575981319 70.725185967981815 969.70135763520375
leaf_count=17877 2206 696 9288 1309 17369 732 968 91 3691 3622 66 129 377 3536
internal_value=0.0200463 0.0143867 0.0111756 0.0125956 0.013537 0.0142503 0.0116674 -0.0191986 0.0131703 0.0142013 0.026157 0.00659828 -0.0318584 0.00319905
internal_weight=12599.9 8440.58 7122.23 6828.48 6682.65 6594.94 5420.97 251.149 5169.82 5051 1173.97 345.781 129.551 1196.9
internal_count=61957 59751 59055 49767 31890 30581 29277 1059 28218 24527 1304 572 443 7158
is_linear=0
shrinkage=0.03


Tree=63
num_leaves=15
num_cat=0
split_feature=22 42 18 33 42 9 9 33 9 33 30 23 39 23
split_gain=958.446 417.975 378.162 287.06 487.822 370.92 292.918 352.717 273.109 258.735 240.683 234.13 544.887 276.075
threshold=0.2221715367965352 1.6250000000000002 0.36276249999999982 0.015448988954641918 6.8750000000000009 0.6267382152767994 0.59414319111400282 0.021701352409426725 0.64461821742991898 0.033402720636703638 0.0083999999999992119 3.5015500000000004 243.99436038180559 3.1159500000000002
decision_type=2 2 2 2 2 2 2 2 2 2 2 2 10 2
left_child=1 -1 3 5 8 11 7 -6 -5 -2 -9 12 13 -3
right_child=9 2 -4 4 6 -7 -8 10 -10 -11 -12 -13 -14 -15
leaf_value=-0.027242431205525556 0.032142700507922381 0.0025896101336060715 0.032988296912552485 -0.027847606873938235 -0.028371070258993603 -0.041175205978430565 0.016455329469344884 -0.027437589335205074 0.020302256635341021 0.0039029247502792236 0.029845400673141106 0.026253352177472596 -0.038080757331558683 0.042542772222247914
leaf_weight=221.3237463333644 4548.2965732482262 347.38874083058909 878.61399614997208 496.13307247404009 325.87172653246671 88.564293302129954 2327.3683026838116 88.011737825348973 133.97475571045652 312.33913715882227 255.54983757995069 2051.2767671942711 183.86061504296958 281.22961245290935
leaf_count=22833 2300 3344 321 12620 2693 1065 8356 1076 1774 877 591 1935 1879 347
internal_value=0.0199048 0.0133034 0.0145101 0.0120379 0.00638143 0.0189823 0.0114267 -0.0060545 -0.0175939 0.0303292 0.0151339 0.0208564 0.00721517 0.0205029
internal_weight=12539.8 7679.17 7457.84 6579.23 3626.91 2952.32 2996.8 669.433 630.108 4860.64 343.562 2863.76 812.479 628.618
internal_count=62011 58834 36001 35680 27110 8570 12716 4360 14394 3177 1667 7505 5570 3691
is_linear=0
shrinkage=0.03


Tree=64
num_leaves=15
num_cat=0
split_feature=22 42 34 6 12 8 23 9 5 37 10 22 28 3
split_gain=920.108 478.017 291.568 260.248 286.437 298.543 326.385 211.639 205.298 197.208 185.092 155.557 218.063 175.093
threshold=0.26403699054621771 3.1250000000000004 0.098659077380952406 0.018702597402596065 2.6454875000000002 20.986127777777781 3.6137500000000005 0.62891361090787024 0.62594755789680456 112.54166666666669 0.01956888888889571 0.14097056466817598 1.7626062500000004 25.710400000000003
decision_type=2 2 2 2 2 2 2 2 2 10 2 2 2 2
left_child=1 9 3 4 7 -6 -7 10 -8 -1 -3 12 -5 -14
right_child=-2 2 -4 11 5 6 8 -9 -10 -11 -12 -13 13 -15
leaf_value=-0.032338489403628184 0.030900962228698148 0.0054659707533741561 -0.035193824767959007 0.018193317335233564 0.035287917518463656 -0.026237381347255392 0.019187743694880827 0.016126975713425636 -0.014866776716245405 0.0048406577576326553 -0.030265193351998756 0.027205065475674254 -0.03151576642357768 0.034015896131330832
leaf_weight=265.46796841360629 4159.6870336309075 209.88599624391645 100.0586166055873 2886.8071082266979 487.08873587381095 211.19032026873901 1050.7468748548999 258.54804144753143 187.00177106168121 247.37295183073729 342.70753543218598 1825.6792183024809 142.72548592370003 48.368209689855576
leaf_count=21186 2263 1242 2664 12392 249 1455 1785 2086 729 7363 5993 2048 789 15
internal_value=0.0193941 0.0135989 0.0154551 0.016122 0.00872509 0.0149931 0.00815093 -0.00623531 0.0140349 -0.0144303 -0.0167084 0.0202634 0.0161384 -0.0148381
internal_weight=12423.3 8263.65 7750.81 7650.75 2747.17 1936.03 1448.94 811.142 1237.75 512.841 552.594 4903.58 3077.9 191.094
internal_count=62259 59996 31447 28783 13539 4218 3969 9321 2514 28549 7235 15244 13196 804
is_linear=0
shrinkage=0.03


Tree=65
num_leaves=15
num_cat=0
split_feature=22 42 34 33 33 38 37 11 19 37 19 11 15 12
split_gain=882.944 404.222 311.1 270.887 219.168 203.677 322 255.378 702.888 567.909 261.386 432.923 427.871 321.455
threshold=0.26403699054621771 3.1250000000000004 0.097248809523809668 3.3306690738754701e-16 0.030083940717231413 474.94920017277781 149.54166666666669 23.609100000000002 3.9069500000000006 93.791666666666686 3.5897500000000004 22.626200000000001 3.3771500000000008 2.5256375000000006
decision_type=2 2 2 2 2 8 10 2 2 10 2 2 2 2
left_child=1 3 5 -1 -2 6 7 10 -9 -10 11 13 -13 -3
right_child=4 2 -4 -5 -6 -7 -8 8 9 -11 -12 12 -14 -15
leaf_value=0.0094329939928191713 0.033305582110191523 0.011521538314203794 -0.035094661924978468 -0.033802586033805405 0.011150520269789318 0.027030439585648405 -0.035051731005357363 -0.046587041986609609 0.022668350915148287 -0.049586372060008162 0.033093269721857457 -0.022566819172915111 0.018961089729565801 0.030158978572535411
leaf_weight=263.95693337731063 3584.7401518411934 1925.7864669510163 107.28960601007566 256.14544840250164 454.03612264245749 1284.4389769937843 117.64208822813816 216.38627398246899 777.25387703627348 111.03542506508529 829.20335645228624 493.227997565642 406.34941114205867 1469.4967824658379
leaf_count=10227 1311 13726 2971 18385 898 1133 3376 1856 1225 627 561 3750 650 1729
internal_value=0.0193239 0.0136994 0.0154202 -0.0118841 0.0308183 0.016135 0.0139259 0.0148565 0.00177169 0.013591 0.0176765 0.0146929 -0.00380796 0.0195944
internal_weight=12297 8258.21 7738.11 520.102 4038.78 7630.82 6346.38 6228.74 1104.68 888.289 5124.06 4294.86 899.577 3395.28
internal_count=62425 60216 31604 28612 2209 28633 27500 24124 3708 1852 20416 19855 4400 15455
is_linear=0
shrinkage=0.03


Tree=66
num_leaves=15
num_cat=0
split_feature=22 34 10 18 19 39 30 23 29 37 37 9 11 33
split_gain=842.856 469.868 411.755 410.054 310.954 426.08 334.755 302.372 301.237 327.943 282.003 269.718 223.702 202.834
threshold=0.26403699054621771 0.076852277432711766 0.17501637426900093 0.24372773109243442 2.9941500000000008 194.55790493708335 0.025110271132376499 3.2002000000000006 0.0080142207588838766 54.791666666666671 51.041666666666671 0.64461821742991898 20.860600000000002 0.029593149679967581
decision_type=2 2 2 2 2 10 2 2 2 8 10 2 2 2
left_child=1 3 -3 4 8 -6 7 -7 9 10 12 -4 -1 -2
right_child=13 2 11 -5 5 6 -8 -9 -10 -11 -12 -13 -14 -15
leaf_value=0.03074181628775215 0.032986367328129963 0.017278475720923444 -0.034769820055449027 0.027179936401628069 0.034983065523666201 -0.037623017848637523 -0.043052166041065022 0.013798850763726136 0.024999273679969874 -0.032378729328000906 0.036332118797580061 0.022917891481442871 -0.024932307171682357 0.012237688806061763
leaf_weight=85.778647390194237 3291.6271432861686 349.64096414111555 424.64225685712881 2003.3104368462227 783.41789023438469 105.54163132607937 101.34668069798499 3072.8186662488151 272.72345028771088 372.62673258199356 167.91588613926433 87.300148255890235 257.88320690044202 488.52801839075983
leaf_count=420 1239 3098 12643 1968 1542 1945 961 13966 1481 15743 632 952 4562 906
internal_value=0.018616 0.0131459 -0.00778743 0.0156435 0.0112118 0.0151181 0.0103638 0.01208 -0.00250829 -0.0110114 0.00458516 -0.024907 -0.0109871 0.0303089
internal_weight=11865.1 8084.95 861.583 7223.36 5220.05 4063.12 3279.71 3178.36 1156.93 884.204 511.578 511.942 343.662 3780.16
internal_count=62058 59913 16693 43220 41252 18414 16872 15911 22838 21357 5614 13595 4982 2145
is_linear=0
shrinkage=0.03


Tree=67
num_leaves=15
num_cat=0
split_feature=22 42 33 38 38 40 21 20 35 23 33 35 16 19
split_gain=888.459 372.804 261.846 250.612 329.825 248.826 214.697 237.343 194.596 213.495 189.109 184.935 550.412 312.01
threshold=0.24942235294117623 3.1250000000000004 0.032379557512246117 510.00549073458336 474.94920017277781 993.50000000000011 0.23850303404894771 2.2024039930555559 0.87415000000000009 5.0778500000000006 3.3306690738754701e-16 1.6106000000000003 3.2601729166666673 3.6295000000000006
decision_type=2 2 2 10 8 10 2 2 2 2 2 2 2 2
left_child=1 10 -2 4 5 6 7 -3 -4 -10 -1 13 -13 -8
right_child=2 3 8 -5 -6 -7 11 -9 9 -11 -12 12 -14 -15
leaf_value=0.0056005329557570508 0.032000467401652299 0.024685036993369703 0.034294820320686308 -0.041009690844089855 0.029716034047372452 -0.03135254296308923 0.013521215682456397 -0.034870112239320086 -0.039174107888618845 0.021172710547779274 -0.031616289161411223 -0.039396631966343389 0.013209711073269034 0.037160746341737855
leaf_weight=243.6241461772006 3614.2524600308388 92.098989120218903 122.18513691797853 73.179889028891921 1080.2434465652332 117.37216734327376 4018.804779717233 169.99908162094653 120.65355114731938 92.315915513783693 246.40369100146927 221.20407300023362 919.71867142710835 573.92021555453539
leaf_count=10200 1606 711 32 309 856 3895 19002 2314 683 120 18287 1997 1977 287
internal_value=0.018067 0.0121669 0.0296487 0.0138751 0.0144391 0.0117351 0.0125836 -0.0139287 0.00426796 -0.0130389 -0.0131397 0.0137978 0.00298473 0.0164827
internal_weight=11706 7756.57 3949.41 7266.54 7193.36 6113.12 5995.75 262.098 335.155 212.969 490.028 5733.65 1140.92 4592.72
internal_count=62276 59835 2441 31348 31039 30183 26288 3025 835 803 28487 23263 3974 19289
is_linear=0
shrinkage=0.03


Tree=68
num_leaves=15
num_cat=0
split_feature=22 18 38 35 37 19 19 5 32 16 32 42 7 38
split_gain=830.364 508.639 341.426 341.965 479.115 480.728 378.558 303.796 301.979 568.743 412.494 361.789 286.312 231.982
threshold=0.28306659090909164 0.2921792857142857 474.94920017277781 1.6106000000000003 93.791666666666686 3.9069500000000006 3.6295000000000006 0.56531304552796846 1.3835475694444446 2.7027791666666672 1.574721527777778 6.6250000000000009 22.378550000000001 510.00549073458336
decision_type=2 2 8 2 10 2 2 2 2 2 2 2 2 10
left_child=1 2 3 6 5 -5 8 -7 9 11 -10 -1 -13 -4
right_child=-2 -3 13 4 -6 7 -8 -9 10 -11 -12 12 -14 -15
leaf_value=-0.020788945336840461 0.030479310752867465 0.027765977303916188 0.029131938269323979 -0.040971274734173196 -0.044494640801451241 -0.043815981556509578 0.034520528378585817 0.021071073847817305 -0.022991325491414853 0.0357446491778824 0.034573969075329239 0.011862685940158761 -0.039720758381724217 -0.014315149852217714
leaf_weight=427.06245254306123 3555.4202163405716 1708.2337666088715 1011.2788082812913 180.94797500548884 255.83749853330664 71.926106459926814 503.62582845333964 595.88169200252742 544.41753497906029 652.28285078657791 140.05113416397944 2041.7149731973186 100.69795545749366 123.56966459657997
leaf_count=27037 1938 1386 1534 3091 3401 844 687 1615 6644 900 193 11558 930 451
internal_value=0.0183367 0.0131681 0.0094142 0.00632783 -0.00859351 0.00226767 0.0100665 0.0140274 0.00690561 0.0107501 -0.0111795 0.00439358 0.00942075 0.0243927
internal_weight=11912.9 8357.53 6649.29 5514.45 1104.59 848.756 4409.85 667.808 3906.23 3221.76 684.469 2569.48 2142.41 1134.85
internal_count=62209 60271 58885 56900 8951 5550 47949 2459 47262 40425 6837 39525 12488 1985
is_linear=0
shrinkage=0.03


Tree=69
num_leaves=15
num_cat=0
split_feature=18 10 33 42 16 34 6 34 5 40 17 30 42 38
split_gain=671.522 417.912 291.784 660.827 301.606 263.794 264.902 184.625 177.639 176.633 231.806 174.287 141.274 114.64
threshold=0.17921223776223652 0.39476541889483796 0.0010377824507849067 6.6250000000000009 2.5423979166666673 0.068558397435897186 0.2936926066580447 0.051027350427350383 0.58536684366973313 731.50000000000011 0.26981961148459299 0.0051350649350646741 2.6250000000000004 425.4241100033334
decision_type=2 2 2 2 2 2 2 2 2 10 2 2 2 10
left_child=1 2 4 -4 -1 6 7 13 -8 10 -7 -2 -3 -5
right_child=11 12 3 5 -6 9 8 -9 -10 -11 -12 -13 -14 -15
leaf_value=-0.031838129969907869 0.01035599472921174 -0.015500807470739866 -0.025557139088487998 0.0053182923111009103 0.024139299343653525 0.015386496601995233 -0.015385654947958814 -0.02134781814687052 0.025093831573779816 0.03375645856340969 -0.044150882952131904 0.028181398729323147 0.02727762803174855 -0.040113313372933286
leaf_weight=92.767717298585922 557.30250196973793 72.309525122167543 601.22555102175102 766.24129051808268 1158.9967221142724 737.59093973552808 119.51858628354967 461.49779794272035 516.55059578176588 474.65756112127565 62.989415876101702 4429.3635557235684 1469.1811272981577 52.47443526238203
leaf_count=7150 3011 2418 22625 4007 4826 2889 863 3523 1209 1282 646 4039 3164 185
internal_value=0.017887 0.0115959 0.00741565 0.00326844 0.0199687 0.00870497 0.00166649 -0.00619564 0.0174754 0.019272 0.0106529 0.0261917 0.0252622 0.00236103
internal_weight=11572.7 6586 5044.51 3792.75 1251.76 3191.52 1916.28 1280.21 636.069 1275.24 800.58 4986.67 1541.49 818.716
internal_count=61837 54787 49205 37229 11976 14604 9787 7715 2072 4817 3535 7050 5582 4192
is_linear=0
shrinkage=0.03


Tree=70
num_leaves=15
num_cat=0
split_feature=22 34 19 38 38 22 32 23 39 38 34 10 9 40
split_gain=824.072 321.962 348.407 312.979 326.346 294.995 485.463 328.575 565.587 320.504 294.074 287.796 284.809 248.786
threshold=0.26403699054621771 0.079312967914438634 2.6819500000000005 510.00549073458336 474.94920017277781 0.1351521929824562 1.584549479166667 3.5015500000000004 243.99436038180559 430.19372457611115 0.070319355644355749 0.17501637426900093 0.64461821742991898 490.50000000000006
decision_type=2 2 2 10 8 2 2 2 10 10 2 2 2 10
left_child=1 2 -1 4 5 6 7 8 13 -8 -10 -3 -13 -4
right_child=-2 11 3 -5 -6 -7 9 -9 10 -11 -12 12 -14 -15
leaf_value=-0.018050385642604135 0.029271112767931266 0.017634765683527152 -0.0068215023653996109 -0.061971973685126941 0.030356317045311977 0.021964856806970676 -0.042136495118796052 0.023142735969386891 -0.038742021673556747 0.013141198073628782 0.015558344550887926 -0.03363233605676702 0.025738738585317063 0.020817506359174415
leaf_weight=294.46266594016925 3599.2064261902124 263.52216038061306 408.46851251018234 45.978188128210604 1146.3238281826489 2030.958560443949 269.42403726233169 1316.7094849701971 350.01428509573452 144.43121084757149 119.98165277182125 361.67583636078052 90.165486405137926 1033.1435636475217
leaf_count=9407 2192 2660 5842 249 1037 3705 3674 3893 6289 720 883 11514 883 9097
internal_value=0.0173798 0.0119422 0.0138594 0.0152305 0.01576 0.0128058 0.0076939 0.0116166 0.00366953 -0.02286 -0.0248765 -0.00723985 -0.0217541 0.0129869
internal_weight=11474.5 7875.26 7159.9 6865.43 6819.46 5673.13 3642.17 3228.32 1911.61 413.855 469.996 715.363 451.841 1441.61
internal_count=62045 59853 44796 35389 35140 34103 30398 26004 22111 4394 7172 15057 12397 14939
is_linear=0
shrinkage=0.03


Tree=71
num_leaves=15
num_cat=0
split_feature=21 12 42 18 33 38 16 28 10 38 40 21 17 29
split_gain=757.155 409.019 402.574 347.311 243.522 216.937 215.454 406.486 350.203 240.536 439.192 336.562 232.265 214.245
threshold=0.27549433083190294 2.1618041666666672 3.1250000000000004 0.2921792857142857 3.3306690738754701e-16 17.013318153750003 2.2400864583333338 0.98911250000000006 0.027699650349653288 467.42471986430559 102.50000000000001 0.24033039448872226 0.26426313340317775 1.0000000180025095e-35
decision_type=2 2 2 2 2 8 2 2 2 10 10 2 2 2
left_child=2 -2 4 5 13 -4 8 -8 -7 10 -9 -12 -13 -1
right_child=1 -3 3 -5 -6 6 7 9 -10 -11 11 12 -14 -15
leaf_value=-0.022943718666942663 -0.015994119754811846 0.030857499213545712 -0.039981364630543997 0.027847218785777027 -0.035331433852049642 0.014664248857383967 0.034672846743047624 -0.041325877030069479 -0.033826084971817695 0.023961390499687422 -0.026115235889793725 0.014776059719153724 -0.0064668103424684667 0.032620358373972237
leaf_weight=115.99048308166675 175.57044152263552 3492.0438848379999 73.844833700684831 1309.1147399991751 244.45473722391762 305.261026956141 693.34782748669386 162.71163356956095 237.4392787355464 904.19304179120809 230.17203966062516 2831.4996949385386 553.20950385881588 133.04555895971134
leaf_count=7846 3559 2307 934 731 16732 1535 688 1351 7372 764 2880 9768 3240 2291
internal_value=0.0173714 0.0286109 0.0120796 0.0138524 -0.0141233 0.0107906 0.0114308 0.0132495 -0.00657417 0.0100701 0.0067397 0.00891404 0.0113032 0.0067527
internal_weight=11461.9 3667.61 7794.28 7300.79 493.491 5991.68 5917.83 5375.13 542.7 4681.79 3777.59 3614.88 3384.71 249.036
internal_count=61998 5866 56132 29263 26869 28532 27598 18691 8907 18003 17239 15888 13008 10137
is_linear=0
shrinkage=0.03


Tree=72
num_leaves=15
num_cat=0
split_feature=22 18 42 34 6 23 11 7 29 37 23 10 22 34
split_gain=793.934 512.814 311.64 278.105 214.777 286.952 300.282 462.73 295.542 278.211 253.857 235.005 202.797 181.253
threshold=0.28306659090909164 0.3386263636363635 1.6250000000000002 0.098659077380952406 0.33709019138756202 3.0968000000000004 22.626200000000001 22.653900000000004 0.0080142207588838766 50.291666666666671 2.9014000000000002 0.45060683982684185 0.14272889860139878 0.084505964912281115
decision_type=2 2 2 2 2 2 2 2 2 10 2 2 2 2
left_child=1 2 -1 4 5 10 9 -8 13 12 -4 -12 -7 -9
right_child=-2 -3 3 -5 -6 6 7 8 -10 -11 11 -13 -14 -15
leaf_value=-0.027553096034176373 0.0295735470393487 0.029485716418697083 0.0062816433962535898 -0.036516685952236408 0.019947209044319063 -0.037202089621256547 -0.03961726990897306 0.012157221429483188 -0.04735770721425811 0.028478198978631949 -0.035603819435543443 0.030345032638659362 0.02218973276507348 -0.033293520182919208
leaf_weight=205.70234687486663 3242.6655291356146 1270.4550518644974 495.36423052661121 113.40113042108715 1669.4776061242446 109.5335975070484 192.5203500953503 2249.2543722079135 81.092933892738074 1116.4908846043982 333.50710737681948 56.115819245576859 96.371293090283871 80.897146690171212
leaf_count=23084 1929 744 6404 3499 5766 1568 2885 5394 618 2845 6106 153 177 1003
internal_value=0.0170371 0.0119968 0.0087253 0.00986101 0.0106781 0.00745817 0.0109362 0.00501992 0.00859882 0.0225728 -0.00796689 -0.0260521 -0.00943157 0.0105657
internal_weight=11312.8 8070.18 6799.73 6594.03 6480.63 4811.15 3926.16 2603.76 2411.24 1322.4 884.987 389.623 205.905 2330.15
internal_count=62175 60246 59502 36418 32919 27153 14490 9900 7015 4590 12663 6259 1745 6397
is_linear=0
shrinkage=0.03


Tree=73
num_leaves=15
num_cat=0
split_feature=21 42 9 38 38 19 39 40 21 16 11 11 4 30
split_gain=710.088 336.681 325.854 244.212 219.879 230.445 228.514 468.061 360.614 310.455 352.479 285.824 274.149 221.079
threshold=0.27430696563045792 2.8750000000000004 0.73463233992971111 17.013318153750003 467.42471986430559 2.6294000000000008 155.97277606763893 102.50000000000001 0.23850303404894771 2.2434291666666675 20.539000000000005 21.539300000000004 20.176378125000003 0.0051350649350646741
decision_type=2 2 2 8 8 2 10 10 2 2 2 2 2 2
left_child=1 -1 -2 -3 5 -5 9 -8 -9 10 -7 -12 -10 -14
right_child=2 3 -4 4 -6 6 7 8 12 -11 11 -13 13 -15
leaf_value=-0.013920798959573065 0.029786856451143755 -0.040756943773388135 -0.014946725465009808 -0.034920722547149313 0.024868302853423438 0.034882930627900467 -0.041433556386573846 -0.037122693143170779 -0.034258865214693388 0.032880498133305743 -0.036308117677374518 0.029395065634683925 0.0011376547411010825 0.017721551076846323
leaf_weight=435.71090984204784 3426.7495910362341 73.708126065321267 152.52352063194849 94.71689209761098 1312.3346988842823 188.67563788546249 161.02501910831779 137.0017385489773 110.09398767934181 909.9730993071571 208.40392818418331 82.431735441554338 966.14956526085734 2880.8552674024832
leaf_count=26044 2930 970 3150 2762 1308 282 1396 2273 1629 1100 5208 570 5030 7501
internal_value=0.0168695 0.0116558 0.027877 0.0132215 0.0137914 0.0112547 0.0120356 0.00858269 0.0105595 0.0225958 0.00305063 -0.0176489 0.0122193 0.013558
internal_weight=11140.4 7561.08 3579.27 7125.37 7051.66 5739.33 5644.61 4255.13 4094.1 1389.48 479.511 290.836 3957.1 3847
internal_count=62153 56073 6080 30029 29059 27751 24989 17829 16433 7160 6060 5778 14160 12531
is_linear=0
shrinkage=0.03


Tree=74
num_leaves=15
num_cat=0
split_feature=22 18 42 33 42 10 19 5 33 33 18 21 0 35
split_gain=760.893 485.166 258.736 244.293 469.733 267.025 258.971 238.174 297.18 195.305 192.463 242.056 167.822 164.227
threshold=0.28306659090909164 0.36276249999999982 1.3750000000000002 0.015448988954641918 6.8750000000000009 0.52048919511860414 2.6819500000000005 0.60223750362326667 0.019997691839178589 0.03210939306273438 0.025053974358973993 0.24309517532874805 20.023333333333337 0.87415000000000009
decision_type=2 2 2 2 2 2 2 2 2 2 2 2 2 2
left_child=1 2 -1 6 5 -5 -4 8 -6 -2 11 -10 -12 -11
right_child=9 -3 3 4 7 -7 -8 -9 10 13 12 -13 -14 -15
leaf_value=-0.026655797403444949 0.03134654831855492 0.030199758516115421 -0.036520811686795857 -0.025542286547759557 -0.022943751007532411 0.025378251651490342 0.017635306854019303 0.016610689324360235 0.021370122088169186 0.033226066177850205 -0.023645229003443548 -0.038417775447478375 0.021856556769805368 -0.0098256402088888039
leaf_weight=184.15410500345752 2800.9830917939544 1053.9810569686815 80.963823183439672 598.3725623767823 371.26826453558169 108.80754140275531 2708.2961036884226 1768.1498361779377 102.38444573525339 129.95627314224839 81.687699377536774 147.7817944092676 628.27971351426095 203.10047896951437
leaf_count=22316 1256 510 1678 15086 2843 543 7105 5293 491 36 960 2040 1272 684
internal_value=0.0162733 0.011273 0.00832685 0.00930743 0.00436353 -0.0176828 0.0160508 0.0093976 -0.00018691 0.0287646 0.00862751 -0.013961 0.0165953 0.00702199
internal_weight=10968.2 7834.13 6780.15 6595.99 3806.73 707.18 2789.26 3099.55 1331.4 3134.04 960.134 250.166 709.967 333.057
internal_count=62113 60137 59627 37311 28528 15629 8783 12899 7606 1976 4763 2531 2232 720
is_linear=0
shrinkage=0.03


Tree=75
num_leaves=15
num_cat=0
split_feature=22 18 34 42 38 28 37 19 19 11 12 38 33 42
split_gain=725.156 426.922 284.027 265.827 242.65 304.793 534.866 460.463 249.332 359.403 429.523 398.237 440.386 301.571
threshold=0.28306659090909164 0.36276249999999982 0.098659077380952406 1.1250000000000002 474.94920017277781 1.6027125000000004 93.791666666666686 3.9069500000000006 3.6295000000000006 22.626200000000001 2.6454875000000002 327.94343076333342 0.0055227023849223423 6.3750000000000009
decision_type=2 2 2 2 8 2 10 2 2 2 2 10 2 2
left_child=1 2 3 -1 5 8 7 -7 9 10 13 -11 -13 -5
right_child=-2 -3 -4 4 -6 6 -8 -9 -10 11 -12 12 -14 -15
leaf_value=-0.030783160867948967 0.028690994962460609 0.029879419498020379 -0.03619573131931364 -0.027033250911868398 0.023428782929278167 -0.041261412738321394 -0.047021195274335965 0.015483977360699012 0.032980207849240536 -0.02910317896471969 0.03284252866542435 -0.06088726191412705 0.019117846037473536 0.010971268871299591
leaf_weight=141.4726828658022 3125.5026738159359 1004.5787341278046 122.21921458374709 206.46367724379525 1110.8697048295289 157.74940126482397 227.62441060133278 679.08737541176379 437.9893931732513 410.26306639495306 818.62973743863404 69.44908962585032 511.50415905145928 1997.5516386441886
leaf_count=19872 1962 513 5352 9452 1312 1304 1841 1468 396 4954 598 396 1489 11254
internal_value=0.0164614 0.0116172 0.00895089 0.00977131 0.0106416 0.0080627 -0.00635402 0.00475061 0.0115105 0.00916007 0.0142996 -0.00651122 0.00946558 0.00740051
internal_weight=11021 7895.45 6890.87 6768.65 6627.18 5516.31 1064.46 836.837 4451.85 4013.86 3022.65 991.216 580.953 2204.02
internal_count=62163 60201 59688 54336 34464 33152 4613 2772 28539 28143 21304 6839 1885 20706
is_linear=0
shrinkage=0.03


Tree=76
num_leaves=15
num_cat=0
split_feature=21 12 18 30 28 23 20 11 17 11 23 37 39 20
split_gain=707.067 426.281 349.205 240.883 256.257 538.669 518.942 305.016 233.484 223.578 209.863 445.051 246.502 272.547
threshold=0.27549433083190294 2.1618041666666672 0.17921223776223652 0.01600000000000024 1.7626062500000004 5.2186000000000012 3.1741649305555559 23.528900000000004 0.19699617813854681 21.580050000000004 3.2672500000000002 71.291666666666686 337.83637828430562 2.8824916666666671
decision_type=2 2 2 2 2 2 2 2 2 2 2 8 10 2
left_child=2 -2 3 4 6 8 7 10 -6 -5 11 -1 -12 -14
right_child=1 -3 -4 9 5 -7 -8 -9 -10 -11 12 -13 13 -15
leaf_value=0.012214837513368821 -0.019845620131315619 0.029703964407791345 0.01952235526150722 0.014351890880621363 0.027947211418275691 0.02343040010207469 0.03520987759888234 -0.038674952644433505 -0.042592756697257803 -0.016159106083699734 0.025872969392912355 -0.031307230665677498 -0.038387576554662121 0.013264495683433889
leaf_weight=653.72639189660549 163.53153893002309 3233.5545687736012 2650.5141229713336 308.75691528432071 48.395902449265122 272.56405000993982 723.7424404588528 127.7621191481594 300.67302777641453 714.85092460969463 869.46738099190407 311.34577013924718 127.74228763929568 320.64824005495757
leaf_count=9300 3585 2286 6077 3723 86 373 984 1822 3344 7032 4181 15020 2695 1524
internal_value=0.0159767 0.0273136 0.0107905 0.0059452 0.00946057 -0.008125 0.0129497 0.00625486 -0.032761 -0.00695087 0.00878515 -0.00184386 0.0165643 -0.00150338
internal_weight=10827.3 3397.09 7430.19 4779.68 3756.07 621.633 3134.43 2410.69 349.069 1023.61 2282.93 965.072 1317.86 448.391
internal_count=62032 5871 56161 50084 39329 3803 35526 34542 3430 10755 32720 24320 8400 4219
is_linear=0
shrinkage=0.03


Tree=77
num_leaves=15
num_cat=0
split_feature=22 38 38 33 37 42 37 6 10 40 23 33 32 32
split_gain=777.877 308.145 366.432 288.254 278.53 247.983 232.153 222.265 186.213 183.822 338.105 300.06 485.584 241.985
threshold=0.2221715367965352 510.00549073458336 474.94920017277781 0.033815639877470376 149.04166666666669 3.1250000000000004 114.79166666666669 0.15699717194570231 -0.086657843137257343 739.50000000000011 3.2672500000000002 0.015448988954641918 1.1365024305555558 1.3835475694444446
decision_type=2 10 8 2 10 2 10 2 2 10 2 2 2 2
left_child=1 2 4 -2 5 8 -5 9 -1 11 -11 -7 -13 -12
right_child=3 -3 -4 6 -6 7 -8 -9 -10 10 13 12 -14 -15
leaf_value=0.016002440029338823 0.028673597103757779 -0.057209021385767202 0.02658155616703441 -0.04623088470310821 -0.034564732134068771 0.011922952609101081 0.015978151493174438 0.016008051222784078 -0.033210060145154416 -0.024482504204828691 0.036589677873729597 0.0063828628874865317 -0.03494001774915273 0.0032419341572563379
leaf_weight=100.40975206601433 3385.2108243764378 61.273700444959104 1001.46170714451 81.515731320250779 141.06713434541598 795.21939302096143 155.23869314603508 2504.0657186915632 218.14465941418894 166.81406571809202 458.24261432979256 556.69449349865317 472.31346577871591 341.8102727974765
leaf_count=4327 2344 401 1548 560 6230 2867 258 9166 20665 2540 452 5014 4524 1089
internal_value=0.0152022 0.00923102 0.00984196 0.0264359 0.00692478 0.00797334 -0.00554509 0.00952067 -0.0176965 0.00369679 0.0142648 -0.00190914 -0.0125998 0.0223642
internal_weight=10439.5 6817.52 6756.24 3621.97 5754.78 5613.71 236.754 5295.16 318.554 2791.09 966.867 1824.23 1029.01 800.053
internal_count=61985 58823 58422 3162 56874 50644 818 25652 24992 16486 4081 12405 9538 1541
is_linear=0
shrinkage=0.03


Tree=78
num_leaves=15
num_cat=0
split_feature=22 18 38 42 38 33 24 19 37 15 11 15 9 20
split_gain=726.39 461.169 255.06 310.34 255.433 222.872 212.784 468.896 445.713 315.516 500.144 315.332 300.743 341.585
threshold=0.28306659090909164 0.36276249999999982 474.94920017277781 3.6250000000000004 510.00549073458336 0.030083940717231413 1.6106458333333336 3.9069500000000006 93.791666666666686 3.3771500000000008 22.626200000000001 3.0211000000000001 0.61405854402036952 2.1827324652777782
decision_type=2 2 8 2 10 2 2 2 10 2 2 2 2 2
left_child=1 2 3 -1 -4 -2 9 -8 -9 10 11 12 -5 -14
right_child=5 -3 4 6 -6 -7 7 8 -10 -11 -12 -13 13 -15
leaf_value=-0.019735285729582618 0.031218294172181672 0.029622177817316186 0.025785364637787318 -0.0079984072393641768 -0.023011946396790019 0.0061508462585610716 -0.045001475932748822 0.015150999216121647 -0.047291689078228005 0.025836987764860361 -0.01920042324611098 0.026860209357240795 -0.035790185414945101 0.022188251843871368
leaf_weight=424.90041629550979 2498.3987834472209 967.44408871233463 959.4411806226708 907.71579565573484 106.56041261041537 366.58893710933626 212.27519517205656 648.30484950169921 121.26121041877195 878.71828959928825 597.38652382907458 802.53952265204862 101.3924609485548 861.95053914934397
leaf_count=29384 1145 496 1544 11084 458 791 1730 1294 878 1003 5194 1270 2444 3392
internal_value=0.0151452 0.0102844 0.00745541 0.00487461 0.0208905 0.0280141 0.0069158 -0.00563877 0.00526325 0.00988692 0.0055955 0.011141 0.00438792 0.0160552
internal_weight=10454.9 7589.89 6622.45 5556.44 1066 2864.99 5131.54 981.841 769.566 4149.7 3270.98 2673.6 1871.06 963.343
internal_count=62107 60171 59675 57673 2002 1936 28289 3902 2172 24387 23384 18190 16920 5836
is_linear=0
shrinkage=0.03


Tree=79
num_leaves=15
num_cat=0
split_feature=22 18 38 42 39 38 16 33 38 40 6 10 40 17
split_gain=696.773 456.355 282.249 280.511 215.051 184.623 305.921 175.327 214.923 175.951 169.101 162.718 147.097 122.203
threshold=0.31093901098901028 0.36276249999999982 474.94920017277781 3.1250000000000004 737.65323821972231 510.00549073458336 4.1001458333333343 0.030083940717231413 45.104813317361113 980.50000000000011 -0.016365714285713501 -0.086657843137257343 993.50000000000011 0.21186277454663621
decision_type=2 2 8 2 10 10 2 2 10 10 2 2 10 2
left_child=1 2 3 11 10 -4 -7 -2 9 -9 13 -1 -12 -5
right_child=7 -3 5 4 -6 6 -8 8 -10 -11 12 -13 -14 -15
leaf_value=0.011742759971732891 0.03126530773280204 0.028979595528796913 0.025506124351816855 0.01873665571671326 -0.053478484850171662 -0.055430996688633626 0.038085320825307384 -0.061771196359127645 0.023890764338617809 0.017908286416526122 0.011623115864095085 -0.032757938175291046 -0.034744782520914778 -0.0040386548245326115
leaf_weight=101.00435384549201 2203.2297501116991 996.93942863773555 974.21696396637708 246.62738144188188 52.655816073529422 68.457996686454862 56.649345397949219 58.598649645224214 226.96215771138668 42.270903084427118 3344.5841273507103 270.76015114644542 61.786360899219289 1473.9741336281877
leaf_count=4501 999 525 1573 1212 312 462 8 423 191 55 14688 23375 2162 11634
internal_value=0.0145788 0.010061 0.00722114 0.00446897 0.00627684 0.0211024 -0.01312 0.0282203 0.00772315 -0.0285323 0.00690086 -0.0206685 0.0107721 -0.000765103
internal_weight=10178.7 7647.66 6650.72 5551.39 5179.63 1099.32 125.107 2531.06 327.832 100.87 5126.97 371.765 3406.37 1720.6
internal_count=62120 60452 59927 57884 30008 2043 470 1668 669 478 29696 27876 16850 12846
is_linear=0
shrinkage=0.03


Tree=80
num_leaves=15
num_cat=0
split_feature=22 18 34 10 23 35 15 36 29 28 20 16 28 37
split_gain=717.187 367.035 235.47 270.244 260.901 343.025 393.37 307.969 306.51 254.087 388.532 306.259 389.135 250.643
threshold=0.26403699054621771 0.3386263636363635 0.076595764142977696 0.19810310150375632 3.0881000000000003 1.3144500000000001 3.3625500000000001 2.5000000000000004 0.0058565651574670101 1.7626062500000004 3.5456461805555564 3.2810250000000005 1.6027125000000004 123.79166666666669
decision_type=2 2 2 2 2 2 2 2 2 2 2 2 2 10
left_child=1 2 4 -4 8 -6 7 -7 -1 11 -11 12 -8 -12
right_child=-2 -3 3 -5 5 6 9 -9 -10 10 13 -13 -14 -15
leaf_value=-0.020482183924188133 0.027120966412111841 0.027076467790626096 0.010526956679850725 -0.024737552511457539 0.023549745989445415 -0.02991101344331246 0.020773566163305592 0.013732708268946915 0.012115700341130619 -0.050628249460944338 0.013876468693840455 0.035023557377775218 -0.024164974426639587 -0.047301130195054317
leaf_weight=523.69294371036813 2978.14306329377 941.39538105670363 364.26484595402144 420.26381114800461 1583.9269158621319 413.90371379395947 578.72480341186747 223.38171362900175 512.89855013950728 122.64734051725827 572.80049319169484 637.21436724392697 246.49808899732307 66.364159152843058
leaf_count=15077 2180 671 4034 12697 7472 7018 1344 1667 3746 1325 1748 581 1993 624
internal_value=0.0147386 0.00961948 0.00699311 -0.00837132 0.00919301 0.0123528 0.00614901 -0.0146154 -0.00435684 0.0121023 -0.0019456 0.0194164 0.0073372 0.00746046
internal_weight=10186.1 7207.98 6266.58 784.529 5482.05 4445.46 2861.53 637.285 1036.59 2224.25 761.812 1462.44 825.223 639.165
internal_count=62177 59997 59326 16731 42595 23772 16300 8685 18823 7615 3697 3918 3337 2372
is_linear=0
shrinkage=0.03


Tree=81
num_leaves=15
num_cat=0
split_feature=22 18 34 20 19 33 11 42 35 0 16 10 36 33
split_gain=689.409 397.818 264.661 275.925 243.888 212.387 182.05 172.255 177.468 261.13 211.49 267.48 189.072 154.994
threshold=0.28306659090909164 0.39881843137254913 0.08506717948717972 2.2349611111111116 2.6819500000000005 0.032379557512246117 21.539300000000004 0.87500000000000011 0.99365000000000014 20.124220833333339 2.2609322916666672 0.053904999999996768 4.5000000000000009 0.03487092071267444
decision_type=2 2 2 2 2 2 2 2 2 2 2 2 2 2
left_child=1 2 4 6 -1 -2 -4 -6 10 -10 11 -9 -11 -7
right_child=5 -3 3 -5 7 13 -8 8 9 12 -12 -13 -14 -15
leaf_value=-0.018546794375320436 0.030016523179348515 0.030264041515968572 -0.032367217937289583 -0.034982209328823587 -0.030394736892472577 0.021917676542023729 0.04143914462951246 0.021371471761196789 -0.029186379486829849 0.0099990211775338907 0.033938123362685799 -0.026742792803910228 -0.043485825587557911 -0.022689401670461323
leaf_weight=285.38598520867527 2392.4521718136966 733.08803870994598 43.527470960281789 258.32966427551582 93.462711349129677 160.29452192224562 92.230359104229137 351.3156028422527 163.42670796415769 4522.2769395054784 571.18057107413188 146.57954936753958 59.308773650787771 123.01070766337216
leaf_count=9995 1248 320 3616 7891 13729 154 480 1184 2532 16046 324 3459 619 546
internal_value=0.0140801 0.00931447 0.0069787 -0.0168311 0.00849631 0.0271091 0.0177113 0.00980564 0.010457 0.007966 0.0214953 0.0071815 0.00929732 0.00253767
internal_weight=9995.87 7320.11 6587.02 394.087 6192.94 2675.76 135.758 5907.55 5814.09 4745.01 1069.08 497.895 4581.59 283.305
internal_count=62143 60195 59875 11987 47888 1948 4096 37893 24164 19197 4967 4643 16665 700
is_linear=0
shrinkage=0.03


Tree=82
num_leaves=15
num_cat=0
split_feature=22 18 42 34 29 38 5 31 40 22 19 22 29 23
split_gain=654.599 403.532 248.802 304.172 206.706 166.605 225.506 314.883 286.494 220.916 208.412 175.158 250.685 241.592
threshold=0.31093901098901028 0.36276249999999982 3.8750000000000004 1.0000000180025095e-35 1.0000000180025095e-35 467.42471986430559 0.5933244818565 1.6104500000000004 459.50000000000006 0.20551937500000103 2.9941500000000008 0.09147583333333402 0.0017186363598795265 2.8882000000000003
decision_type=2 2 2 2 2 8 2 2 10 2 2 2 2 2
left_child=1 2 3 4 -1 6 7 8 9 -4 -10 -8 13 -13
right_child=-2 -3 5 -5 -6 -7 11 -9 10 -11 -12 12 -14 -15
leaf_value=-0.019724333037191028 0.027671610552103525 0.028314157281782774 -0.031038167743901241 -0.035645238455919229 0.028710320610957435 0.020052866728083665 0.0037195696975862477 -0.028033363229621303 -0.0093505704547004586 0.024741022500721441 0.017906716724598513 0.035891757753962909 0.022249523060160512 -0.038183719468387112
leaf_weight=137.89594788081013 2449.5049356780946 931.11583910230547 292.75375893642195 259.00200021010824 183.97530659707263 1024.6375817689113 1314.725919351913 324.28380147879943 340.55702336062677 80.857941688969731 969.20165822817944 56.892687109299004 1527.519637736259 124.99014727934264
leaf_count=10178 1712 541 4429 17174 3820 1236 8655 1971 5114 104 2765 230 2686 1494
internal_value=0.0141941 0.00982909 0.00723203 -0.011509 0.00796314 0.00903109 0.00678315 -0.0010115 0.00420753 -0.0189325 0.0108177 0.0119565 0.0182857 -0.0149435
internal_weight=10017.9 7568.41 6637.29 580.873 321.871 6056.42 5031.78 2007.65 1683.37 373.612 1309.76 3024.13 1709.4 181.883
internal_count=62109 60397 59856 31172 13998 28684 27448 14383 12412 4533 7879 13065 4410 1724
is_linear=0
shrinkage=0.03


Tree=83
num_leaves=15
num_cat=0
split_feature=22 33 38 42 37 30 10 17 22 37 11 37 38 37
split_gain=643.855 266.084 244.909 319.478 230.76 215.151 341.606 433.937 272.079 435.527 329.163 236.098 226.166 259.809
threshold=0.24942235294117623 0.033402720636703638 474.94920017277781 3.3750000000000004 114.04166666666669 0.0060000000000000626 0.040829861111107618 0.20764802599492277 0.11664333333333364 51.041666666666671 20.539000000000005 148.04166666666669 345.19920017277781 78.791666666666686
decision_type=2 2 8 2 10 2 2 2 2 10 2 10 10 10
left_child=2 -2 3 -1 -3 6 -5 -8 9 10 -7 -11 -10 -14
right_child=1 4 -4 5 -6 8 7 -9 12 11 -12 -13 13 -15
leaf_value=-0.021785996181544282 0.028526039930991315 -0.047631089349692041 0.021529370659852942 0.013344436355408129 0.015559263689120674 0.038944514070295783 0.026247758818312164 -0.029548514814304237 0.02351712608781031 0.014526313597387076 -0.029814824633349227 -0.033197431538687268 -0.049102969890520411 0.017174856232358687
leaf_weight=340.54150846577249 2626.2119777412154 75.383322996087372 1147.7207501721568 657.4572389961686 162.06375781446695 72.258155190385878 162.20302726421505 542.91841915762052 1696.7290872707963 1571.8431701220106 436.18514591222629 98.247650889214128 86.151127362623811 135.87478711083531
leaf_count=28416 1655 519 2024 2939 229 39 614 8526 2566 6108 5441 2293 543 244
internal_value=0.0138085 0.0257772 0.00887266 0.00636501 -0.00461767 0.00812451 -0.00220121 -0.0166944 0.0115581 0.00429966 -0.0199857 0.0117006 0.0197927 -0.00864731
internal_weight=9811.79 2863.66 6948.13 5800.41 237.447 5459.87 1362.58 705.121 4097.29 2178.53 508.443 1670.09 1918.76 222.026
internal_count=62156 2403 59753 57729 748 29313 12079 9140 17234 13881 5480 8401 3353 787
is_linear=0
shrinkage=0.03


Tree=84
num_leaves=15
num_cat=0
split_feature=21 12 18 34 38 6 38 21 29 17 28 17 23 33
split_gain=557.381 428.147 288.564 208.048 195.077 172.569 196.938 207.59 192.983 163.826 151.868 264.004 227.961 391.738
threshold=0.27549433083190294 2.2097791666666673 0.39881843137254913 0.1095806630546957 17.013318153750003 0.33164499999999303 474.94920017277781 0.2401446120512952 0.0059709452768648896 0.24831020469578488 1.6105031250000004 0.25499002849735747 3.0968000000000004 0.022592066604538684
decision_type=2 2 2 2 8 2 10 2 2 2 2 2 2 2
left_child=2 -2 3 4 -1 6 7 -6 10 -10 12 -12 13 -9
right_child=1 -3 -4 -5 5 -7 -8 8 9 -11 11 -13 -14 -15
leaf_value=-0.04029479941677451 -0.018750702371335838 0.028185773210831253 0.029774060318274453 -0.045556878928957475 -0.0216565730647891 0.016644136312476038 0.020228542269688732 -0.030220544843500011 0.0018686672814845992 -0.029399651798437634 0.0037580514739704524 -0.047207104185224433 0.016662645385889279 0.018686850249043496
leaf_weight=74.411134589929134 187.19010237324983 2535.5413754859474 548.86129200085998 65.798638958018273 290.76644107303582 1627.9343601821456 674.70954019855708 283.33400633069687 383.75168729340658 247.31511630793102 511.21176249021664 110.38060568389483 1775.9966282180976 305.0967010052409
leaf_count=1509 3913 1934 261 2547 7085 8824 918 10094 2992 3109 2792 1525 10447 4057
internal_value=0.0134611 0.0249532 0.00892307 0.00711661 0.00767523 0.00825637 0.00527368 0.00268713 0.0046495 -0.0104125 0.00783513 -0.00535348 0.0113031 -0.00487376
internal_weight=9622.3 2722.73 6899.57 6350.71 6284.91 6210.5 4582.56 3907.85 3617.09 631.067 2986.02 621.592 2364.43 588.431
internal_count=62007 5847 56160 55899 53352 51843 43019 42101 35016 6101 28915 4317 24598 14151
is_linear=0
shrinkage=0.03


Tree=85
num_leaves=15
num_cat=0
split_feature=22 18 38 24 13 19 16 39 12 38 5 5 16 4
split_gain=651.81 400.037 215.849 282.328 451.011 313.962 296.331 656.303 373.923 283.515 238.222 224.246 218.209 312.756
threshold=0.31093901098901028 0.3386263636363635 474.94920017277781 1.6106458333333336 0.22012896275200353 3.9069500000000006 2.9577270833333338 337.83637828430562 2.8158875000000001 212.66194274111115 0.61189846016748584 0.57423299114555093 2.2041437500000005 19.101556250000005
decision_type=2 2 8 2 2 2 2 10 2 10 2 2 2 2
left_child=1 2 3 6 5 -5 7 8 9 12 -11 -7 13 -1
right_child=-2 -3 -4 4 -6 11 -8 -9 -10 10 -12 -13 -14 -15
leaf_value=0.01184943113149357 0.02700309202067112 0.025980615932230163 0.018775683846227218 -0.042962310903414534 -0.034598702988728185 -0.036992786790319872 0.025300252424372331 -0.03837916950488772 0.031954240384868715 -0.038196648852730823 0.00236837110619965 0.023403979788556399 0.012959352889816251 -0.033984301812922613
leaf_weight=295.21239796490408 2293.4413067232817 1026.7543843407184 967.85589302890003 97.375262214103714 420.07777415122837 62.516829445026815 655.17229034239426 308.61193951102905 473.154466281645 245.81431917566806 275.7528479329776 432.2159304425586 1717.7913271321449 243.79247016715817
leaf_count=5254 1696 762 1997 1439 4592 704 1290 5084 622 5715 2832 1103 16070 12919
internal_value=0.0130727 0.00864586 0.00576925 0.00335801 -0.0108626 0.00600714 0.00677446 0.003359 0.00733109 0.00312778 -0.0167864 0.0157127 0.00773554 -0.00890576
internal_weight=9515.54 7222.1 6195.34 5227.49 1012.19 592.108 4215.3 3560.13 3251.52 2778.36 521.567 494.733 2256.8 539.005
internal_count=62079 60383 59621 57624 7838 3246 49786 48496 43412 42790 8547 1807 34243 18173
is_linear=0
shrinkage=0.03


Tree=86
num_leaves=15
num_cat=0
split_feature=22 33 18 12 33 9 10 34 9 42 8 35 24 36
split_gain=632.156 305.885 279.042 210.993 183.562 366.866 326.909 356.748 239.123 224.674 174.951 203.377 362.49 167.07
threshold=0.21086944444444444 0.029447043479488812 0.39881843137254913 2.5127375000000005 0.015448988954641918 0.62629348962862641 -0.034433461538468692 0.067799999999999624 0.62588362688072718 6.6250000000000009 19.482143055555557 1.18205 1.7379083333333334 2.5000000000000004
decision_type=2 2 2 2 2 2 2 2 2 2 2 2 2 2
left_child=2 -2 4 -3 8 6 -6 -8 -1 -9 -7 -12 -13 -11
right_child=1 3 -4 -5 5 10 7 9 -10 13 11 12 -14 -15
leaf_value=0.013362574862195919 0.027189005981942075 -0.047959387698975967 0.029078417484084604 0.0091567285644104171 0.025365507569846273 -0.034466904793837835 -0.027138881081516759 -0.031268345455739789 -0.029968539739667639 -0.0063895162208220183 0.029638048101788394 -0.025098422087117479 0.027247444633902662 0.019117013718618122
leaf_weight=2443.3573036328889 2771.3051803759299 69.309169972781092 482.64997899532318 337.24789550271817 249.55651058396325 60.930898054270074 747.17807624512352 175.98914044862613 119.33565478795208 490.28240538341925 564.39925187197514 220.61309029581025 256.30952660623007 435.61460114456713
leaf_count=18772 2270 575 238 827 642 2406 9532 11982 3017 3463 2306 4146 419 1571
internal_value=0.0127339 0.0236253 0.00718982 -0.000674116 0.00535211 0.000560916 -0.00679917 -0.0111516 0.0113339 -0.000295994 0.0145675 0.017467 0.00303164 0.00561843
internal_weight=9424.08 3177.86 6246.22 406.557 5763.57 3200.87 2098.62 1849.06 2562.69 1101.89 1102.25 1041.32 476.923 925.897
internal_count=62166 3672 58494 1402 58256 36467 27190 26548 21789 17016 9277 6871 4565 5034
is_linear=0
shrinkage=0.03


Tree=87
num_leaves=15
num_cat=0
split_feature=21 12 34 18 16 28 10 42 36 16 24 12 9 11
split_gain=553.029 343.393 257.931 225.971 172.215 424.689 336.046 206.537 400.302 193.113 190.491 163.969 438.518 170.757
threshold=0.27430696563045792 2.2042250000000005 0.097248809523809668 0.39881843137254913 2.2400864583333338 0.98911250000000006 0.027699650349653288 5.6250000000000009 1.0000000180025095e-35 3.3551468750000004 1.745641666666667 2.519741666666667 0.62193361702839989 22.626200000000001
decision_type=2 2 2 2 2 2 2 2 2 2 2 2 2 2
left_child=2 -2 3 4 6 -6 -1 8 9 -7 -11 12 -9 -13
right_child=1 -3 -4 -5 5 7 -8 11 -10 10 -12 13 -14 -15
leaf_value=0.011413480863315508 -0.013999988309303992 0.027331771503833837 -0.028217554515967632 0.029094075558141884 0.030895023762227095 -0.011933539515162973 -0.034726333090395044 -0.028332838797390715 -0.035944859666537647 0.039197149738711329 -0.029024766905970219 0.023645611226025799 0.022444614834846704 0.0077330845193817558
leaf_weight=341.85166836669669 194.17279787408188 2541.711038289126 167.90814399323426 481.67022608406842 718.49230467807502 211.79961467417888 241.66639170143753 337.4267537437845 288.37337345210835 203.95557718537748 44.138614728115499 790.86650315439329 278.51234882278368 2607.4109633457847
leaf_count=4211 3940 2153 5955 233 1388 7895 11945 3751 10131 251 1272 1327 829 6636
internal_value=0.0130271 0.0243943 0.00839223 0.00933543 0.00776157 0.00941112 -0.00772223 0.00616414 -0.00829798 0.0090782 0.0269919 0.00886134 -0.00537337 0.0114422
internal_weight=9449.96 2735.88 6714.07 6546.16 6064.49 5480.98 583.518 4762.48 748.267 459.894 248.094 4014.22 615.939 3398.28
internal_count=61917 6093 55824 49869 49636 33480 16156 32092 19549 9418 1523 12543 4580 7963
is_linear=0
shrinkage=0.03


Tree=88
num_leaves=15
num_cat=0
split_feature=22 42 33 33 21 6 33 22 30 23 7 5 36 38
split_gain=539.19 311.319 191.232 215.856 184.369 183.282 169.416 156.908 223.986 195.696 172.259 156.715 147.978 134.997
threshold=0.31093901098901028 3.1250000000000004 0.03158638923517014 0.03487092071267444 0.24623016429448333 0.075384107142853526 5.8823174815117559e-06 0.09147583333333402 0.0022999999999998807 2.8814500000000005 20.323200000000003 0.52171538071051238 2.5000000000000004 189.01004004597226
decision_type=2 2 2 2 2 2 2 2 2 2 2 2 2 8
left_child=1 4 -2 -4 -1 6 -3 10 9 -9 -8 13 -5 -12
right_child=2 5 3 12 -6 -7 7 8 -10 -11 11 -13 -14 -15
leaf_value=0.009822669336874746 0.029615374466536743 0.021036862781638788 0.023381843914489615 -0.061797262665239938 -0.030383931712552319 0.01495067335008657 0.022045711894334803 0.031111437408079059 0.013753528192090986 -0.028776304700536916 -0.03749076694871499 -0.018980766700444001 0.012186616709547942 0.027912070206555263
leaf_weight=163.16716537368484 1876.9219524823129 497.28121202019975 165.28896528668702 59.737549973651767 273.94036829494871 3926.6384140339214 151.17958693369292 61.912884909193963 1195.738355148118 224.2318020334933 35.45365299237892 679.69788579200394 40.118682760745287 128.51343992562033
leaf_count=9170 1041 1214 128 425 19670 14534 910 330 3054 2595 774 8122 93 371
internal_value=0.0130085 0.00914056 0.026248 0.00238902 -0.0153871 0.0106962 0.00507584 0.00186397 0.00804874 -0.0157552 -0.00734748 -0.0126344 -0.0322471 0.0136289
internal_weight=9479.82 7337.75 2142.07 265.145 437.108 6900.65 2974.01 2476.73 1481.88 286.145 994.845 843.665 99.8562 163.967
internal_count=62431 60744 1687 646 28840 31904 17370 16156 5979 2925 10177 9267 518 1145
is_linear=0
shrinkage=0.03


Tree=89
num_leaves=15
num_cat=0
split_feature=22 18 34 3 33 33 38 11 11 7 24 19 16 8
split_gain=606.029 382.133 263.574 248.386 188.538 198.738 186.793 227.942 267.345 224.238 228.966 364.631 288.787 542.353
threshold=0.31093901098901028 0.36276249999999982 0.085397222222221472 21.248450000000002 0.031859056680502443 0.03487092071267444 474.94920017277781 24.898850000000003 25.978700000000003 24.695000000000004 1.6106458333333336 3.9069500000000006 2.9577270833333338 21.315201562500004
decision_type=2 2 2 2 2 2 8 2 2 2 2 2 2 2
left_child=1 2 6 -4 -2 -6 7 9 -9 10 12 -12 13 -1
right_child=4 -3 3 -5 5 -7 -8 8 -10 -11 11 -13 -14 -15
leaf_value=0.0074369743263076812 0.029614153069267062 0.026992410699753954 0.0093087510593232933 -0.039858969402365496 0.022947257461224068 -0.031463278294878841 0.019360661497700823 -0.048594141784208143 0.014457027263116311 0.039505102547707685 -0.044322157766276196 0.0058967899617177588 0.0260429243765271 -0.036910966028946467
leaf_weight=3029.4523671597708 1848.8465800061822 833.16807108465582 160.55500799987931 216.06151029537432 155.88418414071202 97.259119737893343 916.47318489430472 149.3026926277671 100.70589011162519 173.21496588690206 209.66939465352334 339.83080958668143 624.36372254928574 269.33361744019203
leaf_count=34700 1036 522 5263 6711 128 515 1660 1771 344 92 2640 1808 1011 3888
internal_value=0.0121629 0.00793064 0.00536057 -0.0189292 0.0262912 0.00200087 0.00693743 0.00460841 -0.0232401 0.00611171 0.00480992 -0.0133106 0.00735074 0.00380604
internal_weight=9124.12 7022.13 6188.96 376.617 2101.99 253.143 5812.35 4895.87 250.009 4645.86 4472.65 549.5 3923.15 3298.79
internal_count=62089 60410 59888 11974 1679 643 47914 46254 2115 44139 44047 4448 39599 38588
is_linear=0
shrinkage=0.03


Tree=90
num_leaves=15
num_cat=0
split_feature=22 18 42 33 23 33 33 11 28 6 20 7 37 33
split_gain=578.996 374.475 190.2 399.525 240.407 160.269 150.922 253.323 134.384 129.448 222.997 223.53 231.098 117.924
threshold=0.31093901098901028 0.3386263636363635 6.1250000000000009 5.8823174815117559e-06 3.5291000000000001 0.032683770094241553 0.03487092071267444 26.157750000000004 1.7626062500000004 -0.2111598214285694 2.5270177083333336 22.298750000000002 96.041666666666686 0.028598972195307309
decision_type=2 2 2 2 2 2 2 2 2 2 2 2 10 2
left_child=1 2 3 4 -1 -2 -7 -8 -6 10 -4 -12 -13 -11
right_child=5 -3 9 -5 8 6 7 -9 -10 13 11 12 -14 -15
leaf_value=-0.032849829684631161 0.029037899778367075 0.025511984764475987 -0.032723873279944429 -0.021408451133006261 0.026045987375377177 0.024149469920283755 -0.059026541395182167 0.032674744365046048 -0.030797832426548308 0.010850455157155048 0.031589907728326289 0.0064149364802523054 -0.047682303974863602 -0.021663608860240418
leaf_weight=86.21199968480505 1860.5402424521744 959.18854524660856 178.22946250881068 645.44863010710105 443.09178133867681 139.8532297257334 66.834300490096211 44.329048626124859 40.042363606160507 4048.2404080347624 194.39462662488222 260.77371301501989 96.600919886957854 102.04530150187202
leaf_count=8547 1097 739 2649 27531 1852 109 495 16 971 14389 270 827 663 1848
internal_value=0.0122251 0.00809769 0.00535345 -0.00526534 0.013041 0.0260035 0.00348636 -0.0224932 0.0212809 0.0079972 -0.00364865 0.00578528 -0.00830018 0.010046
internal_weight=9165.82 7054.27 6095.08 1214.79 569.346 2111.56 251.017 111.163 483.134 4880.28 729.999 551.769 357.375 4150.29
internal_count=62003 60286 59547 38901 11370 1717 620 511 2823 20646 4409 1760 1490 16237
is_linear=0
shrinkage=0.03


Tree=91
num_leaves=15
num_cat=0
split_feature=21 42 33 12 18 38 37 10 21 42 38 21 11 11
split_gain=538.174 289.059 321.349 283.853 247.16 170.619 131.534 171.682 166.042 123.049 121.795 168.24 158.998 378.138
threshold=0.27891420667447819 4.1250000000000009 3.3306690738754701e-16 2.1618041666666672 0.39881843137254913 17.013318153750003 146.54166666666669 -0.056522794486215812 0.27140808737109529 0.87500000000000011 474.94920017277781 0.23850303404894771 24.898850000000003 25.978700000000003
decision_type=2 2 2 2 2 8 8 2 2 2 8 2 2 2
left_child=1 2 9 -2 5 -3 10 -8 -9 -1 11 -7 -13 -14
right_child=3 4 -4 -5 -6 6 7 8 -10 -11 -12 12 13 -15
leaf_value=-0.030069673535142186 -0.015162874656988281 -0.040550908004724377 -0.033923850031160586 0.027501802051693888 0.029810021818466512 -0.019166963730859347 0.021494252344738191 -0.037100394560366172 0.020975100702347808 0.018563154940827248 0.020525609043100562 0.010435433072571356 -0.054836537897945126 0.018979351162941152
leaf_weight=56.526460433611646 149.74905568035319 63.697111068991944 301.38566076708958 2105.0750483195297 503.83185943961143 199.03740737470798 111.3673412790522 185.37175908091012 57.403051841305569 251.77806206024252 787.25203290767968 4017.3971031475812 112.22780848294497 138.48083129152656
leaf_count=9271 3476 806 20011 1867 201 2513 223 3821 124 1200 761 17079 631 125
internal_value=0.0119678 0.00774641 -0.0119464 0.0246629 0.00969206 0.00790016 0.00845756 -0.00921942 -0.023339 0.00957812 0.0096505 0.0077298 0.00898829 -0.0141503
internal_weight=9040.58 6785.76 609.69 2254.82 6176.07 5672.23 5608.54 354.142 242.775 308.305 5254.4 4467.14 4268.11 250.709
internal_count=62109 56766 30482 5343 26284 26083 25277 4168 3945 10471 21109 20348 17835 756
is_linear=0
shrinkage=0.03


Tree=92
num_leaves=15
num_cat=0
split_feature=21 12 18 34 38 21 33 21 12 37 37 10 38 36
split_gain=510.625 337.262 232.14 228.45 253.002 305.403 215.617 189.124 168.985 130.308 124.6 112.246 155.274 164.296
threshold=0.27549433083190294 2.2042250000000005 0.058337802197802116 0.021736602870813849 64.350231493888899 0.24694580580556108 0.028352189862520975 0.26052447997354278 2.2339500000000005 54.041666666666671 146.04166666666669 0.36820476190475587 420.78197039833339 3.5000000000000004
decision_type=2 2 2 2 10 2 2 2 2 8 8 2 8 2
left_child=2 -2 3 7 9 -6 8 10 -4 -5 -1 12 13 -10
right_child=1 -3 6 4 5 -7 -8 -9 11 -11 -12 -13 -14 -15
leaf_value=0.015260320008127928 -0.016699848911968088 0.026471770903665471 -0.022809289888810275 0.017550875133931752 0.0024274651376635296 -0.030571046251947395 -0.034856472304424117 -0.046816851986000163 0.0031585735406712439 -0.024321786338115232 -0.041259873960444823 0.025416730166202373 0.022475641240941268 0.023135427465986562
leaf_weight=998.65462214569561 175.17529893829487 2205.7885326198302 115.91338019538671 396.59221700485796 453.34607838827651 568.15149666101206 86.747727740672417 48.401744773378596 1769.2527808808954 79.508938350947574 35.44061494874768 626.19204052723944 839.37017125240527 467.82014959631488
leaf_count=9952 3844 1983 4052 2953 6769 11303 2218 1498 10559 2759 539 1369 1128 1029
internal_value=0.0114103 0.0232898 0.00704607 6.27651e-05 -0.00752481 -0.0159381 0.0116585 0.0105572 0.0127241 0.0105218 0.0132853 0.0138423 0.0114789 0.00734463
internal_weight=8866.36 2380.96 6485.39 2580.1 1497.6 1021.5 3905.3 1082.5 3818.55 476.101 1034.1 3702.64 3076.44 2237.07
internal_count=61955 5827 56128 35773 23784 18072 20355 11989 18137 5712 10491 14085 12716 11588
is_linear=0
shrinkage=0.03


Tree=93
num_leaves=15
num_cat=0
split_feature=18 42 30 38 6 18 12 27 34 40 23 37 7 37
split_gain=458.428 240.935 195.831 168.255 142.959 188.499 138.352 238.325 231.733 179.561 158.587 144.449 142.981 132.311
threshold=0.27127855392156852 0.87500000000000011 0.013064642857143 17.013318153750003 0.2936926066580447 0.048292499999999731 2.2537541666666674 1.0318000000000003 0.1095806630546957 231.50000000000003 2.7307500000000005 2.291666666666667 20.271350000000002 80.291666666666686
decision_type=2 2 2 10 2 2 2 2 2 10 2 8 2 10
left_child=1 -1 6 -4 5 -5 10 -8 9 11 -3 -9 -12 -11
right_child=-2 2 3 4 -6 -7 7 8 -10 13 12 -13 -14 -15
leaf_value=-0.031249047316191665 0.024070053700726735 0.026211879608151134 -0.043219641111067776 -0.018960427576384428 0.01355139334740676 0.0049267592427170289 0.028154127292778323 0.011167765248402826 -0.054831680791613172 0.020239880469471193 0.014787678452810782 -0.033244766594890236 -0.027975683613202233 0.0074287690367049056
leaf_weight=136.68282675242517 2099.0706745800562 117.00094329286367 72.329542933264747 438.10782234044746 745.8402340724133 919.89595964807086 859.8553738235496 123.87641489040107 47.340998009778559 1381.4221487396862 102.37485769914929 138.9235941816587 220.50457595707849 1530.8818847369403
leaf_count=20692 2184 850 1237 6199 3442 4442 1401 408 1077 3794 1073 1747 7045 6494
internal_value=0.0118099 0.00804183 0.00884812 0.00145271 0.00300834 -0.00278781 0.0124058 0.014128 0.0103778 0.011367 -0.00357249 -0.012347 -0.014413 0.0135105
internal_weight=8934.11 6835.04 6698.35 2176.17 2103.84 1358 4522.18 4082.3 3222.45 3175.1 439.88 262.8 322.879 2912.3
internal_count=62085 59901 39209 15320 14083 10641 23889 14921 13520 12443 8968 2155 8118 10288
is_linear=0
shrinkage=0.03


Tree=94
num_leaves=15
num_cat=0
split_feature=22 33 38 39 12 38 12 39 33 21 39 8 22 21
split_gain=577.633 308.093 238.655 401.062 347.692 247.336 275.276 284.613 254.39 216.602 211.614 234.641 280.152 198.161
threshold=0.16657500000000616 0.03487092071267444 411.92116080722229 337.83637828430562 2.8158875000000001 214.61629482694448 2.3826125 246.0863782843056 0.020527237555443684 0.2494608645710335 421.24436038180562 21.675679687500004 0.13785679487179342 0.26950644151414466
decision_type=2 2 8 10 2 10 2 10 2 2 10 2 2 2
left_child=2 13 3 4 5 6 -1 -8 -7 -10 -5 -12 -13 -2
right_child=1 -3 -4 10 -6 8 7 -9 9 -11 11 12 -14 -15
leaf_value=-0.004683482345435204 0.01255051109775128 -0.025483130106435221 0.015597567142901119 -0.041489569448970205 0.030373327216809565 -0.03934139127316863 0.024182292742982354 -0.018372609403416468 0.027019307921716078 -0.038936414627896439 0.026769374383845006 -0.040665222779607837 0.0086937470932528568 0.027407390699392437
leaf_weight=1078.2077599103795 1278.7065152216237 126.88422994711436 1316.4701426106039 242.23749689979013 440.85539156454615 243.26304305205122 845.37799750780687 169.06274830480106 139.44309487030841 64.829801513697021 132.59271275182255 233.47597981896251 184.72946083568968 2207.1307293984573
leaf_count=27882 4078 935 3444 5301 560 5218 3432 2339 1292 1524 241 3460 668 1751
internal_value=0.011117 0.0202897 0.00460455 0.000766852 0.00581175 0.00153876 0.00586938 0.0170791 -0.0186789 0.00599932 -0.0181805 -0.0078727 -0.0188937 0.0219626
internal_weight=8703.27 3612.72 5090.55 3774.08 2981.04 2540.18 2092.65 1014.44 447.536 204.273 793.036 550.798 418.205 3485.84
internal_count=62125 6764 55361 51917 42247 41687 33653 5771 8034 2816 9670 4369 4128 5829
is_linear=0
shrinkage=0.03


Tree=95
num_leaves=15
num_cat=0
split_feature=22 18 38 42 36 38 39 39 33 5 21 29 39 22
split_gain=522.083 321.878 214.887 239.467 316.889 201.789 225.81 505.782 189.688 170.882 198.35 184.521 202.779 183.842
threshold=0.28306659090909164 0.36276249999999982 474.94920017277781 6.3750000000000009 1.0000000180025095e-35 493.25401706083341 580.03439253722229 498.0167850366667 0.032683770094241553 0.60414911318401787 0.24033039448872226 0.0017783590061708559 154.10047265972227 0.09147583333333402
decision_type=2 2 8 2 2 8 8 10 2 2 2 2 10 2
left_child=1 2 3 4 -1 -4 7 -7 -2 10 -5 12 -11 -13
right_child=8 -3 5 9 -6 6 -8 -9 -10 11 -12 13 -14 -15
leaf_value=0.0042593071584868178 0.027673848546774092 0.025692983761054399 0.031346535448113749 -0.038613066770786159 -0.030321019441729775 0.025487106735755612 0.019647561337762944 -0.075058973478787386 -0.001234486578730381 0.013671645422860298 0.0011937843664149969 0.002771356331051814 -0.042571487708982766 0.021766083417831268
leaf_weight=526.89295795350336 1779.8980089072138 728.9901734823361 477.80250661820173 119.59338956745341 434.42375729151536 93.03836559318006 300.78372891386971 85.583729833597317 230.66072103194892 115.25453551020473 1711.2044449220411 768.00999773317017 113.78686869959347 1138.4494074028917
leaf_count=16407 1229 520 440 1737 22288 63 940 569 698 845 9547 3972 1186 1674
internal_value=0.0109745 0.00690275 0.00457112 0.00204292 -0.011383 0.0175703 0.00380344 -0.0228375 0.0243584 0.00529903 -0.00142618 0.0110626 -0.0143333 0.0141196
internal_weight=8624.37 6613.81 5884.82 4927.62 961.317 957.208 479.406 178.622 2010.56 3966.3 1830.8 2135.5 229.041 1906.46
internal_count=62115 60188 59668 57656 38695 2012 1572 632 1927 18961 11284 7677 2031 5646
is_linear=0
shrinkage=0.03


Tree=96
num_leaves=15
num_cat=0
split_feature=21 12 33 36 42 21 6 29 8 39 6 19 37 33
split_gain=460.984 311.41 263.163 218.82 193.249 202.959 131.203 146.512 177.898 198.683 139.021 137.282 336.271 189.221
threshold=0.28191973142533372 2.4896375000000002 0.030083940717231413 1.0000000180025095e-35 3.1250000000000004 0.24623016429448333 0.33164499999999303 0.0059709452768648896 18.932050520833332 580.03439253722229 -0.048512155388469681 2.9986500000000005 54.791666666666671 0.022843231851019465
decision_type=2 2 2 2 2 2 2 2 2 8 2 2 8 2
left_child=2 3 4 -2 5 -1 7 11 -9 10 -10 12 13 -6
right_child=1 -3 -4 -5 6 -7 -8 8 9 -11 -12 -13 -14 -15
leaf_value=0.012028172841093088 0.016376173242008515 0.028248182352509536 -0.036276656715610971 -0.041695367919100855 -0.0096577782698398611 -0.032353324281368445 0.016353047865104241 0.035233364608549464 -0.040215888493298012 0.016891224941364066 -0.0082249134967668155 0.012073759873962088 -0.032263934176133748 0.027966281474982101
leaf_weight=164.48769716161769 135.95690025598742 1706.5194805860519 122.14887484360952 100.87505334219895 212.55911108921282 210.38128200429492 1701.1186244935961 89.040516781620681 177.66147770779207 192.73037741053849 389.53209274809342 2921.8638760005124 231.3492057712283 274.99771710298955
leaf_count=8686 899 1201 4146 3035 2286 16519 5095 50 2205 381 2768 8262 5311 1304
internal_value=0.0109179 0.0237763 0.00717853 -0.00842985 0.00799237 -0.0128991 0.00925927 0.00656846 -0.00465002 -0.00936333 -0.0182986 0.00918498 -0.00255641 0.0115772
internal_weight=8631.22 1943.35 6687.87 236.832 6565.72 374.869 6190.85 4489.73 848.964 759.924 567.194 3640.77 718.906 487.557
internal_count=62148 5135 57013 3934 52867 25205 27662 22567 5404 5354 4973 17163 8901 3590
is_linear=0
shrinkage=0.03


Tree=97
num_leaves=15
num_cat=0
split_feature=22 18 33 23 35 39 11 38 9 38 10 30 37 33
split_gain=512.318 316.849 192.492 182.752 351.53 364.911 317.327 304.541 278.639 272.681 262.926 198.356 172.875 159.479
threshold=0.28306659090909164 0.36276249999999982 0.033041225407486878 3.0881000000000003 1.2425500000000003 302.42198755208341 20.539000000000005 216.56658364569446 0.60428414827892196 133.76004004597226 0.28271280906593632 0.025110271132376499 114.04166666666669 0.022294853719797014
decision_type=2 2 2 2 2 8 2 10 2 8 2 2 10 2
left_child=1 3 -2 6 7 -6 -1 -5 -8 -10 11 -7 -4 -12
right_child=2 -3 12 4 5 10 8 -9 9 -11 13 -13 -14 -15
leaf_value=0.028245413063264568 0.02709874262663917 0.025654205441561672 -0.04084201665125782 0.024643367152051222 -0.037776894131039795 0.0091724528132169098 -0.036284047894169232 -0.038280902391866413 -0.028706244236037494 0.011751184821943773 -0.0042867463210700726 -0.036086182728350374 0.016471071476371307 -0.042534842678135155
leaf_weight=196.4295882997103 1752.343636251986 683.48262691870332 71.651726077310741 1120.36096632923 196.05576351378113 2675.4348339692224 321.69250782195013 72.901342294528149 228.39878536085598 431.85598365147598 287.9080606950447 89.118152310373262 135.12384663522243 148.03679112158716
leaf_count=915 1275 500 475 5400 6480 13139 13248 1741 9111 3865 1710 755 192 3148
internal_value=0.0104375 0.00635547 0.0238701 0.00406468 0.00677018 0.00184708 -0.00647013 0.0207702 -0.0134363 -0.00226631 0.00428541 0.00770097 -0.00349 -0.0173425
internal_weight=8410.79 6451.68 1959.12 5768.19 4589.82 3396.55 1178.38 1193.26 981.947 660.255 3200.5 2764.55 206.776 435.945
internal_count=61954 60012 1942 59512 32373 25232 27139 7141 26224 12976 18752 13894 667 4858
is_linear=0
shrinkage=0.03


Tree=98
num_leaves=15
num_cat=0
split_feature=21 12 18 38 11 40 39 39 42 39 39 23 11 28
split_gain=461.829 303.793 238.331 218.586 281.035 265.232 202.431 667.649 182.736 155.479 162.506 161.319 535.861 163.016
threshold=0.28191973142533372 2.2042250000000005 0.39881843137254913 474.94920017277781 24.898850000000003 715.50000000000011 498.0167850366667 580.03439253722229 2.8750000000000004 591.0721576904167 542.73208670847237 3.9186000000000005 23.528900000000004 1.7446625000000002
decision_type=2 2 2 8 2 10 8 8 2 8 10 2 2 2
left_child=2 -2 3 4 8 -6 -5 -8 -1 10 11 12 -10 -13
right_child=1 -3 -4 6 5 -7 7 -9 9 -11 -12 13 -14 -15
leaf_value=-0.021408257586378574 -0.016770990681096019 0.027141496377510527 0.026882308987556083 0.031276173780699079 -0.054401881281207015 0.004090877106287345 -0.072211312712108552 0.020284851062168381 0.0052910679810516583 0.027312123376389948 -0.043776035046341748 0.031418904149209691 -0.045374680609619786 -0.0055622082211487234
leaf_weight=238.92805157601833 154.00161993550137 1702.6833389040548 478.88226694986224 497.69425905961543 146.93648301134817 131.7954313417431 84.248058286728337 397.82000836008228 3489.8423935964238 274.2403475814499 62.017646867781878 361.85677905241027 197.5626508067362 151.92665017349645
leaf_count=24470 3732 1405 296 448 1506 569 568 1007 24452 421 527 232 1799 646
internal_value=0.010297 0.0234921 0.00653283 0.00491386 0.00239869 -0.0268284 0.0178753 0.00400385 0.00410954 0.00545765 0.00404574 0.00476193 0.00256495 0.020494
internal_weight=8370.44 1856.68 6513.75 6034.87 5055.11 278.732 979.762 482.068 4776.37 4537.45 4263.21 4201.19 3687.41 513.783
internal_count=62078 5137 56941 56645 54622 2075 2023 1575 52547 28077 27656 27129 26251 878
is_linear=0
shrinkage=0.03


Tree=99
num_leaves=15
num_cat=0
split_feature=22 18 42 38 11 5 38 19 11 8 30 18 42 34
split_gain=471.505 296.568 300.118 229.327 447.806 252.065 315.375 276.198 233.108 227.975 195.41 252.134 148.978 141.789
threshold=0.15738295454545745 0.14538230769230762 4.3750000000000009 411.92116080722229 23.198400000000003 0.60286901975687746 196.06658364569446 2.9941500000000008 22.626200000000001 18.932050520833332 0.012266666666666577 0.14538230769230762 4.6250000000000009 0.060534910714285496
decision_type=2 2 2 8 2 2 10 2 2 2 2 2 2 2
left_child=3 2 -2 4 5 6 7 9 -9 -1 -5 -12 -7 -6
right_child=1 -3 -4 10 13 12 -8 8 -10 -11 11 -13 -14 -15
leaf_value=0.027520098465063345 -0.027176299868236515 0.025948259882428673 0.013439208263273073 0.021450293485290373 -0.039177437865011044 -0.024298897772690488 -0.032831637965544384 0.024885660905556758 -0.038757273227667623 -0.022128704137339143 -0.043561658955106088 0.01470624403011128 0.014661623158047556 -0.0081652518373394548
leaf_weight=102.10633270803373 186.69713190454058 2039.3805279430235 1284.3150855961721 975.82607020088471 291.23891932156403 92.700026984559372 286.58529040869325 471.54219883971382 57.272847850690596 432.65587084088475 104.72703292267397 180.79977951687761 1572.5203331828816 244.22156165353954
leaf_count=479 3042 1986 2759 2386 5839 9931 6871 1870 1159 14542 749 247 7354 2826
internal_value=0.0101856 0.0185445 0.00826943 0.00408536 0.000180884 0.00467246 -0.00495841 0.00257594 0.0179327 -0.0126152 0.015068 -0.00674301 0.0124795 -0.0250745
internal_weight=8322.59 3510.39 1471.01 4812.2 3550.84 3015.38 1350.16 1063.58 528.815 534.762 1261.35 285.527 1665.22 535.46
internal_count=62040 7787 5801 54253 50871 42206 24921 18050 3029 15021 3382 996 17285 8665
is_linear=0
shrinkage=0.03


Tree=100
num_leaves=15
num_cat=0
split_feature=22 18 35 16 32 11 40 23 39 16 20 29 5 38
split_gain=468.737 297.502 182.018 465.057 376.365 307.094 296.742 202.748 293.992 397.412 277.195 256.302 213.858 214.918
threshold=0.31093901098901028 0.39881843137254913 1.7793000000000003 3.2810250000000005 1.8754604166666666 23.528900000000004 36.500000000000007 3.5015500000000004 332.37446093916674 2.9577270833333338 2.6744470486111114 0.0019522133892239857 0.60223750362326667 197.85826796250004
decision_type=2 2 2 2 2 2 10 2 10 2 2 2 2 8
left_child=1 2 3 5 -4 7 -7 10 -9 -10 11 -1 13 -13
right_child=-2 -3 4 -5 -6 6 -8 8 9 -11 -12 12 -14 -15
leaf_value=-0.017268402643227741 0.02420477879305306 0.027190334186434156 -0.0515892574610212 0.03073731977767992 0.00077451691589387555 0.030001686717422427 -0.039063436026685466 0.029315862687042629 -0.032155392295788038 0.017940348441437264 -0.038603610685260997 0.0032849565694917948 0.014987962126318772 -0.033785917211989945
leaf_weight=452.98133189033251 1703.342649852857 572.70447810553014 147.22922589245718 636.07333850278519 741.3599936729297 70.361873107030988 261.60553748602979 664.42202312871814 216.20076648006216 413.52153487410396 148.95487434428651 729.09447032213211 1351.0581814297475 173.38170702499337
leaf_count=19920 1712 339 2505 836 3482 79 3888 2149 2578 1295 3314 8624 8593 2854
internal_value=0.0101829 0.00654939 0.00457704 0.00675323 -0.00794981 0.00334306 -0.0243787 0.00556613 0.0154113 0.000717408 0.00110029 0.00329887 0.00743891 -0.00386653
internal_weight=8282.29 6578.95 6006.24 5117.66 888.589 4481.58 331.967 4149.61 1294.14 629.722 2855.47 2706.52 2253.53 902.476
internal_count=62168 60456 60117 54130 5987 53294 3967 49327 6022 3873 43305 39991 20071 11478
is_linear=0
shrinkage=0.03


Tree=101
num_leaves=15
num_cat=0
split_feature=22 18 42 33 21 33 11 6 23 23 11 38 7 40
split_gain=451.386 294.008 209.089 162.353 158.883 113.488 213.138 110.53 161.276 259.672 249.341 484.485 225.505 225.097
threshold=0.31093901098901028 0.39881843137254913 3.3750000000000004 0.032379557512246117 0.25069019057895642 0.03487092071267444 26.157750000000004 0.33709019138756202 3.0968000000000004 2.8814500000000005 22.626200000000001 261.76583657152781 22.653900000000004 490.50000000000006
decision_type=2 2 2 2 2 2 2 2 2 2 2 10 2 10
left_child=1 2 4 -2 -1 -5 -7 8 9 -4 13 -12 -13 -10
right_child=3 -3 7 5 -6 6 -8 -9 10 -11 11 12 -14 -15
leaf_value=0.00093672089097487183 0.02753370754392552 0.027232602014955542 0.0077114982178295701 0.020174714440639431 -0.037659923331395243 -0.057475829697762715 0.03159486739537707 0.013388510295268132 -0.0092591014762312442 -0.025424592558572465 -0.024675283851224989 -0.042145603581438804 0.010956689492289123 0.024470104601338812
leaf_weight=211.68528716033325 1491.331308145076 573.38262181356549 451.91809864237439 112.23429507389665 174.55543378996663 62.15605544578284 38.358994510024786 1443.8468284254195 219.52781199547462 400.75431700004265 513.47587944427505 74.369729638332501 1609.1057240534574 931.77738467045128
leaf_count=13903 1086 347 5476 110 15506 509 19 5342 1777 6407 4312 867 4020 2466
internal_value=0.0102766 0.00672264 0.00476852 0.0240384 -0.0165586 -0.00047689 -0.0235079 0.00623049 0.0037677 -0.00787394 0.00673384 0.000805335 0.0085872 0.0180363
internal_weight=8308.48 6604.4 6031.02 1704.08 386.241 212.749 100.515 5644.78 4200.93 852.672 3348.26 2196.95 1683.48 1151.31
internal_count=62147 60423 60076 1724 29409 638 528 30667 25325 11883 13442 9199 4887 4243
is_linear=0
shrinkage=0.03


Tree=102
num_leaves=15
num_cat=0
split_feature=22 42 33 38 34 22 30 39 15 7 11 20 37 29
split_gain=418 255.854 173.575 161.127 156.264 132.326 306.763 196.623 347.753 311.463 250.271 306.451 302.987 367.047
threshold=0.31093901098901028 1.8750000000000002 0.030083940717231413 45.104813317361113 0.10335075757575812 0.15738295454545745 0.0061747252747253204 498.0167850366667 3.7113 24.378200000000003 22.626200000000001 2.5143335069444448 57.041666666666671 0.0058283356562383714
decision_type=2 2 2 10 2 2 2 10 2 2 2 2 8 2
left_child=1 -1 -2 -4 5 7 -7 8 10 -9 11 12 -3 -14
right_child=2 4 3 -5 -6 6 -8 9 -10 -11 -12 -13 13 -15
leaf_value=-0.028674110893908502 0.027801193448964062 0.011108019458964896 -0.033075229741492906 0.01804204350464619 -0.038157039728401863 -0.01682251232246559 0.020206444045350724 -0.054279536136783886 0.028455425996910793 0.0025212920581410077 -0.0090119627434828899 0.025259063996907645 -0.035789525157858534 0.0093537066326212313
leaf_weight=182.38729594042525 1323.3785295560956 1184.5525176869705 84.325970839709044 157.75574222207069 66.430246982490644 233.51864943117835 1431.1555871532764 123.53109743399546 587.14734334917739 287.12686831364408 1017.9265167382546 712.7048990256153 340.73078497673851 307.74227379495278
leaf_count=24088 980 8193 492 183 2467 1512 1967 1031 473 866 7362 1317 8281 2676
internal_value=0.00962494 0.00625958 0.0235317 0.000173201 0.00727651 0.00776732 0.0150051 0.00512324 0.00708309 -0.0146555 0.0035548 0.00858126 0.00208647 -0.0143847
internal_weight=8040.41 6474.95 1565.46 242.082 6292.57 6226.14 1664.67 4561.46 4150.8 410.658 3563.66 2545.73 1833.03 648.473
internal_count=61888 60233 1655 675 36145 33678 3479 30199 28302 1897 27829 20467 19150 10957
is_linear=0
shrinkage=0.03


Tree=103
num_leaves=15
num_cat=0
split_feature=18 22 42 39 39 30 33 42 25 22 18 29 5 21
split_gain=463.167 264.265 175.122 147.397 154.136 124.452 123.953 248.52 135.008 124.425 206.62 160.994 189.513 246.157
threshold=0.26280820512820546 0.35467571428571454 2.6250000000000004 104.35902305791669 31.125288423750003 0.006317894736842143 5.8823174815117559e-06 6.8750000000000009 0.00085715939137492858 0.068327666451196575 -0.15057380952380803 0.012654686461827222 0.47422250457362336 0.24743028998291355
decision_type=2 2 2 10 10 2 2 2 2 2 2 2 2 2
left_child=1 2 -1 4 -3 -2 -4 8 -8 11 -11 12 -9 -14
right_child=5 3 6 -5 -6 -7 7 9 -10 10 -12 -13 13 -15
leaf_value=-0.023434002959083985 -0.0031819978936531062 -0.033971090960082141 0.01532055690587922 0.026318616929912903 0.028106901788596077 0.024132464924270805 -0.03282922284060099 0.032796498279904711 -0.0038250682886573888 -0.042828000342661626 0.010135961597746825 0.031804911201081414 0.0037138627118167363 -0.02502770726705111
leaf_weight=228.60098586510867 164.12330443086103 81.737270753830671 672.70488490839489 679.57224307581782 62.760883867740631 1732.465363932075 258.24078420933802 100.90005613444373 326.84609304997139 67.339950796682388 2239.5586665410083 107.97255117632449 561.00424559949897 512.41603827453218
leaf_count=26097 841 505 2206 608 49 1590 8170 265 5011 759 6668 85 3604 5545
internal_value=0.00887566 0.004728 0.00216782 0.0204748 -0.00700046 0.0217683 0.00337988 0.00145237 -0.0166609 0.00440889 0.00857202 -0.0030816 -0.00631356 -0.010017
internal_weight=7796.24 5899.65 5075.58 824.07 144.498 1896.59 4846.98 4174.28 585.087 3589.19 2306.9 1282.29 1174.32 1073.42
internal_count=62003 59572 58410 1162 554 2431 32313 30107 13181 16926 7427 9499 9414 9149
is_linear=0
shrinkage=0.03


Tree=104
num_leaves=15
num_cat=0
split_feature=22 34 23 23 39 23 19 38 23 38 38 8 12 37
split_gain=457.628 258.864 319.227 277.539 292.4 375.858 221.029 215.679 212.5 198.845 236.929 330.556 182.633 157.425
threshold=0.31093901098901028 0.076852277432711766 2.8814500000000005 3.0881000000000003 246.0863782843056 3.2672500000000002 2.9570000000000003 216.56658364569446 2.9014000000000002 261.76583657152781 121.06470357666667 23.880229513888892 2.1618041666666672 28.541666666666671
decision_type=2 2 2 2 10 2 2 10 2 10 10 2 2 10
left_child=1 3 -3 6 7 -6 8 12 -1 10 13 -12 -5 -7
right_child=-2 2 -4 4 5 9 -8 -9 -10 -11 11 -13 -14 -15
leaf_value=-0.0035354770977037786 0.023633954451366849 0.021711357482015151 -0.022556782237420872 -0.019775311614769756 -0.040328277015500499 -0.045605750725886976 0.014928846022715405 -0.039445677100586614 -0.038242639833090467 0.013068823885182133 -0.041384006793213385 0.034742038407884639 0.028216155772300786 0.013121800382373656
leaf_weight=454.22416662820615 1600.3728454243392 198.51578740973491 552.72307486983482 75.229446862125769 148.04221421154216 43.947277415776625 304.19073974515777 47.120666291797534 243.27723355952185 2253.5552117406623 239.19118939468171 64.466531753540039 1190.3787133959122 479.05189076752868
leaf_count=10129 1705 4132 12950 3128 2502 418 2026 1187 6983 8551 3043 14 3143 2369
internal_value=0.00931457 0.00567035 -0.0108456 0.00791043 0.011063 0.00620497 -0.00637793 0.022996 -0.0156782 0.00845383 -0.00412773 -0.0251615 0.0253501 0.00810935
internal_weight=7894.29 6293.91 751.239 5542.68 4540.98 3228.25 1001.69 1312.73 697.501 3080.21 826.657 303.658 1265.61 522.999
internal_count=62280 60575 17082 43493 24355 16897 19138 7458 17112 14395 5844 3057 6271 2787
is_linear=0
shrinkage=0.03


Tree=105
num_leaves=15
num_cat=0
split_feature=21 38 18 9 34 38 42 36 22 6 16 32 21 16
split_gain=427.038 233.975 214.178 197.445 188.884 159.306 153.588 236.073 177.701 123.659 227.276 198.062 202.701 114.448
threshold=0.28191973142533372 1.7335950980555557 0.39881843137254913 0.73463233992971111 0.1095806630546957 17.013318153750003 4.3750000000000009 1.0000000180025095e-35 0.24942235294117623 -0.2111598214285694 2.5423979166666673 1.3802539930555557 0.24309517532874805 2.6483062500000005
decision_type=2 10 2 2 2 8 2 2 2 2 2 2 2 2
left_child=2 -2 4 -3 5 -1 7 13 9 10 -8 -12 -13 -7
right_child=1 3 -4 -5 -6 6 8 -9 -10 -11 11 12 -14 -15
leaf_value=-0.04090678795710289 -0.02691333217280217 0.027355251424317578 0.025798894366438854 -0.022401476191633723 -0.049761109888085304 -0.03295825026944061 -0.038347160473961507 -0.036006929968029545 0.025194979578653014 0.0069648018687298021 0.024981873370393527 0.018827919096713046 -0.031936944774444392 0.012794517251427856
leaf_weight=67.732813239330426 81.25008516618982 1528.9145984980278 433.08863188140094 74.588556142873131 57.346788606257178 58.4187887274893 157.54236963496078 199.19923434115481 425.78689939901233 3999.3313286092598 210.85490989894606 112.57868259795941 187.35952852549963 285.6667294256622
leaf_count=1523 384 1741 294 3009 2653 9494 3038 14321 268 18525 469 288 1137 5123
internal_value=0.00912096 0.0225088 0.00547699 0.0250282 0.00394528 0.00449381 0.00504652 -0.0101034 0.00666413 0.0049687 -0.00696855 0.00276548 -0.0128836 0.00495362
internal_weight=7879.66 1684.75 6194.91 1603.5 5761.82 5704.47 5636.74 543.285 5093.45 4667.67 668.335 510.793 299.938 344.086
internal_count=62267 5134 57133 4750 56839 54186 52663 28938 23725 23457 4932 1894 1425 14617
is_linear=0
shrinkage=0.03


Tree=106
num_leaves=15
num_cat=0
split_feature=22 42 21 11 16 39 39 19 32 39 39 7 30 40
split_gain=440.241 229.873 165.3 143.724 228.283 274.268 272.136 238.178 305.107 350.905 287.712 463.801 257.43 209.77
threshold=0.20551937500000103 2.6250000000000004 0.29814753062215454 20.539000000000005 2.2041437500000005 6.9250069995833341 155.97277606763893 3.5897500000000004 1.5519312500000002 472.69770930916673 498.0167850366667 24.378200000000003 0.0075847989539064671 905.50000000000011
decision_type=2 2 2 2 2 10 10 2 2 10 10 2 2 10
left_child=3 2 -2 -1 5 -5 -6 12 -9 -10 -11 -12 13 -8
right_child=1 -3 -4 4 6 -7 7 8 9 10 11 -13 -14 -15
leaf_value=0.027151435806330136 -0.047297656858320311 0.023080494632910609 0.0078576695742756403 0.016758631776503493 0.01970883962757471 -0.035016187338701273 -0.037990640269479889 0.029686432888764699 -0.039257443250122016 0.024326329474357266 -0.051959492877530079 0.0076783864024553257 0.00084113900646431603 0.0013245817843484452
leaf_weight=235.43312460824382 67.845267585944384 2080.3982118202839 168.09073192253709 136.30077863764018 923.34875711880159 279.72777507069986 333.55878581700381 485.65347936365288 162.16260138479993 525.26319879689254 148.19407537847292 549.23373546567746 1452.0079300953075 192.27077381953131
leaf_count=1004 1024 2254 614 1003 5984 16669 10508 645 2497 974 1911 2121 11372 3617
internal_value=0.00895358 0.0198988 -0.00813536 0.00427586 0.00323267 -0.018054 0.00509199 0.0015807 0.00925274 0.00207061 0.00757945 -0.00505012 -0.00567602 -0.0236397
internal_weight=7739.49 2316.33 235.936 5423.16 5187.72 416.029 4771.69 3848.34 1870.51 1384.85 1222.69 697.428 1977.84 525.83
internal_count=62197 3892 1638 58305 57301 17672 39629 33645 8148 7503 5006 4032 25497 14125
is_linear=0
shrinkage=0.03


Tree=107
num_leaves=15
num_cat=0
split_feature=22 34 23 22 40 21 10 37 38 33 9 42 23 36
split_gain=351.958 200.017 325.331 231.653 355.556 246.182 201.306 189.747 181.513 177.765 169.136 161.216 159.254 147.42
threshold=0.31093901098901028 0.076852277432711766 2.8814500000000005 0.1351521929824562 459.50000000000006 0.24452820727379745 0.19810310150375632 146.54166666666669 324.92116080722229 0.032379557512246117 0.60615694135535958 4.1250000000000009 2.8365000000000005 3.5000000000000004
decision_type=2 2 2 2 10 2 2 10 8 2 2 2 2 2
left_child=1 3 -3 4 5 8 10 12 -1 -2 -4 -5 -6 -14
right_child=9 2 6 11 7 -7 -8 -9 -10 -11 -12 -13 13 -15
leaf_value=-0.020749316372917923 0.026438745986991231 0.023199883729433202 0.014645572968023818 -0.021264756139726081 -0.035346674749429784 -0.026726753823048455 -0.035281886911794576 -0.019081339625520624 0.026519307121332783 -0.0048277823334282217 -0.045477108461537172 0.01895169251863512 0.012932777643638958 -0.041582180915036668
leaf_weight=121.40636950090993 1273.4825427494943 215.12607699236833 184.01567699573934 93.833284046268091 64.633346943999641 501.58383621706162 327.57328477466945 204.63720296649262 180.72222951881122 187.44241626467556 53.521523833973333 1722.1809212935623 2564.166222738917 44.485185138997622
leaf_count=2825 1053 4117 1780 1562 3826 9444 9917 4003 475 632 1272 2353 18062 835
internal_value=0.00916878 0.00608048 -0.0081261 0.00809782 0.0037708 -0.0138598 -0.0200712 0.00869756 0.00751925 0.0224266 0.000964962 0.0168632 0.0108303 0.0119876
internal_weight=7738.81 6277.89 780.237 5497.65 3681.63 803.712 565.11 2877.92 302.129 1460.92 237.537 1816.01 2673.28 2608.65
internal_count=62156 60471 17086 43385 39470 12744 12969 26726 3300 1685 3052 3915 22723 18897
is_linear=0
shrinkage=0.03


Tree=108
num_leaves=15
num_cat=0
split_feature=22 18 38 37 39 16 10 34 23 29 37 38 40 21
split_gain=393.744 246.192 174.941 217.588 140.221 317.114 329.094 287.356 238.992 142.881 206.561 142.242 309.344 216.57
threshold=0.31093901098901028 0.39881843137254913 12.404318882500002 138.04166666666669 155.97277606763893 2.2400864583333338 0.051025873015863706 0.086860714285714472 3.0244000000000004 0.0080142207588838766 29.291666666666671 474.94920017277781 102.50000000000001 0.23850303404894771
decision_type=2 2 10 10 10 2 2 2 2 2 8 10 10 2
left_child=1 4 3 -2 5 6 9 8 -6 10 -1 12 -10 -14
right_child=2 -3 -4 -5 7 -7 -8 -9 11 -11 -12 -13 13 -15
leaf_value=0.022710601436482982 -0.045903499305999643 0.02563523950985579 0.026230828948186562 0.022074579145148179 -0.037310791458803567 0.023116760044295723 -0.034640117380087265 -0.035851502612461186 -0.043800961128539283 0.030517208111734879 -0.026593183056521127 0.01664177674272747 -0.037111806927516998 0.0046358931710149777
leaf_weight=146.23563497047871 70.835109028965235 487.68622308038175 1303.0703547000885 102.3868886642158 131.80749851290602 871.39682682731654 216.44546302384697 185.87227240612265 131.74912425968796 183.90915353735909 158.14957963884808 628.90347323240712 115.38912483281456 2860.200256864191
leaf_count=691 526 339 1093 107 3495 3638 13089 7057 1074 389 6861 950 3064 19732
internal_value=0.00856697 0.00520938 0.0224679 -0.0058274 0.00343581 0.0110257 -0.00393617 0.000482914 0.00223771 0.00971691 -0.00290939 0.00364252 0.00100706 0.00300505
internal_weight=7594.04 6117.74 1476.29 173.222 5630.06 1576.14 704.74 4053.92 3868.05 488.294 304.385 3736.24 3107.34 2975.59
internal_count=62105 60379 1726 633 60040 24668 21030 35372 28315 7941 7552 24820 23870 22796
is_linear=0
shrinkage=0.03


Tree=109
num_leaves=15
num_cat=0
split_feature=22 34 18 23 38 12 38 38 11 11 22 40 37 11
split_gain=375.864 218.651 217.158 197.574 169.592 166.296 163.978 188.927 187.348 205.39 171.572 353.761 213.678 207.028
threshold=0.31093901098901028 0.076595764142977696 0.3386263636363635 2.8814500000000005 13.314703576666668 2.5789666666666675 510.00549073458336 474.94920017277781 24.898850000000003 25.978700000000003 0.13648202020201924 459.50000000000006 146.54166666666669 20.860600000000002
decision_type=2 2 2 2 10 2 10 10 2 2 2 10 10 2
left_child=1 2 6 -3 5 -2 7 8 10 -10 11 13 -13 -1
right_child=4 3 -4 -5 -6 -7 -8 -9 9 -11 -12 12 -14 -15
leaf_value=0.020459331011705762 -0.047986970845251144 0.018471516437407746 0.023064056881778823 -0.018532921376016944 0.025910283191203521 0.01484467889528452 -0.057696960086023756 0.022648513328457371 -0.048578769919289846 0.011726900781075215 0.015387268306376779 0.0088988044850970005 -0.030663298669803316 -0.02596451648742059
leaf_weight=102.08389525255188 55.775410611182451 166.83404105587397 676.25361533043906 574.35745996097103 1264.7257637102157 113.18378555960953 36.388909331755713 507.12816232722253 125.05616416234989 84.625246957642958 1009.8529677086044 2131.7264699720545 129.41245404770598 541.14160935324617
leaf_count=1186 464 4084 599 13092 1100 154 218 580 1649 345 2727 21311 3761 10828
internal_value=0.00832782 0.00507004 0.00718819 -0.01019 0.0221413 -0.00605709 0.00488351 0.0053876 0.00326 -0.0242999 0.00474219 0.00103685 0.00662198 -0.0185764
internal_weight=7518.55 6084.86 5343.67 741.192 1433.68 168.959 4667.42 4631.03 4123.9 209.681 3914.22 2904.36 2261.14 643.226
internal_count=62098 60380 43204 17176 1718 618 42605 42387 41807 1994 39813 37086 25072 12014
is_linear=0
shrinkage=0.03


Tree=110
num_leaves=15
num_cat=0
split_feature=22 42 33 6 33 25 33 23 38 39 19 8 19 33
split_gain=353.033 204.052 182.781 133.815 164.208 239.232 225.745 193.338 336.75 180.051 178.468 173.17 204.472 272.297
threshold=0.31093901098901028 1.6250000000000002 0.032683770094241553 0.48383183694530585 0.015448988954641918 1.3819269960145714e-05 0.017346367889065847 3.5015500000000004 162.62141960736116 769.31279162291673 2.6819500000000005 21.394304340277781 3.6908000000000007 0.0055227023849223423
decision_type=2 2 2 2 2 2 2 2 10 8 2 2 2 2
left_child=1 -1 -2 4 7 -6 -7 8 10 -8 -3 -9 13 -13
right_child=2 3 -4 -5 5 6 9 11 -10 -11 -12 12 -14 -15
leaf_value=-0.029998861545680058 0.025916641413591433 -0.037715327203386446 -0.0072986957481461856 0.017179540545789861 -0.020279961755483251 -0.024060576294365695 0.0075547814583475925 0.032829519046060136 -0.038506713629664117 -0.051511904167688929 0.016340110702654422 -0.061970923209344261 0.017016073675978915 0.0087897668462445372
leaf_weight=143.78266724722926 1231.9086486659944 61.67718152794987 169.18282711971551 834.10623797995504 457.92969389515929 243.56820269755553 2183.4966275105253 426.36446100845933 173.74224294140004 46.467297002207488 448.17111703311093 74.253305561840534 797.14904417376965 139.41308944206685
leaf_count=23388 1087 1485 626 2877 10577 2620 12436 149 2275 337 2260 381 1136 343
internal_value=0.00834341 0.00518962 0.0219035 0.0060541 0.0042143 -0.000386455 0.00330317 0.0105709 -0.00256085 0.00630143 0.00973991 0.0168145 0.0100335 -0.0159751
internal_weight=7431.21 6030.12 1401.09 5886.34 5052.23 2931.46 2473.53 2120.77 683.591 2229.96 509.848 1437.18 1010.82 213.666
internal_count=61977 60264 1713 36876 33999 25970 15393 8029 6020 12773 3745 2009 1860 724
is_linear=0
shrinkage=0.03


Tree=111
num_leaves=15
num_cat=0
split_feature=22 18 38 37 35 7 16 39 23 16 11 40 37 40
split_gain=347.6 207.373 171.883 166.253 133.222 439.853 436.887 288.1 354.965 287.917 238.493 245.91 227.406 193.203
threshold=0.28306659090909164 0.39881843137254913 8.7790729341666687 138.04166666666669 1.7793000000000003 24.378200000000003 3.2810250000000005 337.83637828430562 3.5291000000000001 2.9389427083333342 23.528900000000004 36.500000000000007 123.79166666666669 691.50000000000011
decision_type=2 2 10 10 2 2 2 10 2 2 2 10 10 10
left_child=1 4 3 -2 6 -6 7 8 -1 -9 -11 -12 13 -7
right_child=2 -3 -4 -5 5 12 -8 9 -10 10 11 -13 -14 -15
leaf_value=0.00088319594599937728 -0.041464702275533623 0.02485051641743613 0.024426258593418071 0.019773258315916028 -0.049366373201423813 -0.0043809547599814739 0.029554878307099453 -0.042584130989197791 0.026356410688476356 0.011251570358341066 0.029616604962678456 -0.039594710941475757 -0.048452736081851432 0.030961842286141281
leaf_weight=2511.6578168716514 73.200793141499162 422.86877014674246 1325.3528358973563 85.403281234204769 179.93861571361776 351.77635318064131 572.43364063184708 226.16874136857223 611.39481791411527 399.83822576305829 57.824169743806124 217.17824825388379 66.83876491105184 229.13839359686244
leaf_count=41058 518 316 1286 104 3190 1708 829 4699 2497 1728 59 3016 665 359
internal_value=0.00793383 0.00464108 0.020896 -0.00857271 0.00306127 -0.00801172 0.00505649 0.00156505 0.00587689 -0.0133704 -0.00353112 -0.0249872 0.00353453 0.00958905
internal_weight=7331.01 5847.06 1483.96 158.604 5424.19 827.692 4596.5 4024.06 3123.05 901.009 674.841 275.002 647.754 580.915
internal_count=62032 60124 1908 622 59808 5922 53886 53057 43555 9502 4803 3075 2732 2067
is_linear=0
shrinkage=0.03


Tree=112
num_leaves=15
num_cat=0
split_feature=22 42 33 33 6 23 32 23 38 10 16 32 38 38
split_gain=340.344 212.585 170.486 156.981 144.376 128.266 138.295 201.95 153.13 137.411 158.617 135.374 238.673 136.002
threshold=0.31093901098901028 3.6250000000000004 0.032379557512246117 3.3306690738754701e-16 0.085100000000003492 3.0968000000000004 1.1365024305555558 3.2672500000000002 64.350231493888899 0.36820476190475587 2.0675395833333341 1.323891840277778 264.11676912277784 67.600231493888899
decision_type=2 2 2 2 2 2 2 2 10 2 2 2 10 10
left_child=1 3 -2 -1 5 9 -7 -8 -9 10 -3 -10 13 -13
right_child=2 4 -4 -5 -6 6 7 8 11 -11 -12 12 -14 -15
leaf_value=0.0027386582928055586 0.02541084823274679 0.017920196367000256 -0.0062071885595828217 -0.034466120087219616 0.01049237508301917 0.021609458918765374 -0.04131652028572725 -0.03553874932573322 0.02480617177228352 0.018527918737317933 -0.031833860741799877 0.0307644892332475 0.0070916950673469504 -0.039117939648757073
leaf_weight=199.30888002796564 1174.7441354244947 71.182294137892313 176.12735242862254 207.9108768934384 3048.2304960703477 332.56983013893478 97.119479160290211 86.210294901626185 263.38528329692781 94.039246899890713 290.69819876400288 28.62133614346385 989.32156874588691 169.38287894288078
leaf_count=10278 1094 462 641 20158 13287 1423 1402 1003 597 1018 6228 24 2895 1410
internal_value=0.00771389 0.00459146 0.0212869 -0.0162946 0.00614882 0.000681315 0.00400621 0.000412469 0.00307451 -0.013638 -0.0220248 0.00539205 0.00106816 -0.0289127
internal_weight=7228.85 5877.98 1350.87 407.22 5470.76 2422.53 1966.61 1634.04 1536.92 455.92 361.88 1450.71 1187.33 198.004
internal_count=61920 60185 1735 30436 29749 16462 8754 7331 5929 7708 6690 4926 4329 1434
is_linear=0
shrinkage=0.03


Tree=113
num_leaves=15
num_cat=0
split_feature=18 42 22 34 22 39 38 8 30 39 39 19 8 37
split_gain=344.198 230.403 262.771 185.486 151.045 140.021 167.252 161.045 137.413 181.917 137.118 312.388 287.369 220.228
threshold=0.25612857142857032 1.8750000000000002 0.35467571428571454 0.10168102564102557 0.12682444444444355 66.268425637916678 416.3108827372223 20.973297395833338 0.019200000000000002 194.55790493708335 498.0167850366667 3.8431000000000002 23.880229513888892 80.291666666666686
decision_type=2 2 2 2 2 10 10 2 2 8 10 2 2 10
left_child=1 -1 3 8 5 -2 7 -7 10 -10 11 -3 13 -12
right_child=4 2 -4 -5 -6 6 -8 -9 9 -11 12 -13 -14 -15
leaf_value=-0.027411482439847298 0.025613783564097561 0.0036418176521819555 0.022623676971800462 -0.046722660549339594 0.02501601394045545 -0.0069979136297659466 0.025865536436460418 -0.067626914680090716 0.0080682980215439383 -0.022332579458148264 -0.0055710750177089575 0.02793323248745035 0.019877108105898631 -0.053909817690150748
leaf_weight=202.08955843903823 193.15798107511364 2707.7180360641796 674.86029091477394 66.629195589805022 1219.8423928886186 168.58609367511235 97.123849545139819 50.582984077278525 319.74265313579235 395.11575724964496 217.97181172808632 577.32231937628239 207.98136277729645 138.14205041201785
leaf_count=24126 336 22524 679 2743 1145 755 85 379 3276 3298 871 528 264 1201
internal_value=0.00761741 0.0039497 0.00514921 0.00259817 0.0192896 0.00555587 -0.00673548 -0.0212343 0.00332827 -0.00874257 0.00557175 0.00791806 -0.00808198 -0.0244209
internal_weight=7236.87 5507.57 5305.48 4630.62 1729.29 509.451 316.293 219.169 4563.99 714.858 3849.14 3285.04 564.095 356.114
internal_count=62210 59510 35384 34705 2700 1555 1219 1134 31962 6574 25388 23052 2336 2072
is_linear=0
shrinkage=0.03


Tree=114
num_leaves=15
num_cat=0
split_feature=18 22 34 42 39 38 20 11 16 39 39 23 34 28
split_gain=311.403 222.119 181.063 155.996 110.228 176.19 95.759 135.314 157.692 240.305 227.763 211.094 119.798 94.0269
threshold=0.31870357142857114 0.40447362996480651 0.10335075757575812 2.8750000000000004 109.29295457833335 24.542112359305559 2.0720659722222226 20.539000000000005 2.2041437500000005 4.1310307291666675 155.97277606763893 3.0244000000000004 0.088937048503610991 1.2306364583333336
decision_type=2 2 2 2 10 10 2 2 2 10 10 2 2 2
left_child=1 2 3 -1 5 -3 -5 -8 9 -9 -10 -12 13 -13
right_child=-2 4 -4 6 -6 -7 7 8 10 -11 11 12 -14 -15
leaf_value=-0.019556492728498649 0.022054727928903898 -0.038751878953996698 -0.041756382076088047 -0.036810158100271079 0.026932515129708609 0.026018621018571927 0.034479908156541186 0.019150591322287927 0.019955785331152068 -0.034452437291928838 -0.036017896668987019 0.01454021072544958 -0.029863633801028536 0.0023208250956325491
leaf_weight=247.24701976543292 1158.3028421392664 65.298696094192564 79.219037623668555 48.28319239791017 560.68020257353783 86.930602595210075 137.30723572056741 115.21824630023912 836.98987696983386 213.32341311278287 122.02135670592543 714.4022538223071 90.825547529268079 2730.3247890649363
leaf_count=25763 1255 420 3978 1176 547 85 192 329 2576 7762 2550 3108 1598 10577
internal_value=0.00781098 0.00507988 0.00297638 0.00365842 0.0207955 -0.00183624 0.00480806 0.0052205 0.00438055 -0.015653 0.00584811 0.00261518 0.00395831 0.00485849
internal_weight=7206.37 6048.07 5335.16 5255.94 712.91 152.229 5008.7 4960.41 4823.11 328.542 4494.56 3657.57 3535.55 3444.73
internal_count=61916 60661 59609 55631 1052 505 29868 28692 28500 8091 20409 17833 15283 13685
is_linear=0
shrinkage=0.03


Tree=115
num_leaves=15
num_cat=0
split_feature=18 22 34 16 28 10 9 38 28 38 7 23 9 21
split_gain=343.837 215.953 200.743 150.904 280.988 189.252 149.212 338.215 223.8 154.494 142.446 312.214 163.998 187.817
threshold=0.31870357142857114 0.40447362996480651 0.097248809523809668 2.2400864583333338 0.98911250000000006 0.027699650349653288 0.64265466967128582 62.192057708611117 1.0937531250000003 194.31088273722224 21.469500000000004 3.2002000000000006 0.61026715554096544 0.2543933823787245
decision_type=2 2 2 2 2 2 2 10 2 10 2 2 2 2
left_child=1 2 3 5 -5 -1 7 -6 -9 -8 -10 -12 -13 -14
right_child=-2 -3 -4 4 6 -7 9 8 10 -11 11 12 13 -15
leaf_value=0.0018280396963350322 0.022337313184036488 0.020164030184302444 -0.032983038948778576 0.02503587847190156 -0.037703736534690141 -0.034155691052388581 0.030393638143591337 -0.033176682815380429 0.03026980439494574 -0.0247314562461841 -0.031575520235467634 0.0096642650254976249 0.0039627659475825116 -0.027771878763761439
leaf_weight=361.38444050156977 1148.9847593386658 691.9551097471267 139.86816918099066 559.06560384540353 195.41346770583186 205.74455894180574 281.07830418366939 148.2727909614332 179.77918349171523 53.832361730746925 219.11162455007434 2170.209186383523 506.08198888553306 249.98715438076761
leaf_count=7314 1238 1070 6141 1520 3111 12137 601 4255 655 878 5135 12378 3106 2393
internal_value=0.0073175 0.00441955 0.00234878 0.00331835 0.00513283 -0.0112634 0.00234811 0.00059575 0.00276068 0.0214858 0.00437266 0.00288332 0.00547341 -0.00655282
internal_weight=7110.77 5961.78 5269.83 5129.96 4562.83 567.129 4003.77 3668.86 3473.44 334.911 3325.17 3145.39 2926.28 756.069
internal_count=61932 60694 59624 53483 34032 19451 32512 31033 27922 1479 23667 23012 17877 5499
is_linear=0
shrinkage=0.03


Tree=116
num_leaves=15
num_cat=0
split_feature=18 22 38 22 34 21 39 16 38 33 30 38 11 20
split_gain=308.969 231.048 174.48 194.54 166.25 165.085 138.85 355.479 304.633 188.672 207.747 184.475 209.632 227.56
threshold=0.17921223776223652 0.11207238095238163 0.85902305791666678 0.40447362996480651 0.045267013888889519 0.24477502518985247 498.0167850366667 3.2601729166666673 341.08013014027784 0.021195973236479638 0.0058499999999998839 331.01583657152781 22.626200000000001 2.5007239583333338
decision_type=2 2 8 2 2 2 10 2 10 2 2 10 2 2
left_child=2 4 -1 5 -2 -4 7 8 11 -8 -11 12 13 -7
right_child=1 -3 3 -5 -6 6 9 -9 -10 10 -12 -13 -14 -15
leaf_value=-0.061127988736378251 0.014088437154902812 0.022042846089389462 0.01058995038948659 0.021377279256218792 -0.012733405997014113 -0.0073694911683944552 -0.03973531252828761 0.02616036932003369 -0.041130969768359213 -0.038566479995278409 0.016655659793649955 0.027823823258707196 -0.02491865486239609 0.020228672889368721
leaf_weight=37.059888849500567 503.06910711200908 1751.1351790206973 1187.5659703796264 481.41173259075731 353.11526382528245 843.04122856725007 198.63317744398955 395.34357468038797 188.64329549460672 90.213180670514703 186.04572048899718 177.24444562231656 347.47205898026004 393.60829233564436
leaf_count=231 2119 2521 14971 800 2393 22119 2021 948 2867 885 636 351 7587 1777
internal_value=0.00757703 0.0158012 0.00283716 0.0033787 0.00302438 0.00121195 -0.00273935 0.000258493 -0.00500355 -0.0175142 -0.00145136 -0.00111314 -0.00436636 0.00142387
internal_weight=7133.6 2607.32 4526.28 4489.22 856.184 4007.81 2820.24 2345.35 1950.01 474.892 276.259 1761.37 1584.12 1236.65
internal_count=62226 7033 55193 54962 4512 54162 39191 35649 34701 3542 1521 31834 31483 23896
is_linear=0
shrinkage=0.03


Tree=117
num_leaves=15
num_cat=0
split_feature=21 38 33 42 12 38 42 11 23 12 38 5 7 39
split_gain=304.658 224.595 192.155 170.089 166.149 151.771 147.454 123.274 403.315 283.016 228.761 255.845 208.562 194.167
threshold=0.28191973142533372 1.7335950980555557 0.030083940717231413 0.62500000000000011 2.2042250000000005 17.013318153750003 1.1250000000000002 22.626200000000001 3.6137500000000005 2.519741666666667 196.06658364569446 0.62907690315455711 21.469500000000004 431.30263104944453
decision_type=2 8 2 2 2 8 2 2 2 2 10 2 2 8
left_child=2 -2 5 -3 -5 -1 -7 9 13 12 -11 -12 -8 -9
right_child=1 3 -4 4 -6 6 7 8 -10 10 11 -13 -14 -15
leaf_value=-0.041873921245364709 -0.035544704501424246 -0.027759686407723819 -0.037517825293548766 -0.0078170469185196347 0.028521701198461674 -0.032670677040651665 0.0081120573430366934 -0.030306323377611515 0.0068173677773595946 0.029937320316095452 -0.037253665976965389 0.021223620586740738 -0.017994676960808566 0.027045512425289242
leaf_weight=61.321125942631625 62.100098758004606 57.167083409614861 97.866247424157336 125.67907106736675 1109.3199987241533 89.946038216119632 1215.6797117160168 430.33371320262086 2185.1417568082688 827.53375117480755 108.60125801758841 173.61562510463409 354.99731914990116 59.804949629353359
leaf_count=1520 313 1392 4120 2566 836 19116 12964 4641 6535 706 1325 365 5529 100
internal_value=0.00702533 0.0197898 0.00393816 0.0224745 0.0248204 0.00468156 0.00521339 0.00585562 0.00129885 0.0104014 0.0219914 -0.00133139 0.00220384 -0.0232676
internal_weight=6959.11 1354.27 5604.84 1292.17 1235 5506.98 5445.65 5355.71 2675.28 2680.43 1109.75 282.217 1570.68 490.139
internal_count=62028 5107 56921 4794 3402 52801 51281 32165 11276 20889 2396 1690 18493 4741
is_linear=0
shrinkage=0.03


Tree=118
num_leaves=15
num_cat=0
split_feature=22 18 38 37 34 38 39 40 38 39 39 7 35 38
split_gain=326.366 201.996 148.695 195.068 116.913 99.7651 175.117 178.812 155.251 169.446 386.252 149.613 292.655 243.422
threshold=0.31093901098901028 0.39881843137254913 10.573388118055556 138.04166666666669 0.10168102564102557 474.94920017277781 620.72643510791681 715.50000000000011 493.25401706083341 580.03439253722229 498.0167850366667 24.378200000000003 1.6106000000000003 21.694921626944446
decision_type=2 2 10 10 2 8 10 10 8 8 10 2 2 10
left_child=1 4 3 -2 5 6 11 -8 -7 10 -10 12 -1 -14
right_child=2 -3 -4 -5 -6 8 7 -9 9 -11 -12 -13 13 -15
leaf_value=0.0040014380996068709 -0.049316907937811801 0.023707667075630087 0.024659675837040321 0.020599975448449211 -0.036898203036893118 0.027267342993686217 -0.049373144071610434 0.0056525985819315177 0.022980724081294111 0.015809944783234067 -0.069253444199116318 0.025089414570561977 0.017681029644285404 -0.034653810408117665
leaf_weight=3550.5846384682227 58.72751606348902 434.31272294558585 1114.7181287966669 89.146027337759733 66.11625015293248 359.83494660630822 119.71491213829722 94.629074153956026 80.411998776718974 248.79857051558793 81.303429506369866 248.77181575330906 104.75318995630369 330.29781910520978
leaf_count=45161 479 362 1116 110 4501 448 1402 370 68 883 555 625 1433 4787
internal_value=0.00711366 0.00406446 0.0209124 -0.00731205 0.0024461 0.00295149 0.00122426 -0.0251668 0.0129117 0.000292608 -0.0235312 0.00256579 0.00115399 -0.0220408
internal_weight=6982.12 5719.53 1262.59 147.874 5285.22 5219.1 4448.75 214.344 770.349 410.514 161.715 4234.41 3985.64 435.051
internal_count=62300 60595 1705 589 60233 55732 53778 1772 1954 1506 623 52006 51381 6220
is_linear=0
shrinkage=0.03


Tree=119
num_leaves=15
num_cat=1
split_feature=22 38 41 22 4 38 38 32 13 19 19 11 15 7
split_gain=291.865 197.078 135.683 199.273 150.165 121.548 167.564 203.114 286.293 226.471 214.773 281.695 309.258 229.501
threshold=0.22961910173160169 4.3548133173611125 0 0.35467571428571454 19.16759166666667 510.00549073458336 474.94920017277781 1.584549479166667 0.22012896275200353 3.9069500000000006 3.6295000000000006 22.626200000000001 3.0211000000000001 22.653900000000004
decision_type=2 10 1 2 2 10 10 2 2 2 2 2 2 2
left_child=5 -2 3 4 -3 6 7 10 9 -9 11 12 -1 -13
right_child=1 2 -4 -5 -6 -7 -8 8 -10 -11 -12 13 -14 -15
leaf_value=0.00040190171953597277 -0.018565658038302235 0.032911840317247754 0.026416153202165366 0.017484561633341986 -0.051456099428139002 -0.036807457927965248 0.020499145602097656 -0.042667050418859001 -0.032943076455353403 0.013607107737989215 0.025610743043673719 -0.040468272360380413 0.02241040128944248 -0.0036142018382910651
leaf_weight=1860.8023565917974 123.25582093279809 24.564965219702572 1097.6666649300605 349.07377945631742 74.783383322879672 65.739691310562193 496.13443249743432 76.884988666977733 330.40588403266156 369.87934259057511 405.51189772319049 204.06219321134267 830.36950541596161 589.43172361358302
leaf_count=35226 657 18 922 565 780 411 637 1468 4466 1645 779 6122 2646 5755
internal_value=0.00691013 0.0178277 0.0207391 0.00681488 -0.0304751 0.00342212 0.00394134 0.00217725 -0.011815 0.00384906 0.0049749 0.00256684 0.0071985 -0.0131309
internal_weight=6898.57 1669.34 1546.09 448.422 99.3483 5229.22 5163.48 4667.35 777.17 446.764 3890.18 3484.67 2691.17 793.494
internal_count=62097 2942 2285 1363 798 59155 58744 58107 7579 3113 50528 49749 37872 11877
cat_boundaries=0 1
cat_threshold=4
is_linear=0
shrinkage=0.03


Tree=120
num_leaves=15
num_cat=0
split_feature=22 33 42 36 22 30 37 37 38 39 10 38 16 11
split_gain=278.439 167.876 119.857 181.67 128.292 289.295 134.551 164.482 255.45 401.7 181.683 221.279 220.93 288.898
threshold=0.28306659090909164 0.029447043479488812 4.6250000000000009 1.0000000180025095e-35 0.1351521929824562 0.0068944611528822348 146.54166666666669 124.29166666666669 416.3108827372223 335.05790493708338 0.30613375000000609 152.74521737347223 2.7959499999999999 20.539000000000005
decision_type=2 2 2 2 2 2 8 10 8 8 2 10 2 2
left_child=2 -2 3 -1 6 -6 7 8 9 10 12 -12 13 -4
right_child=1 -3 4 -5 5 -7 -8 -9 -10 -11 11 -13 -14 -15
leaf_value=0.0036363557026862009 0.024512061896517903 -0.0024299404452228124 0.026013631139430161 -0.030990417631359519 -0.017059668259669803 0.017129153335348101 -0.022735374464000729 0.01452654644840644 0.016146688589486084 -0.040667723536412036 -0.036472717030284464 0.028210738418839271 0.032404101598249899 -0.019268537982727454
leaf_weight=363.09639190521557 1023.2220241287723 261.02484449837357 150.87098073912784 217.20441790146288 263.36524514283519 1418.7837691060267 191.95414555922616 825.31366393051576 570.56804769299924 267.96571901231073 55.733784199459478 297.60033103218302 113.25914901308715 769.76036890561227
leaf_count=15496 1088 836 294 18456 2027 2164 3703 3318 783 2413 1442 945 60 9106
internal_value=0.00646531 0.0190384 0.00352948 -0.00935533 0.00504921 0.0117694 0.00156089 0.0030964 -0.00114653 -0.0071139 -0.000607786 0.0179336 -0.00695556 -0.0118276
internal_weight=6789.72 1284.25 5505.48 580.301 4925.18 1682.15 3243.03 3051.07 2225.76 1655.19 1387.22 353.334 1033.89 920.631
internal_count=62131 1924 60207 33952 26255 4191 22064 18361 15043 14260 11847 2387 9460 9400
is_linear=0
shrinkage=0.03


Tree=121
num_leaves=15
num_cat=0
split_feature=18 42 10 21 30 39 19 27 7 11 39 8 12 11
split_gain=266.115 176.969 207.131 111.719 107.166 112.682 92.8274 257.681 313.81 255.981 135.473 330.019 110.203 242.559
threshold=0.27127855392156852 2.3750000000000004 0.44426549004723387 0.24571298976816075 0.0068944611528822348 498.0167850366667 3.8431000000000002 1.7793000000000003 24.378200000000003 23.528900000000004 620.72643510791681 23.880229513888892 2.8321291666666673 22.626200000000001
decision_type=2 2 2 2 2 8 2 2 2 2 10 2 2 2
left_child=1 3 6 -1 5 -2 9 -8 -9 12 -10 -12 13 -3
right_child=4 2 -4 -5 -6 -7 7 8 10 -11 11 -13 -14 -15
leaf_value=0.0086053080795581317 -0.035828496473492261 0.0022868114676145002 0.021290651929456821 -0.03365781494471147 0.020945908470467255 0.01956783659069224 0.024457935524912607 -0.041787796493659948 0.020908985719753349 -0.033118167970233543 -0.052131850446507373 0.0132627869447456 0.011775153748739702 -0.027960698188406935
leaf_weight=81.182496647408698 63.728753206902184 1886.231066499895 598.47861443983857 180.07474835315952 1252.9206543543842 66.596729178447276 567.2895421020221 144.77809543907642 316.59599286643788 199.66632973367814 98.702196041122079 228.0400712415576 754.35113026911858 272.14221750292927
leaf_count=7791 645 19955 2020 18254 1453 114 626 1261 516 2582 719 362 2137 3616
internal_value=0.00653467 0.00348899 0.00473204 -0.0205423 0.018254 -0.00758735 0.00250969 0.00905931 -0.00204163 -0.000344586 0.00695389 -0.00659039 0.00191263 -0.00153818
internal_weight=6710.78 5327.53 5066.28 261.257 1383.25 130.325 4467.8 1355.41 788.116 3112.39 643.338 326.742 2912.72 2158.37
internal_count=62051 59839 33794 26045 2212 759 31774 3484 2858 28290 1597 1081 25708 23571
is_linear=0
shrinkage=0.03


Tree=122
num_leaves=15
num_cat=0
split_feature=22 38 18 11 39 38 38 20 11 11 7 28 16 11
split_gain=254.145 178.087 163.18 112.705 126.007 107.095 179.937 315.314 161.751 202.34 182.215 253.544 232.375 404.434
threshold=0.28306659090909164 5.2342724683333346 0.39881843137254913 25.938650000000006 314.34151346722228 474.94920017277781 493.25401706083341 3.8428786458333342 24.898850000000003 25.978700000000003 24.378200000000003 1.7456531250000002 3.2601729166666673 23.528900000000004
decision_type=2 10 2 2 8 10 10 2 2 2 2 2 2 2
left_child=2 3 5 4 -2 8 -7 -8 10 -10 11 12 13 -1
right_child=1 -3 -4 -5 -6 6 7 -9 9 -11 -12 -13 -14 -15
leaf_value=0.0022139835039772541 -0.057760005772411555 0.022367652501816607 0.022881194616471118 0.025987224355389086 0.016856787225589052 0.027268764357196214 -0.046020207954862703 0.024299492517533414 -0.046503649046854743 0.011553554380661718 0.027567154785585368 -0.041459611496682661 0.029980573157432182 -0.042730044979485286
leaf_weight=3482.0352656071773 60.339385386090726 1131.6272576716729 367.31346891261637 41.73742754291743 29.933734752237797 364.02852779719979 101.14368014864158 130.02589109214023 138.48211006436031 87.641055677318946 234.76807867758907 124.96187638596166 245.46424574544653 189.02753402921371
leaf_count=49173 532 1332 323 33 71 457 553 116 2031 355 506 2199 560 3920
internal_value=0.00640213 0.0185218 0.00359685 -0.0143665 -0.0331042 0.00220307 0.0141514 -0.0065332 0.000620746 -0.02405 0.00193062 0.000434956 0.0017819 -0.000111246
internal_weight=6728.53 1263.64 5464.89 132.011 90.2731 5097.58 595.198 231.17 4502.38 226.123 4276.26 4041.49 3916.53 3671.06
internal_count=62161 1968 60193 636 603 59870 1126 669 58744 2386 56358 55852 53653 53093
is_linear=0
shrinkage=0.03


Tree=123
num_leaves=15
num_cat=0
split_feature=18 42 10 34 30 36 39 3 36 38 38 21 39 34
split_gain=263.461 163.192 176.832 117.665 98.0496 129.574 144.287 185.64 140.361 127.265 105.09 115.476 99.8599 97.6391
threshold=0.2921792857142857 0.87500000000000011 0.45060683982684185 0.10168102564102557 0.013064642857143 3.5000000000000004 421.24436038180562 21.464950000000005 1.5000000000000002 510.00549073458336 474.94920017277781 0.23850303404894771 332.37446093916674 0.0039685858585853375
decision_type=2 2 2 2 2 2 10 2 2 10 8 2 8 2
left_child=1 -1 3 4 9 6 7 8 -6 10 11 -3 -7 -8
right_child=-2 2 -4 -5 5 12 13 -9 -10 -11 -12 -13 -14 -15
leaf_value=-0.03216871145584068 0.018717054849416929 -0.029361104150882923 0.019161063161559019 -0.043188316037072273 0.0063119035477866917 0.021997129617910938 -0.032302248286462582 -0.032683912077126918 -0.02981539040239737 -0.055008329969963764 0.02027415145366105 0.0052501251488450713 -0.019444859334025753 0.0078603255209668248
leaf_weight=115.44305288849864 1161.4402550830273 89.148691006121226 592.45342845632695 50.810518813203089 352.54816383600701 260.78349411219824 59.510692840442061 332.1161477646092 132.28999924182426 29.745069491211325 415.88177647069097 2313.4841671828181 64.57572161918506 546.39788592397235
leaf_count=20841 1686 2192 2400 2471 3702 1265 251 4140 3216 214 567 16936 504 1784
internal_value=0.00577078 0.00296 0.00373995 0.00177032 0.00227658 -0.00331496 -0.00722118 -0.015441 -0.00358665 0.00570856 0.00636861 0.00395421 0.0137375 0.00386894
internal_weight=6516.63 5355.19 5239.75 4647.29 4596.48 1748.22 1422.86 816.954 484.838 2848.26 2818.51 2402.63 325.359 605.909
internal_count=62169 60483 39642 37242 34771 14862 13093 11058 6918 19909 19695 19128 1769 2035
is_linear=0
shrinkage=0.03


Tree=124
num_leaves=15
num_cat=0
split_feature=18 38 22 34 42 21 37 20 11 16 39 39 4 11
split_gain=253.531 196.148 229.659 164.697 103.615 152.281 97.2558 97.1695 135.932 154.822 234.104 231.62 162.676 149.231
threshold=0.36276249999999982 0.85902305791666678 0.35467571428571454 0.10335075757575812 3.3750000000000004 0.24623016429448333 112.54166666666669 2.0720659722222226 20.539000000000005 2.2041437500000005 4.1310307291666675 155.97277606763893 20.176378125000003 21.580050000000004
decision_type=2 8 2 2 2 2 10 2 2 2 10 10 2 2
left_child=1 -1 3 4 5 6 -3 -6 -9 10 -10 -11 -13 -14
right_child=-2 2 -4 -5 7 -7 -8 8 9 11 -12 12 13 -15
leaf_value=-0.067854305500427953 0.022895225630774334 -0.031892119374731444 0.0208202364746435 -0.045879230392107506 -0.037660898509490996 -0.032194020352044793 0.025263595521223241 0.033624230473638474 0.019200413691899634 0.019691429704792436 -0.034663544487079687 -0.034204346890187032 0.039985008884981493 0.0019881792230432177
leaf_weight=32.673067137831822 746.82141275703907 35.538134086411446 704.05266981013119 61.406861027877312 48.293570836889558 173.44107518374221 99.913192313630134 140.69536028360017 109.55844510300085 813.41173041984439 211.39769857667852 107.76457880728412 94.776883161626756 3246.7682231332874
leaf_count=245 745 6378 1155 3979 1157 18401 2503 187 286 2392 7477 1852 102 15128
internal_value=0.00644176 0.00434835 0.00476335 0.0025616 0.00315588 -0.0136557 0.0101439 0.00424658 0.00468285 0.00378736 -0.0162745 0.00530135 0.00190318 0.00307753
internal_weight=6626.51 5879.69 5847.02 5142.97 5081.56 308.892 135.451 4772.67 4724.37 4583.68 320.956 4262.72 3449.31 3341.55
internal_count=61987 61242 60997 59842 55863 27282 8881 28581 27424 27237 7763 19474 17082 15230
is_linear=0
shrinkage=0.03


Tree=125
num_leaves=15
num_cat=0
split_feature=18 38 42 21 12 34 6 30 11 12 37 24 39 37
split_gain=266.842 188.42 187.879 242.816 227.628 157.398 111.169 138.316 189.088 96.4274 272.253 226.199 169.594 143.358
threshold=0.36276249999999982 0.85902305791666678 0.87500000000000011 0.28762349039227958 2.2571166666666671 0.1095806630546957 0.54264375000000264 0.019736378205128441 21.150850000000002 2.4836958333333334 55.541666666666671 1.2374083333333339 302.42198755208341 51.041666666666671
decision_type=2 8 2 2 2 2 2 2 2 2 8 2 8 10
left_child=1 -1 -3 5 -5 6 7 9 -9 10 13 -11 -13 -4
right_child=-2 2 3 4 -6 -7 -8 8 -10 11 -12 12 -14 -15
leaf_value=-0.064994011697264986 0.022509841923907224 -0.033584833006487118 -0.002877828974688908 -0.014494573094573832 0.029424805020015557 -0.053869050926424827 0.015773834518004851 0.018003967611307143 -0.021891125859919331 0.02366248887363984 -0.027909254694181259 -0.035533663072649282 0.0036105542652611761 0.029816272222482051
leaf_weight=35.214911742601544 726.99095107894391 118.36610884865513 408.24002448061947 130.42425107455347 558.85497602308169 43.824566377850715 514.4623184640659 139.27723685663659 450.39775648841169 524.01124742557295 312.96881209284766 103.37053352559451 2185.4779283580137 170.28677817992866
leaf_count=258 744 21019 5701 2702 391 1971 1951 1040 4889 911 9010 1686 9476 335
internal_value=0.00540678 0.00322001 0.00365582 0.00445718 0.0211055 0.0020884 0.00260949 0.00102898 -0.0124536 0.00317799 -0.0054154 0.0059025 0.00182795 0.00678038
internal_weight=6422.17 5695.18 5659.96 5541.6 689.279 4852.32 4808.49 4294.03 589.675 3704.36 891.496 2812.86 2288.85 578.527
internal_count=62084 61340 61082 40063 3093 36970 34999 33048 5929 27119 15046 12073 11162 6036
is_linear=0
shrinkage=0.03


Tree=126
num_leaves=15
num_cat=0
split_feature=21 38 42 34 16 38 38 38 28 23 16 39 39 16
split_gain=255.234 213.779 186.063 145.796 137.172 124.63 115.177 116.703 151.491 333.932 206.604 222.737 390.921 253.417
threshold=0.27891420667447819 1.7335950980555557 0.37500000000000006 0.097599999999999992 2.1246395833333338 17.013318153750003 21.694921626944446 474.94920017277781 1.6105031250000004 4.2546000000000008 3.0749208333333331 337.83637828430562 421.24436038180562 2.7164406250000006
decision_type=2 8 2 2 2 8 8 8 2 2 2 10 10 2
left_child=3 -2 -3 5 -4 -1 -7 8 10 -10 11 13 -13 -8
right_child=1 2 4 -5 -6 6 7 -9 9 -11 -12 12 -14 -15
leaf_value=-0.040464971218317762 -0.037656749903134071 -0.036609671583444615 -0.01635455906511207 -0.02964376488055186 0.025685989919161278 0.028614905296871451 0.00065708605453233761 0.013827759088119873 -0.038521728290501975 0.0028815102138107745 0.031010120778177473 -0.044804095239004381 0.011030041456775991 0.024172156231553131
leaf_weight=56.040837520558853 58.607020845403895 48.257337917399127 73.984896654263139 120.35218533553416 1086.9095133795636 166.20318180555478 2041.3665817920701 789.81447282980662 257.45629743102472 544.65448757295962 237.17189194611274 229.29874067316996 220.6871354294708 515.92571766406763
leaf_count=1449 325 1410 2330 5940 1371 407 33142 1947 3885 2862 233 4775 574 1447
internal_value=0.00580824 0.0178677 0.0205878 0.00285333 0.0229949 0.00363219 0.00413418 0.00328715 0.00122691 -0.0104393 0.0041134 0.00198257 -0.0174575 0.00540877
internal_weight=6446.73 1267.76 1209.15 5178.97 1160.89 5058.62 5002.58 4836.38 4046.56 802.111 3244.45 3007.28 449.986 2557.29
internal_count=62097 5436 5111 56661 3701 50721 49272 48865 46918 6747 40171 39938 5349 34589
is_linear=0
shrinkage=0.03


Tree=127
num_leaves=15
num_cat=0
split_feature=22 18 38 34 38 39 12 39 9 37 13 22 31 23
split_gain=246.653 186.47 159.309 153.953 133.434 156.119 414.349 140.155 194.561 132.589 122.323 167.799 160.833 148.517
threshold=0.35467571428571454 0.39881843137254913 8.7790729341666687 0.09412142857142905 474.94920017277781 498.0167850366667 4.1503750000000013 620.72643510791681 0.57821001725474741 138.54166666666669 0.24995136158737666 0.10995000000000109 1.6104500000000004 3.5015500000000004
decision_type=2 2 10 2 10 10 2 10 2 10 2 2 2 2
left_child=1 3 9 4 7 -6 -7 10 -9 -2 11 -1 13 -12
right_child=2 -3 -4 -5 5 6 -8 8 -10 -11 12 -13 -14 -15
leaf_value=-0.0012400456171502657 -0.04395661096088059 0.022867852723666364 0.024684133641805731 -0.029470503276196748 0.027470051326038497 -0.057598179197557026 0.024627570491175279 0.0082206638005043031 -0.050425938906656462 0.017999259347397482 -0.010411536312386819 0.013725608831291501 -0.035709184210393548 0.011950991430213619
leaf_weight=1583.9027204432059 59.135805950965732 388.67702529393137 788.76579945348203 140.98331466602394 371.82097222004086 82.660852063214406 160.89575349073857 92.679966711322777 111.30812687799335 63.51601704955101 733.76695537404157 1172.9095611008233 144.93204498826526 419.1364852747065
leaf_count=26115 469 372 913 7672 442 485 111 403 1293 88 13510 5589 1906 2596
internal_value=0.00531391 0.00287725 0.0197416 0.00132366 0.00222026 0.0152663 -0.0034005 0.000331958 -0.0238703 -0.0119863 0.00155515 0.00512989 -0.00603627 -0.00227836
internal_weight=6315.09 5403.67 911.418 5015 4874.01 615.378 243.557 4258.64 203.988 122.652 4054.65 2756.81 1297.84 1152.9
internal_count=61964 60494 1470 60122 52450 1038 596 51412 1696 557 49716 31704 18012 16106
is_linear=0
shrinkage=0.03


Tree=128
num_leaves=15
num_cat=0
split_feature=22 18 38 12 42 33 23 9 20 11 16 39 39 23
split_gain=230.073 149.292 139.688 113.751 109.91 241.712 235.956 176.35 97.6501 113.572 138.525 214.488 149.157 193.837
threshold=0.31093901098901028 0.39881843137254913 8.7790729341666687 2.5385666666666675 6.8750000000000009 0.015448988954641918 3.5291000000000001 0.64175616124000012 2.0720659722222226 20.539000000000005 2.2135968750000004 6.9250069995833341 155.97277606763893 3.0244000000000004
decision_type=2 2 10 2 2 2 2 2 2 2 2 10 10 2
left_child=1 4 3 -2 5 6 -1 -7 -6 -10 11 -11 -12 -14
right_child=2 -3 -4 -5 8 7 -8 -9 9 10 12 -13 13 -15
leaf_value=-0.03097434129434613 -0.047399419665118292 0.022480240693244519 0.023085943047878994 0.011082383367686232 -0.038678172359668188 -0.029714750583051525 0.015297441963581163 0.010670428756956438 0.033147516998394411 0.017271622699345287 0.019522078711185525 -0.034855872861361797 -0.037395225117252358 0.0046635759830027847
leaf_weight=120.93781759386184 46.260390970855951 351.81916559301317 916.58840512484312 80.879698256030679 45.012110268697143 418.88802345946897 531.12475724151591 126.10146522033028 126.36510660918429 113.48297616397031 606.88283109758049 186.8042949027149 101.4312981357798 2653.2980477403617
leaf_count=12564 452 337 1102 145 693 21330 4118 3814 111 268 1229 4818 1586 9357
internal_value=0.00611702 0.00361547 0.0190008 -0.0104003 0.00229187 -0.00564035 0.00668114 -0.0203679 0.00476977 0.00529609 0.0043262 -0.0151642 0.00607124 0.00310193
internal_weight=6425.88 5382.15 1043.73 127.14 5030.33 1197.05 652.063 544.989 3833.28 3788.26 3661.9 300.287 3361.61 2754.73
internal_count=61924 60225 1699 597 59888 41826 16682 25144 18062 17369 17258 5086 12172 10943
is_linear=0
shrinkage=0.03


Tree=129
num_leaves=15
num_cat=0
split_feature=18 42 10 40 20 32 16 20 30 38 38 23 24 38
split_gain=238.166 182.967 173.551 123.559 249.684 320.426 261.052 250.144 158.159 153.254 200.89 209.974 353.149 212.03
threshold=0.36276249999999982 0.87500000000000011 0.45060683982684185 694.50000000000011 2.5074029513888898 1.3835475694444446 2.9298531250000006 2.2078300347222224 0.018400000000000232 17.013318153750003 44.084354931250012 3.5743500000000004 1.2156625000000005 133.76004004597226
decision_type=2 2 2 10 2 2 2 2 2 8 8 2 2 8
left_child=1 -1 3 9 7 -6 -7 8 -5 -3 -11 12 13 -12
right_child=-2 2 -4 4 5 6 -8 -9 -10 10 11 -13 -14 -15
leaf_value=-0.033651152226627547 0.022538244156518512 -0.042350752521777606 0.019550821402967225 -0.028099332063810118 0.028391301689379467 -0.042527382480479464 0.007470076268073945 -0.034147561131070751 0.028297565487079207 0.018642045467462575 -0.028393559373404691 0.004864365846249853 -0.040112118023206605 0.0067784928700608486
leaf_weight=114.18590671720449 681.03283221973106 79.012591960257851 616.25778578122845 63.170584025967401 726.22945191204781 104.46503016178031 862.853037803201 223.75571645633318 147.34059790917672 427.57491392944939 208.5559962670668 1221.0350152496831 312.81660055008251 583.63193590036826
leaf_count=21110 719 1887 2465 3434 1427 1493 2939 4774 922 2519 4767 4070 4932 4680
internal_value=0.00578519 0.00377673 0.00454898 0.00268167 0.00814282 0.0133457 0.00203228 -0.0121313 0.011321 -0.00142207 -0.00023271 -0.00370881 -0.013178 -0.00250523
internal_weight=6371.92 5690.89 5576.7 4960.44 2127.81 1693.55 967.318 434.267 210.511 2832.63 2753.61 2326.04 1105 792.188
internal_count=62138 61419 40309 37844 14989 5859 4432 9130 4356 22855 20968 18449 14379 9447
is_linear=0
shrinkage=0.03


Tree=130
num_leaves=15
num_cat=0
split_feature=22 18 42 30 42 33 23 9 6 33 34 34 30 17
split_gain=242.302 151.669 142.538 134.741 128.758 220.909 176.056 126.318 105.669 97.7835 92.961 120.516 110.288 161.285
threshold=0.31093901098901028 0.39881843137254913 2.8750000000000004 0.01276304621848723 6.3750000000000009 0.013713673682123667 3.5291000000000001 0.64175616124000012 0.050721672077920908 0.029447043479488812 0.07008750000000058 0.051027350427350383 0.005692058823529275 0.2153285850657369
decision_type=2 2 2 2 2 2 2 2 2 2 2 2 2 2
left_child=1 4 3 -2 5 6 -1 -7 10 -4 11 -6 13 -12
right_child=2 -3 9 -5 8 7 -8 -9 -10 -11 12 -13 -14 -15
leaf_value=-0.034255445465348054 -0.036705555941828137 0.021552039630992344 0.028595574378212071 0.017453126305375388 -0.00053447944318174719 -0.031126491671971804 0.014128329447430454 0.0070486516627753289 0.0074515863719354829 0.0036004681210358418 0.023171605890449781 -0.022157477086467578 0.016571678004965978 -0.036866919681918409
leaf_weight=81.029239560652059 74.562017546966672 344.13377244025469 669.21193542703986 90.378447872120887 682.12224347947631 379.23483817651868 386.5192125167232 97.733817182015628 2316.6734442447778 178.74629160016775 66.424041029764339 350.57493208302185 370.82302912289742 99.267821954097599
leaf_count=11429 649 347 559 120 3855 21291 3731 3634 9750 398 295 3064 1136 1812
internal_value=0.00496737 0.00233921 0.0183781 -0.00710319 0.000966245 -0.0089627 0.00568789 -0.0233058 0.00338129 0.0233372 -0.00262871 -0.00788928 0.0074928 -0.0128035
internal_weight=6187.44 5174.54 1012.9 164.94 4830.4 944.517 467.548 476.969 3885.89 847.958 1569.21 1032.7 536.515 165.692
internal_count=62070 60344 1726 769 59997 40085 15160 24925 19912 957 10162 6919 3243 2107
is_linear=0
shrinkage=0.03


Tree=131
num_leaves=15
num_cat=0
split_feature=22 34 38 18 39 16 11 32 37 37 40 37 23 17
split_gain=204.325 156.631 149.829 141.855 140.004 306.289 275.457 262.244 210.244 174.207 176.189 169.945 132.024 220.392
threshold=0.35467571428571454 0.10335075757575812 10.573388118055556 0.39881843137254913 498.0167850366667 3.2601729166666673 23.528900000000004 1.8754604166666666 2.291666666666667 123.79166666666669 691.50000000000011 33.791666666666671 3.5632000000000006 0.2666889958343463
decision_type=2 2 10 2 10 2 2 2 10 10 10 10 2 2
left_child=1 3 -2 4 5 6 12 -6 -8 10 11 -9 13 -1
right_child=2 -3 -4 -5 7 -7 8 9 -10 -11 -12 -13 -14 -15
leaf_value=0.0040140337915936476 -0.012110867543166016 -0.045134882709424076 0.02426017531913937 0.021928950305343538 -0.054768066529482885 0.025068005651215343 0.029084197958945197 0.0022233346517961596 -0.043596675814550463 -0.041288335978827133 0.027535190294833249 -0.050127584093286361 0.013967310848177057 -0.019889083039213773
leaf_weight=2208.9598340810626 117.88213697029278 58.360905917768832 728.01275350339711 363.66735531017184 99.239679886144586 568.72757316898787 43.340711777098477 264.77618210646324 190.10180594265694 87.577531128830742 186.10273795056855 69.68793781142449 832.52366354863625 410.85747721017106
leaf_count=33074 564 3987 912 370 1296 1469 72 886 4034 1072 442 990 4241 8715
internal_value=0.00548525 0.00332992 0.0191833 0.00386941 0.00254163 0.00459677 0.00143206 -0.00980788 -0.0300363 -0.00239322 0.00421692 -0.00880126 0.00356799 0.000259227
internal_weight=6229.82 5383.92 845.895 5325.56 4961.9 4254.51 3685.78 707.384 233.443 608.144 520.567 334.464 3452.34 2619.82
internal_count=62124 60648 1476 56661 56291 51605 50136 4686 4106 3390 2318 1876 46030 41789
is_linear=0
shrinkage=0.03


Tree=132
num_leaves=15
num_cat=0
split_feature=21 12 33 36 42 42 14 6 30 12 11 19 33 29
split_gain=223.522 171.858 142.492 141.71 119.72 97.9155 91.1632 72.1135 123.535 81.5051 108.864 90.9004 88.6076 67.4472
threshold=0.28191973142533372 2.5073166666666671 0.029163875828544711 1.0000000180025095e-35 2.8750000000000004 1.3750000000000002 -0.11583392857142842 0.081652529644269001 0.0095999999999999714 2.5385666666666675 22.626200000000001 4.0332500000000016 0.016207583433424638 1.0000000180025095e-35
decision_type=2 2 2 2 2 2 2 2 2 2 2 2 2 2
left_child=2 3 5 -2 -3 -1 -7 8 -8 -10 -11 12 -12 -9
right_child=1 4 -4 -5 -6 6 7 13 9 10 11 -13 -14 -15
leaf_value=-0.026800535711338447 0.013478117824720531 -0.00079209591710587793 -0.030135485942140536 -0.039012195650887246 0.028307959508766179 -0.0028053067104834486 0.0093637776153746091 -0.011082432357303244 -0.024644982180840266 0.018853622523282553 -0.0055483349519663463 0.0054442624062402056 -0.045093195759513045 0.011693377378413137
leaf_weight=93.349954347941093 111.46762281376868 153.80995881871786 115.18674015079159 77.737914744473528 734.05960553325713 1284.3807138347765 870.50128886889433 123.99403076583985 182.87512568931561 163.65319181024097 110.49989649257623 176.44635534100235 94.216945995111018 1884.5974718234502
leaf_count=19743 891 541 5204 3084 621 10379 5596 1351 3658 421 532 564 1099 8435
internal_value=0.00533274 0.0177441 0.00270844 -0.00818003 0.0232716 0.00347332 0.00405647 0.00650006 0.00174278 -0.00737418 -0.00154246 -0.010326 -0.0238788 0.0102826
internal_weight=6176.78 1077.08 5099.7 189.206 887.87 4984.51 4891.17 3606.78 1598.19 727.692 544.816 381.163 204.717 2008.59
internal_count=62119 5137 56982 3975 1162 51778 32035 21656 11870 6274 2616 2195 1631 9786
is_linear=0
shrinkage=0.03


Tree=133
num_leaves=15
num_cat=0
split_feature=22 34 19 23 9 11 23 39 23 9 23 19 8 16
split_gain=213.491 180.058 159.602 149.522 139.613 131.972 213.414 274.679 285.087 269.428 143.823 332.572 132.737 369.478
threshold=0.35467571428571454 0.080453333333332711 2.6819500000000005 2.8814500000000005 0.55945876295043928 20.539000000000005 3.0881000000000003 248.16932549125002 3.2672500000000002 0.61527227219092684 3.2883500000000003 3.3252500000000005 21.315201562500004 2.9298531250000006
decision_type=2 2 2 2 2 2 2 10 2 2 2 2 2 2
left_child=1 2 -1 -3 -5 -4 9 -8 -9 -7 -10 -12 -13 -14
right_child=-2 3 5 4 -6 6 7 8 10 -11 11 12 13 -15
leaf_value=-0.021639178569137607 0.019084278491476914 0.013786320558707221 0.032038730956006178 0.023529556913876013 -0.032219969112530278 -0.034081664537997006 0.02031941658682173 -0.039637567537510951 0.036702026613313427 0.0057692602616063937 -0.035679068197095411 0.022869385437683517 -0.046413560920574609 0.0063889941721079384
leaf_weight=202.04134158138186 822.01902291737497 120.09204698487883 162.19516158639453 45.842859758180566 305.17476706969319 271.70043461967725 1044.2819070962141 137.78641050244914 118.02949707582593 346.40415670868242 184.78115363972029 355.79580704460386 126.495219892764 1847.8500572236371
leaf_count=9491 1466 3542 303 351 10893 8964 5553 2573 75 3765 3565 1027 2164 8298
internal_value=0.00487425 0.00265392 0.00439276 -0.0150248 -0.0248929 0.00554176 0.00456531 0.0072151 0.00227058 -0.0117748 0.00447791 0.0029516 0.00602902 0.00298418
internal_weight=6090.49 5268.47 4797.36 471.11 351.018 4595.32 4433.12 3815.02 2770.74 618.105 2632.95 2514.92 2330.14 1974.35
internal_count=62030 60564 45778 14786 11244 36287 35984 23255 17702 12729 15129 15054 11489 10462
is_linear=0
shrinkage=0.03


Tree=134
num_leaves=15
num_cat=0
split_feature=18 22 42 22 21 6 39 16 12 13 11 29 11 38
split_gain=207.67 205.902 116.169 142.294 117.63 108.635 103.683 250.534 209.992 128.733 114.8 213.298 148.775 224.242
threshold=0.17921223776223652 0.12169599673202593 3.3750000000000004 0.35467571428571454 0.25069019057895642 0.33709019138756202 498.0167850366667 3.2601729166666673 3.6295666666666664 0.24890815400729299 21.580050000000004 0.0052527148651723707 21.47935 62.192057708611117
decision_type=2 2 2 2 2 2 10 2 2 2 2 2 2 10
left_child=2 5 4 6 -1 -2 7 10 -8 -10 12 -12 13 -4
right_child=1 -3 3 -5 -6 -7 8 -9 9 -11 11 -13 -14 -15
leaf_value=0.0037673945715967654 -0.0066590752828178815 0.020223695168419771 0.011968322462478533 0.020090563972635311 -0.033921055277078491 0.015851444818812451 -0.052436372585311426 0.025506256630892388 0.0059935920425921076 -0.034574686862323449 0.0011056297959852746 -0.024136569938664979 0.024808138506525697 -0.034573442024233451
leaf_weight=137.12405644409591 547.81872693810146 1320.4868594409199 304.4954093080014 380.1749838013202 161.81171988137066 296.57121350441594 92.075826842105016 382.98611547425389 330.93699082918465 88.353482641279697 1226.4564493953367 398.36197003384586 313.78224941715598 133.05734011402819
leaf_count=12802 4024 2274 3222 508 14339 788 846 401 1001 538 10316 4797 1170 4884
internal_value=0.00536431 0.0128297 0.00127012 0.00274398 -0.0166782 0.00125659 0.000722024 0.00302251 -0.0116722 -0.00261694 -0.000610609 -0.00509412 0.00907921 -0.00223133
internal_weight=6114.49 2164.88 3949.62 3650.68 298.936 844.39 3270.51 2759.14 511.366 419.29 2376.15 1624.82 751.335 437.553
internal_count=61910 7086 54824 27683 27141 4812 27175 24790 2385 1539 24389 15113 9276 8106
is_linear=0
shrinkage=0.03


Tree=135
num_leaves=15
num_cat=0
split_feature=22 42 37 18 39 21 12 18 21 22 15 32 13 22
split_gain=198.702 164.226 176.742 157.561 127.535 96.7452 87.2122 85.53 132.426 121.335 120.675 143.09 200.234 116.423
threshold=0.35467571428571454 3.6250000000000004 112.54166666666669 0.39881843137254913 91.88507367472225 0.24623016429448333 2.4953708333333338 0.075880462184873404 0.24858630435667961 -0.11459884902679017 3.3625500000000001 1.5485218750000005 0.22615252680797945 0.086867096792096601
decision_type=2 2 10 2 10 2 2 2 2 2 2 2 2 2
left_child=1 2 -1 7 6 -4 -2 8 -3 -10 -11 -12 -13 -9
right_child=4 3 5 -5 -6 -7 -8 13 9 10 11 12 -14 -15
leaf_value=-0.039161969459428403 -0.043680331818588582 0.0064812886046827275 0.022988055844379483 0.024774348877657122 0.023468681162158726 -0.019436741448461133 0.0099676520887918701 -0.001690510303442451 0.020365223831276553 -0.02244377726475625 0.022036006366891046 0.0059637617174275893 -0.037936938010476824 0.011861989109840605
leaf_weight=168.02003929889179 43.368432889692485 985.5500040029292 101.04311733064242 311.92881487868726 698.34891997277737 91.000222221948206 70.042986752465367 927.34039491956355 117.02132141101174 495.12810395978158 157.50144439528231 230.69104122905992 155.98063815175556 1480.5527503940393
leaf_count=22428 406 8233 2835 269 932 5444 134 5786 1062 8650 308 763 1157 3842
internal_value=0.004882 0.00273373 -0.0167881 0.0041827 0.0186807 0.00288841 -0.0107498 0.00276581 -0.00159516 -0.00847848 -0.0117426 -0.00198263 -0.0117976 0.00664404
internal_weight=6033.52 5221.76 360.063 4861.69 811.76 192.043 113.411 4549.77 2141.87 1156.32 1039.3 544.173 386.672 2407.89
internal_count=62249 60777 30707 30070 1472 8279 540 29801 20173 11940 10878 2228 1920 9628
is_linear=0
shrinkage=0.03


Tree=136
num_leaves=15
num_cat=0
split_feature=21 39 42 33 16 38 18 10 39 21 23 11 37 39
split_gain=213.533 175.879 171.111 146.185 127.482 112.022 89.772 86.9813 103.395 99.7943 168.077 253.693 151.033 190.319
threshold=0.28191973142533372 1.3626452237500002 0.37500000000000006 0.028352189862520975 2.1331135416666673 17.013318153750003 0.39881843137254913 0.39826215909090912 248.16932549125002 0.24477502518985247 3.5291000000000001 22.085250000000006 29.291666666666671 139.96771496097224
decision_type=2 8 2 2 2 8 2 2 8 2 2 2 10 8
left_child=3 -2 -3 5 -4 -1 7 9 -9 10 11 -7 13 -11
right_child=1 2 4 -5 -6 6 -8 8 -10 12 -12 -13 -14 -15
leaf_value=-0.041303942745009356 -0.042879785621922718 -0.036592378074259711 -0.016587225795146942 -0.028104360620116928 0.025347810025127638 0.0084695568239583647 0.020626798524003301 0.02692204767847526 -0.0047974961517252106 0.0113487549736673 0.018285921196119034 -0.037594172493926013 0.0013670769637741931 -0.026534617554202451
leaf_weight=50.406902953633107 41.582778461277485 45.859488056506962 69.853292186802719 141.3953611633624 870.11020872404333 387.04237630584976 251.49448214285076 256.86818508402212 143.7961766787339 166.37976288108621 661.74595438002143 147.91051090334076 2275.3243028376601 417.04068683774676
leaf_count=1459 229 1319 2398 6442 1222 6968 267 1573 1356 1643 2691 4169 26368 4111
internal_value=0.00445723 0.0168852 0.019447 0.00184818 0.0222171 0.002744 0.00322432 0.00223775 0.0155545 0.000918591 0.00818845 -0.0043131 -0.00212644 -0.0157301
internal_weight=5926.81 1027.41 985.823 4899.4 939.964 4758.01 4707.6 4456.11 400.664 4055.44 1196.7 534.953 2858.74 583.42
internal_count=62215 5168 4939 57047 3620 50605 49146 48879 2929 45950 13828 11137 32122 5754
is_linear=0
shrinkage=0.03


Tree=137
num_leaves=15
num_cat=0
split_feature=22 18 37 40 23 29 35 39 40 21 34 9 9 8
split_gain=185.159 195.418 109.027 114.861 197.341 276.271 256.351 273.64 192.18 190.766 162.193 142.446 158.208 128.55
threshold=0.16657500000000616 0.13896477272727223 147.54166666666669 683.50000000000011 3.2672500000000002 0.0056673582599439882 1.4226000000000003 421.24436038180562 578.50000000000011 0.26627967865155072 0.036978898225957284 0.59004611797860995 0.55248072606035592 23.181785416666667
decision_type=2 2 8 10 2 2 2 10 10 2 2 2 2 2
left_child=2 -2 3 8 5 -5 -6 -8 9 13 -7 12 -9 -1
right_child=1 -3 -4 4 6 10 7 11 -10 -11 -12 -13 -14 -15
leaf_value=0.0038760092107905588 0.0020936307006125293 0.020799479314675077 -0.021025825217068729 -0.03774915624171192 0.027709135103271377 0.027069978524024298 -0.046094898257922734 0.022870084769488996 -0.037544464062582196 -0.034175144366592254 -0.03704493154787538 0.017177527273687865 -0.054001650496123522 -0.044347641236551549
leaf_weight=1807.7024701849441 918.18571532232454 1110.2594292027643 188.56980821257457 177.06788397743367 623.06314744969131 162.37856373004615 95.505588531144895 39.712276058737189 129.48539349186467 135.64805822988274 44.440825317462441 394.85520689346595 58.572608075104654 50.16031704650959
leaf_count=19766 4910 1859 6812 9411 1889 295 2912 27 6994 3211 1245 1283 767 673
internal_value=0.00498602 0.0123374 0.0011673 0.00229806 0.00837727 -0.0103475 0.0143132 0.000111037 -0.00227273 3.59692e-05 0.0131812 0.00913483 -0.0230239 0.00255087
internal_weight=5935.61 2028.45 3907.16 3718.59 1595.6 383.887 1211.71 588.646 2123 1993.51 206.819 493.14 98.2849 1857.86
internal_count=62054 6769 55285 48473 17829 10951 6878 4989 30644 23650 1540 2077 794 20439
is_linear=0
shrinkage=0.03


Tree=138
num_leaves=15
num_cat=0
split_feature=42 22 33 34 38 39 38 20 40 40 39 23 12 40
split_gain=173.293 196.704 164.565 95.4584 89.4155 140.763 136.195 258.714 107.104 106.182 102.003 286.006 273.377 213.638
threshold=1.1250000000000002 0.28306659090909164 0.029746628069587593 0.097248809523809668 474.94920017277781 737.65323821972231 493.25401706083341 3.8428786458333342 444.50000000000006 993.50000000000011 248.16932549125002 3.2672500000000002 2.3826125 731.50000000000011
decision_type=2 2 2 2 10 10 10 2 10 8 10 2 2 10
left_child=-1 3 -3 4 5 9 -6 8 -8 10 12 -12 -2 -13
right_child=1 2 -4 -5 6 -7 7 -9 -10 -11 11 13 -14 -15
leaf_value=-0.02733610093474502 -0.0030293627247573963 0.02502216188236971 -0.006587409971921648 -0.034459052641232203 0.027032743027391282 -0.049959136994584839 -0.0065465125763246469 0.025217678544712446 -0.068430199892839091 -0.030663599966443258 -0.040036902630959798 -0.0065926012604868032 0.019218126501178854 0.013319151590854226
leaf_weight=147.26878580549965 979.34328003949486 708.81556717865169 186.90115355886519 59.043730644742027 333.52739022020251 45.209836510242894 48.53433149587363 127.75941301044077 51.815209509339184 83.20236280845711 156.90685765526723 1134.0017703268677 1008.0148683770094 845.77940422098618
leaf_count=22027 14590 738 602 4234 212 330 114 110 357 4359 2631 6580 2797 2300
internal_value=0.00469107 0.00551326 0.0184265 0.00313643 0.00360459 0.00211702 0.014844 -0.00301786 -0.0388599 0.00268836 0.0033685 -0.00118181 0.00825885 0.0019163
internal_weight=5916.12 5768.86 895.717 4873.14 4814.09 4252.46 561.636 228.109 100.35 4207.25 4124.05 2136.69 1987.36 1979.78
internal_count=61981 39954 1340 38614 34380 33587 793 581 471 33257 28898 11511 17387 8880
is_linear=0
shrinkage=0.03


Tree=139
num_leaves=15
num_cat=0
split_feature=22 42 18 37 38 37 32 30 38 7 11 30 9 11
split_gain=169.572 238.16 169.428 124.502 123.717 112.262 179.894 159.642 162.398 279.229 236.279 201.226 137.5 128.933
threshold=0.16910901785714308 2.8750000000000004 0.13896477272727223 147.54166666666669 337.55790493708338 124.79166666666669 1.7633265625000007 0.011939999999999755 411.92116080722229 21.469500000000004 21.47935 0.0083999999999992119 0.55248072606035592 20.539000000000005
decision_type=2 2 2 8 10 10 2 2 8 2 2 2 2 2
left_child=3 -2 4 5 -3 7 -7 8 9 10 12 -11 -1 -9
right_child=1 2 -4 -5 -6 6 -8 13 -10 11 -12 -13 -14 -15
leaf_value=0.031336795764113218 -0.019167477301754048 0.01100578061322928 0.023927318002061167 -0.023498297274207609 -0.018643750902186947 0.013773649233023008 -0.047375906257722818 0.023826144657023311 0.018002073207698473 -0.032679476827200127 0.025454382546116282 0.0046819475009546394 -0.03395595645466027 -0.012734967885743966
leaf_weight=37.534727541729808 199.44849530851934 644.29716127971187 949.93804390996229 177.19413120538229 156.63782383746002 927.95889352011727 44.45043563155923 93.908942914044019 567.62888334691525 312.87284408221603 396.05653611273738 220.7777062287787 117.9235068836133 1025.8734573773108
leaf_count=184 2634 1923 1153 6742 898 6963 508 190 1688 12698 4196 1569 8597 12122
internal_value=0.0045981 0.011825 0.0153644 0.00100241 0.00519124 0.00216762 0.0109326 -0.0009093 0.00501506 -0.00178852 0.0131693 -0.0172428 -0.0180918 -0.0096503
internal_weight=5872.5 1950.32 1750.87 3922.18 800.935 3744.99 972.409 2772.58 1652.79 1085.17 551.515 533.651 155.458 1119.78
internal_count=62065 6608 3974 55457 2821 48715 7471 41244 28932 27244 12977 14267 8781 12312
is_linear=0
shrinkage=0.03


Tree=140
num_leaves=15
num_cat=0
split_feature=22 34 38 37 14 25 42 21 22 39 4 34 19 40
split_gain=171.946 132.883 125.257 141.439 108.414 103.617 79.8856 111.745 82.122 108.534 150.468 128.552 120.934 134.12
threshold=0.35467571428571454 0.10335075757575812 9.6741100033333343 138.04166666666669 -0.11583392857142842 0.0033469720976164281 2.8750000000000004 0.24558767100846132 0.14804265151515086 498.0167850366667 24.657187500000003 0.067036225296442528 3.8431000000000002 490.50000000000006
decision_type=2 2 10 10 2 2 2 2 2 10 2 2 2 10
left_child=1 4 3 -2 5 -1 7 -6 9 12 11 -11 13 -8
right_child=2 -3 -4 -5 6 -7 8 -9 -10 10 -12 -13 -14 -15
leaf_value=-0.0022465354821557364 -0.052307541768138802 -0.044497722476592394 0.022908772533593871 0.018038288630943027 0.013926486040613249 -0.036569461760613202 -0.0085838737953425667 -0.035126610961659782 0.0133630653807308 -0.04927008429469603 0.028339805895898705 0.0088797783828921586 0.025386817871341116 0.0082242113711735072
leaf_weight=1210.9425214586372 44.578995935153216 52.630963481467916 636.95186345092952 58.220915541052818 71.574591054872144 83.711040226859041 620.5324790001614 98.037550476787146 1098.3081843883265 109.71542941406369 49.025671005249023 49.12598451692611 242.22464472381398 1366.3165380705614
leaf_count=17240 437 4011 925 86 5417 1206 6980 12020 2629 882 25 221 265 9651
internal_value=0.00445482 0.0024752 0.0179531 -0.0126771 0.00297849 -0.00449233 0.00558966 -0.0144664 0.00655571 0.00348348 -0.0171982 -0.0313426 0.00541894 0.00297303
internal_weight=5791.9 5052.15 739.752 102.8 4999.51 1294.65 3704.86 169.612 3535.25 2436.94 207.867 158.841 2229.07 1986.85
internal_count=61995 60547 1448 523 56536 18446 38090 17437 20653 18024 1128 1103 16896 16631
is_linear=0
shrinkage=0.03


Tree=141
num_leaves=15
num_cat=0
split_feature=42 22 33 20 7 23 10 40 33 9 16 10 24 19
split_gain=154.238 191.092 153.762 85.1539 109.396 232.982 321.545 189.952 148.386 183.459 136.072 227.578 116.426 285.322
threshold=0.87500000000000011 0.28306659090909164 0.029908954568543578 2.0720659722222226 21.504650000000002 3.2002000000000006 0.45060683982684185 857.50000000000011 0.023172743689639737 0.59265460659061941 2.253835416666667 0.053904999999996768 1.3114083333333335 3.3848500000000006
decision_type=2 2 2 2 2 2 2 8 2 2 2 2 2 2
left_child=-1 3 -3 -2 7 6 -6 10 12 -10 11 -5 -7 -14
right_child=1 2 -4 4 5 8 -8 -9 9 -11 -12 -13 13 -15
leaf_value=-0.028613185794754151 -0.0375523559895427 0.025036904193794552 -0.006283073821478101 0.014804178692905533 -0.037150711795380022 0.019993296528783573 0.02887367542640756 -0.035425469189777063 0.0083236119081510074 -0.035907585576445675 0.021684918021826885 -0.02692255564440147 -0.026242967216681228 0.0070313126597165614
leaf_weight=119.49809903962887 44.36049271968659 690.18659732304513 176.81248038634658 387.19022628047969 281.61520334059605 441.84262243250851 85.951214787841309 74.651230943971314 158.54767841869034 178.70427885768004 763.06992781010922 167.7918013514718 261.42693812015932 1995.5782125259284
leaf_count=21195 1529 749 609 2808 6037 1216 396 4763 1653 3687 2348 6174 2853 6150
internal_value=0.00497925 0.00568743 0.0186497 0.00336244 0.00374861 0.000849452 -0.0216752 0.0108282 0.00358265 -0.0151506 0.0134728 0.0021629 0.00592833 0.00316727
internal_weight=5827.23 5707.73 866.999 4840.73 4796.37 3403.67 367.566 1392.7 3036.1 337.252 1318.05 554.982 2698.85 2257.01
internal_count=62167 40972 1358 39614 38085 21992 6433 16093 15559 5340 11330 8982 10219 9003
is_linear=0
shrinkage=0.03


Tree=142
num_leaves=15
num_cat=0
split_feature=18 38 16 31 11 23 34 37 40 20 34 36 36 16
split_gain=170.203 116.432 95.6429 254.281 155.837 155.707 136.194 111.581 107.453 95.6092 95.0989 79.9908 82.2964 97.6146
threshold=0.36276249999999982 0.85902305791666678 2.2609322916666672 1.0369500000000003 20.919 3.0244000000000004 0.1095806630546957 124.29166666666669 787.50000000000011 2.0720659722222226 0.09412142857142905 4.5000000000000009 2.5000000000000004 2.9127510416666671
decision_type=2 8 2 2 2 2 2 10 10 2 2 2 2 2
left_child=1 -1 4 -4 9 -5 11 10 -9 -3 -6 12 13 -7
right_child=-2 2 3 5 7 6 -8 8 -10 -11 -12 -13 -14 -15
leaf_value=-0.050194566195446551 0.019936045540103829 -0.036069751509727077 0.02162783803710417 -0.036518102267032837 -0.035094027039970437 -0.0063488699573005548 -0.055754005737540066 0.025067852710087834 -0.032766125658884447 0.018316575569175392 0.024434912726418789 -0.03562959887089967 0.011549729925357969 0.0053735116356982936
leaf_weight=36.450910954619758 558.6791552985087 32.701492921856698 660.93155309779104 93.692998850194272 256.92108245973941 1024.83656901418 34.839039329031948 80.185535852331668 43.920207782881334 213.85296495305374 25.947404582344461 46.579973979794886 870.69970061187632 1695.9115286727319
leaf_count=239 722 2029 2164 4056 11843 14757 1584 180 3803 3679 1319 933 5250 9246
internal_value=0.00422854 0.00251018 0.00289808 0.00447965 -0.00780711 0.00146565 0.00244428 -0.0191918 0.00450248 0.0109865 -0.0295666 0.00301677 0.00352778 0.000957278
internal_weight=5676.15 5117.47 5081.02 4427.49 653.529 3766.56 3672.87 406.974 124.106 246.554 282.868 3638.03 3591.45 2720.75
internal_count=61804 61082 60843 37990 22853 35826 31770 17145 3983 5708 13162 30186 29253 24003
is_linear=0
shrinkage=0.03


Tree=143
num_leaves=15
num_cat=0
split_feature=22 34 39 42 22 24 16 7 39 39 23 42 9 34
split_gain=168.298 177.158 124.301 123.912 98.122 124.699 275.158 165.149 145.881 285.475 230.386 171.856 142.278 123.089
threshold=0.35467571428571454 0.094489878542510647 41.171987552083344 1.6250000000000002 0.15738295454545745 1.7633166666666671 3.2810250000000005 24.378200000000003 335.05790493708338 421.24436038180562 3.4864500000000005 7.6250000000000009 0.60968697951401063 0.076318733288770826
decision_type=2 2 10 2 2 2 2 2 10 10 2 2 2 2
left_child=1 3 -2 -1 5 6 8 -7 10 -10 11 -5 -11 -6
right_child=2 -3 -4 4 13 7 -8 -9 9 12 -12 -13 -14 -15
leaf_value=-0.030612135994249334 -0.013510411648282535 -0.034625019481849845 0.022589243086263859 -0.022542505676202525 0.014954824353473409 -0.04785874746877921 0.028687675161450755 -0.0019227372443081469 -0.040790868926854969 0.0092340272099423939 0.023802146317920641 0.0029742619629547014 -0.039311902276492255 -0.011266822787536891
leaf_weight=94.895759752718732 98.642425257246941 113.32397971808678 631.66351662948728 279.81908803398255 1070.4328262798954 101.86083374463487 336.43243919778615 223.7531159222126 213.69935032015201 353.24887350935023 414.36976263870019 1540.8018504448701 63.179655845277011 188.87691052386072
leaf_count=20726 538 7581 941 11037 1966 1036 204 876 2612 1092 1993 9705 529 1239
internal_value=0.00425996 0.00229144 0.0177015 0.0031554 0.00383112 0.00126344 0.00306398 -0.0163953 4.61931e-05 -0.012691 0.00364136 -0.000957742 0.00179221 0.0110162
internal_weight=5725 4994.69 730.306 4881.37 4786.47 3527.16 3201.55 325.614 2865.12 630.128 2234.99 1820.62 416.429 1259.31
internal_count=62075 60596 1479 53015 32289 29084 27172 1912 26968 4233 22735 20742 1621 3205
is_linear=0
shrinkage=0.03


Tree=144
num_leaves=15
num_cat=0
split_feature=22 38 18 11 16 39 39 33 23 38 40 39 38 20
split_gain=169.253 134.8 129.833 106.206 115.628 192.332 176.214 177.384 161.9 118.348 235.02 145.523 119.739 251.518
threshold=0.35467571428571454 8.7790729341666687 0.46536019607843149 20.539000000000005 2.2041437500000005 6.9250069995833341 155.97277606763893 0.027132626295977669 3.0244000000000004 474.94920017277781 102.50000000000001 737.65323821972231 493.25401706083341 3.8428786458333342
decision_type=2 10 2 2 2 10 10 2 2 10 10 10 10 2
left_child=2 -2 3 -1 5 -5 -6 8 -8 10 -10 -12 -11 -14
right_child=1 -3 -4 4 6 -7 7 -9 9 12 11 -13 13 -15
leaf_value=0.02387547180941476 -0.014972832328441332 0.022722254280495985 0.025181222331861444 0.012902490153763874 0.014142644507290275 -0.034318979745217366 -0.03698994997978184 -0.037703182983274609 -0.042943780951568734 0.025436356232553754 0.0010400373933036318 -0.052740774759140248 -0.039833640445173422 0.024936654559798228
leaf_weight=169.23898973467294 98.748095286544412 602.21918015368283 201.05421147122979 121.12721780675929 760.65559356036829 213.04624875608715 104.96939400827978 118.6460057554068 118.83541367622092 313.81405967473984 2474.6689431380073 45.125103144324385 95.175674477883149 121.93893730617128
leaf_count=1005 547 919 192 1073 6022 16711 3729 5315 1139 448 23833 471 454 117
internal_value=0.00362837 0.0173982 0.00163845 0.000616913 -0.000265272 -0.0172153 0.00110216 -0.00182446 -0.00051335 0.000705967 -0.00189575 5.63769e-05 0.0136153 -0.0035089
internal_weight=5559.26 700.967 4858.3 4657.24 4488 334.173 4153.83 3393.17 3274.53 3169.56 2638.63 2519.79 530.929 217.115
internal_count=61975 1466 60509 60317 59312 17784 41528 35506 30191 26462 25443 24304 1019 571
is_linear=0
shrinkage=0.03


Tree=145
num_leaves=15
num_cat=0
split_feature=18 42 22 21 13 24 12 12 42 9 19 2 28 38
split_gain=164.781 152.921 197.441 92.4069 66.7728 88.2368 129.075 123.492 106.32 76.5216 116.16 70.8707 66.9131 75.1671
threshold=0.39881843137254913 2.8750000000000004 0.31093901098901028 0.24623016429448333 0.24890815400729299 1.7633166666666671 3.3403291666666672 4.0269625000000007 7.6250000000000009 0.64687666657954523 2.6819500000000005 -0.64531363636364214 0.77300833333333341 92.800948855694458
decision_type=2 2 2 2 2 2 2 2 2 2 2 2 2 8
left_child=1 3 4 -1 9 6 8 -7 -6 10 -3 -10 -12 -14
right_child=-2 2 -4 -5 5 7 -8 -9 11 -11 12 -13 13 -15
leaf_value=0.0069352790547121904 0.022130052669290648 -0.02843641442161093 0.020005661553179378 -0.029663743554393707 -0.022750334933456219 -0.04896776394357507 0.029724853940812923 -0.00029112252299011844 -0.0235337876603143 0.019959798659813947 0.025944525698052352 0.0032942401469291415 -0.012058907556864961 0.0045967201883483858
leaf_weight=88.100468793098116 401.85357058700174 104.37349097963306 572.51255922205746 206.6677890290739 221.23905338253826 87.459050638484769 110.21211358439177 99.885555243119597 98.404461145284586 244.03260069480166 115.28427584626479 815.86468394543044 275.66163003904512 2057.8904590371531
leaf_count=8965 478 3306 853 19457 5710 792 64 298 817 1814 300 4311 2974 11809
internal_value=0.00365897 0.0021988 0.00348744 -0.0187385 0.00124773 -0.00401633 -0.00112187 -0.0231544 -0.00413937 0.00394505 0.00240716 0.000384133 0.00373284 0.00262487
internal_weight=5499.44 5097.59 4802.82 294.768 4230.31 1433.06 1245.72 187.345 1135.51 2797.24 2553.21 914.269 2448.84 2333.55
internal_count=61948 61470 33048 28422 32195 11992 10902 1090 10838 20203 18389 5128 15083 14783
is_linear=0
shrinkage=0.03


Tree=146
num_leaves=15
num_cat=0
split_feature=42 21 12 6 36 38 10 33 30 21 38 33 27 12
split_gain=161.265 191.856 186.176 150.634 106.744 103.805 110.999 115.707 101.545 102.771 101.478 91.1861 90.9092 83.6786
threshold=1.1250000000000002 0.28762349039227958 2.4896375000000002 0.085100000000003492 1.0000000180025095e-35 327.94343076333342 0.36820476190475587 1.0000000180025095e-35 0.018821052631579054 0.25585178656037838 196.06658364569446 0.027029052651032063 1.7793000000000003 3.3403291666666672
decision_type=2 2 2 2 2 10 2 2 2 2 8 2 2 2
left_child=-1 3 4 5 -3 6 7 -2 9 -7 -8 -5 13 -11
right_child=1 2 -4 11 -6 8 10 -9 -10 12 -12 -13 -14 -15
leaf_value=-0.028193776085978981 0.01178526055766963 0.010879690421328574 0.02684826707666306 0.0084645778727067203 -0.03887939599564165 0.013770991894706449 0.016657634887221752 -0.017240875624619453 -0.031067962731844992 -0.024515098386985592 -0.042197413882812111 -0.023391767670847489 -0.055256562979311745 0.027476559875930642
leaf_weight=133.96705281699542 143.42178363748826 92.97388378100004 589.89111905358732 2581.5803962112986 65.198121844092384 592.75627253280254 213.54869664786384 866.2561618858017 63.368548239115626 59.722550129576121 29.093666272237897 82.541137343592709 35.574995548522566 50.481341026723385
leaf_count=22083 884 580 623 13705 2149 1625 1873 13881 571 477 671 2624 322 34
internal_value=0.00420426 0.00500326 0.019108 0.00276347 -0.00974629 -0.00334002 -0.00873377 -0.0131102 0.00508369 0.00822343 0.00945648 0.00746918 -0.0142738 -0.000666246
internal_weight=5600.38 5466.41 748.063 4718.35 158.172 2054.22 1252.32 1009.68 801.904 738.535 242.642 2664.12 145.779 110.204
internal_count=62102 40019 3352 36667 2729 20338 17309 14765 3029 2458 2544 16329 833 511
is_linear=0
shrinkage=0.03


Tree=147
num_leaves=15
num_cat=1
split_feature=18 22 41 29 11 37 22 42 22 40 16 39 36 20
split_gain=159.055 165.178 142.159 105.034 129.878 109.722 104.563 98.3557 108.699 101.477 104.661 121.369 99.9907 189.771
threshold=0.15237510989011052 0.12682444444444355 0 0.0049524008168443439 21.580050000000004 146.54166666666669 0.073566817496229467 0.87500000000000011 0.40447362996480651 232.50000000000003 2.2714322916666672 155.97277606763893 2.5000000000000004 2.8949032986111116
decision_type=2 2 1 2 2 8 2 2 2 10 2 10 2 2
left_child=3 -2 -3 5 -5 7 -6 -1 9 -9 -11 -12 13 -13
right_child=1 2 -4 4 6 -7 -8 8 -10 10 11 12 -14 -15
leaf_value=-0.031675810550928891 3.5961073232200472e-05 -0.017359274991885051 0.020276204211317667 0.0069343289444567524 -0.037042125768541045 -0.032205614519552915 -0.0097733931832013187 -0.015979524330446779 0.027094716151936996 -0.018093545550549681 0.027146509082269784 -0.022137489493550485 0.018157491890348553 0.0074721361092477696
leaf_weight=67.054014179273508 915.96634273816017 97.976120818639174 1060.3956913913717 316.4565692897886 164.61285233355011 77.827753806777764 542.04159979577526 225.82828780429554 181.56219861097634 154.35265305859502 243.27769096114207 269.60741415905068 336.13660702417837 694.47604536660947
leaf_count=16223 6777 1049 1584 4672 3920 4066 5405 4002 188 5597 358 4388 1644 2115
internal_value=0.00306078 0.00955791 0.0170807 -0.00105829 -0.00902311 0.00256565 -0.0161689 0.00382566 0.00497092 0.00286982 0.00538487 0.00774295 0.00409437 -0.000822599
internal_weight=5347.57 2074.34 1158.37 3273.23 1023.11 2250.12 706.654 2172.29 2105.24 1923.68 1697.85 1543.5 1300.22 964.083
internal_count=61988 9410 2633 52578 13997 38581 9325 34515 18292 18104 14102 8505 8147 6503
cat_boundaries=0 1
cat_threshold=4
is_linear=0
shrinkage=0.03


Tree=148
num_leaves=15
num_cat=0
split_feature=18 22 38 34 37 11 7 16 38 37 37 34 37 6
split_gain=128.714 90.0236 129.469 114.566 97.7232 85.2548 285.604 194.398 164.413 174.423 154.323 232.472 198.354 196.974
threshold=0.39881843137254913 0.40447362996480651 7.8929248102777789 0.1095806630546957 139.04166666666669 22.626200000000001 22.653900000000004 2.6196500000000005 214.61629482694448 145.04166666666669 55.541666666666671 0.01705512820512808 120.04166666666669 -0.2111598214285694
decision_type=2 2 10 2 10 2 2 2 10 10 8 2 10 2
left_child=1 3 4 5 -3 7 -7 8 10 -10 13 12 -12 -1
right_child=-2 2 -4 -5 -6 6 -8 -9 9 -11 11 -13 -14 -15
leaf_value=-0.033080093206861193 0.02115069973383215 -0.049062256454586207 0.023129299930064108 -0.052060363249783824 0.015015714353846949 -0.038681701396328483 0.0012331017587470111 0.025059235019301559 -0.039699173176758466 0.020746320087987134 -0.036894377097729969 -0.031409697360395117 0.017070508983522453 0.016057338063683337
leaf_weight=78.418782590946648 382.71391285862774 42.833372534252703 381.33615670353174 34.16434103960637 41.185420144349337 173.24877164751524 2177.0067150434479 411.40110141452169 150.78274894616334 59.201938730751863 74.331517326005269 216.7684802034928 328.59702140651643 982.6656701437023
leaf_count=2154 486 382 657 2656 71 6215 15261 1071 4302 709 7010 10506 2857 7691
internal_value=0.0043878 0.0031387 0.0157092 0.00188743 -0.0178445 0.00229469 -0.00172441 0.00639671 0.00232493 -0.0226399 0.00545547 -0.00643303 0.00704847 0.0123981
internal_weight=5534.66 5151.94 465.355 4686.59 84.0188 4652.42 2350.26 2302.17 1890.77 209.985 1680.78 619.697 402.929 1061.08
internal_count=62028 61542 1110 60432 453 57776 21476 36300 35229 5011 30218 20373 9867 9845
is_linear=0
shrinkage=0.03


Tree=149
num_leaves=15
num_cat=0
split_feature=42 22 33 18 33 42 33 6 10 40 20 11 7 38
split_gain=163.077 185.655 125.557 90.0628 78.1642 139.865 132.295 168.055 117.125 109.119 189.452 151.87 305.897 145.686
threshold=2.1250000000000004 0.26403699054621771 0.029163875828544711 0.39881843137254913 0.015448988954641918 6.8750000000000009 0.020527237555443684 0.33709019138756202 0.52048919511860414 731.50000000000011 2.5143335069444448 21.786000000000005 23.425800000000006 133.76004004597226
decision_type=2 2 2 2 2 2 2 2 2 10 2 2 2 10
left_child=-1 3 -3 4 -2 8 7 -7 -6 11 -11 13 -13 -8
right_child=1 2 -4 -5 5 6 9 -9 -10 10 -12 12 -14 -15
leaf_value=-0.020459052562606085 0.0067270429043549502 0.025141466693158674 -0.0028831972053443245 0.021282829239470429 -0.026043319916668098 -0.018623768105515838 -0.011036396818411906 0.0096407069073760863 0.021170750387147035 -0.031638135941779832 0.025577259715595137 -0.03801759884146734 0.010446329609429213 0.029659048423822103
leaf_weight=231.98086740620784 1710.8028721821611 607.89158811606467 188.14811773970723 223.94017792865634 306.77080842433497 510.86347508413019 120.21484177140519 299.67070672567934 55.093476729642134 58.513866778870579 423.14071412547491 204.4775881258538 272.12388688977808 228.48503429500852
leaf_count=25747 8381 730 587 240 12922 4309 1492 984 466 1266 783 2890 663 472
internal_value=0.00409924 0.00519641 0.0185224 0.00278955 0.00179634 -0.00160728 0.00134115 -0.00817482 -0.0188165 0.0072444 0.0185753 0.0006171 -0.0103823 0.0156378
internal_weight=5442.12 5210.14 796.04 4414.1 4190.16 2479.35 2117.49 810.534 361.864 1306.96 481.655 825.301 476.601 348.7
internal_count=61932 36185 1317 34868 34628 26247 12859 5293 13388 7566 2049 5517 3553 1964
is_linear=0
shrinkage=0.03


Tree=150
num_leaves=15
num_cat=1
split_feature=18 22 21 38 41 37 39 38 37 34 37 34 37 39
split_gain=177.165 181.248 179.961 137.944 113.812 106.695 190.767 161.262 94.9626 139.058 92.5435 112.255 100.857 117.253
threshold=0.12471428571428488 0.086867096792096601 0.24477502518985247 121.06470357666667 0 114.04166666666669 29.717394774444447 49.257471356388898 30.041666666666671 0.061240000000000495 50.291666666666671 0.092898357620640262 54.041666666666671 63.320692317777791
decision_type=2 2 2 10 1 10 10 10 8 2 10 2 10 10
left_child=2 10 8 5 -3 6 -4 -8 -1 -10 11 -2 -12 -14
right_child=1 4 3 -5 -6 -7 7 -9 9 -11 12 -13 13 -15
leaf_value=0.022087650729179651 -0.03168037021082068 -0.010332829666368804 -0.043707697239774947 -0.012783438929933727 0.017740987402453386 0.013606619140818418 0.015472461802805133 -0.022162715188601741 0.0086180390947950859 -0.035256359528186391 0.027805507333842128 0.040036152892602747 0.021167219558774153 -0.012050926488105842
leaf_weight=367.88390352515853 143.30401141016046 141.1388073611306 99.068058405391639 1132.2466905377514 1558.5099736442789 436.84051116384217 287.82511719546164 157.81689885538071 438.60169481940102 75.302784791478189 119.70881544001168 21.86373841643217 131.10227545615635 345.53302579905721
leaf_count=2083 1712 2159 3435 18754 3095 4960 3277 5585 6706 4591 208 243 1112 4207
internal_value=0.00399634 0.00995828 -0.000903648 -0.00565254 0.015405 0.00257779 -0.00627572 0.00212479 0.0104738 0.00213311 -0.0022028 -0.0220032 0.00330892 -0.00288883
internal_weight=5456.75 2461.16 2995.59 2113.8 1699.65 981.551 544.71 445.642 881.788 513.904 761.512 165.168 596.344 476.635
internal_count=62127 12736 49391 36011 5254 17257 12297 8862 13380 11297 7482 1955 5527 5319
cat_boundaries=0 1
cat_threshold=4
is_linear=0
shrinkage=0.03


Tree=151
num_leaves=15
num_cat=0
split_feature=18 22 38 34 40 20 11 16 39 23 39 18 12 34
split_gain=141.34 100.984 119.077 116.921 76.8623 70.1311 88.9943 127.565 180.874 143.541 139.409 122.007 163.95 123.865
threshold=0.39881843137254913 0.40447362996480651 6.9919221045833337 0.10335075757575812 915.50000000000011 2.0720659722222226 20.539000000000005 2.2400864583333338 155.97277606763893 3.0244000000000004 6.9250069995833341 0.025053974358973993 2.8244458333333342 0.088937048503610991
decision_type=2 2 10 2 10 2 2 2 10 2 10 2 2 2
left_child=1 3 4 5 -3 -1 -7 10 -9 -10 -8 12 -11 -13
right_child=-2 2 -4 -5 -6 6 7 8 9 11 -12 13 -14 -15
leaf_value=-0.036494916301484256 0.021512617248728709 -0.048112880675815109 0.022609855188567743 -0.042937672399208177 0.01020316617915569 0.028720932793407622 0.010534864885154519 0.017130352470484049 -0.035810606687462818 -0.028161615531380798 -0.028362355713012769 0.0058889343562504122 -0.00056299050729466664 -0.044731160635375231
leaf_weight=42.618289904785343 364.77801448665559 37.656467446591705 378.56364707835019 53.277013465209166 42.33152212947607 106.30180607317016 122.67744991503423 647.91295467928285 97.804614435764961 260.92431025675614 252.17564878048142 2150.7257978765992 744.13696242813603 43.412981646833941
leaf_count=2589 474 393 689 4082 81 281 1128 3486 3888 8871 16432 12057 6329 1479
internal_value=0.003513 0.00219063 0.0155894 0.000828785 -0.0175057 0.00136007 0.00173273 0.00106211 0.00265258 -0.000196859 -0.0156384 0.00090276 -0.00774875 0.00486745
internal_weight=5345.3 4980.52 458.552 4521.97 79.988 4468.69 4426.07 4319.77 3944.92 3297 374.853 3199.2 1005.06 2194.14
internal_count=62259 61785 1163 60622 474 56540 53951 53670 36110 32624 17560 28736 15200 13536
is_linear=0
shrinkage=0.03


Tree=152
num_leaves=15
num_cat=0
split_feature=42 22 33 11 11 11 7 16 20 7 7 33 10 22
split_gain=181.734 186.182 108.711 94.3412 197.056 206.017 133.641 123.375 96.6359 80.0796 165.705 104.052 172.375 109.852
threshold=3.1250000000000004 0.26403699054621771 0.029593149679967581 21.580050000000004 21.47935 21.108500000000003 21.395300000000002 2.366072916666667 2.0720659722222226 21.469500000000004 21.934850000000001 0.022294853719797014 0.20211331465919968 0.11789785714285649
decision_type=2 2 2 2 2 2 2 2 2 2 2 2 2 2
left_child=-1 3 -3 4 5 8 -5 -7 -2 -8 -11 13 -13 -12
right_child=1 2 -4 6 -6 7 9 -9 -10 10 11 12 -14 -15
leaf_value=-0.016835293072669934 -0.036678243572838019 0.025551239812847047 -0.0026414677043338215 -0.03156555652157074 0.024983332549782838 -0.039491196368397381 0.023534891924838083 0.03050598576855159 0.015190087852885711 -0.024176511293935641 -0.0011283183047671277 0.0063318116428510264 -0.034330317448983412 0.011781001020522135
leaf_weight=359.97212446932099 34.522604424331803 558.67388395220041 157.57731246110052 113.16298341756919 472.70372445229441 144.63686589593999 140.46509528870229 26.07340627303347 363.68078030401375 226.48869626206579 1297.9851287796628 205.75006131682312 171.09271510635153 1091.4294353181031
leaf_count=29520 1055 674 479 3004 1390 4175 525 17 4062 3666 6462 1204 3404 2446
internal_value=0.00372426 0.00520625 0.0193537 0.00283914 0.0106903 -0.00120869 0.000317553 -0.0286848 0.0106127 0.00147879 0.000436064 0.00245924 -0.0121715 0.00477082
internal_weight=5364.21 5004.24 716.251 4287.99 1041.62 568.914 3246.37 170.71 398.203 3133.21 2992.75 2766.26 376.843 2389.41
internal_count=62083 32563 1153 31410 10699 9309 20711 4192 5117 17707 17182 13516 4608 8908
is_linear=0
shrinkage=0.03


Tree=153
num_leaves=15
num_cat=0
split_feature=42 21 39 40 33 38 39 23 23 28 39 8 23 40
split_gain=155.502 176.453 149.236 155.29 124.31 104.401 105.258 243.315 172.296 124.436 156.276 119.523 258.08 161.86
threshold=0.62500000000000011 0.28762349039227958 24.024031064305557 739.50000000000011 0.028352189862520975 17.013318153750003 212.70065867111114 3.2002000000000006 3.0881000000000003 1.2306364583333336 302.42198755208341 20.962418229166673 3.6137500000000005 731.50000000000011
decision_type=2 2 8 10 2 8 10 2 2 2 10 2 2 10
left_child=-1 4 3 -3 5 -2 8 -8 -7 -9 -11 -12 13 -13
right_child=1 2 -4 -5 -6 6 7 9 -10 10 11 12 -14 -15
leaf_value=-0.035450727809418422 -0.040968088988616085 -0.043720077106835502 0.027919845070494147 0.013573218903031479 -0.026824746691855476 0.0019675555808216995 -0.035115278962337675 0.025118375167993451 0.022549782106540954 -0.03853903876579301 0.026162956027202505 -0.043052193181134617 0.0046976672566848314 -0.0031514365744215295
leaf_weight=88.498345806088764 46.788307617476676 58.122859727765899 474.48067865800112 151.16661955282325 127.27046166243963 948.83120949013392 164.58092276513344 199.07382434466854 595.17312221252359 87.886509541480336 169.67163217091002 180.11600869090762 1830.6790361586609 185.26743629004341
leaf_count=20211 1273 1745 579 1179 4968 13880 3544 398 1696 1668 376 2581 6524 1370
internal_value=0.00376141 0.00443298 0.018628 -0.00247024 0.00228924 0.00313571 0.00361815 0.000167106 0.00991092 0.00236854 0.000513253 0.00197971 0.00010021 -0.0228844
internal_weight=5307.61 5219.11 683.77 209.289 4535.34 4408.07 4361.28 2817.28 1544 2652.69 2453.62 2365.73 2196.06 365.383
internal_count=61992 41781 3503 2924 38278 33310 32037 16461 15576 12917 12519 10851 10475 3951
is_linear=0
shrinkage=0.03


Tree=154
num_leaves=15
num_cat=0
split_feature=18 42 22 34 38 28 19 12 37 5 8 12 31 38
split_gain=135.674 119.311 115.006 93.6319 72.3904 158.808 213.864 169.966 164.082 175.786 161.753 232.525 193.764 122.53
threshold=0.36276249999999982 0.87500000000000011 0.40447362996480651 0.10335075757575812 474.94920017277781 1.6105031250000004 3.9069500000000006 3.1125208333333338 93.791666666666686 0.57172057812983945 21.315201562500004 2.8158875000000001 1.5485500000000003 493.25401706083341
decision_type=2 2 2 2 10 2 2 2 10 2 2 2 2 10
left_child=1 -1 3 4 5 7 -7 10 9 -8 11 -3 -12 -6
right_child=-2 2 -4 -5 13 6 8 -9 -10 -11 12 -13 -14 -15
leaf_value=-0.033929385964697877 0.018617502776008519 0.00038978605610385646 0.01833522075383507 -0.039329558549980055 0.024980556297844361 -0.043181266535673085 -0.040034861863623122 0.028763207302482982 -0.034602340036876032 0.012272226835134783 -0.043395202426526287 0.027957503933364464 -0.00063569895582020063 -0.0046615122811663268
leaf_weight=82.225259995771921 466.11936951801181 2097.0306532527029 370.10490288119763 50.367868191475281 286.0842198105529 159.29278676694958 67.067784814746119 213.31661800155416 122.55346743401606 383.5353090360295 149.89644663099898 315.99576615035767 259.3177452784148 222.5155450127786
leaf_count=21070 705 27114 699 2946 225 2081 621 156 1238 969 2148 338 1210 617
internal_value=0.00318589 0.00167728 0.00230769 0.000932867 0.00141614 -1.90775e-05 -0.0125474 0.00300701 -0.00397317 0.00441543 0.00105075 0.00400998 -0.0163662 0.0120283
internal_weight=5245.42 4779.3 4697.08 4326.97 4276.61 3768.01 732.449 3035.56 573.157 450.603 2822.24 2413.03 409.214 508.6
internal_count=62137 61432 40362 39663 36717 35875 4909 30966 2828 1590 30810 27452 3358 842
is_linear=0
shrinkage=0.03


Tree=155
num_leaves=15
num_cat=0
split_feature=14 18 22 21 38 37 18 37 11 15 22 33 19 9
split_gain=123.528 105.408 76.1957 91.6954 128.143 127.466 103.093 177.472 85.1267 140.232 94.5884 87.7262 85.3776 105.537
threshold=-0.18104772727272672 0.39881843137254913 0.40447362996480651 0.24452820727379745 139.37141960736116 140.04166666666669 0.077477511961722326 29.291666666666671 22.626200000000001 3.7113 0.088752291666665706 0.02252044910371543 3.0230500000000005 0.62762753587106135
decision_type=2 2 2 2 8 8 2 10 2 2 2 2 2 2
left_child=-1 2 3 4 -2 -6 7 -5 12 10 -10 -12 13 -8
right_child=1 -3 -4 6 5 -7 8 -9 9 -11 11 -13 -14 -15
leaf_value=-0.0056589805782127642 -0.017227216761018953 0.022266577220104243 0.018916099865323891 -0.035518717802339346 0.018189382196650571 -0.037728333107335921 -0.010706163168785112 -0.0014735814195475623 -0.045228272751758045 0.0082956066145071349 0.0026402914739989017 -0.048079922667484197 0.021557597084863669 0.019629461551695523
leaf_weight=1006.2011415826273 121.8451883966336 330.74169277492911 309.27498434623703 161.09482859427226 792.6119578613725 37.553232978098094 238.02428591967328 920.2542445588042 83.573171392970835 452.0143054323562 157.99880034493981 37.062844197076629 418.30689613637514 180.67789369210368
leaf_count=15128 5462 424 779 4075 5608 970 4276 18271 1640 1484 560 792 1282 1126
internal_value=0.00378696 0.00602886 0.00465009 0.00341994 0.0114002 0.0156175 0.000548748 -0.00657361 0.00546271 -0.00201917 -0.0187221 -0.00719292 0.0119885 0.00239981
internal_weight=5247.24 4241.03 3910.29 3601.02 952.01 830.165 2649.01 1081.35 1567.66 730.649 278.635 195.062 837.009 418.702
internal_count=61877 46749 46325 45546 12040 6578 33506 22346 11160 4476 2992 1352 6684 5402
is_linear=0
shrinkage=0.03


Tree=156
num_leaves=15
num_cat=0
split_feature=22 38 14 37 25 25 39 16 24 8 16 16 35 22
split_gain=104.958 112.587 95.7982 86.7309 74.261 64.789 120.803 101.872 128.132 99.8036 96.1896 81.0198 111.607 75.6126
threshold=0.40447362996480651 12.404318882500002 -0.11583392857142842 138.54166666666669 0.0034412530017746239 0.00014907119850003167 154.10047265972227 2.8834645833333332 1.745641666666667 23.880229513888892 2.2041437500000005 3.3260062500000007 1.6047500000000003 0.14631502525252635
decision_type=2 10 2 10 2 2 10 2 2 2 2 2 2 2
left_child=2 3 4 -2 -1 6 10 -8 11 -10 -4 12 -9 -7
right_child=1 -3 5 -5 -6 13 7 8 9 -11 -12 -13 -14 -15
leaf_value=-0.002903321299787084 -0.047548477251420938 0.023305949387598369 -0.021650446787102758 0.014001239704306173 -0.033801717957386318 0.0034068943389519353 -0.031265030836264002 0.0085266368214181789 -0.045176224403641128 0.0046229199944585898 0.023510514901151497 0.027399500847708622 -0.049209237529028747 0.013928997016144921
leaf_weight=1170.2407671260589 38.167976440163329 410.88601759448647 52.136511863471242 42.746036894619465 73.482330488535808 1685.4542483626865 147.73595928310533 133.67966954410076 88.819954972539563 60.407872213982046 212.58009696233785 122.87803623685613 37.827574637311045 967.32317309829523
leaf_count=18727 386 755 7384 79 1124 14998 8763 1168 1933 229 2380 245 1311 2537
internal_value=0.00376399 0.016943 0.00239693 -0.0152584 -0.00475457 0.00493244 -0.00224165 -0.00977834 -0.00256843 -0.0251208 0.014568 0.00891001 -0.00441901 0.00724753
internal_weight=5244.37 491.8 4752.57 80.914 1243.72 3508.84 856.066 591.349 443.613 149.228 264.717 294.385 171.507 2652.78
internal_count=62019 1220 60799 465 19851 40948 23413 13649 4886 2162 9764 2724 2479 17535
is_linear=0
shrinkage=0.03


Tree=157
num_leaves=15
num_cat=0
split_feature=42 22 38 38 11 7 32 38 12 39 39 12 10 11
split_gain=133.178 177.024 101.839 90.0417 151.267 129.02 196.029 275.781 172.681 132.749 307.559 178.683 156.879 167.961
threshold=2.8750000000000004 0.24942235294117623 510.00549073458336 474.94920017277781 24.926950000000001 24.378200000000003 1.584549479166667 22.654318882500004 3.129679166666667 337.83637828430562 421.24436038180562 2.8158875000000001 0.36820476190475587 21.580050000000004
decision_type=2 2 10 10 2 2 2 10 2 10 10 2 2 2
left_child=-1 2 3 4 5 6 8 -8 9 11 -11 12 13 -2
right_child=1 -3 -4 -5 -6 -7 7 -9 -10 10 -12 -13 -14 -15
leaf_value=-0.01489276360979231 0.0073055604127390721 0.018105635776100769 -0.037459070242891163 0.017230447200473877 -0.027774908862409058 0.02528667349493258 0.024510129894838657 -0.036261409398496869 0.030255933692900798 -0.041800884905597219 0.010038620689918691 0.026333488913859088 0.01979625822569725 -0.011425915302281328
leaf_weight=335.59182043440524 833.26867277754354 741.1067856810987 56.519452297128737 351.43022668454796 152.72834402171429 211.50531793897972 90.542723941034637 253.36389907327248 203.53162652486935 190.88576472573914 221.70819808548549 292.69188047957141 343.85197127540596 889.98083813342964
leaf_count=28608 9459 1326 338 350 1159 327 277 2703 115 2457 650 272 3047 11081
internal_value=0.00335484 0.0046247 0.00217933 0.00274363 0.0013574 0.00262487 0.00117391 -0.020237 0.00365419 0.00169105 -0.0139879 0.00443717 0.00132552 -0.00236942
internal_weight=5168.71 4833.12 4092.01 4035.49 3684.06 3531.33 3319.83 343.907 2975.92 2772.39 412.594 2359.79 2067.1 1723.25
internal_count=62169 33561 32235 31897 31547 30388 30061 2980 27081 26966 3107 23859 23587 20540
is_linear=0
shrinkage=0.03


Tree=158
num_leaves=15
num_cat=0
split_feature=14 22 34 6 6 29 30 22 30 22 9 4 12 39
split_gain=142.721 83.9498 99.2713 81.9192 62.6393 108.125 87.0211 84.487 80.0138 61.3079 90.4733 58.3609 55.7346 94.4691
threshold=-0.18104772727272672 0.35467571428571454 0.10168102564102557 0.19863875000000719 0.081652529644269001 1.0000000180025095e-35 0.0096000000000002889 0.084077500000001026 0.0083999999999992119 0.093385416666665708 0.61560543812443713 19.032848958333336 2.5654000000000008 332.37446093916674
decision_type=2 2 2 2 2 2 2 2 2 2 2 2 2 10
left_child=3 2 4 -1 6 -6 8 11 9 -2 -11 -8 -9 -14
right_child=1 -3 -4 -5 5 -7 7 12 -10 10 -12 -13 13 -15
leaf_value=-0.0147433175620478 0.0078166972514420782 0.018170373389954805 -0.044114517295063257 0.0029043289533990644 -0.020830857151212422 0.0097233863681076126 0.013239326059069972 -0.025620704651072863 0.024585392668734041 -0.034670171522209234 0.0050636994027681145 -0.026816342007065296 0.020441713098394595 -0.0081296424933522699
leaf_weight=553.82446309109218 499.07789238184341 426.57568413950503 36.996510566430516 412.41816750026192 109.17574559664354 1957.523047135066 37.699135116912657 64.672016801283462 177.01804545271443 87.142765014694305 123.79775404222892 223.58330633441801 180.75970522320131 243.04263378400356
leaf_count=10679 11145 1017 3344 4441 5386 13190 390 1368 668 2162 1025 5064 482 1589
internal_value=0.00316743 0.00557617 0.00413542 -0.00721562 0.0046292 0.00810003 0.000244475 -0.00727428 0.00660065 0.00208851 -0.0114371 -0.0210085 9.99788e-05 0.00407601
internal_weight=5133.31 4167.06 3740.49 966.243 3703.49 2066.7 1636.79 749.757 887.036 710.018 210.941 261.282 488.474 423.802
internal_count=61950 46830 45813 15120 42469 18576 23893 8893 15000 14332 3187 5454 3439 2071
is_linear=0
shrinkage=0.03


Tree=159
num_leaves=15
num_cat=0
split_feature=42 21 12 38 34 34 6 30 16 8 16 6 37 36
split_gain=136.84 137.374 160.113 104.633 103.271 92.939 78.2076 90.7551 74.9777 151.539 142.661 101.006 109.857 100.114
threshold=0.87500000000000011 0.28762349039227958 2.4778041666666675 17.013318153750003 0.1095806630546957 1.0000000180025095e-35 0.081652529644269001 0.018821052631579054 2.5423979166666673 21.291978645833336 2.9687822916666673 -0.22854647058823191 73.541666666666686 1.0000000180025095e-35
decision_type=2 2 2 8 2 2 2 2 2 2 2 2 8 2
left_child=-1 3 5 -2 6 -3 7 8 11 -10 -11 -5 -13 -12
right_child=1 2 -4 4 -6 -7 -8 -9 9 10 13 12 -14 -15
leaf_value=-0.032216578667321721 -0.042590904876501641 0.0093559525254227303 0.025279707977485917 -0.037511524509761696 -0.052523538303620401 -0.039486425936021433 0.006244307179988774 -0.018543198167069702 0.018532287744932333 -0.036345060445207931 0.013686963919668012 0.0085539683402813382 -0.029641168678461938 -0.0093794414382245873
leaf_weight=96.62796888439334 46.319152122829109 84.036169439728837 473.59908599592745 93.532650528359227 29.747549811640056 58.806932561798021 2406.1553519729932 254.22370021080133 439.44656685885275 102.15148002281785 320.12250917963684 236.82178347473382 93.790326602029381 357.32001154101454
leaf_count=21122 1313 1621 626 3316 1937 1252 15389 3569 1906 1175 733 2588 3277 2179
internal_value=0.00296069 0.00364736 0.0168951 0.00177928 0.00226327 -0.0108866 0.00265409 -0.00189965 0.000685048 0.00446525 -0.00347773 -0.0101646 -0.0023382 0.0015246
internal_weight=5092.7 4996.07 616.442 4379.63 4333.31 142.843 4303.56 1897.41 1643.19 1219.04 779.594 424.145 330.612 677.443
internal_count=62003 40881 3499 37382 36069 2873 34132 18743 15174 5993 4087 9181 5865 2912
is_linear=0
shrinkage=0.03


Tree=160
num_leaves=15
num_cat=0
split_feature=42 22 33 6 10 38 38 38 12 9 0 24 38 7
split_gain=132.147 151.847 127.105 74.8359 88.1515 145.726 98.3153 152.564 122.811 255.346 100.882 95.1135 159.115 89.4251
threshold=0.62500000000000011 0.28306659090909164 0.029746628069587593 0.2936926066580447 0.03571555626598899 92.800948855694458 474.94920017277781 345.19920017277781 2.6674500000000005 0.62717641565432491 19.982808333333338 1.4215500000000001 261.76583657152781 21.443050000000003
decision_type=2 2 2 2 2 8 10 10 2 2 2 2 10 2
left_child=-1 3 -3 4 -2 -6 7 8 9 -7 -11 -10 -13 -12
right_child=1 2 -4 -5 5 6 -8 -9 11 10 13 12 -14 -15
leaf_value=-0.034761001663891761 0.0060582603140718 0.023379940476773629 -0.0059513164837769984 0.007521823867979169 -0.025043121311873921 -0.028885419767044729 0.01396509012808698 -0.027233955292971193 0.020237852615110474 -0.037552396695426246 0.036475873155185266 -0.030234517074867837 0.012752202161822086 -0.014819880088694426
leaf_weight=80.553603547348757 1021.8763144019758 555.47170785628259 174.25162472715601 1318.4133513768029 274.3326121357095 300.5214588100207 302.40756168821827 228.3233583518595 307.93749823450344 26.962549198884517 125.40002393675968 120.68214839906432 212.45460249914322 39.735087601060513
leaf_count=20254 6546 797 651 8500 7562 9028 549 2469 907 819 184 1707 1142 902
internal_value=0.00312213 0.00373821 0.0163773 0.00157948 -0.00106837 -0.00482585 -0.00148058 -0.0049177 -0.000403215 -0.0116543 0.0153125 0.00824709 -0.00286405 0.0241181
internal_weight=5089.32 5008.77 729.723 4279.05 2960.63 1938.76 1664.42 1362.02 1133.69 492.619 192.098 641.074 333.137 165.135
internal_count=62017 41763 1448 40315 31815 25269 17707 17158 14689 10933 1905 3756 2849 1086
is_linear=0
shrinkage=0.03


Tree=161
num_leaves=15
num_cat=0
split_feature=42 22 18 38 29 40 38 11 40 7 35 16 11 40
split_gain=137.202 132.751 128.143 125.834 84.8381 123.935 73.8097 225.676 127.285 123.028 166.885 159.766 294.318 96.3715
threshold=2.1250000000000004 0.20065222222222331 0.027800000000000765 510.00549073458336 0.0028723704585455049 1007.5000000000001 474.94920017277781 24.898850000000003 980.50000000000011 24.378200000000003 1.7513000000000003 3.2601729166666673 23.528900000000004 490.50000000000006
decision_type=2 2 2 10 2 10 10 2 8 2 2 2 2 10
left_child=-1 3 4 6 -3 -6 7 8 9 10 11 12 13 -2
right_child=1 2 -4 -5 5 -7 -8 -9 -10 -11 -12 -13 -14 -15
leaf_value=-0.019894501295005432 -0.004380091416959408 0.0086422265104803015 0.020086093140045821 -0.05205272479594418 -0.051217763780623461 0.017505617063147041 0.015850024611036392 -0.042946750828323249 -0.035308294802890064 0.027881871037939054 -0.039821660339113808 0.029803683999639431 -0.043080273519644066 0.0075796094806853554
leaf_weight=214.91683574540366 920.6050700910273 183.51916874590097 787.7835452525178 37.481605361448601 62.208472781814635 37.058157654944807 337.02989122644067 100.33941766939824 77.289857893512817 173.86569603334647 82.49873453984037 188.98759980336763 126.92763156135334 1772.6346708773053
leaf_count=25825 11354 673 1408 282 476 71 355 1098 4805 203 1190 122 1784 12343
internal_value=0.00351052 0.0045434 0.0138741 0.00192389 -0.00344101 -0.0256433 0.00247271 0.00115906 0.00249541 0.0034007 0.00201538 0.00317522 0.00138084 0.00349143
internal_weight=5103.15 4888.23 1070.57 3817.66 282.786 99.2666 3780.18 3443.15 3342.81 3265.52 3091.65 3009.15 2820.17 2693.24
internal_count=61989 36164 2628 33536 1220 547 33254 32899 31801 26996 26793 25603 25481 23697
is_linear=0
shrinkage=0.03


Tree=162
num_leaves=15
num_cat=0
split_feature=38 21 12 34 38 11 16 39 23 10 15 40 37 23
split_gain=106.765 140.972 115.394 111.408 87.6638 76.0037 173.978 143.475 158.41 98.5152 119.258 235.053 196.652 184.827
threshold=0.85902305791666678 0.28762349039227958 2.1618041666666672 0.1095806630546957 17.013318153750003 20.539000000000005 2.2041437500000005 155.97277606763893 3.0244000000000004 0.44426549004723387 3.3625500000000001 498.50000000000006 54.791666666666671 3.2672500000000002
decision_type=8 2 2 2 8 2 2 10 2 2 2 10 10 2
left_child=-1 3 -3 4 -2 -6 -7 -8 -9 10 11 -10 -13 -14
right_child=1 2 -4 -5 5 6 7 8 9 -11 -12 12 13 -15
leaf_value=-0.047831136252727009 -0.041568878294904972 -0.015404742605034497 0.022093439886869553 -0.053374750047588057 0.02231234782182949 -0.025683982201133777 0.0152783092223053 -0.037210567059151989 -0.030526793226132592 0.020263779379576213 0.0047014823906752351 0.0267973179912342 -0.035634030881857688 0.0019560730583945344
leaf_weight=35.886503556946991 40.309222422569292 85.132588325272081 527.43923174671363 32.035464713611873 163.98253816645592 199.91254840893089 696.5986647499376 97.354309285263298 297.96055646188324 231.08667283161776 1808.3708251744392 194.6913052527234 157.56955763683072 456.64198403617775
leaf_count=251 1480 3381 1322 2650 971 13411 5525 4010 7018 1109 10153 268 4829 5593
internal_value=0.00302324 0.00339855 0.0168655 0.00151019 0.00192709 0.002344 0.0015479 0.0029357 0.000281157 0.00145269 -4.48768e-05 -0.00779663 0.000603419 -0.00772952
internal_weight=5024.97 4989.09 612.572 4376.51 4344.48 4304.17 4140.19 3940.27 3243.68 3146.32 2915.23 1106.86 808.903 614.212
internal_count=61971 61720 4703 57017 54367 52887 51916 38505 32980 28970 27861 17708 10690 10422
is_linear=0
shrinkage=0.03


Tree=163
num_leaves=15
num_cat=0
split_feature=38 21 42 33 42 19 22 38 38 15 21 6 5 40
split_gain=112.731 146.854 137.573 232.203 117.823 109.15 93.3717 119.403 198.555 86.2837 84.7216 95.8698 88.9457 93.3044
threshold=1.7335950980555557 0.28762349039227958 5.6250000000000009 0.020826747093899475 0.37500000000000006 3.1106000000000003 0.14993754901960785 341.08013014027784 474.94920017277781 2.6096500000000007 0.24694580580556108 -0.27916417207792371 0.47422250457362336 739.50000000000011
decision_type=8 2 2 2 2 2 2 10 10 2 2 2 2 10
left_child=-1 2 3 5 -3 -2 10 -8 -9 -6 11 -4 -12 -14
right_child=1 4 6 -5 9 -7 7 8 -10 -11 12 -13 13 -15
leaf_value=-0.04042983404263175 -0.037289553202596575 -0.035638625734300017 -0.027010706347206356 -0.04153076435869963 -0.0087495442948255005 0.00476717255562725 0.016435167634595543 -0.037695681681738258 0.014418109296041386 0.02553665844085258 0.02440696995487119 0.0093937965536963937 -0.012134053901310152 0.0036284387648607315
leaf_weight=52.425682423083344 62.830880266497843 34.508035616134293 68.679783452680567 167.51180705935985 76.139483726175968 426.52891857581562 854.70774924446596 108.30821355129592 164.398176681716 477.32673627344775 91.99609886383405 999.34171659013373 851.48563077498693 559.39064631302608
leaf_count=471 12464 1283 1103 14708 2186 8489 1804 784 223 1090 310 6039 7374 3654
internal_value=0.00291716 0.00338497 0.00148326 -0.011158 0.0174447 -0.000697694 0.00373093 0.0109251 -0.00634153 0.0208127 0.000573078 0.00702971 -0.00401697 -0.00588633
internal_weight=4995.58 4943.15 4355.18 656.872 587.974 489.36 3698.31 1127.41 272.706 553.466 2570.89 1068.02 1502.87 1410.88
internal_count=61982 61511 56952 35661 4559 20953 21291 2811 1007 3276 18480 7142 11338 11028
is_linear=0
shrinkage=0.03


Tree=164
num_leaves=15
num_cat=0
split_feature=18 38 21 34 12 39 23 23 23 19 38 23 19 8
split_gain=98.2357 86.1723 99.4266 94.3473 88.2215 75.0738 230.016 190.966 186.949 221.279 147.402 121.294 254.659 118.91
threshold=0.39881843137254913 1.7335950980555557 0.28762349039227958 0.1095806630546957 2.1618041666666672 248.16932549125002 3.2672500000000002 3.0881000000000003 3.3027500000000005 3.3252500000000005 216.56658364569446 2.9014000000000002 2.9790500000000004 21.315201562500004
decision_type=2 8 2 2 2 10 2 2 2 2 10 2 2 2
left_child=1 -1 3 5 -4 7 -7 11 -8 -10 -9 -3 -13 -11
right_child=-2 2 4 -5 -6 6 8 10 9 13 -12 12 -14 -15
leaf_value=-0.035238258358937735 0.018672485141502337 0.0058948510597061493 -0.015340294182167825 -0.051427388786265203 0.020892360794892862 -0.039158715666021131 0.030967337891798761 0.02131834914071996 -0.037299307251804942 0.018538908224133475 -0.035382200417667112 -0.038039632872717895 0.011712968983494602 -0.0029133502929722735
leaf_weight=56.546938460611273 309.819091161713 530.98503887225525 71.263965579884825 30.581291729497025 376.53356471896404 145.23971693331259 158.59234376405948 638.81760579280672 153.28168195796025 268.1586324532982 43.219529702095315 211.3964198398171 163.48941087134881 1708.7734790960967
leaf_count=479 483 14061 3262 2660 1131 4059 593 3903 4020 1425 1581 9503 1758 13339
internal_value=0.00235408 0.00124075 0.00170683 0.000223017 0.0151048 0.000628431 -0.00268179 0.00570104 -0.000350996 -0.00269605 0.0176788 -0.00332666 -0.0163689 4.41781e-06
internal_weight=4866.7 4556.88 4500.33 4052.54 447.798 4021.95 2434.05 1587.91 2288.81 2130.21 682.037 905.871 374.886 1976.93
internal_count=62257 61774 61295 56902 4393 54242 23436 30806 19377 18784 5484 25322 11261 14764
is_linear=0
shrinkage=0.03


Tree=165
num_leaves=15
num_cat=0
split_feature=42 22 33 38 11 32 38 11 20 35 40 32 19 11
split_gain=132.754 147.462 87.9859 86.3198 75.2836 109.208 95.1506 155.509 127.53 124.725 217.847 115.549 97.313 295.013
threshold=2.8750000000000004 0.2221715367965352 0.029746628069587593 510.00549073458336 20.539000000000005 0.79603680555555567 474.94920017277781 24.898850000000003 2.1801932291666675 0.94135000000000013 102.50000000000001 0.95686041666666666 3.8678000000000003 23.528900000000004
decision_type=2 2 2 10 2 2 8 2 2 2 10 2 2 2
left_child=-1 3 -3 4 -2 -6 7 8 -7 -10 -11 -12 13 -13
right_child=1 2 -4 -5 5 6 -8 -9 9 10 11 12 -14 -15
leaf_value=-0.016642507883399729 0.022118905960920105 0.020329233689619437 -0.0050275649757498299 -0.038694754831856602 -0.028185064111355115 -0.035346690502806789 0.015274964557159383 -0.032244139460390647 0.026514842001064493 -0.037237493568652948 -0.038788912144568741 0.0042056412828471055 0.016855480018470526 -0.041202508743787107
leaf_weight=300.36499828881642 158.36416585178813 653.74179835943505 151.26450669521 46.642710190964863 110.46067135367775 80.969915761786979 424.3627113122493 126.94803794083418 182.72696791045018 126.94068019138649 57.502617064572405 1908.4915262834111 428.29200263059465 137.08312679047231
leaf_count=28498 546 1080 687 306 3817 3859 639 1113 605 1634 1585 14414 1318 2035
internal_value=0.00264731 0.00391193 0.0155642 0.0014327 0.00194306 0.00104558 0.00198304 0.000128624 0.00154562 0.00260913 0.000956543 0.00288581 0.00386978 0.00114399
internal_weight=4894.16 4593.79 805.006 3788.79 3742.14 3583.78 3473.32 3048.95 2922.01 2841.04 2658.31 2531.37 2473.87 2045.57
internal_count=62136 33638 1767 31871 31565 31019 27202 26563 25450 21591 20986 19352 17767 16449
is_linear=0
shrinkage=0.03


Tree=166
num_leaves=15
num_cat=0
split_feature=22 38 36 42 21 18 17 34 21 38 8 12 36 10
split_gain=104.346 119.065 85.7354 82.9337 145.835 87.9046 64.7717 71.6145 69.0917 80.7521 121.318 94.7505 82.8533 73.7884
threshold=0.35467571428571454 5.2342724683333346 2.5000000000000004 3.1250000000000004 0.24571298976816075 0.39881843137254913 0.26360753724723501 0.097248809523809668 0.2416517701619052 39.121409521666671 19.836700173611117 2.4953708333333338 1.5000000000000002 0.11917911255410334
decision_type=2 8 2 2 2 2 2 2 2 10 2 2 2 2
left_child=3 2 -2 4 -1 6 7 -5 -8 10 -10 -11 13 -13
right_child=1 -3 -4 5 -6 -7 8 -9 9 11 -12 12 -14 -15
leaf_value=0.011539849084955294 -0.048038782475567331 0.020456240574534521 0.017085600670041147 0.0030823469856982801 -0.037343980986558195 0.020211456068064151 0.017203399965965923 -0.038825131928446013 0.020392459544739682 -0.038395851298036257 -0.04009706801719095 -0.02133986172511864 -0.028423484382265735 0.0086404846833098448
leaf_weight=92.928560888161883 42.09682919154875 449.7689463654533 30.783832956105471 2938.6836884795339 131.98963353854197 212.84121001511812 95.765950697881635 36.167319634841988 143.21201418625424 122.5240682939766 36.653258727747016 107.28125530469697 137.56030330579961 231.60460393677931
leaf_count=8662 390 992 99 21343 20207 280 515 2308 792 3269 672 505 1258 890
internal_value=0.0020506 0.0146926 -0.0206722 0.000506362 -0.0171852 0.00148988 0.000449762 0.00255997 -0.00672259 -0.00968283 0.00791226 -0.0149709 -0.00887903 -0.000885269
internal_weight=4809.86 522.65 72.8807 4287.21 224.918 4062.29 3849.45 2974.85 874.601 778.836 179.865 598.97 476.446 338.886
internal_count=62182 1481 489 60701 28869 31832 31552 23651 7901 7386 1464 5922 2653 1395
is_linear=0
shrinkage=0.03


Tree=167
num_leaves=15
num_cat=0
split_feature=42 21 12 38 28 16 12 8 16 20 37 10 32 40
split_gain=122.513 129.493 161.126 104.376 134.979 192.664 180.227 158.841 202.434 187.566 152.547 148.814 131.103 292.695
threshold=1.1250000000000002 0.28762349039227958 2.1618041666666672 474.94920017277781 1.6105031250000004 3.2601729166666673 3.129679166666667 21.315201562500004 2.9577270833333338 2.7421562500000003 93.791666666666686 0.36820476190475587 0.97064930555555573 490.50000000000006
decision_type=2 2 2 10 2 2 2 2 2 2 10 2 2 10
left_child=-1 3 -3 4 6 -6 7 9 -9 11 -7 12 -2 -14
right_child=1 2 -4 -5 5 10 -8 8 -10 -11 -12 -13 13 -15
leaf_value=-0.03132350231151617 0.0057138633329370378 -0.026041100755809933 0.022580311795761494 0.01311567441792523 -0.044746387845629128 0.0026399750938048893 0.028985517625846204 -0.039725161486270692 0.0038892670690738131 0.029645107434574901 -0.032813138701984455 0.016495718691580841 -0.039642241762408284 -0.0013480951671309624
leaf_weight=97.685898448355147 701.28379206528189 69.68266306334408 469.61904047470307 524.74658700532746 135.19619613004033 484.14883420732804 203.01772995665669 192.4868166015076 189.34132413228508 210.59683910745662 140.00507925479906 392.96313827228732 243.34581687313039 678.59305620036321
leaf_count=21965 10346 2409 947 877 2035 1946 150 2486 771 244 1433 4097 5231 7108
internal_value=0.00175324 0.00245696 0.0162614 0.000635738 -0.00120132 -0.0124158 0.00183076 -0.000292882 -0.0181439 0.00277482 -0.00535234 -4.51685e-05 -0.00405721 -0.0114878
internal_weight=4732.71 4635.03 539.302 4095.73 3570.98 759.35 2811.63 2608.61 381.828 2226.78 624.154 2016.19 1623.22 921.939
internal_count=62045 40080 3356 36724 35847 5414 30433 30283 3257 27026 3379 26782 22685 12339
is_linear=0
shrinkage=0.03


Tree=168
num_leaves=15
num_cat=0
split_feature=42 18 39 22 34 11 23 33 19 28 12 6 40 23
split_gain=101.119 103.67 80.4654 138.84 96.8462 80.7733 164.918 177.764 160.671 244.132 156.075 142.94 137.504 209.114
threshold=0.37500000000000006 0.39881843137254913 1.3626452237500002 0.40447362996480651 0.10168102564102557 22.437650000000001 3.4757500000000006 0.0064313433397709214 3.8431000000000002 1.7626062500000004 3.5908375000000006 -0.25569945344129386 739.50000000000011 3.6137500000000005
decision_type=2 2 8 2 2 2 2 2 2 2 2 2 10 2
left_child=-1 2 -2 4 5 6 7 -4 12 -10 -11 -9 13 -7
right_child=1 -3 3 -5 -6 8 -8 11 9 10 -12 -13 -14 -15
leaf_value=-0.033158577559880067 -0.038869984611443344 0.019892183895491092 -0.030352481596015394 0.022939620275202861 -0.040123407588647006 -0.04079251041444943 0.028706634924917172 -0.029669164255376992 0.023577334623463453 -0.039513557132624395 0.0005815330980820585 0.0082258053452017362 0.0017158101724224543 -0.0055297299677555993
leaf_weight=69.154578127141576 42.042217028094456 309.17682966031134 133.97085894126212 275.19569312268868 49.987105266511207 251.43375501607079 251.22198924724944 95.090623461321229 424.68320089450572 100.74349920352688 618.57741995365359 1327.0018935941916 475.79872482319479 378.92150221246993
leaf_count=19404 221 450 2968 591 3504 4656 349 3183 597 964 2600 15725 3814 3096
internal_value=0.00259657 0.00312579 0.00195 0.00235036 0.000965644 0.00148162 0.00620295 0.00255369 -0.00231154 0.005569 -0.00508099 0.00567283 -0.0104594 -0.0196375
internal_weight=4803 4733.85 4424.67 4382.63 4107.43 4057.44 1807.29 1556.06 2250.16 1144 719.321 1422.09 1106.15 630.355
internal_count=62122 42718 42268 42047 41456 37952 22225 21876 15727 4161 3564 18908 11566 7752
is_linear=0
shrinkage=0.03


Tree=169
num_leaves=15
num_cat=0
split_feature=42 22 34 38 11 16 39 39 23 30 12 28 11 11
split_gain=99.2924 119.319 114.029 92.1906 64.5769 140.797 123.384 119.467 152.751 85.1282 237.28 169.109 139.459 128.955
threshold=0.37500000000000006 0.40447362996480651 0.098659077380952406 14.241922104583336 20.539000000000005 2.2041437500000005 6.9250069995833341 155.97277606763893 3.0244000000000004 0.0070736842105261688 3.1125208333333338 1.7626062500000004 22.437650000000001 25.986550000000005
decision_type=2 2 2 10 2 2 10 10 2 2 2 2 2 2
left_child=-1 2 4 -3 -2 6 -6 -7 -9 10 12 -12 -10 -13
right_child=1 3 -4 -5 5 7 -8 8 9 -11 11 13 -14 -15
leaf_value=-0.033059806116874674 0.0210315155907543 -0.0072680619303459098 -0.035594313151784164 0.027238753927797881 0.0073532402251937903 0.014261533262061364 -0.034334150367395962 -0.037288721171730592 -0.0052262948848359808 0.0050233827786988266 0.020473023147524479 -0.0286462051577792 -0.044228214467574349 0.021651665257122352
leaf_weight=67.855022234842181 160.57685633696383 90.532524406444281 71.189438842047821 296.37404325697571 100.46599124505883 711.74519364081789 173.11159133425099 91.723493618454086 155.09784882428357 2132.0129728159227 311.40828069823328 154.76127442426514 176.04239183588652 64.180410547181964
leaf_count=19358 652 403 4375 456 880 3467 10382 3150 1948 12323 611 1221 2916 72
internal_value=0.00270628 0.00323077 0.00179355 0.0191666 0.00243087 0.00169211 -0.0190542 0.00319154 0.000633963 0.00180801 -0.00614598 0.00629573 -0.0260314 -0.0138705
internal_weight=4757.08 4689.22 4302.32 386.907 4231.13 4070.55 273.578 3796.97 3085.23 2993.5 861.49 530.35 331.14 218.942
internal_count=62214 42856 41997 859 37622 36970 11262 25708 22241 19091 6768 1904 4864 1293
is_linear=0
shrinkage=0.03


Tree=170
num_leaves=15
num_cat=0
split_feature=18 38 22 32 20 11 23 39 23 23 19 38 23 19
split_gain=94.5384 65.3218 90.5256 68.6277 62.6803 100.234 78.0707 162.255 187.521 143.251 137.406 135.037 113.124 125.267
threshold=0.39881843137254913 1.7335950980555557 0.40447362996480651 1.975657118055556 2.0720659722222226 20.539000000000005 3.0881000000000003 248.16932549125002 3.2672500000000002 3.2883500000000003 3.3252500000000005 218.52907293416669 2.9014000000000002 2.9941500000000008
decision_type=2 8 2 2 2 2 2 10 2 2 2 10 2 2
left_child=1 3 4 -1 -3 -6 12 11 -9 -10 -11 -8 -7 -14
right_child=-2 2 -4 -5 5 6 7 8 9 10 -12 -13 13 -15
leaf_value=-0.056697612505760588 0.018363842030725462 -0.036560401378922858 0.017792595678321685 0.0078771395751087731 0.028701476007614073 0.0020688979681534247 0.017277251412317694 -0.038610329802894944 0.034824906867628472 -0.026058332917222482 0.00081480186382170479 -0.039689789731249682 -0.035164989387490166 0.0033283554297048991
leaf_weight=34.437319798220415 306.10025201085955 39.843436824172386 288.1564267296344 25.074635797529481 111.56005273331539 390.20331924916536 704.65003463871835 117.15459720058425 101.41142525966279 186.17760871947394 2010.7888105373859 38.618330488301581 216.48258274486579 116.78116917388979
leaf_count=419 496 2714 902 55 308 12178 7637 3471 91 4791 15470 1507 10314 1815
internal_value=0.00227303 0.00114492 0.00157796 -0.0298093 0.000415497 0.000793438 -1.57064e-05 0.00202082 -0.00175203 0.000142709 -0.00147333 0.014268 -0.00889812 -0.0217067
internal_weight=4687.44 4381.34 4321.83 59.512 4033.67 3993.83 3882.27 3158.8 2415.53 2298.38 2196.97 743.268 723.467 333.264
internal_count=62168 61672 61198 474 60296 57582 57274 32967 23823 20352 20261 9144 24307 12129
is_linear=0
shrinkage=0.03


Tree=171
num_leaves=15
num_cat=0
split_feature=42 22 34 38 18 20 11 16 38 7 12 30 34 9
split_gain=102.462 116.721 76.529 75.2706 69.7911 59.37 93.2156 94.5428 123.832 122.268 137.777 104.176 114.125 101.361
threshold=1.3750000000000002 0.35467571428571454 0.10335075757575812 14.241922104583336 0.46536019607843149 2.0720659722222226 20.539000000000005 2.2041437500000005 6.1126452237500013 21.481450000000006 2.4836958333333334 0.025110271132376499 0.085397222222221472 0.61405854402036952
decision_type=2 2 2 10 2 2 2 2 10 2 2 2 2 2
left_child=-1 2 4 -3 5 -2 -7 8 -8 13 -11 12 -12 -9
right_child=1 3 -4 -5 -6 6 7 9 -10 10 11 -13 -14 -15
leaf_value=-0.024135756104743236 -0.036144612172524633 -0.0059536085715385595 -0.042881584990719299 0.024798126170142737 0.023779243351487026 0.028765163761338204 0.0093056706880961949 -0.00098950161958886464 -0.034051429653250774 -0.024871921590374373 0.0038069696755612154 -0.025832984435546123 -0.031380329536035208 0.021704510072415823
leaf_weight=123.50839945487678 36.231551307340851 90.34735619649291 33.061213005712489 338.71666505746543 130.47225746326149 112.06011255318299 97.854362101847073 285.00177838723175 148.05768524363521 193.34702922185534 2433.2674691934953 120.4956960719428 84.889625371462898 466.61835031822557
leaf_count=23111 1386 385 2708 560 162 223 743 3246 8743 4833 10981 1186 2258 1544
internal_value=0.00271736 0.00344815 0.00190289 0.018324 0.00227364 0.00156246 0.00191814 0.00112524 -0.0168308 0.00236175 -0.000494332 0.00130068 0.00260878 0.0131094
internal_weight=4693.93 4570.42 4141.36 429.064 4108.3 3977.82 3941.59 3829.53 245.912 3583.62 2832 2638.65 2518.16 751.62
internal_count=62069 38958 38013 945 35305 35143 33757 33534 9486 24048 19258 14425 13239 4790
is_linear=0
shrinkage=0.03


Tree=172
num_leaves=15
num_cat=0
split_feature=38 21 15 34 38 38 22 10 21 22 40 16 32 32
split_gain=79.1313 114.653 86.9329 85.3003 78.9957 79.3791 66.8635 69.8911 109.619 151.089 101.67 97.6803 187.803 165.914
threshold=0.85902305791666678 0.28762349039227958 2.6096500000000007 0.1095806630546957 17.013318153750003 21.694921626944446 -0.11459884902679017 0.39826215909090912 0.24858630435667961 0.20065222222222331 959.50000000000011 3.3260062500000007 1.7515975694444448 1.5519312500000002
decision_type=8 2 2 2 8 8 2 2 2 2 8 2 2 2
left_child=-1 3 -3 4 -2 -6 -7 8 10 11 -8 13 -13 -10
right_child=1 2 -4 -5 5 6 7 -9 9 -11 -12 12 -14 -15
leaf_value=-0.041537984817402118 -0.041200370048052597 -0.013426448625336741 0.020616736416166896 -0.050142467325894273 0.024462409158029705 0.029406496124103936 0.006557175112757609 0.01238525901183314 -0.010168513646146501 0.010684617831796956 -0.037279262924225891 0.02916589195126798 -0.013512546520914812 -0.04578444167728811
leaf_weight=35.441150782688055 37.634640035539633 78.128568605374312 468.84483668103348 27.993569367274176 134.67790795603651 72.815902726433706 1492.2309567230986 403.29825899198477 992.70594019358396 404.74668356485199 48.20062927735853 150.44751607562648 238.64602045150241 132.74527862013201
leaf_count=249 1451 3132 1650 2671 451 278 18404 3971 21629 1390 2495 197 2130 2004
internal_value=0.00250137 0.00284345 0.0157384 0.0011348 0.00149632 0.00190111 0.00112308 0.000582478 -0.000796547 -0.00557928 0.00516222 -0.00992982 0.00302203 -0.0144063
internal_weight=4718.56 4683.12 546.973 4136.14 4108.15 4070.52 3935.84 3863.02 3459.72 1919.29 1540.43 1514.54 389.094 1125.45
internal_count=62102 61853 4782 57071 54400 52949 52498 52220 48249 27350 20899 25960 2327 23633
is_linear=0
shrinkage=0.03


Tree=173
num_leaves=15
num_cat=0
split_feature=38 42 21 12 34 38 20 32 20 39 32 28 15 8
split_gain=99.4418 99.5674 126.138 151.819 78.2508 68.7407 66.8364 77.6803 85.0928 91.9577 79.8221 91.0124 79.2817 82.2149
threshold=0.85902305791666678 0.37500000000000006 0.28762349039227958 2.1618041666666672 0.1095806630546957 17.013318153750003 2.0720659722222226 0.74908750000000024 2.1801932291666675 41.171987552083344 0.97064930555555573 1.0260010416666669 2.7603500000000003 19.614430555555558
decision_type=8 2 2 2 2 8 2 2 2 10 2 2 2 2
left_child=-1 -2 4 -4 5 -3 -7 -8 9 -9 12 -12 13 -10
right_child=1 2 3 -5 -6 6 7 8 10 -11 11 -13 -14 -15
leaf_value=-0.049261154339096946 -0.033383356702238208 -0.039698908274607973 -0.024837925944768934 0.024797875599321367 -0.049576102600732808 -0.036902506397916361 0.021906767828721554 0.0092020160283983483 0.023593365920939448 -0.036091261667174732 -0.039303402451478078 0.0019448161469599651 0.024386476367818436 -0.022640083414707336
leaf_weight=32.041717559855897 65.83574708380911 34.046131385781337 63.26970396147226 410.78102423204109 25.507369280778221 37.380776455785963 183.18771053984528 64.837897758407053 58.755542038619751 104.3257092848944 47.884890405228361 3175.5061333205085 280.34333796240389 81.309311855002306
leaf_count=238 19437 1310 2524 908 2092 1545 1103 699 360 5954 937 22447 598 1900
internal_value=0.00260125 0.00297049 0.00350172 0.0181348 0.00180294 0.00213724 0.00250012 0.00287784 0.00195812 -0.018779 0.00292573 0.00132006 0.0152045 -0.00321593
internal_weight=4665.01 4632.97 4567.14 474.051 4093.08 4067.58 4033.53 3996.15 3812.96 169.164 3643.8 3223.39 420.408 140.065
internal_count=62052 61814 42377 3432 38945 36853 35543 33998 32895 6653 26242 23384 2858 2260
is_linear=0
shrinkage=0.03


Tree=174
num_leaves=15
num_cat=0
split_feature=42 21 39 37 19 39 33 16 38 10 9 20 28 3
split_gain=110.907 106.271 112.521 147.933 75.9685 89.066 129.999 123.925 120.77 205.977 153.305 147.648 169.552 181.082
threshold=0.87500000000000011 0.28762349039227958 24.024031064305557 123.79166666666669 2.6294000000000008 155.97277606763893 0.023172743689639737 4.1001458333333343 286.19343076333342 0.30613375000000609 0.63283781250285653 2.8949032986111116 1.5485166666666668 24.551400000000005
decision_type=2 2 8 10 2 10 2 2 10 2 2 2 2 2
left_child=-1 4 3 -3 -2 -6 8 -8 9 10 11 -7 -13 -14
right_child=1 2 -4 -5 5 6 7 -9 -10 -11 -12 12 13 -15
leaf_value=-0.033063916780907879 -0.027062950265923567 -0.043404995312467186 0.026687960797863241 0.014944347153166226 0.01024357624353181 -0.032495071981711934 -0.028052061295066225 0.0068158802559845078 0.0074903051626367297 0.013823645828794431 0.015305619216639437 0.029174314462023992 -0.04184443253676378 0.014637909434883755
leaf_weight=77.888701283562114 82.874303889577277 55.284872009564424 315.54058138118125 127.14487666019704 871.2027269674436 365.36693529441254 271.71209103617002 137.73797273100354 1478.3067091256962 347.21500804921379 134.86091420718003 93.699078842997551 125.77181826590095 84.885557418689132
leaf_count=21298 3675 1791 571 1069 9839 6637 7823 355 5056 1729 560 55 1530 216
internal_value=0.00220002 0.00281875 0.0158723 -0.0028785 0.00118752 0.00179295 -0.000631749 -0.0163345 0.00181811 -0.00546219 -0.0137917 -0.0196651 -0.00420731 -0.0191229
internal_weight=4569.49 4491.6 497.97 182.43 3993.63 3910.76 3039.56 409.45 2630.11 1151.8 804.584 669.723 304.356 210.657
internal_count=62204 40906 3431 2860 37475 33800 23961 8178 15783 10727 8998 8438 1801 1746
is_linear=0
shrinkage=0.03


Tree=175
num_leaves=15
num_cat=0
split_feature=42 22 37 14 22 2 18 8 18 42 34 22 8 34
split_gain=125.339 112.947 80.5426 80.5331 67.3904 64.2692 56.3241 55.8831 47.4539 48.6875 61.5221 59.7372 48.4652 47.8041
threshold=3.1250000000000004 0.26403699054621771 112.54166666666669 -0.14239999999999989 0.46490476190476077 0.30221250000000138 0.023699999999999541 19.425489583333338 0.39881843137254913 6.6250000000000009 0.034171893939393606 0.14272889860139878 20.986127777777781 0.070319355644355749
decision_type=2 2 10 2 2 2 2 2 2 2 2 2 2 2
left_child=2 3 4 5 -1 -2 -3 -4 9 10 -5 -12 -13 -11
right_child=1 6 7 8 -6 -7 -8 -9 -10 13 11 12 -14 -15
leaf_value=-0.043676442357894481 -0.012833275851708075 0.0028743648196635067 -0.10204057182937171 0.0067391738405264559 -0.0034806033006840958 0.0036567843712730398 0.023505845837592923 0.0049292981378781034 0.021378864442938985 0.0024387892934640688 -0.035363298963976546 0.017671373074805305 -0.018907141226478935 0.011715003804792278
leaf_weight=109.45399924240337 507.92586260076496 177.90736878849566 3.5497681048145742 185.32403973303735 57.144075703225099 364.85751487108064 361.1114438585937 128.695128572057 140.56435838341713 1677.4151174350409 89.791045622041565 54.811223835858982 77.447384732309729 711.77899988344871
leaf_count=21555 6178 515 1637 1578 399 2959 639 5997 176 9437 5630 446 982 4095
internal_value=0.00258114 0.00387378 -0.0161804 0.00205324 -0.0299921 -0.00594349 0.0167142 0.00131371 0.00443072 0.00357151 -0.0060042 -0.0166224 -0.00372925 0.00520607
internal_weight=4647.78 4348.93 298.843 3809.92 166.598 872.783 539.019 132.245 2937.13 2796.57 407.374 222.05 132.259 2389.19
internal_count=62223 32635 29588 31481 21954 9137 1154 7634 22344 22168 8636 7058 1428 13532
is_linear=0
shrinkage=0.03


Tree=176
num_leaves=15
num_cat=0
split_feature=18 16 10 31 36 29 37 14 21 34 30 3 6 40
split_gain=83.6587 68.831 155.955 145.759 74.1243 73.1198 110.435 67.7295 69.8635 72.2396 65.9219 122.199 101.779 74.8197
threshold=0.46536019607843149 2.2400864583333338 0.051025873015863706 0.96840000000000004 4.5000000000000009 0.0080142207588838766 29.291666666666671 -0.3343686363636364 0.28762349039227958 0.092898357620640262 0.019736378205128441 24.359500000000004 0.56770285714285185 232.50000000000003
decision_type=2 2 2 2 2 2 8 2 2 2 2 2 2 8
left_child=1 2 5 -3 7 6 -1 -5 9 10 13 12 -12 -9
right_child=-2 3 -4 4 -6 -7 -8 8 -10 -11 11 -13 -14 -15
leaf_value=0.016080371861723706 0.022373235106429992 0.019642315506660679 -0.034862945824559732 -0.013811398714682606 -0.034839872226295233 0.021099728090935396 -0.029185142640177596 -0.011566273806999114 0.01715468331765798 -0.02396714978352556 -0.028791350457726836 0.016794816414548528 0.013358857474779834 0.0052363328746744204
leaf_weight=86.538345825043507 165.82014609500766 380.24751218955498 153.08619200364046 267.6593586793897 52.778710015278193 113.733161573502 107.995946926123 267.2713370793208 247.29109704552684 103.06434491094842 234.62455990357557 113.83839424687903 65.353753544419305 2152.1766918702051
leaf_count=684 254 1303 13520 3876 1239 440 7014 2729 866 4832 3509 244 235 21570
internal_value=0.00152476 0.000724266 -0.0102183 0.00202625 0.000109563 0.00209342 -0.00906958 0.000653965 0.00187408 0.000581779 0.00148292 -0.00956772 -0.0195946 0.00337617
internal_weight=4511.48 4345.66 461.354 3884.31 3504.06 308.267 194.534 3451.28 3183.62 2936.33 2833.26 413.817 299.978 2419.45
internal_count=62315 62061 21658 40403 39100 8138 7698 37861 33985 33119 28287 3988 3744 24299
is_linear=0
shrinkage=0.03


Tree=177
num_leaves=15
num_cat=0
split_feature=18 39 8 16 32 16 35 9 8 40 15 7 38 12
split_gain=76.3876 78.1701 225.738 125.622 141.058 169.575 199.692 162.831 137.786 137.301 90.9901 168.337 151.925 138.939
threshold=0.46536019607843149 620.72643510791681 23.880229513888892 3.745288541666667 1.7385114583333336 3.2601729166666673 1.6205000000000003 0.62462499992181508 22.750129166666671 28.500000000000004 3.3625500000000001 22.378550000000001 327.94343076333342 2.5256375000000006
decision_type=2 10 2 2 2 2 2 2 2 10 2 2 10 2
left_child=1 3 -3 4 5 6 10 -6 -9 -8 11 13 -13 -1
right_child=-2 2 -4 -5 7 -7 9 8 -10 -11 -12 12 -14 -15
leaf_value=-0.0030661114661112805 0.022566930914857408 -0.049222212757294499 0.0052039142660441932 0.019366603573768158 -0.043577200826942143 0.020952374569370064 0.02668084079647659 -0.044664838091331864 0.029785799802718293 -0.044272995600884317 0.01259124956648813 -0.03653451936976377 -0.00056068309226628551 0.013723865945019682
leaf_weight=1222.4883119260921 158.53943387046456 102.55233881252934 202.6269500067865 362.31810483412119 131.51798953847901 392.31921829868224 29.121619915822521 31.46754248443176 71.035633438732475 137.61997406714363 571.10437257846934 202.75742112761509 219.51894768729107 694.93926284066401
leaf_count=34928 246 1485 667 1014 2180 990 57 616 202 3945 2606 5842 2468 4667
internal_value=0.00217675 0.00143225 -0.0131865 0.0025324 0.000880877 0.00240367 3.30878e-05 -0.021612 0.00671942 -0.0317956 0.00186665 -0.000755412 -0.0178791 0.00302311
internal_weight=4529.93 4371.39 305.179 4066.21 3703.89 3469.87 3077.55 234.021 102.503 166.742 2910.81 2339.7 422.276 1917.43
internal_count=61913 61667 2152 59515 58501 55503 54513 2998 818 4002 50511 47905 8310 39595
is_linear=0
shrinkage=0.03


Tree=178
num_leaves=15
num_cat=0
split_feature=42 10 18 21 21 11 5 39 8 16 32 16 11 17
split_gain=98.9106 94.0399 71.8414 70.735 88.1392 68.0723 94.7721 77.0205 154.665 109.376 139.33 189.453 144.352 139.221
threshold=3.1250000000000004 0.39826215909090912 0.39881843137254913 0.24623016429448333 0.29814753062215454 26.157750000000004 0.72899769042873708 620.72643510791681 23.880229513888892 3.745288541666667 1.7385114583333336 3.2810250000000005 23.528900000000004 0.21636063995858965
decision_type=2 2 2 2 2 2 2 10 2 2 2 2 2 2
left_child=3 2 5 -1 -5 6 7 9 -9 10 11 12 -2 -12
right_child=1 -3 -4 4 -6 -7 -8 8 -10 -11 13 -13 -14 -15
leaf_value=0.0098656174411860947 0.0018044391910987088 0.015341042731421037 0.02055753824087268 -0.040198283501639932 -0.0022708871998065976 0.028301361859204878 -0.03924714613175162 -0.048394866709530658 0.003450607917159627 0.021622708321064932 0.011534757475233571 0.027518046998726557 -0.026189259909086417 -0.045577580527531157
leaf_weight=81.218713258946082 2334.8054250573914 546.5945869210409 178.00689916685224 118.96750280282868 102.2910007819155 79.744600993930362 52.329756894265302 82.093865943956189 137.12192742316984 241.27442378655542 58.318690740910824 242.77255882136524 177.4508376888989 109.65004866215168
leaf_count=9202 23080 3286 277 18320 2033 126 613 696 304 419 161 205 2276 1174
internal_value=0.0025555 0.00373888 0.00201824 -0.0139909 -0.022753 0.00107394 0.000433951 0.00105908 -0.0160965 0.00225231 0.000646558 0.00226756 -0.000182503 -0.0257973
internal_weight=4542.64 4240.16 3693.57 302.477 221.259 3515.56 3435.82 3383.49 219.216 3164.27 2923 2755.03 2512.26 167.969
internal_count=62172 32617 29331 29555 20353 29054 28928 28315 1000 27315 26896 25561 25356 1335
is_linear=0
shrinkage=0.03


Tree=179
num_leaves=15
num_cat=0
split_feature=42 22 38 37 18 37 29 40 23 32 39 32 32 20
split_gain=88.4586 126.728 102.352 102.154 84.7623 73.2468 66.3181 62.6851 189.556 191.214 123.127 112.032 108.285 189.675
threshold=3.6250000000000004 0.20065222222222331 510.00549073458336 112.54166666666669 0.029174999999999788 149.04166666666669 0.0028723704585455049 731.50000000000011 3.2672500000000002 1.3802539930555557 421.24436038180562 0.96805989583333352 1.5485218750000005 3.5456461805555564
decision_type=2 2 10 10 2 8 2 10 2 2 10 2 2 2
left_child=3 2 5 -1 6 7 -3 -2 11 -10 -11 -9 -12 -14
right_child=1 4 -4 -5 -6 -7 -8 8 9 10 12 -13 13 -15
leaf_value=-0.026855450298292515 -0.0014153589163701059 0.0096760043717851792 -0.051582783012899952 0.0044603854728019589 0.019662870632532012 -0.025212428750784971 -0.024448423910104235 0.0044640715566306947 0.029046661474307404 -0.033718050142555772 0.026702658218395826 -0.039365428120228446 -0.040434980451053308 0.017696923685627048
leaf_weight=200.39412625882687 2067.0244281874911 148.89824482187396 32.899352731416002 174.93516101801652 577.49177279270953 93.409319665923249 76.896981328260154 102.53419628160191 396.92176025023218 77.604208246339113 153.58242129371502 106.14001107867807 85.454027455765754 120.59229087783024
leaf_count=22934 18262 570 236 8331 1127 3919 415 1932 640 743 176 1926 543 247
internal_value=0.00162539 0.00292075 0.000271962 -0.0122866 0.0135782 0.000820472 -0.00200199 0.00161026 0.00760306 0.0139995 0.000304458 -0.0179108 0.00771931 -0.0064911
internal_weight=4414.78 4039.45 3236.16 375.329 803.287 3203.26 225.795 3109.85 1042.83 834.155 437.233 208.674 359.629 206.046
internal_count=62001 30736 28624 31265 2112 28388 985 24469 6207 2349 1709 3858 966 790
is_linear=0
shrinkage=0.03


Tree=180
num_leaves=15
num_cat=0
split_feature=42 16 32 10 38 18 34 29 6 34 5 38 39 34
split_gain=104.096 115.878 112.532 105.916 89.603 69.5526 67.3068 108.765 101.356 112.564 75.7978 140.983 67.1769 79.6071
threshold=5.3750000000000009 2.5496406250000008 1.1447135416666667 0.39826215909090912 482.63614671291674 0.39881843137254913 0.070319355644355749 1.0000000180025095e-35 -0.016365714285713501 0.050398571428571189 0.60286901975687746 416.3108827372223 769.31279162291673 0.04426666666666694
decision_type=2 2 2 2 10 2 2 2 2 2 2 8 8 2
left_child=1 -1 -3 5 -4 6 8 -8 9 12 11 -10 13 -2
right_child=3 2 4 -5 -6 -7 7 -9 10 -11 -12 -13 -14 -15
leaf_value=-0.039465509015495268 -0.015298665056011938 0.020015591742464114 -0.017650423365317774 0.017535480085005651 0.014093836362031507 0.021713501658465417 -0.028906412988065913 0.011062987664974074 -0.014744461751981046 -0.028423983261574304 0.0083766471975304322 0.01497605807978776 0.027688768289381337 0.013447934619676366
leaf_weight=94.646954302603262 298.88523514650296 136.03135106200352 372.01369299737416 444.44371035564109 101.07433751356439 151.50200816616416 65.365133942104876 804.61567517492222 443.37822632404277 229.16193457157351 865.52752772025997 211.32741828635335 56.06775672826916 121.07773432170507
leaf_count=23060 2973 466 13755 2145 481 229 2190 4347 4729 2976 3689 320 54 653
internal_value=0.00180102 -0.00876492 -0.0039377 0.00381728 -0.0108529 0.00193468 0.000959922 0.00803019 -0.00180641 -0.0111983 0.00255471 -0.00514299 -0.00286358 -0.0069986
internal_weight=4395.12 703.766 609.119 3691.35 473.088 3246.91 3095.41 869.981 2225.43 705.193 1520.23 654.706 476.031 419.963
internal_count=62067 37762 14702 24305 14236 22160 21931 6537 15394 6656 8738 5049 3680 3626
is_linear=0
shrinkage=0.03


Tree=181
num_leaves=15
num_cat=0
split_feature=42 21 39 37 42 34 23 37 10 6 30 11 11 13
split_gain=108.882 82.0009 120.071 118.518 81.8714 161.017 125.881 70.4917 95.7583 65.0984 54.1985 111.42 92.3568 91.2852
threshold=2.1250000000000004 0.28191973142533372 29.717394774444447 123.79166666666669 6.3750000000000009 0.050398571428571189 3.5291000000000001 146.54166666666669 -0.10678086834734049 0.50125363636363851 0.01600000000000024 21.580050000000004 21.545350000000003 0.17134781624399753
decision_type=2 2 8 10 2 2 2 8 2 2 2 2 2 2
left_child=-1 4 3 -3 5 6 -2 9 -9 10 -6 12 -12 -13
right_child=1 2 -4 -5 7 -7 -8 8 -10 -11 11 13 -14 -15
leaf_value=-0.021538841401882523 -0.036397536437109371 -0.044477408382422881 0.02530462476186893 0.011622272384477075 0.0052967365665600287 -0.026801234694867976 0.012300005404732405 0.02123446266950613 -0.02722629258944367 0.015186008429858891 -0.0027344388312938906 0.014143124729998327 0.034559641574443932 -0.020600197440511274
leaf_weight=170.69293956297042 55.96810106720659 50.103354365128325 312.41412051711814 99.786080257210415 1826.4908933741681 255.29939168714918 295.32274029008113 49.006157444324344 138.15444607508834 432.51067362958565 160.46981401438825 83.773749382700771 94.103397908620536 348.35659122513607
leaf_count=25904 2483 1609 645 946 10318 11018 805 110 2671 1219 1435 296 62 2635
internal_value=0.00187881 0.00283503 0.0147403 -0.00730059 0.00135965 -0.00871947 0.00446016 0.00331335 -0.0144919 0.00444917 0.0025961 -0.0045843 0.0111327 -0.0138477
internal_weight=4372.45 4201.76 462.304 149.889 3739.46 606.59 351.291 3132.87 187.161 2945.71 2513.19 686.704 254.573 432.13
internal_count=62156 36252 3200 2555 33052 14306 3288 18746 2781 15965 14746 4428 1497 2931
is_linear=0
shrinkage=0.03


Tree=182
num_leaves=15
num_cat=0
split_feature=42 22 38 6 16 27 33 35 19 40 40 20 32 38
split_gain=100.642 73.837 90.4587 74.9923 74.606 107.569 74.2848 66.2981 184.177 149.712 142.752 112.755 118.06 102.924
threshold=0.87500000000000011 0.40447362996480651 13.314703576666668 -0.019365465686275084 2.5423979166666673 1.3048500000000003 0.02252044910371543 1.2260000000000002 3.3848500000000006 731.50000000000011 909.50000000000011 2.4447538194444447 1.1322015625000004 189.01004004597226
decision_type=2 2 10 2 2 2 2 2 2 10 8 2 2 10
left_child=-1 3 -3 4 6 -6 -2 10 9 -9 11 12 13 -5
right_child=1 2 -4 7 5 -7 -8 8 -10 -11 -12 -13 -14 -15
leaf_value=-0.032015569408070675 -0.027450001866536435 -0.011372341831320736 0.026265429139320628 0.0043483895451093399 0.022750384879902028 -0.0041196760371317673 0.00015780819465885341 -0.041154079524590576 0.0055286509453839608 0.0024277110000446569 -0.037606556713802385 0.031928184179784005 -0.040212660952787076 0.028445477233943688
leaf_weight=74.311447663640138 204.53164957725676 75.465402237605304 233.71181179024279 663.63484519752092 159.94035792713112 802.7087642801489 153.0022842639155 153.373902169129 1272.1477113995643 131.0601294960361 53.010847203389858 213.37592175893951 43.026815021061338 209.21462730070925
leaf_count=21271 5878 360 448 7910 359 5989 4746 3450 5443 1710 2769 238 827 586
internal_value=0.0023711 0.00296328 0.0170716 0.0018847 -0.00398666 0.000363655 -0.0156681 0.00471525 0.000646051 -0.0211345 0.0100677 0.012337 0.00774293 0.0101502
internal_weight=4442.52 4368.21 309.177 4059.03 1320.18 962.649 357.534 2738.84 1556.58 284.434 1182.26 1129.25 915.876 872.849
internal_count=61984 40713 808 39905 16972 6348 10624 22933 10603 5160 12330 9561 9323 8496
is_linear=0
shrinkage=0.03


Tree=183
num_leaves=15
num_cat=0
split_feature=42 22 33 6 34 42 30 17 34 9 23 39 11 20
split_gain=91.0605 89.9088 86.914 54.2857 56.663 151.164 127.131 98.1535 97.0481 138.837 94.2221 166.717 135.878 128.368
threshold=1.6250000000000002 0.26403699054621771 0.029163875828544711 0.54264375000000264 0.050398571428571189 7.6250000000000009 0.014880000000000499 0.26494485332289069 0.068319672619046964 0.61852244832967129 3.5015500000000004 243.99436038180559 23.198400000000003 3.322463541666667
decision_type=2 2 2 2 2 2 2 2 2 2 2 10 2 2
left_child=-1 3 -3 4 10 -6 7 8 9 -7 11 -2 -12 -14
right_child=1 2 -4 -5 5 6 -8 -9 -10 -11 12 -13 13 -15
leaf_value=-0.024287058580618182 0.0022741250891894936 0.0210892214310705 -0.0059852315813379567 0.01124901267851457 -0.022716720819504273 -0.028359897588214382 -0.014197270719911226 -0.018095826011223434 0.016431963383056442 0.013042142720220926 0.02420539145819553 -0.037954180274565638 -0.015436233471771201 0.01188964226340408
leaf_weight=119.3154230554137 419.98969247587956 387.78262732271105 146.56618340080604 377.92210599521059 329.04008889541728 126.4477556826314 411.84400681278203 135.52146883762907 575.61789172841236 169.37465577549301 343.20747323264368 117.94778259797022 258.92557877599029 381.27140002406668
leaf_count=24000 5199 751 639 1966 14474 1490 3367 1253 2569 523 736 2134 1968 1078
internal_value=0.00144523 0.00218511 0.0136657 0.000499778 -0.000745906 -0.00442952 -0.000175459 0.00556781 0.00926437 -0.00469087 0.00348627 -0.00660036 0.00900491 0.000830943
internal_weight=4300.77 4181.46 534.349 3647.11 3269.19 1747.85 1418.81 1006.96 871.44 295.822 1521.34 537.937 983.404 640.197
internal_count=62147 38147 1390 36757 34791 23676 9202 5835 4582 2013 11115 7333 3782 3046
is_linear=0
shrinkage=0.03


Tree=184
num_leaves=15
num_cat=0
split_feature=42 36 21 22 38 18 38 11 7 39 19 11 40 37
split_gain=78.6364 103.285 99.5088 92.9829 123.565 72.7249 58.4455 94.7703 120.267 137.181 98.7521 205.212 83.7961 78.6723
threshold=4.1250000000000009 1.0000000180025095e-35 0.29814753062215454 0.21634803921568194 510.00549073458336 0.1367625641025644 474.94920017277781 24.898850000000003 24.378200000000003 477.11097256888894 3.8678000000000003 23.528900000000004 973.50000000000011 124.79166666666669
decision_type=2 2 2 2 10 2 10 2 2 10 2 2 8 10
left_child=1 -1 -3 4 6 -5 7 8 9 10 11 12 13 -2
right_child=3 2 -4 5 -6 -7 -8 -9 -10 -11 -12 -13 -14 -15
leaf_value=0.0034682280635277701 -0.00062880335388489994 -0.043000785745407923 -0.00054543029299417402 0.0037890922555025544 -0.054030366492567136 0.024672215816721806 0.015023028954647093 -0.025184331121690974 0.025843553584905862 -0.038068722178891394 0.024037264907303183 -0.040677720641048007 -0.032759144677378303 0.011917690950051584
leaf_weight=239.26647267847147 1649.453361770662 119.7426244903254 84.474427593988366 300.00484126002993 34.768577095121145 300.19278061995283 283.57750597968698 120.26110955607146 176.01576827187091 80.275124193169177 163.09375636605546 105.76290015122504 60.285311516418005 617.40206055017188
leaf_count=15206 15243 15982 1878 989 237 529 316 953 225 1104 224 1724 3206 3945
internal_value=0.00204394 -0.00991116 -0.0255274 0.00340871 0.00142634 0.0142576 0.00203491 0.000791226 0.00189488 0.000310732 0.00151173 -7.56471e-06 0.00185747 0.00279212
internal_weight=4334.58 443.484 204.217 3891.09 3290.9 600.198 3256.13 2972.55 2852.29 2676.27 2596 2432.9 2327.14 2266.86
internal_count=61761 33066 17860 28695 27177 1518 26940 26624 25671 25446 24342 24118 22394 19188
is_linear=0
shrinkage=0.03


Tree=185
num_leaves=15
num_cat=0
split_feature=42 22 16 32 38 38 38 8 16 32 13 16 37 5
split_gain=91.0829 107.857 87.7402 96.2667 100.165 84.1033 70.7098 97.7014 260.793 136.745 186.953 132.402 124.656 93.0484
threshold=4.6250000000000009 0.24942235294117623 2.5728760416666669 1.1447135416666667 482.63614671291674 510.00549073458336 474.94920017277781 21.291978645833336 2.9577270833333338 1.5485218750000005 0.23707832118795705 2.8047166666666672 116.29166666666669 0.60223750362326667
decision_type=2 2 2 2 10 10 10 2 2 2 2 2 10 2
left_child=2 5 -1 -4 -5 6 7 11 -9 -10 12 13 -11 -2
right_child=1 -3 3 4 -6 -7 -8 8 9 10 -12 -13 -14 -15
leaf_value=-0.041407987961967742 -0.0055084869654983175 0.017247360795081972 0.01960660863606023 -0.022588041301076386 0.015322089319075825 -0.038338755089797276 0.015991366263722478 -0.042461832308943716 0.024666854689048046 0.0098670111484593353 -0.029542887861867408 0.032019168347023286 -0.034751747151493907 0.0081108843989428914
leaf_weight=69.858261214525555 799.67451789330516 427.53183729527518 104.47285148734227 252.96962285857444 82.513898324948968 46.590379312401637 288.40661266352981 157.37430777138798 156.8575600978802 426.70596501929685 214.07808064421988 143.31024709483609 63.915904580964707 1034.3342810223112
leaf_count=21757 11365 964 420 12365 446 266 313 1981 216 1405 1762 91 666 7946
internal_value=0.00146575 0.00308033 -0.010421 -0.00541801 -0.013246 0.0012575 0.00183064 0.000462712 -0.00707969 -0.000574964 -0.00622048 0.004351 0.00399543 0.00217273
internal_weight=4268.59 3758.78 509.815 439.956 335.484 3331.25 3284.66 2996.25 1018.93 861.558 704.7 1977.32 490.622 1834.01
internal_count=61963 26975 34988 13231 12811 26011 25745 25432 6030 4049 3833 19402 2071 19311
is_linear=0
shrinkage=0.03


Tree=186
num_leaves=15
num_cat=0
split_feature=42 10 23 8 11 23 12 11 7 15 11 9 36 39
split_gain=95.1424 81.4942 90.8819 197.538 127.233 158.906 92.6844 128.522 199.769 76.0845 70.7296 136 92.65 86.2675
threshold=2.6250000000000004 0.39826215909090912 3.0968000000000004 19.895824131944448 21.899400000000004 3.2002000000000006 2.4725750000000004 22.626200000000001 22.653900000000004 4.3954500000000012 20.539000000000005 0.60428414827892196 1.0000000180025095e-35 134.79295457833334
decision_type=2 2 2 2 2 2 2 2 2 2 2 2 2 10
left_child=9 2 3 10 -4 -6 -7 -8 -9 -1 -2 -12 -13 -14
right_child=1 -3 4 -5 5 6 7 8 -10 -11 11 12 13 -15
leaf_value=-0.02949826361872122 0.019728287782701321 0.013704157909110016 0.019981100014977923 -0.037063665076535607 -0.039298610911480507 -0.035721825478768086 0.017905699534966065 -0.039879879115554157 0.0024256670750896787 0.0094503643006395507 -0.036244725600691197 -0.038949394404449882 -0.0076904107689432866 0.024644737553197588
leaf_weight=148.16106256384228 127.78063115850091 536.10031199193327 369.7208529728232 164.79993115326215 83.497323891380802 54.596121624927036 447.64601349264558 105.45339505973971 1782.1397918872099 64.152461005243822 99.229280458413996 39.609239734185394 140.20297381711134 155.9979106701212
leaf_count=26677 531 3568 1218 4309 1750 2335 1524 1830 8089 908 4590 1128 2971 558
internal_value=0.001795 0.00280902 0.00116985 -0.00828382 0.00359138 0.00113431 0.00256282 0.00347279 4.23357e-05 -0.0177404 0.000194028 -0.0055757 0.00356746 0.00936492
internal_weight=4319.09 4106.77 3570.67 727.62 2843.05 2473.33 2389.84 2335.24 1887.59 212.314 562.82 435.039 335.81 296.201
internal_count=61986 34401 30833 14087 16746 15528 13778 11443 9919 27585 9778 9247 4657 3529
is_linear=0
shrinkage=0.03


Tree=187
num_leaves=15
num_cat=0
split_feature=14 22 6 34 25 11 11 23 9 35 23 40 23 21
split_gain=71.7161 66.722 57.2781 54.1695 51.7692 71.3658 49.5732 63.5179 181.471 146.969 129.925 104.667 247.372 114.643
threshold=-0.18104772727272672 0.35467571428571454 0.16388728260869931 0.10168102564102557 0.0015488791177495707 26.157750000000004 20.539000000000005 3.0881000000000003 0.60428414827892196 1.2307500000000002 3.2672500000000002 739.50000000000011 3.6137500000000005 0.24477502518985247
decision_type=2 2 2 2 2 2 2 2 2 2 2 10 2 2
left_child=2 3 4 6 -1 -6 -2 8 -8 -9 -11 12 -12 -14
right_child=1 -3 -4 -5 5 -7 7 9 -10 10 11 -13 13 -15
leaf_value=-0.0072832342695265369 0.021840567068485629 0.016169958675946988 0.0016218347517724942 -0.040937222918585807 -0.037132281524821203 0.027884588515636619 -0.037320805884863022 0.016526791369907187 0.0022004333397742494 -0.039482975260078476 -0.040744119184560043 0.0093816354010741697 0.016763756136431784 -0.0069478390954912138
leaf_weight=315.97012664397334 107.96983119504876 310.85027197084855 389.50896051289601 25.711294070766598 122.45011067298765 16.588375837018248 139.89269316910941 575.77527940049185 405.16592469019815 74.206040523655247 151.29743481341575 732.00943342249957 272.44188689399743 557.01549201486341
leaf_count=7993 754 1040 5052 3460 2171 17 9396 4976 9054 2200 4126 5764 1133 4998
internal_value=0.000985558 0.00295407 -0.00682276 0.00159849 -0.0140394 -0.0292315 0.00197458 0.00122968 -0.00799271 0.00335967 -0.000889749 0.000804378 -0.0056005 0.000851231
internal_weight=4196.85 3352.34 844.518 3041.49 455.009 139.038 3015.77 2907.8 545.059 2362.75 1786.97 1712.76 980.755 829.457
internal_count=62134 46901 15233 45861 10181 2188 42401 41647 18450 23197 18221 16021 10257 6131
is_linear=0
shrinkage=0.03


Tree=188
num_leaves=15
num_cat=0
split_feature=42 22 36 21 38 38 11 7 32 13 16 8 23 38
split_gain=94.1767 100.919 73.759 91.6103 67.8254 63.4472 130.131 114.477 97.7516 148.993 132.595 218.38 159.833 119.407
threshold=4.1250000000000009 0.24942235294117623 1.0000000180025095e-35 0.29814753062215454 510.00549073458336 474.94920017277781 24.898850000000003 24.695000000000004 1.5485218750000005 0.22766881938275227 2.9577270833333338 21.315201562500004 3.5684000000000005 216.56658364569446
decision_type=2 2 2 2 10 10 2 2 2 2 2 2 2 8
left_child=2 4 -1 -4 5 6 7 8 10 -10 11 12 13 -2
right_child=1 -3 3 -5 -6 -7 -8 -9 9 -11 -12 -13 -14 -15
leaf_value=0.00022899205828549806 0.0050303053329246537 0.016404197070544916 -0.04193895950832531 -0.00049323812993651512 -0.034080868662189297 0.015137230143083638 -0.027670028391798808 0.031971320934180369 0.0015418164651134392 -0.033346973125497927 0.026295311648828347 -0.034216597320647225 0.02769981905287552 -0.013583662448135279
leaf_weight=221.24774475448066 1333.039030311731 462.93632057169452 116.16848669371393 81.346345038327854 46.593973959330469 299.4302726322785 138.00989129126538 109.64580936962739 291.35564704526041 176.05947222957911 206.02558513253462 145.36525374907069 221.69376561685931 403.12835157898371
leaf_count=15308 14961 1073 16014 1847 275 336 1049 65 1507 1801 254 1736 1018 4729
internal_value=0.00180936 0.00328586 -0.011682 -0.024958 0.00147965 0.00198826 0.00068184 0.00204661 0.000853846 -0.0116427 0.00338722 0.00113179 0.00377243 0.000702915
internal_weight=4252.05 3833.28 418.763 197.515 3370.35 3323.75 3024.32 2886.31 2776.67 467.415 2309.25 2103.23 1957.86 1736.17
internal_count=61973 28804 33169 17861 27731 27456 27120 26071 26006 3308 22698 22444 20708 19690
is_linear=0
shrinkage=0.03


Tree=189
num_leaves=15
num_cat=0
split_feature=14 22 34 23 19 9 22 40 40 39 20 34 23 29
split_gain=88.7446 64.0806 62.8781 148.185 81.3496 72.0239 63.2184 137.095 127.333 99.9475 200.688 153.824 125.27 174.386
threshold=-0.32850000000000018 0.46490476190476077 0.079312967914438634 2.8814500000000005 2.6819500000000005 0.61817156703751597 0.1351521929824562 459.50000000000006 302.50000000000006 246.0863782843056 2.8949032986111116 0.070319355644355749 3.0968000000000004 0.0058565651574670101
decision_type=2 2 2 2 2 2 2 10 8 10 2 2 2 2
left_child=-1 2 4 -4 -2 -5 7 8 -6 12 11 -11 13 -9
right_child=1 -3 3 5 6 -7 -8 9 -10 10 -12 -13 -14 -15
leaf_value=-0.014195513085865839 -0.019815130983084264 0.01820410755618301 0.019754487273063601 -0.011141312060750974 -0.0046288670578592383 -0.043625797239713708 0.0094665220560511115 -0.035462628137956441 -0.041138560608841281 -0.040062557441305303 0.0070062521734757582 0.013650197632811865 0.023696063512037752 0.015864023678042554
leaf_weight=321.57503700529924 137.8421836241032 211.43336072785314 108.34177220503625 198.69857881966163 329.58091959873855 88.612713636633998 1087.2923695704521 93.438290735299233 115.46683160198154 173.35065793199465 617.38410745943838 65.629859391527134 410.24224303901428 160.40831060387427
leaf_count=6651 8528 791 3368 7350 3921 3460 4031 5561 5111 5003 3862 600 2834 1242
internal_value=0.0009118 0.00219442 0.00124574 -0.0100197 0.00264541 -0.0212768 0.00366572 0.000453606 -0.0141722 0.0047412 -0.00203282 -0.0253163 0.0134664 -0.0030938
internal_weight=4119.3 3797.72 3586.29 395.653 3190.64 287.311 3052.79 1965.5 445.048 1520.45 856.365 238.981 664.089 253.847
internal_count=62313 55662 54871 14178 40693 10810 32165 28134 9032 19102 9465 5603 9637 6803
is_linear=0
shrinkage=0.03


Tree=190
num_leaves=15
num_cat=0
split_feature=42 22 38 34 11 16 35 38 39 38 11 11 38 11
split_gain=68.2733 78.143 82.9209 68.0468 59.7644 122.581 94.3839 89.8122 84.6609 70.7992 104.896 141.722 102.056 122.065
threshold=0.37500000000000006 0.40447362996480651 13.314703576666668 0.1095806630546957 20.539000000000005 2.2041437500000005 0.94135000000000013 17.013318153750003 6.9250069995833341 21.694921626944446 21.545350000000003 21.580050000000004 62.192057708611117 21.769950000000005
decision_type=2 2 10 2 2 2 2 10 10 10 2 2 10 2
left_child=-1 3 -3 4 -2 8 -7 -8 -6 -9 -11 -12 -13 -14
right_child=1 2 -4 -5 5 6 7 9 -10 10 11 12 13 -15
leaf_value=-0.032625203872778112 0.020166470685158436 -0.011349278629306339 0.025857719099163238 -0.049098255492218794 0.0040456251442919991 0.019874615002277964 -0.034107722183242775 0.024535312372461458 -0.034303377555629629 -0.032122185912767449 0.030084733852446574 -0.030998474336859913 -0.039724049973317181 0.0018456610386825857
leaf_weight=50.974873377403128 142.06069467723137 70.443209338467568 222.09395718947053 23.415444257654599 79.341208589350572 241.11909237169311 65.303643459657906 111.56848814559635 147.26915050353273 86.193299211096019 144.93226059380686 92.850969963357784 64.165679054800421 2602.5539982643095
leaf_count=19316 642 380 462 2080 878 1049 1380 280 10813 2124 298 1356 1644 19209
internal_value=0.00154313 0.0019765 0.0168901 0.000824489 0.00114687 0.000398276 0.00182109 0.000440996 -0.0209178 0.00117901 0.000299793 0.00127266 -0.000250891 0.000830909
internal_weight=4144.29 4093.31 292.537 3800.77 3777.36 3635.3 3408.69 3167.57 226.61 3102.26 2990.7 2904.5 2759.57 2666.72
internal_count=61911 42595 842 41753 39673 39031 27340 26291 11691 24911 24631 22507 22209 20853
is_linear=0
shrinkage=0.03


Tree=191
num_leaves=15
num_cat=0
split_feature=39 22 34 6 14 17 30 34 16 39 38 23 24 34
split_gain=92.1361 75.0119 66.2663 58.5083 49.9732 46.8888 46.7742 95.5462 58.6497 72.5973 118.69 97.421 65.8455 65.3416
threshold=1.3626452237500002 0.40447362996480651 0.10335075757575812 0.54264375000000264 -0.22819047619047605 0.2241842182287736 0.02453857142857126 1.0000000180025095e-35 2.2041437500000005 155.97277606763893 92.800948855694458 3.0244000000000004 1.7379083333333334 0.08506717948717972
decision_type=8 2 2 2 2 2 2 2 2 8 8 2 2 2
left_child=-1 2 3 4 5 -2 8 -8 -6 -10 12 -12 -11 -13
right_child=1 -3 -4 -5 6 -7 7 -9 9 10 11 13 -14 -15
leaf_value=-0.047080610556590179 -0.037048798499030706 0.017329411001688354 -0.036934510884789072 0.0120972619490825 -0.012818575301582839 -0.0056740446326672038 0.015991267402745143 -0.027596673778391641 0.016090662997461487 -0.040476414694236344 -0.037383659800703219 0.0060199482113475139 -0.0024511573409583885 -0.022344010325811795
leaf_weight=33.669031332014129 46.38116323891154 268.60150873160455 40.09080342361267 407.37360118768993 203.42192467465065 457.70983942397288 68.633313302387251 128.97823659909773 372.63230067930999 86.732195251053781 49.363787540380144 1832.1856890862109 77.174621600686805 75.164820256919484
leaf_count=253 1669 1013 4047 2886 12907 8623 253 2468 3592 2707 2550 15515 771 2700
internal_value=0.0016222 0.00203209 0.000959462 0.00136824 7.89456e-05 -0.00862846 0.00159795 -0.0124537 0.00263188 0.0038971 0.00174789 0.00380601 -0.0226959 0.00489106
internal_weight=4148.11 4114.44 3845.84 3805.75 3398.38 504.091 2894.29 197.612 2696.68 2493.25 2120.62 1956.71 163.907 1907.35
internal_count=61954 61701 60688 56641 53755 10292 43463 2721 40742 27835 24243 20765 3478 18215
is_linear=0
shrinkage=0.03


Tree=192
num_leaves=15
num_cat=0
split_feature=42 22 38 18 37 38 37 18 20 11 23 9 35 23
split_gain=70.5862 95.5065 106.779 82.2962 78.8742 63.3632 60.4996 83.6249 57.6982 63.67 62.527 178.065 131.996 153.001
threshold=2.6250000000000004 0.21086944444444444 510.00549073458336 0.13896477272727223 112.54166666666669 145.16932549125002 147.04166666666669 0.14538230769230762 2.0720659722222226 20.539000000000005 3.0881000000000003 0.60428414827892196 1.2260000000000002 3.2672500000000002
decision_type=2 2 10 2 10 8 8 2 2 2 2 2 2 2
left_child=4 2 6 -3 -1 -6 8 -8 -2 -10 11 -11 -12 -14
right_child=1 3 -4 -5 5 -7 7 -9 9 10 12 -13 13 -15
leaf_value=-0.031224273014668045 -0.036983950608713546 0.0022449933836832356 -0.050967707287608369 0.022966314943398035 -0.044234625586229134 0.015942115452026194 -0.03923101900276587 0.0025701288252184388 0.025996778396908751 -0.036291838294890945 0.016278700938686105 0.0020070046468589537 -0.038737929605549455 0.001680316412759023
leaf_weight=120.48123079544166 33.063345604125061 346.9275965008128 35.210606300039217 342.56463197967969 18.42019364679436 82.442970002492075 77.740373305045068 94.834719026694074 97.536146143334918 142.4937689021026 566.3664640559582 457.52845135117241 87.946159148050356 1609.6240829691815
leaf_count=20945 1020 1370 297 697 3545 3256 4644 834 195 5549 2648 5853 1987 9515
internal_value=0.00150028 0.00243894 0.000256878 0.0125584 -0.0149406 0.00462594 0.000842275 -0.0163777 0.00183979 0.00228557 0.00146926 -0.00713349 0.00375143 -0.000435208
internal_weight=4113.18 3891.84 3202.34 689.492 221.344 100.863 3167.13 172.575 2994.56 2961.5 2863.96 600.022 2263.94 1697.57
internal_count=62355 34609 32542 2067 27746 6801 32245 5478 26767 25747 25552 11402 14150 11502
is_linear=0
shrinkage=0.03


Tree=193
num_leaves=15
num_cat=0
split_feature=38 42 22 27 16 7 38 9 11 38 11 19 16 42
split_gain=81.404 72.5828 98.5724 77.9114 201.544 193.426 156.775 104.393 176.065 95.902 196.754 195.346 141.905 120.308
threshold=0.85902305791666678 0.87500000000000011 0.40447362996480651 1.7793000000000003 3.3260062500000007 24.378200000000003 345.19920017277781 0.5854721427398818 24.065900000000003 327.94343076333342 22.626200000000001 3.8842500000000002 2.6334395833333337 6.1250000000000009
decision_type=8 2 2 2 2 2 10 2 2 10 2 2 2 2
left_child=-1 -2 3 4 6 -5 9 -8 -9 10 12 -12 13 -3
right_child=1 2 -4 5 -6 -7 7 8 -10 -11 11 -13 -14 -15
leaf_value=-0.046343543100819319 -0.02837283642677238 -0.025300944727006367 0.02134553523947403 -0.042531805160097524 0.026632188672336635 -4.1036782856767162e-05 0.001695754274199807 -0.050535626520081596 0.0087971288018295797 0.018948369898994896 -0.028965833643398355 0.024108864205181949 0.026441191086602471 0.0046884219752208224
leaf_weight=30.204428525044932 67.31891809937224 130.28600001382438 241.79496183339506 117.48917125527805 306.4671407463029 517.69662692090787 146.09812034576316 138.72732699170592 66.01313472900074 322.26098100392846 303.6924590924973 77.674140673712827 251.08551679179072 1450.8488203999732
leaf_count=239 21335 11646 699 1693 288 2011 752 2061 180 1003 6661 179 567 12973
internal_value=0.0019312 0.00229473 0.00280881 0.00163277 0.00354187 -0.00795498 0.0010821 -0.0176849 -0.0314556 0.00368449 0.00145478 -0.0181212 0.00553707 0.00220286
internal_weight=4167.66 4137.45 4070.13 3828.34 3193.15 635.186 2886.69 350.839 204.74 2535.85 2213.59 381.367 1832.22 1581.13
internal_count=62287 62048 40713 40014 36310 3704 36022 2993 2241 33029 32026 6840 25186 24619
is_linear=0
shrinkage=0.03


Tree=194
num_leaves=15
num_cat=0
split_feature=39 8 23 32 16 11 37 37 37 15 11 38 37 12
split_gain=56.878 209.125 109.987 170.91 157.977 219.061 138.723 126.609 115.039 87.5751 143.627 126.619 191.704 187.516
threshold=620.72643510791681 23.880229513888892 4.4145500000000011 1.7385114583333336 3.2601729166666673 23.528900000000004 81.791666666666686 2.291666666666667 77.291666666666686 3.3625500000000001 22.626200000000001 214.61629482694448 145.04166666666669 2.4836958333333334
decision_type=10 2 2 2 2 2 10 10 10 2 2 10 10 2
left_child=2 -2 3 4 5 9 8 -7 -5 10 11 13 -13 -1
right_child=1 -3 -4 6 -6 7 -8 -9 -10 -11 -12 12 -14 -15
leaf_value=-0.0013788416118856979 -0.048338003281275889 0.0060184966864774364 0.018694787706950152 -0.031544372893679666 0.021062256334029202 0.025327711643837566 -0.051741838674670103 -0.043959346491820192 0.026514679459862824 0.01344718984520207 -0.01700808583177417 -0.038771021864561439 0.022438387680111863 0.019957287139529701
leaf_weight=1023.7746994503614 90.641736632227548 208.33454521212843 362.73992237908533 61.882866010942962 385.95947111681016 27.826579296961427 93.562866462372767 140.7012473332943 59.053418311727 545.55567953277205 369.27149079996889 138.22192987697053 68.016683849738911 580.06740107369114
leaf_count=30279 1455 701 2089 1021 1075 62 1766 3555 114 2643 9207 5023 777 2534
internal_value=0.00201694 -0.0105672 0.00299498 0.00136013 0.00305989 0.000652085 -0.0245206 -0.0324371 -0.00320908 0.0027097 1.68616e-05 0.00349757 -0.0185735 0.0063455
internal_weight=4155.61 298.976 3856.63 3493.89 3279.4 2893.44 214.499 168.528 120.936 2724.91 2179.35 1810.08 206.239 1603.84
internal_count=62301 2156 60145 58056 55155 54080 2901 3617 1135 50463 47820 38613 5800 32813
is_linear=0
shrinkage=0.03


Tree=195
num_leaves=15
num_cat=1
split_feature=42 36 21 41 22 14 12 27 16 27 35 16 2 7
split_gain=72.0474 117.292 127.946 101.87 89.8486 69.6444 58.595 58.4184 139.004 68.7358 51.7594 61.8774 51.5223 51.3511
threshold=6.1250000000000009 1.0000000180025095e-35 0.27013768694667123 0 0.26403699054621771 -0.17790000000000003 2.5256375000000006 1.22455 3.1014927083333332 1.8099000000000003 1.7456500000000001 3.2601729166666673 -0.19682738095237584 22.730100000000004
decision_type=2 2 2 1 2 2 2 2 2 2 2 2 2 2
left_child=1 6 -3 13 5 10 -1 -8 -9 -10 11 12 -2 -4
right_child=4 2 3 -5 -6 -7 7 8 9 -11 -12 -13 -14 -15
leaf_value=-0.033618253418882749 -0.024462340917110265 -0.03613721929983095 -0.0097348336434867448 0.012042744949459691 0.018639080880186825 0.0035951349794016087 0.024874632467515843 -0.044041438096867683 0.022750938192582046 -0.017061496378953208 -0.030750321979607427 0.030545770267702794 -0.0014076370874820418 -0.061280653954010438
leaf_weight=32.174458380337455 119.85527362627909 191.73922223052068 41.750632770927041 143.94553443879704 296.90105363167822 2343.4180421397032 121.75382663388154 50.965907640907972 134.73445573283243 53.939740662899567 77.850841502426192 40.464079711236991 314.14453877942287 29.394897319332813
leaf_count=10215 1700 20101 1719 1241 665 15638 467 4026 926 1413 606 26 2898 514
internal_value=0.00093262 -0.00711012 -0.0183859 -0.0024677 0.00295054 0.00133611 0.00456263 0.00804521 -0.000573143 0.0113391 -0.00823789 -0.00448711 -0.00781612 -0.031586
internal_weight=3993.03 800.399 406.83 215.091 3192.63 2895.73 393.568 361.394 239.64 188.674 552.315 474.464 434 71.1455
internal_count=62155 40622 23575 3474 21533 20868 17047 6832 6365 2339 5230 4624 4598 2233
cat_boundaries=0 1
cat_threshold=4
is_linear=0
shrinkage=0.03


Tree=196
num_leaves=15
num_cat=0
split_feature=42 22 16 39 37 12 32 13 5 37 22 39 17 21
split_gain=81.7364 89.1141 89.0811 82.8101 74.7713 87.5563 97.9598 64.9124 60.5278 76.176 67.3875 92.3793 98.4549 67.4951
threshold=5.3750000000000009 0.24942235294117623 2.5496406250000008 620.72643510791681 90.791666666666686 4.0930416666666671 1.1447135416666667 0.25848396381293764 0.55392761673141866 50.291666666666671 0.087725000000001038 246.0863782843056 0.22182505945685213 0.25363856112509098
decision_type=2 2 2 10 10 2 2 2 2 10 2 10 2 2
left_child=2 7 -1 4 5 6 -4 8 9 -2 11 12 -10 -13
right_child=1 -3 3 -5 -6 -7 -8 -9 10 -11 -12 13 -14 -15
leaf_value=-0.037984986525234334 -0.029232097793424949 0.017722795157555423 0.0091263068864326363 -0.043501415740270756 0.0092849595563977566 0.020370733489594482 -0.041537275613031013 -0.0050919599217556007 -0.032627824308521493 0.0013413417814578412 0.01205726043843768 -0.0052456962173277263 0.013162471446975934 -0.04023010481557112
leaf_weight=76.614455486858787 93.033999301303993 372.53605710668489 50.319673454388976 42.19841157218616 300.68469391512917 49.307058514998062 105.13876658662048 808.39781689314987 45.863608130181092 333.00896582902351 1065.3329645974009 246.55550407709961 433.01177405499038 61.272030918509699
leaf_count=23008 1690 852 260 1308 6353 120 6587 7062 1289 2813 4036 1756 3997 712
internal_value=0.00207942 0.00388286 -0.00790357 -0.0036337 -0.000225954 -0.0141694 -0.0251847 0.00220719 0.00479846 -0.00538773 0.00714333 0.00048216 0.00871812 -0.0123169
internal_weight=4083.28 3459.01 624.263 547.649 505.45 204.765 155.458 3086.48 2278.08 426.043 1852.04 786.703 478.875 307.828
internal_count=61843 24207 37636 14628 13320 6967 6847 23355 16293 4503 11790 7754 5286 2468
is_linear=0
shrinkage=0.03


Tree=197
num_leaves=15
num_cat=0
split_feature=42 14 21 42 33 12 12 39 19 6 34 30 3 7
split_gain=78.1784 71.4803 61.5946 70.9761 88.9962 60.6826 51.0516 46.5361 45.688 44.5934 78.1183 45.0247 50.8184 44.4285
threshold=0.62500000000000011 -0.11839642857142814 0.28762349039227958 5.6250000000000009 0.020593277927526816 2.2097791666666673 2.6964666666666672 281.34151346722228 3.7315500000000008 -0.019365465686275084 0.07008750000000058 0.0092295488721804674 24.788150000000005 20.271350000000002
decision_type=2 2 2 2 2 2 2 8 2 2 2 2 2 2
left_child=-1 -2 3 4 6 13 -3 -8 -9 10 11 -5 -13 -4
right_child=1 2 5 9 -6 -7 7 8 -10 -11 -12 12 -14 -15
leaf_value=-0.035225492789438269 -0.0052928236983500881 -0.032537816128091521 0.01332482002316213 0.0001304847024870751 -0.036794788090075699 0.024654409218119237 0.028926465085064603 -0.035688900806182706 0.005469391844858988 0.0070356815907776432 0.010044729556834374 -0.025930308172763757 0.013609512586909445 -0.035608555854860176
leaf_weight=52.232070153473614 1054.6086568405226 37.545613252732437 37.531169125111774 193.42845161110745 86.036399815493496 218.49845314695267 52.871327049098909 30.536253082042094 104.57696811319329 1563.1042851691018 281.96230689251388 184.27758769952925 34.089747026562691 28.555031635652995
leaf_count=20336 13564 3080 694 1324 6959 503 39 696 603 8465 2190 2516 56 1175
internal_value=0.00088601 0.00137759 0.00384428 0.00237369 -0.0110262 0.0170619 -0.00107683 0.0053457 -0.00402645 0.00422764 -0.00210016 -0.0104201 -0.0197238 -0.00803431
internal_weight=3959.85 3907.62 2853.01 2568.43 311.567 284.585 225.53 187.985 135.113 2256.86 693.758 411.796 218.367 66.0862
internal_count=62200 41864 28300 25928 11377 2372 4418 1338 1299 14551 6086 3896 2572 1869
is_linear=0
shrinkage=0.03


Tree=198
num_leaves=15
num_cat=0
split_feature=42 22 37 22 33 19 39 39 39 16 9 11 33 28
split_gain=65.9456 94.2652 85.6461 66.2618 64.6407 53.5071 159.629 58.5904 123.396 177.941 161.935 153.737 109.087 143.07
threshold=3.6250000000000004 0.23789335317460217 112.54166666666669 0.5369820175438581 0.026604398776599685 5.1635500000000016 620.72643510791681 580.03439253722229 498.0167850366667 3.2601729166666673 0.62462499992181508 23.528900000000004 0.0055227023849223423 1.2306364583333336
decision_type=2 2 10 2 2 2 10 8 10 2 2 2 2 2
left_child=2 5 3 -1 -3 6 7 8 9 11 -10 12 13 -2
right_child=1 4 -4 -5 -6 -7 -8 -9 10 -11 -12 -13 -14 -15
leaf_value=-0.039195291180841238 -0.0023239420204867675 0.022999583826036892 0.0040818930821663107 0.0035090194040640929 -6.5977729482855302e-05 0.018032830114478007 -0.041968207043204322 0.013313923827022817 -0.051014029555439253 0.022857358185967021 0.0082916552298547812 -0.032431116466484153 0.002546511712525915 -0.050629515530334561
leaf_weight=116.47493470721747 162.4719670136692 299.80304391309619 149.9979396120325 45.100681814365089 171.7982019232586 144.23360367352143 80.713326019525994 290.19106878835009 95.855050954269245 290.17342257790733 71.992022212303709 139.79363391877268 1795.7812939543146 82.643476156052202
leaf_count=22682 2100 629 8396 333 638 214 705 988 967 422 256 2308 20539 780
internal_value=0.000980575 0.00211994 -0.0122414 -0.027327 0.0146147 0.000247531 -0.000610523 0.000543128 -0.000865847 0.000829397 -0.0256785 -0.00211089 -1.91995e-05 -0.0187503
internal_weight=3937.02 3625.45 311.574 161.576 471.601 3153.85 3009.62 2928.9 2638.71 2470.86 167.847 2180.69 2040.9 245.115
internal_count=61957 30546 31411 23015 1267 29279 29065 28360 27372 26149 1223 25727 23419 2880
is_linear=0
shrinkage=0.03


Tree=199
num_leaves=15
num_cat=0
split_feature=42 22 38 38 37 21 37 23 29 40 32 39 36 21
split_gain=59.9783 90.7175 100.332 134.211 99.8357 140.847 114.335 103.589 193.851 95.5146 91.1812 151.31 86.5571 84.2833
threshold=5.3750000000000009 0.11789785714285649 341.08013014027784 420.78197039833339 51.041666666666671 0.2438309723817452 54.791666666666671 3.2750000000000004 0.0062268006932189469 61.500000000000007 1.3802539930555557 414.94770930916673 1.0000000180025095e-35 0.27698728207033174
decision_type=2 2 10 10 10 2 10 2 2 8 2 10 2 2
left_child=12 4 -3 -4 5 -2 -6 8 -8 -7 -9 -12 -1 -14
right_child=1 2 3 -5 6 9 7 10 -10 -11 11 -13 13 -15
leaf_value=0.0042620510921924986 0.0072307246394799941 0.012638623223769895 -0.041988162900641571 0.0042235281287584837 0.021612604843113333 0.0016309522375232083 -0.035869923757256818 0.018791658052732481 0.0098679490462888451 -0.036698660516308164 -0.041937617433847968 0.0039461649960502382 -0.033785665329719307 -0.0019571893677470366
leaf_weight=307.48136304123909 188.60012064622424 1219.8533477579622 71.872572657768615 252.06775693311647 242.56972224661149 81.00533188751433 182.00343043828616 274.83205325185554 152.59151877334807 208.94580157587188 74.054777328012278 467.2307559937326 153.72620262766941 145.34658393923019
leaf_count=16399 1813 4307 776 723 728 789 5373 1287 1389 4616 1082 1398 18847 2590
internal_value=0.00177438 0.00331843 0.00869952 -0.00612711 -0.00112189 -0.0129288 0.00293981 -0.00101175 -0.015044 -0.0260215 0.00475261 -0.00239708 -0.00691163 -0.0183754
internal_weight=4022.18 3415.63 1543.79 323.94 1871.83 478.551 1393.28 1150.71 334.595 289.951 816.118 541.286 606.554 299.073
internal_count=62117 24281 5806 1499 18475 7218 11257 10529 6762 5405 3767 2480 37836 21437
is_linear=0
shrinkage=0.03


Tree=200
num_leaves=15
num_cat=0
split_feature=42 22 33 14 29 27 23 15 2 22 11 16 11 9
split_gain=88.681 65.9467 75.3897 54.2049 57.3826 78.3147 100.312 49.7195 48.634 48.1728 45.6109 98.1234 60.2561 82.1124
threshold=2.6250000000000004 0.31093901098901028 0.032683770094241553 -0.17790000000000003 1.0000000180025095e-35 1.5372000000000001 3.5632000000000006 4.3954500000000012 0.30221250000000138 -0.018513240578865279 20.539000000000005 2.1876031250000003 21.580050000000004 0.58675324899931247
decision_type=2 2 2 2 2 2 2 2 2 2 2 2 2 2
left_child=7 3 -3 8 5 6 -5 9 -2 -1 -6 -12 13 -13
right_child=1 2 -4 4 10 -7 -8 -9 -10 -11 11 12 -14 -15
leaf_value=0.00348130322939834 -0.01377628925262772 0.022103548235204842 -0.012102417782778254 -0.026177549337702548 0.022932792296965619 -0.037020521143896 0.023657814617215871 0.0065281196899372659 0.0029280798035273242 -0.038173682549228392 -0.022610362196514727 -0.022724696058756613 0.0023104432900198243 0.020362963181303179
leaf_weight=32.535974136393634 384.41932981168793 265.30104089062661 73.433063734322786 66.093424922029953 108.07892020529835 73.585119468290941 78.336077438259963 49.78773893055768 264.01966621457541 104.48285679518449 125.62300307197438 44.240005222454784 1875.8025603250644 339.35701856651576
leaf_count=6129 5649 621 340 3619 327 902 311 929 2666 20595 5493 740 12240 1545
internal_value=0.00105764 0.00207837 0.0146744 0.00080436 0.0026683 -0.0120567 0.000829108 -0.0190535 -0.00698087 -0.0283289 0.00396028 0.00309128 0.00452967 0.0153475
internal_weight=3885.1 3698.29 338.734 3359.56 2711.12 218.015 144.43 186.807 648.439 137.019 2493.1 2385.02 2259.4 383.597
internal_count=62106 34453 961 33492 25177 4832 3930 27653 8315 26724 20345 20018 14525 2285
is_linear=0
shrinkage=0.03


Tree=201
num_leaves=15
num_cat=0
split_feature=42 9 21 22 18 29 23 37 18 40 21 39 23 39
split_gain=67.4913 85.9531 102.754 64.7521 63.3472 68.5997 61.9527 53.9291 85.381 56.056 115.948 184.022 176.788 155.545
threshold=4.6250000000000009 0.5994978416964778 0.30686392166691417 0.20551937500000103 0.06395227272727276 0.0029353445825743003 3.5291000000000001 147.04166666666669 0.14538230769230762 731.50000000000011 0.24396696901524301 246.0863782843056 3.9186000000000005 486.61097256888894
decision_type=2 2 2 2 2 2 2 8 2 10 2 8 2 10
left_child=1 6 -3 7 5 -5 -1 9 -9 10 -2 -12 -13 -14
right_child=3 2 -4 4 -6 -7 -8 8 -10 -11 11 12 13 -15
leaf_value=-0.036854102077217107 0.010383534670977329 -0.04179238776748545 0.00028839301062820927 0.011360989655387775 0.019966054597103069 -0.025321774921534288 0.0090238338909782514 -0.039425899261726745 0.0041290573674642866 0.0088180319675236589 0.0057201004995225038 -0.030712326608003888 0.025471969920687544 -0.018751353852292523
leaf_weight=29.314708329900895 611.85136071113811 115.95639064248098 94.3336397959647 136.73510605024057 366.16412200097693 67.801535131409764 209.32698097009416 71.941289677575696 90.714376024727244 861.20384074674803 660.66303383774357 361.02078771058586 127.1414131349884 161.17182730266359
leaf_count=11109 4189 17378 2344 510 743 346 4173 3383 625 4965 7179 3967 135 950
internal_value=0.00187391 -0.00906728 -0.0230034 0.00327293 0.0125126 -0.00086296 0.00325792 0.0014792 -0.0152581 0.00246255 -0.000388531 -0.00542385 -0.0167536 0.000771043
internal_weight=3965.34 448.932 210.29 3516.41 570.701 204.537 238.642 2945.71 162.656 2783.05 1921.85 1310 649.334 288.313
internal_count=61996 35004 19722 26992 1599 856 15282 25393 4008 21385 16420 12231 5052 1085
is_linear=0
shrinkage=0.03


Tree=202
num_leaves=15
num_cat=0
split_feature=42 19 11 7 21 15 34 7 23 10 11 7 40 9
split_gain=74.1266 69.2069 96.3312 116.103 73.6189 72.303 69.1092 65.5375 79.2613 270.738 102.729 183.015 157.683 76.3914
threshold=2.6250000000000004 2.6819500000000005 21.580050000000004 21.395300000000002 0.28191973142533372 2.8766500000000002 0.097599999999999992 21.443050000000003 3.2002000000000006 0.42382190789473234 22.626200000000001 22.653900000000004 490.50000000000006 0.61026715554096544
decision_type=2 2 2 2 2 2 2 2 2 2 2 2 10 2
left_child=-1 -2 5 -4 6 -3 7 -5 9 -9 12 -12 -10 -13
right_child=1 2 3 4 -6 -7 -8 8 10 -11 11 13 -14 -15
leaf_value=-0.017697634584176274 -0.017473834015752043 0.0056736335971485701 -0.035848314932744846 0.026044518684590269 0.017431104131290218 0.025656994310880452 -0.03650111959078544 -0.0370290949140906 -0.037858876479280948 0.026489450289466327 -0.041649373178326669 0.0050476718718286987 0.021542911098735705 -0.009104810206304343
leaf_weight=181.71474774429225 158.20021511767118 479.77784985210019 77.048528710569371 85.844660132279387 230.89392602094449 246.3930183260527 45.420001082085946 179.26169964772998 44.303393966139993 89.961282974516507 96.627054363052594 1105.6642032891396 362.45886692625936 496.60676403064281
leaf_count=27603 6319 6114 1926 291 755 547 2035 4479 921 243 1857 4857 1063 2971
internal_value=0.000955931 0.00187696 0.00274636 0.000231067 0.00125943 0.01248 -0.000236837 0.000447083 -0.000488757 -0.0157848 0.00147351 -0.00177107 0.0149961 0.000658318
internal_weight=3880.18 3698.46 3540.26 2814.09 2737.04 726.171 2506.15 2460.73 2374.88 269.223 2105.66 1698.9 406.762 1602.27
internal_count=61981 34378 28059 21398 19472 6661 18717 16682 16391 4722 11669 9685 1984 7828
is_linear=0
shrinkage=0.03


Tree=203
num_leaves=15
num_cat=0
split_feature=42 10 11 39 33 35 23 8 7 23 34 11 0 16
split_gain=70.9475 68.3293 63.5027 72.9856 61.4828 128.518 64.1085 179.162 92.0847 114.481 80.0479 104.126 101.929 77.3587
threshold=2.3750000000000004 0.39106260504202245 26.157750000000004 769.31279162291673 0.028125157605312336 0.88760000000000006 3.0968000000000004 19.895824131944448 21.515750000000004 3.2002000000000006 0.089651315789474509 20.860600000000002 20.061333333333337 2.253835416666667
decision_type=2 2 2 10 2 2 2 2 2 2 2 2 2 2
left_child=-1 2 3 4 6 -6 7 10 -8 -10 11 -2 13 -13
right_child=1 -3 -4 -5 5 -7 8 -9 9 -11 -12 12 -14 -15
leaf_value=-0.01802683475301203 0.01452900384098922 0.012230056515268425 0.027219940341331621 -0.051166085583874803 0.014357442219956768 -0.04382823440917958 0.020145523189629234 -0.036844300942874657 -0.034141162145441564 0.0026877258707166236 0.032952579291359675 -0.035676658172919012 0.021840096864776858 0.0016909745804979477
leaf_weight=165.2748522446891 178.99658940105292 506.64023752317007 76.44084677711362 24.164343454642221 58.426077790543786 79.979178802044771 261.36192793451482 142.4991565484379 78.020848812011536 1962.4361936376081 61.207034234219464 152.51259391120402 54.549944384431001 73.716658558871131
leaf_count=26690 2064 4059 147 167 585 4145 798 3971 1558 10881 494 5823 250 483
internal_value=0.00114537 0.00200387 0.000383679 -0.000280652 0.000131876 -0.0193391 0.00104689 -0.00716247 0.00341526 0.00126347 0.00101114 -0.00330331 -0.0146826 -0.0235466
internal_weight=3876.23 3710.95 3204.31 3127.87 3103.71 138.405 2965.3 663.482 2301.82 2040.46 520.983 459.776 280.779 226.229
internal_count=62115 35425 31366 31219 31052 4730 26322 13085 13237 12439 9114 8620 6556 6306
is_linear=0
shrinkage=0.03


Tree=204
num_leaves=15
num_cat=0
split_feature=14 42 21 12 7 33 38 17 20 32 16 28 16 34
split_gain=58.2073 58.2748 78.6212 82.4439 59.9629 58.7842 60.3571 52.0391 51.561 74.3756 62.4263 81.1227 69.8626 77.8339
threshold=-0.57584999999999986 0.37500000000000006 0.28762349039227958 2.4304625000000009 20.323200000000003 0.028737612591294193 17.013318153750003 0.2337383734710114 2.0720659722222226 0.74908750000000024 2.2205437500000005 0.98911250000000006 2.0480312500000006 0.098290454545453196
decision_type=2 2 2 2 2 2 8 2 2 2 2 2 2 2
left_child=-1 -2 5 4 -4 6 -3 -7 -8 -10 12 -12 -11 -14
right_child=1 2 3 -5 -6 7 8 -9 9 10 11 -13 13 -15
leaf_value=-0.031542311224262293 -0.032225382765285991 -0.040667689008266034 0.011140464608508522 0.024462876302076754 -0.036395309912425983 0.00028722267646827014 -0.036094047058475943 -0.047401094965716754 0.022760791262153357 0.029450570386360231 0.016315889813350446 0.00068374072806228078 -0.031793412921326238 0.048045267397203884
leaf_weight=45.827173184141429 42.988041763292131 28.971540546757751 59.729850175252068 264.43817991914693 38.432243660354288 40.527906166207686 30.518942023598356 40.846272438619053 153.82755923659715 24.207643159083091 335.72099480449106 2652.3315677371575 125.69650482681755 11.150139717356067
leaf_count=971 18933 1322 1249 599 1613 1576 1367 3069 1025 107 1535 21522 6959 99
internal_value=0.00170478 0.00210868 0.00250479 0.0157722 -0.00765 0.00110368 0.00171658 -0.0239351 0.00209704 0.00246074 0.00146221 0.00244495 -0.0166733 -0.0249869
internal_weight=3895.21 3849.39 3806.4 362.6 98.1621 3443.8 3362.42 81.3742 3333.45 3302.93 3149.11 2988.05 161.054 136.847
internal_count=61946 60975 42042 3461 2862 38581 33936 4645 32614 31247 30222 23057 7165 7058
is_linear=0
shrinkage=0.03


Tree=205
num_leaves=15
num_cat=0
split_feature=42 22 38 16 32 38 33 18 21 22 38 21 40 34
split_gain=77.0136 88.5064 89.1596 73.4475 72.2604 77.3557 66.301 63.7162 56.4656 59.7002 54.481 53.8882 102.579 93.6899
threshold=4.6250000000000009 0.20065222222222331 510.00549073458336 2.579308333333334 1.1447135416666667 482.63614671291674 0.020222394084264444 0.13896477272727223 0.30686392166691417 0.35467571428571454 337.55790493708338 0.24438015793234305 562.50000000000011 0.021736602870813849
decision_type=2 2 10 2 2 10 2 2 2 2 10 2 8 2
left_child=3 2 11 -1 -5 6 -6 10 9 -8 -3 12 -2 -14
right_child=1 7 -4 4 5 -7 8 -9 -10 -11 -12 -13 13 -15
leaf_value=-0.043440154248695496 0.013855579904757977 0.0092511658974737485 -0.050544158333083913 0.018001639659257503 -0.0078420080312692538 0.013484063030406071 -0.043578020597519362 0.022637051308622112 -0.010377873618620328 -0.1234904939284576 -0.022318253270869736 -0.0020597363016065574 0.0045008977861836254 -0.036752107985276158
leaf_weight=54.265049981811899 571.76848018933379 260.26275267874007 30.01307565998286 84.011277672136202 125.57983363998937 71.742741786671104 49.571457488291344 295.20510133635253 34.873890006332658 9.8655651891604048 59.629550907644443 1951.5251845991443 135.79711491102353 76.844256423064508
leaf_count=21860 3369 811 217 421 6930 431 4971 581 289 121 359 18348 920 2429
internal_value=0.000805517 0.00232718 3.67162e-05 -0.0111393 -0.00637025 -0.0134286 -0.0222306 0.0126101 -0.0411064 -0.058666 0.00331525 0.000609851 0.00724565 -0.0105093
internal_weight=3810.96 3381.05 2765.95 429.91 375.645 291.633 219.891 615.097 94.3109 59.437 319.892 2735.94 784.41 212.641
internal_count=62057 27034 25283 35023 13163 12742 12311 1751 5381 5092 1170 25066 6718 3349
is_linear=0
shrinkage=0.03


Tree=206
num_leaves=15
num_cat=0
split_feature=18 11 38 39 8 7 39 36 16 11 33 40 38 15
split_gain=54.3045 49.3957 107.114 92.535 138.079 90.7948 132.276 173.02 150.331 227.098 101.234 82.7837 78.0609 102.963
threshold=0.46536019607843149 26.157750000000004 1.7335950980555557 620.72643510791681 23.880229513888892 24.695000000000004 498.0167850366667 1.5000000000000002 3.2601729166666673 23.528900000000004 0.020670840329482566 771.50000000000011 425.4241100033334 3.3771500000000008
decision_type=2 2 8 10 2 2 10 2 2 2 2 10 10 2
left_child=1 2 -1 5 -5 6 8 -8 9 12 -10 -9 13 -4
right_child=-2 -3 3 4 -6 -7 7 11 10 -11 -12 -13 -14 -15
leaf_value=-0.052207985011913705 0.020652263983174473 0.024053633780503451 -0.00033191902790517613 -0.048050715086858389 0.00073447046835356479 0.022238649362270126 -0.052157063647693756 -0.028965411466617921 0.024966899194182095 -0.036378350793740286 -0.020711856377288968 0.023510502407820062 -0.03820756822985176 0.015934222642085664
leaf_weight=33.804800705496746 125.75881928764284 78.633099303930067 1954.0421874924759 84.265220423665596 134.63201914462843 185.73120535348426 94.340175379402353 43.627260010136524 353.10075689958467 147.33806859519973 49.040958077792311 67.73730553995847 41.987563579677953 425.7029220876575
leaf_count=457 247 333 47351 1461 459 412 1648 691 1167 4352 603 350 309 2178
internal_value=0.00134478 0.000682061 0.000167223 0.000676007 -0.0181787 0.00190842 0.000713239 -0.0224923 0.00232684 -0.000345703 0.0193588 0.00287815 0.00186063 0.00258334
internal_weight=3819.74 3693.98 3615.35 3581.55 218.897 3362.65 3176.92 205.705 2971.21 2569.07 402.142 111.365 2421.73 2379.75
internal_count=62018 61771 61438 60981 1920 59061 58649 2689 55960 54190 1770 1041 49838 49529
is_linear=0
shrinkage=0.03


Tree=207
num_leaves=15
num_cat=0
split_feature=22 18 36 21 25 40 34 17 35 16 32 23 11 32
split_gain=57.1599 109.031 92.3777 86.4297 79.8486 77.9551 140.848 74.1859 61.6584 116.545 112.209 72.4455 79.1434 101.103
threshold=0.088752291666665706 0.01867568181818139 2.5000000000000004 0.24661393734502934 0.00014907119850003167 459.50000000000006 0.092898357620640262 0.22182505945685213 1.7456500000000001 3.2601729166666673 1.3182048611111112 3.2985000000000002 21.580050000000004 1.0680559027777778
decision_type=2 2 2 2 2 10 2 2 2 2 2 2 2 2
left_child=3 2 -2 7 -3 6 -5 -1 9 10 11 12 13 -7
right_child=1 4 -4 5 -6 8 -8 -9 -10 -11 -12 -13 -14 -15
leaf_value=-0.018337995953333679 -0.01584184433420037 -0.0054587113383514664 0.0097809366398687158 -0.03551377507305125 0.011513368338696078 -0.013930686538682822 0.035113930396808372 0.0094990353223441248 -0.031041264376647084 0.029420334344926625 -0.027516272315706653 0.016827941675186683 -0.036972576687673557 0.034746666635140436
leaf_weight=100.29969174278085 361.35884113975408 304.20216396257092 193.83887678572501 172.02425184455205 1372.9565772009082 117.7594660090399 28.961454266216606 577.26565143566404 68.4821680245077 94.063467409345321 161.76623199639653 170.22133911687706 64.040597467246698 55.757034425303573
leaf_count=3889 7223 5300 2753 8207 5639 6549 721 10822 1356 162 3281 2057 3961 98
internal_value=0.0015131 0.00462001 -0.00689454 -0.00279329 0.00843356 -0.0087114 -0.0252131 0.00535738 -0.00415288 -0.00133555 -0.00645772 0.00194311 -0.00874844 0.00182055
internal_weight=3843 2232.36 555.198 1610.64 1677.16 933.076 200.986 677.565 732.09 663.608 569.545 407.778 237.557 173.517
internal_count=62018 20915 9976 41103 10939 26392 8928 14711 17464 16108 15946 12665 10608 6647
is_linear=0
shrinkage=0.03


Tree=208
num_leaves=15
num_cat=0
split_feature=42 37 22 18 21 40 20 10 23 11 39 16 11 15
split_gain=52.6952 66.6741 61.6705 90.5533 79.1964 69.0513 119.05 117.235 122.435 165.69 133.757 114.488 70.6216 83.4946
threshold=3.1250000000000004 112.54166666666669 0.16910901785714308 0.14538230769230762 0.24858630435667961 739.50000000000011 2.5074029513888898 0.39826215909090912 3.9186000000000005 21.580050000000004 486.61097256888894 2.267788541666667 22.626200000000001 3.3625500000000001
decision_type=2 10 2 2 2 10 2 2 2 2 10 2 2 2
left_child=1 -1 4 -4 -2 7 -7 8 9 11 -10 -6 -8 -14
right_child=2 -3 3 -5 5 6 12 -9 10 -11 -12 -13 13 -15
leaf_value=-0.027651464419518792 0.0054245795549578354 0.0045737020100540806 0.00011304717810476235 0.018526880874665974 -0.023619707030742589 -0.027258410791045774 0.024771929859016734 0.016728210211308325 0.025459486425306113 -0.038598884838853258 -0.024476136168802409 0.017828110882921962 -0.042940418627710156 0.0062386027721831735
leaf_weight=122.42022616113536 1204.2784096963005 108.19350984459743 517.839856953462 447.57811829791171 129.10398682963569 95.939619853976183 168.0933138129767 120.46467883347941 116.22164426191011 276.88433627894847 81.109314727014862 110.32136811222881 34.13432659812679 267.59658583288547
leaf_count=21827 11929 7476 2796 1034 3390 3716 273 940 819 4845 641 317 961 1022
internal_value=0.001289 -0.0125784 0.00218818 0.00866023 -0.000213563 -0.00506435 0.00302301 -0.010547 -0.0151681 -0.0228381 0.00491443 -0.00452685 0.00925133 0.000551595
internal_weight=3800.18 230.614 3569.57 965.418 2604.15 1399.87 565.764 834.105 713.641 516.31 197.331 239.425 469.824 301.731
internal_count=61986 29303 32683 3830 28853 16924 5972 10952 10012 8552 1460 3707 2256 1983
is_linear=0
shrinkage=0.03


Tree=209
num_leaves=15
num_cat=0
split_feature=20 35 16 10 38 32 32 31 36 25 36 16 8 38
split_gain=54.1731 52.5247 66.574 94.4617 66.0702 59.2907 64.5775 76.4556 65.7841 52.1402 75.1662 76.6616 121.182 69.5427
threshold=2.0720659722222226 0.7672500000000001 2.2041437500000005 -0.101885417529337 6.1126452237500013 0.91728368055555565 0.95686041666666666 0.99350000000000016 4.5000000000000009 0.00014907119850003167 1.0000000180025095e-35 3.0749208333333331 20.939967708333338 493.25401706083341
decision_type=2 2 2 2 10 2 2 2 2 2 2 2 2 10
left_child=-1 -2 3 4 -3 -4 -7 -8 9 10 11 12 -9 -13
right_child=1 2 5 -5 -6 6 7 8 -10 -11 -12 13 -14 -15
leaf_value=-0.036258508760208558 0.020929476491023728 0.023613726946820669 0.016383571159638854 -0.034974075221620986 -0.032341748113317297 -0.027249122273598381 0.025531462542026772 0.007157398840207628 -0.035609092557207934 0.0039224438291447453 -0.016445867674267572 0.018407236984208472 -0.044210578981059741 -0.028791336679913827
leaf_weight=32.216748444705445 129.44718729329179 62.902876189938979 255.7206552106727 103.21590940534225 26.054436446662294 68.281731136026792 118.86731275454804 106.23017986315244 42.30327855640644 2245.3231367245899 311.74044047770803 236.00719205672794 66.420096486719558 30.968897419981658
leaf_count=2699 1331 429 1872 11199 3217 1652 633 4517 1201 16205 10995 2369 3647 127
internal_value=0.0018892 0.00222177 0.00155713 -0.0155863 0.00704776 0.00250752 0.0014029 0.00203086 0.00110356 0.00163353 -0.0052026 0.00278927 -0.0127451 0.0128453
internal_weight=3835.7 3803.48 3674.04 192.173 88.9573 3481.86 3226.14 3157.86 3038.99 2996.69 751.367 439.626 172.65 266.976
internal_count=62093 59394 58063 14845 3646 43218 41346 39694 39061 37860 21655 10660 8164 2496
is_linear=0
shrinkage=0.03


Tree=210
num_leaves=15
num_cat=0
split_feature=18 42 38 21 16 27 7 16 42 35 16 30 39 17
split_gain=55.288 58.3547 51.8947 58.5797 71.2625 63.3607 210.88 175.792 94.9418 127.349 159.053 66.2186 136.692 63.1453
threshold=0.46536019607843149 0.87500000000000011 0.85902305791666678 0.28762349039227958 2.5496406250000008 1.7793000000000003 24.695000000000004 3.3260062500000007 7.3750000000000009 1.2307500000000002 2.4425416666666671 0.01600000000000024 214.76262911236114 0.21636063995858965
decision_type=2 2 8 2 2 2 2 2 2 2 2 2 8 2
left_child=1 -1 -3 5 -5 7 13 8 9 10 -4 -10 -13 -7
right_child=-2 2 3 4 -6 6 -8 -9 11 -11 -12 12 -14 -15
leaf_value=-0.032104122602096309 0.021161058221017801 -0.035440460793450652 -0.027086110837810023 -0.0093540346391629212 0.023711828248539086 -0.0019091321303628909 0.0033186582834850197 0.026399277187581865 0.0059685987609242007 -0.028653096174562992 0.021896866766120137 0.0061225583107701867 -0.024102112231152221 -0.044896452010155422
leaf_weight=48.049686020138324 118.20049072615802 34.131071050709579 98.004716591945908 81.692934213788249 203.04213488358073 39.292475740192458 397.18733610233176 240.8536807334749 1402.4388338917634 226.50936388865375 149.14965739528998 327.9951647973503 227.11347240628675 142.05665826886252
leaf_count=21256 239 224 11470 2590 616 269 1451 234 9218 7307 849 2444 2122 2009
internal_value=0.00105816 0.000395642 0.000842 0.0012022 0.0142254 5.74165e-05 -0.00893509 0.00200702 -0.000419312 -0.0124566 0.00244265 0.0024982 -0.00626447 -0.035644
internal_weight=3735.72 3617.52 3569.47 3535.34 284.735 3250.6 578.536 2672.06 2431.21 473.664 247.154 1957.55 555.109 181.349
internal_count=62298 62059 40803 40579 3206 37373 3729 33644 33410 19626 12319 13784 4566 2278
is_linear=0
shrinkage=0.03


Tree=211
num_leaves=15
num_cat=0
split_feature=38 42 21 12 38 34 11 20 20 38 39 4 29 37
split_gain=62.0472 57.2207 80.7382 93.2105 53.2468 50.7745 47.1154 112.088 71.6681 66.6436 56.588 88.8746 64.8085 100.355
threshold=0.85902305791666678 0.62500000000000011 0.28762349039227958 2.1618041666666672 17.013318153750003 0.1095806630546957 21.020700000000001 2.1801932291666675 2.0720659722222226 66.512629112361125 155.97277606763893 20.104350000000007 0.0033061098576566595 125.54166666666669
decision_type=8 2 2 2 8 2 2 2 2 10 10 2 2 10
left_child=-1 -2 4 -4 -3 6 8 -8 -6 -10 12 -12 -9 -14
right_child=1 2 3 -5 5 -7 7 10 9 -11 11 -13 13 -15
leaf_value=-0.042352806208090073 -0.033713072996843563 -0.040787379771961986 -0.018746188260612456 0.023066018288920152 -0.034517203112028737 -0.047391641199581523 -0.034278823589090894 0.020207958091886212 0.022974188681315389 -0.032961673868943567 -0.039202587300554731 -7.3213438166022202e-05 -0.018883293058155129 0.027890463954953447
leaf_weight=28.523252766877704 40.510400192182715 27.14845735632116 57.325115915969945 274.24531097296858 24.832312176396954 18.681983100374055 83.085367424420838 262.51434896700084 218.74657241511159 20.127876831502363 52.387730705173453 2433.1386741553506 120.80050289990322 61.460617004864616
leaf_count=239 20177 1313 2435 896 1206 1971 4761 1527 1632 1542 1588 20668 1475 410
internal_value=0.000966249 0.00131202 0.00170939 0.0158025 0.000298809 0.000649519 0.000937765 -0.000128168 0.0130727 0.0181432 0.000851498 -0.000913382 0.0106941 -0.0030445
internal_weight=3723.53 3695.01 3654.49 331.57 3322.92 3295.78 3277.09 3013.39 263.707 238.874 2930.3 2485.53 444.775 182.261
internal_count=61840 61601 41424 3331 38093 36780 34809 30429 4380 3174 25668 22256 3412 1885
is_linear=0
shrinkage=0.03


Tree=212
num_leaves=15
num_cat=0
split_feature=11 38 39 8 38 19 38 42 22 33 22 19 32 11
split_gain=54.1469 103.726 71.0916 154.45 73.5144 73.3751 104.701 70.4581 93.8343 84.7339 69.6645 68.7527 69.2713 67.7521
threshold=26.157750000000004 1.7335950980555557 620.72643510791681 23.880229513888892 341.08013014027784 4.5264000000000015 510.00549073458336 3.6250000000000004 0.14443890977443599 0.022843231851019465 0.35467571428571454 3.2500500000000003 1.1500753472222225 22.626200000000001
decision_type=2 8 10 2 10 2 10 2 2 2 2 2 2 2
left_child=1 -1 5 -4 -5 6 7 11 -9 -10 13 -3 -13 -11
right_child=-2 2 3 4 -6 -7 -8 8 9 10 -12 12 -14 -15
leaf_value=-0.051012332509401986 0.024829624665588797 -0.05175973171358092 -0.046819303439037493 0.024813334435138935 -0.0170826726075991 0.022878369945954446 -0.046952807179922999 -0.00037948662397416726 0.016438645196111833 0.0020091415032764091 0.01590458846070399 0.017503132477114297 -0.02239324308305303 -0.042105660584815671
leaf_weight=33.635706832908909 84.356930559966713 36.796489574564475 84.972949817252811 73.601555268163793 75.221268022374716 147.61771636302001 38.943907033026335 2087.3037272285583 673.6897543995874 63.791811187518761 81.482293664477766 63.515064500068547 98.877572827033873 60.413436055838247
leaf_count=460 351 21150 1469 77 398 352 444 24816 1629 713 273 399 8213 1334
internal_value=0.00121235 0.000655266 0.00115395 -0.014805 0.00366466 0.00227099 0.00131495 0.00192334 0.00308479 0.0112987 -0.0055341 -0.015304 -0.00677734 -0.0196132
internal_weight=3704.22 3619.86 3586.23 233.796 148.823 3352.43 3204.81 3165.87 2966.68 879.377 205.688 199.189 162.393 124.205
internal_count=62078 61727 61267 1944 475 59323 58971 58527 28765 3949 2320 29762 8612 2047
is_linear=0
shrinkage=0.03


Tree=213
num_leaves=15
num_cat=0
split_feature=29 35 20 11 37 23 18 10 20 11 16 37 21 34
split_gain=57.5704 76.0458 101.556 64.4525 61.87 59.9496 59.4941 115.582 49.1251 54.6022 133.128 101.318 48.9496 81.6527
threshold=1.0000000180025095e-35 1.72645 3.148721875000001 23.155550000000002 142.54166666666669 3.5445000000000007 -0.069084107142857079 0.20404607142857703 2.0761019097222224 21.020700000000001 2.253835416666667 125.54166666666669 0.28762349039227958 0.091108355957766632
decision_type=2 2 2 2 10 2 2 2 2 2 2 10 2 2
left_child=1 2 3 5 -3 -1 7 -2 -8 -10 11 -11 13 -12
right_child=6 4 -4 -5 -6 -7 8 -9 9 10 12 -13 -14 -15
leaf_value=-0.018830881759694218 0.0017835051480219683 -0.053098832655820945 0.023017479191780786 -0.044746762775085776 0.0086258593238767185 0.017071616868700883 -0.036940846920372881 -0.032103197561558036 0.02004316801370112 -0.038811012930787821 0.0047686301272801997 0.010926812535505264 0.019489941811235357 -0.03538335605267779
leaf_weight=112.80637744777414 332.22590897948976 54.025825744480244 93.393662213115022 47.358201818031375 19.556969458528329 65.272007667153957 24.890520725159149 123.50095924464767 190.7146037532948 111.17087548285053 2250.7244736714565 54.353881022179849 197.5014755805023 45.534503982664319
leaf_count=13852 5838 2334 390 2652 181 805 1365 5256 2535 5375 16139 1909 634 2941
internal_value=0.00132853 -0.00952525 -0.00313564 -0.0140241 -0.0367978 -0.0056495 0.00260979 -0.0074499 0.00420649 0.00457868 0.00346251 -0.0225109 0.00519484 0.00395737
internal_weight=3723.03 392.413 318.83 225.437 73.5828 178.078 3330.62 455.727 2874.89 2850 2659.29 165.525 2493.76 2296.26
internal_count=62206 20214 17699 17309 2515 14657 41992 11094 30898 29533 26998 7284 19714 19080
is_linear=0
shrinkage=0.03


Tree=214
num_leaves=15
num_cat=0
split_feature=42 16 11 19 27 38 22 6 29 21 37 22 6 21
split_gain=64.236 78.1197 93.9447 85.2264 66.6226 75.9911 56.5276 53.4586 57.6229 49.8499 41.794 39.6613 49.6489 72.7917
threshold=5.3750000000000009 2.5496406250000008 22.392150000000004 3.7315500000000008 1.6375500000000003 482.63614671291674 0.31093901098901028 0.33164499999999303 0.0018356117469210517 0.30686392166691417 14.291666666666668 -0.11459884902679017 -0.26473095238095951 0.25326679100548305
decision_type=2 2 2 2 2 10 2 2 2 2 10 2 2 2
left_child=1 -1 -3 -4 -5 9 7 11 -9 10 -6 -2 13 -13
right_child=6 2 3 4 5 -7 -8 8 -10 -11 -12 12 -14 -15
leaf_value=-0.040173519209883754 0.018911215805574911 0.017397972266786531 -0.04002055798626851 0.021716524496735612 0.003468800746171083 0.011947327973989419 0.017874145635937179 -0.016635224833214644 0.010812144722785556 0.0063103004634101692 -0.047897288738233713 -0.0032287962700564359 0.0004563051760756134 -0.036199964785451594
leaf_weight=60.169462845718954 88.711862548370846 130.4919024702649 76.902258889200311 65.533606951634283 17.432092572693364 68.717771194671514 214.28677952475846 74.760687996007618 763.7244372543355 29.648608016315848 74.18747221616286 204.79445068994391 1725.042521892261 84.526590001274599
leaf_count=23071 966 918 8790 421 174 491 621 1120 3155 135 3811 2215 14542 1522
internal_value=0.00142019 -0.0083069 -0.00408722 -0.0125481 -0.00415609 -0.0131475 0.00303458 0.00194784 0.00834799 -0.0273492 -0.0381921 -0.000606616 -0.00147513 -0.012953
internal_weight=3678.93 523.083 462.914 332.422 255.52 189.986 3155.85 2941.56 838.485 121.268 91.6196 2103.08 2014.36 289.321
internal_count=61952 37811 14740 13822 5032 4611 24141 23520 4275 4120 3985 19245 18279 3737
is_linear=0
shrinkage=0.03


Tree=215
num_leaves=15
num_cat=0
split_feature=18 42 36 21 30 34 5 40 22 39 39 16 4 23
split_gain=52.5488 67.3187 87.7364 82.1208 76.7642 72.5217 79.9135 79.5226 73.8506 82.3197 135.736 120.885 88.7778 113.987
threshold=0.46536019607843149 5.8750000000000009 1.0000000180025095e-35 0.27430696563045792 0.0082488095238096235 0.07008750000000058 0.65701829721066363 771.50000000000011 0.14993754901960785 829.23959473472235 498.0167850366667 3.2601729166666673 21.80992083333334 3.5015500000000004
decision_type=2 2 2 2 2 2 2 10 2 8 10 2 2 2
left_child=1 2 -1 -4 -5 8 -7 -8 9 10 11 12 13 -3
right_child=-2 5 3 4 -6 6 7 -9 -10 -11 -12 -13 -14 -15
leaf_value=0.002903038786870993 0.020804356275079088 -0.011531453901180997 -0.036211372247809397 -0.032211900103958309 0.013284744195252779 0.011843342724576163 -0.040270620823928169 0.016725290186012154 0.008839562788340926 0.017244276176125867 -0.038483934559132724 0.024346421306676656 -0.036026717608530871 0.0096203727048152169
leaf_weight=280.98287197845639 116.89858678402379 684.75374253003974 147.17209987429305 52.983651758899214 86.491422894752759 867.33292123049614 54.378715528320754 35.850804521469399 510.97476556780748 142.43895525299013 109.75453999871388 122.56879601813853 86.025195615831763 343.58626294706482
leaf_count=16808 248 9701 19830 1873 978 6256 786 231 1303 302 976 149 759 1754
internal_value=0.00110256 0.000443538 -0.00901029 -0.0206577 -0.00410475 0.00226033 0.00904497 -0.0176894 -0.000990754 -0.00436757 -0.00666455 -0.00381237 -0.0069286 -0.00446178
internal_weight=3642.19 3525.29 567.63 286.647 139.475 2957.66 957.562 90.2295 2000.1 1489.13 1346.69 1236.93 1114.37 1028.34
internal_count=61954 61706 39489 22681 2851 22217 7273 1017 14944 13641 13339 12363 12214 11455
is_linear=0
shrinkage=0.03


Tree=216
num_leaves=15
num_cat=0
split_feature=38 19 11 16 7 19 38 8 16 30 10 10 32 16
split_gain=64.3843 64.0997 49.4032 77.796 86.2528 93.8186 151.173 98.4773 214.251 86.792 78.831 75.6253 69.5662 82.431
threshold=0.85902305791666678 2.6294000000000008 20.539000000000005 2.2434291666666675 21.481450000000006 3.2359500000000003 196.06658364569446 21.315201562500004 2.9298531250000006 0.015032153110047857 -0.0088925396825418352 -0.091495584415584738 1.5485218750000005 3.2601729166666673
decision_type=8 2 2 2 2 2 8 2 2 2 2 2 2 2
left_child=-1 -2 -3 10 -5 6 9 -7 -9 -6 -4 -8 -10 -14
right_child=1 2 3 4 5 7 11 8 12 -11 -12 -13 13 -15
leaf_value=-0.04354171084370094 -0.02442183198198402 0.023014151755538476 0.0031958396775700975 0.012990849204631956 -0.016137377715118632 0.014670006700992784 0.019356782912840983 -0.040577660111542388 0.017890839579276036 0.015638134603477322 -0.033466234314202301 -0.038495490852858631 -0.014408256019032435 0.0037402543165532894
leaf_weight=28.126041175120918 84.500984930036793 95.702603738754988 98.808266300569812 570.9660207786801 137.54211341936389 491.41338190550232 22.377482938565663 111.55205324620692 219.71533097378415 174.20750089799185 111.92956479477652 175.13157315938588 289.42590929966536 1002.5842654946719
leaf_count=242 7476 511 3464 5713 4693 4023 511 3615 1216 1674 10385 7833 3943 6804
internal_value=0.000882489 0.00124298 0.00186916 0.00126838 0.00243476 0.000133707 -0.0114129 0.00291844 -0.000645941 0.00161219 -0.0163426 -0.0318764 0.00232555 -0.000333231
internal_weight=3613.98 3585.86 3501.36 3405.65 3194.92 2623.95 509.259 2114.69 1623.28 311.75 210.738 197.509 1511.73 1292.01
internal_count=62103 61861 54385 53874 40025 34312 14711 19601 15578 6367 13849 8344 11963 10747
is_linear=0
shrinkage=0.03


Tree=217
num_leaves=15
num_cat=0
split_feature=42 22 38 38 20 11 16 38 35 38 40 38 11 11
split_gain=55.6104 55.7794 52.8256 49.2722 42.0858 72.5886 65.0671 70.909 59.3481 90.1407 63.2317 96.6057 70.1963 63.4903
threshold=2.1250000000000004 0.28306659090909164 145.16932549125002 6.1126452237500013 2.0720659722222226 20.539000000000005 2.2041437500000005 6.1126452237500013 0.93690000000000018 17.013318153750003 102.50000000000001 474.94920017277781 21.488850000000003 21.580050000000004
decision_type=2 2 10 10 2 2 2 10 2 10 10 10 2 2
left_child=2 4 -1 -3 -2 -6 7 -7 -8 -10 11 -11 -12 -14
right_child=1 3 -4 -5 5 6 8 -9 9 10 12 -13 13 -15
leaf_value=-0.044890405778087124 -0.035450198737846363 -0.012332671799164188 -0.0046916624381032135 0.017454886798048019 0.026140041475961714 0.0060518442344389594 0.018838838715896943 -0.03352109184481733 -0.042820700048267137 -0.03245922245734318 -0.036900288440011655 0.014172967101984466 0.019975271301525887 0.00089617683603252863
leaf_weight=44.159378394360829 28.845529812515451 59.238697226159275 85.206045927374362 298.55366090871394 94.137547670630738 65.619893330971536 151.18931419431465 105.38716178188042 43.385074041900225 118.54917444218881 40.921393145545153 59.370142929255962 168.1090736125625 2189.7292779808777
leaf_count=14060 1395 368 11819 825 242 639 776 8623 1084 1576 1264 77 843 18540
internal_value=0.000578577 0.00131061 -0.0186527 0.0125024 5.93116e-07 0.000348933 -0.000484854 -0.018389 0.000626202 -0.000431535 0.000298532 -0.0169062 0.00158115 0.00226437
internal_weight=3552.4 3423.04 129.365 357.792 3065.24 3036.4 2942.26 171.007 2771.25 2620.06 2576.68 177.919 2398.76 2357.84
internal_count=62131 36252 25879 1193 35059 33664 33422 9262 24160 23384 22300 1653 20647 19383
is_linear=0
shrinkage=0.03


Tree=218
num_leaves=15
num_cat=0
split_feature=38 21 37 5 21 21 38 9 38 15 27 38 38 37
split_gain=48.5826 51.0837 55.0694 58.8202 60.4902 53.8286 122.544 84.4515 66.4335 142.502 103.119 76.3355 123.603 120.75
threshold=1.7335950980555557 0.28762349039227958 147.04166666666669 0.68113752897443847 0.27013768694667123 0.24452820727379745 139.37141960736116 0.55587115211863913 345.19920017277781 3.8024500000000008 1.7793000000000003 331.01583657152781 232.46814492111113 144.54166666666669
decision_type=8 2 8 2 2 2 8 2 10 2 2 10 10 10
left_child=-1 2 5 4 -4 6 7 -2 11 -10 -11 12 -7 -14
right_child=1 -3 3 -5 -6 8 -8 -9 9 10 -12 -13 13 -15
leaf_value=-0.029042805561378518 0.024115086091940189 0.012824261354628934 -0.036973756249239348 0.016193582682608034 0.014890000001270658 0.0027860897981731459 0.011928209599982755 -0.037593881749755233 -0.032865517644410584 0.022226067438745556 -0.012561829057178989 0.018883519446175334 -0.031496014529194961 0.018554340414441088
leaf_weight=47.388163548443117 25.71438603659044 310.57939347943466 100.17023845835138 36.617731242506125 24.712514088503667 1309.7351392540368 725.24215992553218 80.040854423168639 174.12936525399709 123.17453211443353 199.5322112082431 197.01494138125418 192.17349212984482 55.219623520504683
leaf_count=497 115 4476 6360 539 237 24862 7752 5925 3086 355 1318 593 5846 124
internal_value=0.00081536 0.00122153 0.000106902 -0.0169145 -0.0266739 0.00100405 0.00752448 -0.022504 -0.00140538 -0.0110777 0.000744069 0.0013389 -0.000891615 -0.0202948
internal_weight=3601.44 3554.06 3243.48 161.5 124.883 3081.98 830.997 105.755 2250.98 496.836 322.707 1754.14 1557.13 247.393
internal_count=62085 61588 57112 7136 6597 49976 13792 6040 36184 4759 1673 31425 30832 5970
is_linear=0
shrinkage=0.03


Tree=219
num_leaves=15
num_cat=0
split_feature=18 11 38 32 37 16 7 38 21 40 7 7 9 11
split_gain=50.4204 42.0225 95.9458 64.4333 240.248 138.241 95.5 80.2647 110.267 76.5408 143.134 102.186 86.478 57.0781
threshold=0.46536019607843149 26.157750000000004 1.7335950980555557 1.7515975694444448 86.291666666666686 3.3260062500000007 24.378200000000003 425.4241100033334 0.2438309723817452 723.50000000000011 24.695000000000004 24.921650000000003 0.62340329183593168 25.986550000000005
decision_type=2 2 8 2 10 2 2 10 2 10 2 2 2 2
left_child=1 2 -1 5 6 7 -5 -4 -9 10 -8 -12 -13 -6
right_child=-2 -3 3 4 13 -7 9 8 -10 -11 11 12 -14 -15
leaf_value=-0.050930713107557764 0.020678988429370593 0.022894002965834808 0.0015879975571487233 -0.032948602453273745 -0.047149676288953411 0.023306792137548431 -0.054140784169975656 0.014976350691089779 -0.043455814640268424 0.032205006038894139 0.024540734500638452 -0.042420541367445913 0.01697512904556293 0.010907585307406355
leaf_weight=31.787743545566627 115.6295819953084 73.655694337372552 2437.3199834524712 55.950962540231558 135.28221223936634 259.75117313088413 35.977546643909591 44.281212278321618 81.366132282353647 92.658871492152684 147.2821558083233 48.786698511394206 38.85455574815569 16.781299773603678
leaf_count=457 253 352 53836 1078 2728 781 404 279 827 68 413 612 95 26
internal_value=0.00127445 0.000627605 0.00014237 0.000635531 -0.00854101 0.00249606 0.0031898 0.000378673 -0.0229072 0.00882654 0.000741142 0.00933994 -0.0161938 -0.0407132
internal_weight=3615.37 3499.74 3426.08 3394.29 571.574 2822.72 419.511 2562.97 125.647 363.56 270.901 234.923 87.6413 152.064
internal_count=62209 61956 61604 61147 5424 55723 2670 54942 1106 1592 1524 1120 707 2754
is_linear=0
shrinkage=0.03


Tree=220
num_leaves=15
num_cat=0
split_feature=11 16 39 22 11 23 10 11 38 16 11 11 38 37
split_gain=41.8744 62.4934 93.5607 80.9104 48.712 95.7127 108.824 70.7162 148.881 93.1633 61.9174 159.802 108.609 186.145
threshold=20.539000000000005 2.2041437500000005 6.9250069995833341 0.023993671679197033 21.580050000000004 3.0881000000000003 0.36820476190475587 21.539300000000004 49.257471356388898 2.5496406250000008 22.626200000000001 22.960400000000003 216.56658364569446 145.04166666666669
decision_type=2 2 10 2 2 2 2 2 10 2 2 2 10 10
left_child=-1 2 3 -2 7 6 -6 8 -3 -10 12 -12 -7 -14
right_child=1 4 -4 -5 5 10 -8 -9 9 -11 11 -13 13 -15
leaf_value=0.018328131858874868 0.025298003703954262 0.018377478220135846 -0.03374705450479782 -0.036177144516953981 -0.037047316522770185 0.015196293322400557 0.015148447342017365 0.02452992154672996 -0.039193666890204447 0.027759429007620396 -0.036918851361093498 0.00037838522592501244 -0.039921619366943356 0.024678963055991505
leaf_weight=116.0181011205932 63.369100598218211 170.43348977011919 115.03777621667905 26.526470913413505 122.94734949261692 534.11036994210372 49.98611336099566 183.11955582894734 91.318314093186927 22.688092906028032 108.80230885566925 1769.687780469947 94.216456047946849 68.521930061127932
leaf_count=1038 561 992 16661 606 6605 4596 1142 602 3763 62 4147 17199 3609 588
internal_value=0.000681358 7.76718e-05 -0.0159438 0.00695942 0.0011033 -0.000420875 -0.0219599 0.010044 0.000664903 -0.025744 0.00103343 -0.00180037 0.0086641 -0.0127366
internal_weight=3536.78 3420.77 204.933 89.8956 3215.83 2748.27 172.933 467.559 284.44 114.006 2575.34 1878.49 696.849 162.738
internal_count=62171 61133 17828 1167 43305 37886 7747 5419 4817 3825 30139 21346 8793 4197
is_linear=0
shrinkage=0.03


Tree=221
num_leaves=15
num_cat=0
split_feature=42 22 38 39 7 19 11 37 40 37 22 20 11 38
split_gain=57.8186 44.0395 82.2875 59.5832 158.544 148.152 94.0293 72.8863 95.5696 87.4344 81.6082 61.9203 191.977 67.9399
threshold=0.62500000000000011 0.40447362996480651 7.8929248102777789 498.0167850366667 24.378200000000003 4.0332500000000016 24.112200000000005 123.79166666666669 715.50000000000011 35.291666666666671 -0.034743034188034129 3.1741649305555559 23.528900000000004 430.19372457611115
decision_type=2 2 8 10 2 2 2 10 10 10 2 2 2 10
left_child=-1 3 -3 5 -5 6 11 8 9 -6 -11 12 13 -2
right_child=1 2 -4 4 7 -7 -8 -9 -10 10 -12 -13 -14 -15
leaf_value=-0.0351703731211035 0.0019949101008692634 -0.018308405479065017 0.02481256748744954 -0.043270359604209149 0.0053910328263724917 0.026462169211133705 -0.048249654414354769 -0.030228461599915518 0.028410278570478915 0.011232274202938085 -0.050854470384972712 0.020244820889453528 -0.038130956053103675 -0.049447451818298738
leaf_weight=39.292815147364308 2202.2676105649225 52.105013943975791 160.05629831179976 97.907105384030729 205.0912951627397 204.0941034888383 34.915377635988989 66.311604683141923 101.84508963926055 27.865487031289376 57.187126664153766 136.0082199698154 114.99864562430957 22.351738957251655
leaf_count=20277 32992 364 455 1635 731 251 1001 624 93 83 537 331 2494 224
internal_value=0.000560825 0.000973898 0.0141862 0.000112815 -0.00882332 0.00194633 -5.64196e-05 -0.00138618 0.00355748 -0.00523386 -0.0306191 0.000642489 -0.000505209 0.00145606
internal_weight=3522.3 3483 212.161 3270.84 556.208 2714.64 2510.54 458.301 391.989 290.144 85.0526 2475.63 2339.62 2224.62
internal_count=62092 41815 819 40996 3703 37293 37042 2068 1444 1351 620 36041 35710 33216
is_linear=0
shrinkage=0.03


Tree=222
num_leaves=15
num_cat=0
split_feature=38 22 42 37 18 11 39 37 19 40 7 11 39 40
split_gain=51.1887 43.9962 51.4952 95.3143 42.4804 39.3865 51.771 220.77 124.039 107.437 144.115 92.8374 91.6573 98.0398
threshold=0.85902305791666678 0.40447362996480651 3.1250000000000004 112.54166666666669 0.46536019607843149 26.157750000000004 498.0167850366667 90.791666666666686 4.0332500000000016 723.50000000000011 24.695000000000004 24.112200000000005 620.72643510791681 120.50000000000001
decision_type=8 2 2 10 2 2 10 10 2 10 2 2 10 10
left_child=-1 2 3 -2 5 6 8 9 11 10 -8 -4 -12 -14
right_child=1 -3 4 -5 -6 -7 7 -9 -10 -11 12 -13 13 -15
leaf_value=-0.039663958780571849 -0.0463990700443929 0.014634854616519526 0.00095501912531643668 0.0033773837371977892 0.022581678558677223 0.026442462996546404 -0.047170010553301514 -0.039874821127878261 0.029032132376775051 0.029937766258461312 0.02434296841051501 -0.049874972518062208 0.015879538483483828 -0.050907705894938572
leaf_weight=26.788514367352036 58.142135696765763 205.82790290203411 2340.7405089496569 83.207580764443264 80.227611698210239 51.171103343018331 58.58307586031151 143.72544097003993 141.90775135904551 102.0270936191082 107.13962113740854 31.791795627970714 38.101254671812057 39.339174693915993
leaf_count=238 21445 1080 27979 7522 158 115 673 1495 151 101 154 705 66 355
internal_value=0.000892184 0.0012155 0.000368198 -0.0172795 0.00116921 0.000599604 0.000150639 -0.00877143 0.00188827 0.00425674 -0.00659706 0.000253174 0.006465 -0.0182644
internal_weight=3508.72 3481.93 3276.1 141.35 3134.75 3054.53 3003.36 488.916 2514.44 345.19 243.163 2372.53 184.58 77.4404
internal_count=62237 61999 60919 28967 31952 31794 31679 2844 28835 1349 1248 28684 575 421
is_linear=0
shrinkage=0.03


Tree=223
num_leaves=15
num_cat=0
split_feature=42 22 38 37 21 38 5 37 38 23 11 19 38 29
split_gain=55.2809 66.6209 69.2771 61.1009 60.5743 52.3804 101.925 79.8941 92.4459 120.488 109.339 99.7791 70.2962 85.4274
threshold=4.3750000000000009 0.20065222222222331 510.00549073458336 112.54166666666669 0.30686392166691417 420.78197039833339 0.60223750362326667 50.291666666666671 196.06658364569446 3.7216000000000005 22.640400000000003 2.9941500000000008 345.19920017277781 0.0020102061496417912
decision_type=2 2 10 10 2 10 2 10 10 2 2 2 10 2
left_child=3 2 5 4 -1 6 7 -2 10 -10 11 -9 13 -8
right_child=1 -3 -4 -5 -6 -7 12 8 9 -11 -12 -13 -14 -15
leaf_value=-0.035348479387124827 -0.022610298084298375 0.011511225880402161 -0.047590898783179292 0.0029887197224862947 0.001360250195155297 0.0097042336274810997 -0.017625918694238026 -0.0063485266460502699 -0.038289965878690262 0.0087532643494297666 -0.039310709931705039 0.023175421550488417 -0.026071636018321655 0.0088943099215932631
leaf_weight=116.7128953512547 270.24989014564926 548.6049151643092 26.217256443458609 154.45879837605753 61.533358045489877 458.96002386266628 121.55468603422923 195.72359822225553 124.72350537928287 79.775836416432867 45.651277773140464 215.71744987691636 63.845240378985181 1015.4727687476989
leaf_count=22670 5677 1814 217 9550 1812 1041 3137 4344 2198 440 1174 617 639 6605
internal_value=0.000792368 0.0020157 2.21889e-05 -0.0108218 -0.0227392 0.000522011 -0.00145763 -0.00889778 -0.00327076 -0.019985 0.00423434 0.00914946 0.00431831 0.00604615
internal_weight=3499.2 3166.5 2617.89 332.705 178.246 2591.67 2132.71 931.842 661.592 204.499 457.092 411.441 1200.87 1137.03
internal_count=61935 27903 26089 34032 24482 25872 24831 14450 8773 2638 6135 4961 10381 9742
is_linear=0
shrinkage=0.03


Tree=224
num_leaves=15
num_cat=0
split_feature=18 42 34 21 16 17 21 34 5 23 22 17 22 30
split_gain=47.4853 55.07 73.1785 80.5777 68.4849 50.4626 90.8728 54.1481 78.7614 69.9102 100.96 67.2871 76.4363 66.3855
threshold=0.39881843137254913 6.3750000000000009 0.050398571428571189 0.29814753062215454 2.729927083333334 0.26426313340317775 0.24181731052277289 0.07008750000000058 0.60286901975687746 3.5632000000000006 0.0085884635832006884 0.22488343458162111 0.14993754901960785 0.038068571428571472
decision_type=2 2 2 2 2 2 2 2 2 2 2 2 2 2
left_child=1 2 4 -4 -1 7 -7 8 9 10 -3 12 -10 -12
right_child=-2 5 3 -5 -6 6 -8 -9 11 -11 13 -13 -14 -15
leaf_value=-0.028370001707569689 0.015336914277299517 0.0039116896270574271 -0.029167968602227062 0.0052064304514375112 0.008238294754851298 0.02163443168905263 -0.010729702571626008 0.011048718337041224 -0.032192774345658461 0.002196794651893447 -0.038252554365446903 0.010664818348143435 0.017506131393727226 0.025062794291512969
leaf_weight=54.652434661795269 193.55639102193527 113.60674050723901 203.98164969137724 87.218850847792055 264.02739804848534 91.345308698480949 505.8324115974392 683.75409442842647 74.177677550818771 326.71496470563579 157.83030502506881 674.00031126989052 43.436631623655558 15.764645021408795
leaf_count=14088 487 1453 21104 822 5260 350 4766 4783 1074 1611 3186 3117 67 21
internal_value=0.000934823 8.47583e-05 -0.00804589 -0.0188897 0.001891 0.00193288 -0.00575134 0.00413096 0.000760185 -0.00729736 -0.0180679 0.00701033 -0.0138454 -0.0323921
internal_weight=3489.9 3296.34 609.88 291.201 318.68 2686.46 597.178 2089.29 1405.53 613.917 287.202 791.615 117.614 173.595
internal_count=62189 61702 41274 21926 19348 20428 5116 15312 10529 6271 4660 4258 1141 3207
is_linear=0
shrinkage=0.03


Tree=225
num_leaves=15
num_cat=0
split_feature=42 12 27 23 7 38 8 23 15 36 22 11 11 38
split_gain=45.8788 48.2457 135.087 147.535 128.161 86.8606 118.537 84.4205 109.821 159.638 104.892 81.6813 174.404 83.9331
threshold=1.1250000000000002 2.4836958333333334 1.2257000000000002 3.2672500000000002 21.469500000000004 190.77608276430558 19.895824131944448 3.2883500000000003 3.3625500000000001 3.5000000000000004 -0.11459884902679017 21.47935 21.108500000000003 64.350231493888899
decision_type=2 2 2 2 2 10 2 2 2 2 2 2 2 10
left_child=-1 4 -3 -4 5 6 11 -5 9 10 -9 12 13 -2
right_child=1 2 3 7 -6 -7 -8 8 -10 -11 -12 -13 -14 -15
leaf_value=-0.025412627612054647 0.013392394845293273 0.019210287689345986 -0.039211913332989567 0.030936950220828825 -0.028053717302782825 0.028606804964750175 -0.036761383225987279 0.031873480874043979 0.0045105137732311352 0.020536222404125063 -0.029968603326462125 0.015534494026494127 -0.039787532975632318 -0.034413919859590025
leaf_weight=56.599487429923101 217.94666320030592 422.01178527327284 79.491301190035301 87.036727004975546 165.95543952109074 89.21226752975781 80.090658429457108 26.387202486395836 1524.0529795092116 93.690065771297668 265.82847098899219 236.9182036989223 103.44754473005742 37.95264217035583
leaf_count=22093 3458 1298 2444 143 6038 387 2956 8 7885 580 4763 2391 4814 2845
internal_value=0.00114046 0.0015859 0.00375809 0.000609952 -0.00423808 0.000954404 -0.00272983 0.00221391 0.0008895 -0.0133856 -0.0242946 0.0018952 -0.00711538 0.00619584
internal_weight=3486.62 3430.02 2498.5 2076.49 931.523 765.568 676.356 1997 1909.96 385.906 292.216 596.265 359.347 255.899
internal_count=62103 40010 17121 15823 22889 16851 16464 13379 13236 5351 4771 13508 11117 6303
is_linear=0
shrinkage=0.03


Tree=226
num_leaves=15
num_cat=0
split_feature=14 42 18 39 8 23 32 16 11 8 40 17 38 16
split_gain=56.9049 56.2265 45.6694 52.6405 136.333 78.8923 92.428 119.925 127.444 118.9 90.8061 63.7189 61.5183 83.9192
threshold=-0.57584999999999986 1.8750000000000002 0.39881843137254913 620.72643510791681 23.880229513888892 4.4145500000000011 1.7385114583333336 3.2810250000000005 23.528900000000004 22.750129166666671 36.500000000000007 0.22342942807628038 425.4241100033334 2.9577270833333338
decision_type=2 2 2 10 2 2 2 2 2 2 10 2 10 2
left_child=-1 -2 3 5 -5 6 7 8 12 -8 -10 -11 13 -3
right_child=1 2 -4 4 -6 -7 9 -9 10 11 -12 -13 -14 -15
leaf_value=-0.033711548625108397 -0.021813968429532211 -2.1429792535582528e-05 0.016999215843621556 -0.047011172447761616 0.0035393487120113907 0.018189013574648288 -0.044351228340992414 0.022650834708474028 0.022807111606067632 0.025006947239599581 -0.038145921151610383 -0.026696885395590404 -0.036736600808895396 0.01834960710117875
leaf_weight=42.452907743430842 94.767037927518686 1792.5410059174792 161.73236761707813 71.794573929160833 140.69966939126607 239.99869925419625 90.953969545313157 223.97380359620729 26.137275612854864 52.84993770183064 120.88142744158176 34.676198921748437 36.044929964526091 254.71147249107889
leaf_count=982 24502 28297 386 844 412 1193 1175 342 75 139 2354 439 268 775
internal_value=0.000398661 0.000841944 0.00150969 0.000692474 -0.0136802 0.00175998 0.000256006 0.00177509 -0.000330519 -0.0205265 -0.0272287 0.00445269 0.00157984 0.00227207
internal_weight=3384.22 3341.76 3247 3085.26 212.494 2872.77 2632.77 2454.29 2230.32 178.48 147.019 87.5261 2083.3 2047.25
internal_count=62183 61201 36699 36313 1256 35057 33864 32111 31769 1753 2429 578 29340 29072
is_linear=0
shrinkage=0.03


Tree=227
num_leaves=15
num_cat=0
split_feature=12 27 7 23 23 19 22 40 8 16 28 20 39 39
split_gain=49.2871 140.205 138.157 115.263 99.443 155.141 101.36 82.1393 74.9665 146.625 70.9427 159.572 101.832 73.2638
threshold=2.5127375000000005 1.2307500000000002 21.469500000000004 3.2672500000000002 3.3027500000000005 3.3848500000000006 -0.11459884902679017 811.50000000000011 21.315201562500004 2.9298531250000006 1.6105031250000004 3.148721875000001 393.33637828430562 498.0167850366667
decision_type=2 2 2 2 2 2 2 8 2 2 2 2 10 10
left_child=2 -2 7 -3 -5 6 -6 -1 -7 -10 12 -12 -11 -13
right_child=1 3 -4 4 5 8 -8 -9 9 10 11 13 -14 -15
leaf_value=0.0034197454470381501 0.018835372787574429 -0.038801674670251578 -0.027183254160574891 0.025611681169925238 0.030868647207917162 0.019547056344671365 -0.038588807530135424 -0.036525870886387389 -0.041843622862230714 -0.025110727827894221 -0.041036984060389838 0.0125202786848261 0.018656448406876535 -0.0051594976247287712
leaf_weight=706.3782628957415 414.25722168060383 66.657989616276609 199.98048325867421 136.64543653784494 21.152734065355617 190.20176080941565 136.77662128921838 48.576692489405104 72.092759150556958 54.793418566208857 87.196171688181494 328.9874463319793 338.8758466939471 583.81352956865157
leaf_count=17399 1784 2699 10601 836 40 864 5324 8675 2102 1004 2342 2093 1099 5225
internal_value=0.000692993 0.00296101 -0.00507888 -0.000306714 0.00102803 -0.000837018 -0.0291501 0.000804574 0.00187917 -0.000425235 0.00174576 -0.00250262 0.0125165 0.00121929
internal_weight=3386.39 2431.45 954.935 2017.19 1950.54 1813.89 157.929 754.955 1655.96 1465.76 1393.67 999.997 393.669 912.801
internal_count=62087 25412 36675 23628 20929 20093 5364 26074 14729 13865 11763 9660 2103 7318
is_linear=0
shrinkage=0.03


Tree=228
num_leaves=15
num_cat=0
split_feature=6 23 42 10 36 22 10 33 7 9 23 23 33 38
split_gain=48.3478 65.2391 52.3607 63.8763 45.4215 44.8522 61.7401 86.0684 108.873 101.564 91.8862 90.8811 78.778 64.5086
threshold=-0.2111598214285694 3.2672500000000002 4.6250000000000009 0.39826215909090912 1.0000000180025095e-35 0.20065222222222331 0.053904999999996768 0.015448988954641918 21.443050000000003 0.6094032293862427 3.7843500000000003 3.1159500000000002 0.0055227023849223423 135.16932549125002
decision_type=2 2 2 2 2 2 2 2 2 2 2 2 2 10
left_child=1 -1 4 5 -2 6 12 11 9 -9 -10 -8 -4 -11
right_child=2 -3 3 -5 -6 -7 7 8 10 13 -12 -13 -14 -15
leaf_value=-0.028353446971946708 0.0015724858254949009 -0.0022907715504388183 -0.010003225830673741 0.01658016860355032 -0.02266850505679328 0.012725662065695463 -0.033927703333702826 -0.026491167532600793 -0.029105102531019719 -0.0098840280627583658 -0.0027641096874902412 0.012070674790119237 0.012200888234151911 0.02673699278331907
leaf_weight=106.82809997982986 144.99235042403961 436.85814582250532 189.40085788315628 302.30993732776551 132.51635490200715 298.03235982297338 42.350311601214344 67.271357550220273 292.38826802382391 61.282267046743073 201.11811946364469 358.13804149080534 588.21690388591378 142.97564001288265
leaf_count=7920 11715 6305 1500 1956 14977 833 1572 2616 4905 1292 1257 1420 3444 326
internal_value=0.000728846 -0.00745444 0.00230808 0.00365907 -0.0100429 0.00190953 0.000244902 -0.00412184 -0.0100158 0.00522985 -0.0183977 0.00713411 0.00678683 0.0157552
internal_weight=3364.68 543.686 2820.99 2543.48 277.509 2241.17 1943.14 1165.52 765.036 271.529 493.506 400.488 777.618 204.258
internal_count=62038 14225 47813 21121 26692 19165 18332 13388 10396 4234 6162 2992 4944 1618
is_linear=0
shrinkage=0.03


Tree=229
num_leaves=15
num_cat=0
split_feature=42 16 11 23 39 9 21 22 29 21 5 25 15 11
split_gain=47.3579 78.3118 67.3675 83.9032 55.9745 58.8158 60.3139 54.293 45.3791 56.2319 51.4518 56.6953 54.3797 110.218
threshold=5.6250000000000009 2.5277635416666668 22.392150000000004 3.7216000000000005 620.72643510791681 0.60457667341794841 0.30686392166691417 0.24942235294117623 0.0017783590061708559 0.26270401021795475 0.60223750362326667 0.0032044186049240285 3.0211000000000001 21.580050000000004
decision_type=2 2 2 2 10 2 2 2 2 2 2 2 2 2
left_child=1 -1 -3 -4 5 -5 -7 8 9 -2 12 -12 13 -10
right_child=7 2 3 4 -6 6 -8 -9 10 -11 11 -13 -14 -15
leaf_value=-0.039174562865746158 -0.0035881539971687063 0.016045724642433454 -0.040556261644043905 0.013148968377467724 -0.037014829938877433 -0.04616782012154811 0.0066098013492688701 0.015642627656305648 0.0011447593807250181 -0.038983009429830455 0.0097010997055263677 -0.0101965951019631 0.0034310543228361174 -0.034477340265420466
leaf_weight=58.814395496738143 376.67557120416313 124.96277584293784 63.107420378464667 161.22688478216514 35.486663617401064 36.224103985474358 40.443394107627682 273.45807494968176 220.29933136086038 44.289586593535205 1097.2379114772193 145.19039132574107 616.64701005205279 120.11808137909975
leaf_count=23247 5539 1181 7994 2613 1332 2094 296 813 3106 1452 5518 1166 2910 2965
internal_value=0.00144902 -0.00687567 -0.0026832 -0.00966555 -0.0024129 0.002882 -0.0186001 0.00294748 0.00161722 -0.00739559 0.00334478 0.00736952 -0.00188225 -0.0114889
internal_weight=3414.18 520.266 461.451 336.488 273.381 237.894 76.6675 2893.92 2620.46 420.965 2199.49 1242.43 957.064 340.417
internal_count=62226 38757 15510 14329 6335 5003 2390 23469 22656 6991 15665 6684 8981 6071
is_linear=0
shrinkage=0.03


Tree=230
num_leaves=15
num_cat=0
split_feature=12 32 20 27 40 19 21 40 24 24 20 32 12 7
split_gain=50.2384 96.8246 77.5694 101.592 91.0906 243.608 130.568 84.5418 96.5447 80.0059 81.2707 82.6555 124.146 68.3985
threshold=2.3826125 1.1273081597222225 2.4447538194444447 1.2257000000000002 739.50000000000011 3.3933500000000003 0.24411111728724041 578.50000000000011 2.2869625 1.4215500000000001 2.8949032986111116 1.5485218750000005 3.4825750000000002 21.455750000000005
decision_type=2 2 2 2 10 2 2 10 2 2 2 2 2 2
left_child=13 -2 -3 -4 5 -5 -7 -8 -9 -6 -11 -12 -13 -1
right_child=1 2 3 4 9 6 7 8 -10 10 11 12 -14 -15
leaf_value=-0.0030898774512488686 0.015883903566965452 -0.028338149576627898 0.02636905674206182 -0.038566510528229556 0.01973104640868148 0.016397446176335217 -0.0023300302733467631 -0.046444834637573068 0.010373899360554406 -0.031716424710598032 0.024031131567613839 -0.037006852223403018 0.0063321870185534439 -0.033408731519989153
leaf_weight=597.17476281106428 419.99522161718414 81.501148964507593 135.36127021087304 172.18277812222368 296.55104561097687 303.33599345319817 612.76707842222459 87.604499842916994 38.20168733067112 61.860669007846809 138.25614292731916 75.706925829090324 264.09075861709425 74.467908723290748
leaf_count=25064 2837 2748 741 7045 2399 1796 5111 2171 216 2224 433 1675 2003 5553
internal_value=0.000836765 0.00267115 0.000217819 0.00129499 -0.000372245 -0.00561881 -0.000142208 -0.00694812 -0.0292458 0.00724052 0.000356229 0.00456401 -0.00340401 -0.00649613
internal_weight=3359.06 2687.42 2267.42 2185.92 2050.56 1214.09 1041.91 738.573 125.806 836.466 539.914 478.054 339.798 671.643
internal_count=62016 31399 28562 25814 25073 16339 9294 7498 2387 8734 6335 4111 3678 30617
is_linear=0
shrinkage=0.03


Tree=231
num_leaves=15
num_cat=0
split_feature=11 38 39 8 38 12 8 16 11 20 21 15 38 11
split_gain=41.4921 82.0465 58.4922 128.882 77.0202 73.6157 129.216 75.7118 68.9885 117.805 99.1771 61.7806 84.2821 127.752
threshold=26.157750000000004 1.7335950980555557 620.72643510791681 23.880229513888892 341.08013014027784 3.7128125000000001 22.367671180555558 3.3260062500000007 23.528900000000004 3.1741649305555559 0.25750562967844454 3.3771500000000008 216.56658364569446 22.626200000000001
decision_type=2 8 10 2 10 2 2 2 2 2 2 2 10 2
left_child=1 -1 5 -4 -5 6 7 8 11 -10 -11 12 13 -3
right_child=-2 2 3 4 -6 -7 -8 -9 9 10 -12 -13 -14 -15
leaf_value=-0.048487914164990598 0.023536882184404952 0.0051740525672599102 -0.045728351032673573 0.024887426659562867 -0.02041983425245647 0.015664096236155747 -0.03025885050008692 0.021444419595105336 -0.038440894289021754 0.019208374863729574 -0.047545666191669639 0.012033685492530853 -0.012567875282464587 -0.037154726100691947
leaf_weight=29.794289758228842 69.343938076795894 1264.8678872123528 75.204858580043947 69.352658445539419 63.955797174829058 307.67734985382413 118.81150332521429 161.34007564844796 105.46876197751408 93.304346307588276 24.442149169823097 433.01726543725817 405.99211793182258 66.603256043064903
leaf_count=483 355 32604 1470 68 390 1278 2633 486 3757 569 512 2550 11426 3468
internal_value=0.000744063 0.00024603 0.000716247 -0.0146063 0.00316071 0.00179237 0.000190902 0.00161813 0.000273397 -0.0155698 0.00506768 0.00190915 -0.000619593 0.00303037
internal_weight=3289.18 3219.83 3190.04 208.513 133.308 2981.52 2673.85 2555.04 2393.7 223.215 117.746 2170.48 1737.46 1331.47
internal_count=62049 61694 61211 1928 458 59283 58005 55372 54886 4838 1081 50048 47498 36072
is_linear=0
shrinkage=0.03


Tree=232
num_leaves=15
num_cat=0
split_feature=12 24 40 16 40 7 34 6 37 34 37 21 36 12
split_gain=44.775 125.426 96.9021 217.423 115.315 110.636 87.0589 82.3207 73.7213 87.6722 94.2293 67.4039 75.3517 69.1798
threshold=2.519741666666667 1.2374083333333339 731.50000000000011 2.8047166666666672 578.50000000000011 25.762800000000002 0.066773055555555183 -0.081841283422462205 54.791666666666671 0.01705512820512808 121.54166666666669 0.24411111728724041 1.0000000180025095e-35 3.129679166666667
decision_type=2 2 10 2 10 2 2 2 8 2 10 2 2 2
left_child=7 -2 3 -3 11 -6 -4 -1 -9 10 -10 -5 13 -13
right_child=1 2 6 4 5 -7 -8 8 9 -11 -12 12 -14 -15
leaf_value=-0.021455460996440072 0.017963377520090914 -0.040064896403049277 -0.0013579644090296785 0.016628751966734943 -0.044913042543425472 0.013984931702029609 0.018399411112793751 0.0073839860710339187 -0.037157734407048865 -0.032952240998382905 0.013804021214362952 -0.027254573912429539 -0.010563317337875661 0.01892575730798025
leaf_weight=212.05159812639977 400.0222257051646 147.36194364839321 454.22438845007127 237.1494769477431 92.142094596909374 40.921375609148527 358.4765128538711 443.39396163114725 42.423768518259749 110.27705890455036 130.67358431886532 33.763058063559583 367.95209740960127 183.77676329815586
leaf_count=13746 1771 5848 4746 1219 2727 221 3480 7635 5338 8193 2079 513 3660 888
internal_value=0.000466414 0.00270673 -0.000486651 -0.00627568 -0.00102923 -0.0268308 0.00736877 -0.00505677 -0.000249164 -0.0121767 0.00117231 0.00317172 -0.00229802 0.0116665
internal_weight=3254.61 2315.79 1915.77 1103.07 955.705 133.063 812.701 938.82 726.768 283.374 173.097 822.641 585.492 217.54
internal_count=62064 25073 23302 15076 9228 2948 8226 36991 23245 15610 7417 6280 5061 1401
is_linear=0
shrinkage=0.03


Tree=233
num_leaves=15
num_cat=0
split_feature=14 11 17 6 29 9 23 11 10 8 16 31 11 9
split_gain=68.2928 37.1827 55.9935 34.5215 57.6589 37.1273 35.3384 50.8386 77.6581 50.278 91.1711 40.1576 67.7655 41.7338
threshold=-0.11583392857142842 26.157750000000004 0.30931571887568204 0.081652529644269001 1.0000000180025095e-35 0.57781470700054249 3.1073500000000007 20.539000000000005 0.37089939393939159 21.291978645833336 2.9687822916666673 1.6104500000000004 23.797050000000002 0.57701636166669512
decision_type=2 2 2 2 2 2 2 2 2 2 2 2 2 2
left_child=1 2 -1 6 5 -5 7 -2 -9 -8 -11 -12 -13 -14
right_child=3 -3 -4 4 -6 -7 9 8 -10 10 11 12 13 -15
leaf_value=-0.0060807236657506054 0.019924163323761811 0.025048007027711424 -0.044913007660729129 0.0095007310396271055 0.0080142622626562781 -0.033401143813440587 0.0095727735384202699 -0.034868906907509517 0.013188669551974489 -0.041143691182082734 0.016423573418250625 -0.042110662830976857 -0.033237489917938984 0.0035583704684190066
leaf_weight=810.16841683411985 33.470184875084669 31.46035785911954 33.897642786156212 27.430740012932802 1271.4177379303546 50.642099853683249 400.1299885610224 101.20111213105702 42.365789879848307 53.992343506479301 100.16860157604242 38.381700470834403 29.931297139031813 268.02423071337034
leaf_count=19746 401 123 474 935 12792 4354 6450 9153 1344 2121 390 1020 466 2315
internal_value=0.000686377 -0.00648786 -0.00769153 0.00328659 0.00647372 -0.0183981 -0.000744112 -0.0129463 -0.0206943 0.0016932 -0.00474105 -0.000154582 -0.00512597 -0.000236794
internal_weight=3292.68 875.526 844.066 2417.16 1349.49 78.0728 1067.67 177.037 143.567 890.628 490.498 436.506 336.337 297.956
internal_count=62084 20343 20220 41741 18081 5289 23660 10898 10497 12762 6312 4191 3801 2781
is_linear=0
shrinkage=0.03


Tree=234
num_leaves=15
num_cat=0
split_feature=14 12 39 23 14 22 19 9 39 40 22 23 8 30
split_gain=42.0546 41.0082 97.6064 111.891 75.2672 53.028 79.8008 66.1515 67.9447 120.783 58.7525 52.7928 157.327 61.2239
threshold=-0.74351750000000028 2.3826125 212.70065867111114 3.2002000000000006 0.14167749999999982 -0.0091777372919490448 4.1149000000000013 0.61492830061895531 620.72643510791681 715.50000000000011 0.09147583333333402 4.4145500000000011 22.367671180555558 0.022628571428571467
decision_type=2 2 10 2 2 2 2 2 10 10 2 2 2 2
left_child=-1 4 -3 -4 -2 6 -5 8 11 -10 -9 12 13 -7
right_child=1 2 3 5 -6 7 -8 10 9 -11 -12 -13 -14 -15
leaf_value=-0.043174468157805831 -0.01412985310643663 0.01451563490466326 -0.032703564874650363 -0.036917339066745297 0.006235843824966082 0.010286227365844842 0.0099381323010554658 -0.029800478115431493 -0.047483367321644696 0.0070243966398777337 -0.002185946743546825 0.022070962881510565 -0.041823676339349899 -0.02549273124724806
leaf_weight=18.631816771692684 394.62743629918259 497.16626490578346 90.52115111832245 75.991679600345378 277.37963679246968 880.26718693297698 56.282085141850985 82.10393091469814 55.880719539192796 101.96093400318932 419.90402944717789 209.74412813509116 58.405014890569873 44.316908756989505
leaf_count=246 21255 3548 4105 2708 9151 9639 400 2205 1020 392 4059 603 1638 942
internal_value=0.000602127 0.00086674 0.0025907 -0.000271592 -0.00572687 0.00122322 -0.0170555 0.00253681 0.00599212 -0.0124504 -0.0067526 0.00844113 0.0055134 0.00854559
internal_weight=3263.18 3244.55 2572.54 2075.38 672.007 1984.86 132.274 1852.58 1350.57 157.842 502.008 1192.73 982.989 924.584
internal_count=61911 61665 31259 27711 30406 23606 3108 20498 14234 1412 6264 12822 12219 10581
is_linear=0
shrinkage=0.03


Tree=235
num_leaves=15
num_cat=0
split_feature=42 11 10 5 9 21 11 36 39 23 11 21 11 23
split_gain=58.4612 56.1419 55.9017 54.9911 48.6775 87.5735 46.3895 45.7677 125.779 58.8828 130.934 119.652 74.7798 113.588
threshold=4.3750000000000009 26.157750000000004 0.39826215909090912 0.72899769042873708 0.5994978416964778 0.30686392166691417 23.155550000000002 3.5000000000000004 332.37446093916674 3.0968000000000004 20.919 0.2413361112939518 22.085250000000006 3.2672500000000002
decision_type=2 2 2 2 2 2 2 2 8 2 2 2 2 2
left_child=4 2 3 7 -1 -6 -4 9 -9 10 -2 -12 -11 -14
right_child=1 -3 6 -5 5 -7 -8 8 -10 12 11 -13 13 -15
leaf_value=0.00051556687459597232 0.011785834671185073 0.029257756657615954 0.020235059326625351 -0.034720014087547858 -0.044900687131068345 0.00042086235556614216 -0.0042649958588135035 0.019767631714818951 -0.027155226370424557 0.015385066064924525 0.0037434340280201148 -0.035929304336863886 -0.038184919433362677 0.00091732809729701758
leaf_weight=159.61344390368868 158.18171068881929 68.127501734736143 244.44831332616741 38.518886609905167 78.890980080650479 73.797243679564417 96.633011852565687 278.55500956144533 62.085247450711904 303.19719034114678 105.58640398319403 192.45821105522191 69.256155644354294 1382.7915690442242
leaf_count=14951 2001 119 1894 524 16856 2274 735 1943 674 1497 1884 6336 1676 8667
internal_value=0.00124712 0.00253421 0.00190344 0.000398197 -0.0110848 -0.0231357 0.0133017 0.000941626 0.011161 -0.000636831 -0.0102263 -0.0219092 0.00186008 -0.000972669
internal_weight=3312.14 2999.84 2931.71 2590.63 312.302 152.688 341.081 2552.11 340.64 2211.47 456.226 298.045 1755.24 1452.05
internal_count=62031 27950 27831 25202 34081 19130 2629 24678 2617 22061 10221 8220 11840 10343
is_linear=0
shrinkage=0.03


Tree=236
num_leaves=15
num_cat=1
split_feature=19 22 38 23 21 41 34 40 20 28 21 15 24 25
split_gain=51.8318 45.7722 52.5009 87.8505 46.2833 44.2464 43.2458 43.865 82.5417 104.422 94.8427 80.6297 95.2167 45.7037
threshold=2.6115500000000007 -0.11459884902679017 17.013318153750003 5.0778500000000006 0.28762349039227958 0 0.1095806630546957 841.50000000000011 2.5143335069444448 1.3002500000000001 0.27325836715167201 4.0002500000000003 1.7961083333333334 0.0019363116874368932
decision_type=2 2 8 2 2 1 2 8 2 2 2 2 2 2
left_child=-1 -2 3 -3 6 -6 7 13 -9 -10 11 -11 -13 -4
right_child=1 2 4 -5 5 -7 -8 8 9 10 -12 12 -14 -15
leaf_value=-0.025947979840326853 0.020472744339207941 -0.039770260327275604 0.0048147722286829868 0.018983925506124846 -0.0054583711076687004 0.026828983547742755 -0.045442424226251513 -0.038281316305263359 0.027418189059569019 -0.037776915848933425 0.021665156615932595 0.028652713116213157 -0.027321047729044562 -0.0047855043898351601
leaf_weight=63.136818429204141 107.15949204484059 68.347045687067293 1730.0927670237616 33.467586790378846 56.130943085656327 116.63457060535438 17.391626026410449 67.477756018681248 81.162789302208694 112.86893478694037 61.659179708731244 49.651083453733008 58.465003701341629 600.43886938758078
leaf_count=6290 1631 2264 26786 123 549 499 2472 8811 206 4658 172 120 1100 6296
internal_value=0.000752045 0.00129339 0.000613891 -0.0204603 0.00134743 0.0163679 0.000408154 0.000713226 -0.0080644 -0.00237029 -0.0109907 -0.0201589 -0.00158872 0.00234036
internal_weight=3224.08 3160.95 3053.79 101.815 2951.97 172.766 2779.21 2761.82 431.285 363.807 282.644 220.985 108.116 2330.53
internal_count=61977 55687 54056 2387 51669 1048 50621 48149 15067 6256 6050 5878 1220 33082
cat_boundaries=0 1
cat_threshold=4
is_linear=0
shrinkage=0.03


Tree=237
num_leaves=15
num_cat=0
split_feature=42 16 32 20 28 21 22 6 34 34 10 30 21 30
split_gain=40.7032 71.0671 61.4136 70.7307 86.6487 55.6949 53.5551 54.054 82.6725 66.7674 51.0534 49.1867 68.5553 45.9242
threshold=5.6250000000000009 2.5277635416666668 1.1447135416666667 3.2759387152777779 1.8002447916666668 0.29814753062215454 0.31093901098901028 -0.016365714285713501 0.069054093567251271 0.049334285714285643 0.41035580669330501 0.0051350649350646741 0.24369373659252722 0.017306666666666793
decision_type=2 2 2 2 2 2 2 2 2 2 2 2 2 2
left_child=1 -1 -3 -4 -5 -6 7 8 9 -2 -11 12 -10 -13
right_child=6 2 3 4 5 -7 -8 -9 11 10 -12 13 -14 -15
leaf_value=-0.04016537675972965 -0.0053597161399694029 0.017896050620405397 -0.025033890659504742 0.021687568875546556 -0.031210810243058718 0.015528427352023567 0.017360396693737186 0.0036562386396787991 0.015337338878891247 -0.034678680506330647 0.017552603342306843 0.020659910155008225 -0.033884422718572289 -0.01438029254414093
leaf_weight=52.559427183898151 303.61189728870522 93.66894253261853 148.32667148360088 101.77644399290148 73.493306227614084 32.429783555679023 184.37611241824925 1700.5942736421493 46.414647151977988 149.71740615965973 18.348182123387232 175.81664714796352 54.257846503336623 40.82212575149606
leaf_count=23206 3366 476 11006 734 3114 105 628 12942 572 2881 87 662 1718 483
internal_value=0.000331799 -0.00749556 -0.00359653 -0.00928543 0.00202725 -0.0168896 0.00180428 0.000645699 -0.00583966 -0.0137931 -0.0289064 0.00598922 -0.0112633 0.0140214
internal_weight=3176.21 502.255 449.695 356.026 207.7 105.923 2673.96 2489.58 788.989 471.677 168.066 317.311 100.672 216.639
internal_count=61980 38641 15435 14959 3953 3219 23339 22711 9769 6334 2968 3435 2290 1145
is_linear=0
shrinkage=0.03


Tree=238
num_leaves=15
num_cat=0
split_feature=42 16 11 19 22 38 18 38 21 9 9 39 38 11
split_gain=48.9002 62.107 62.0446 84.9696 59.5375 75.8583 142.408 78.4845 85.1733 103.578 104.685 67.5032 81.8518 86.482
threshold=6.1250000000000009 2.4894656250000002 22.392150000000004 3.6538500000000007 0.070832764294529157 341.08013014027784 0.065402564102564092 286.19343076333342 0.25218218175235174 0.62762753587106135 0.56701950280901137 63.320692317777791 139.37141960736116 22.085250000000006
decision_type=2 2 2 2 2 8 2 10 2 2 2 10 10 2
left_child=1 -1 -3 -4 11 7 -7 8 9 10 -6 -2 -13 -14
right_child=4 2 3 -5 5 6 -8 -9 -10 -11 -12 12 13 -15
leaf_value=-0.035590628398052909 0.0098609288911908986 0.013465963227735347 -0.037274130601283269 -0.0025746616990628118 0.015755650714614874 -0.033184268360507398 0.0059927281553393327 0.021359549967645886 0.010730839534220748 0.016270537891253874 -0.034809369116568678 -0.028903345751579528 0.012620181407994346 -0.012312878868626668
leaf_weight=60.445744866894529 245.38603850253276 138.20955872909326 79.675469068410166 299.36806605722813 49.183929523380357 117.37494183315721 282.71343878032349 356.01667580287904 667.87873214358115 97.232590229104972 140.30248054700496 139.08210650930414 197.1406292845204 339.24592455004313
leaf_count=23537 2808 1788 9193 6008 212 1139 826 917 3687 387 2387 4212 1751 3292
internal_value=0.00082388 -0.00707234 -0.00367748 -0.00994742 0.00255934 0.00586884 -0.00555481 0.00935768 0.00486393 -0.00879216 -0.0216707 -0.00358851 -0.00848181 -0.00314268
internal_weight=3209.26 577.699 517.253 379.044 2631.56 1710.7 400.088 1310.61 954.598 286.719 189.486 920.855 675.469 536.387
internal_count=62144 40526 16989 15201 21618 9555 1965 7590 6673 2986 2599 12063 9255 5043
is_linear=0
shrinkage=0.03


Tree=239
num_leaves=15
num_cat=0
split_feature=42 11 39 39 11 39 32 16 28 11 12 39 39 16
split_gain=52.9598 42.669 81.8804 62.9377 97.5448 74.2999 131.926 124.122 87.6738 130.607 82.3301 84.2074 158.92 111.806
threshold=0.62500000000000011 26.157750000000004 1.3626452237500002 620.72643510791681 25.605600000000006 580.03439253722229 1.7515975694444448 3.3260062500000007 1.6105031250000004 23.859550000000002 3.1125208333333338 337.83637828430562 421.24436038180562 2.7164406250000006
decision_type=2 2 8 10 2 10 2 2 2 2 2 10 10 2
left_child=-1 2 -2 5 -5 6 7 8 10 -10 11 13 -13 -4
right_child=1 -3 3 4 -6 -7 -8 -9 9 -11 -12 12 -14 -15
leaf_value=-0.035426411850847342 -0.052486821279558386 0.026019007361040625 -0.0001834580950286939 -0.044141571019283433 0.00015165572547274031 0.021903632918376149 -0.024063156663673604 0.023849500421622358 -0.043554432963914494 0.0066151365952488318 0.024480522613336334 -0.037745960880224708 0.0073199108636758901 0.019753896903459699
leaf_weight=34.935389524820494 24.823796327691525 60.137732018978568 1420.2719686467026 67.575149652882828 128.76493438187754 162.68363809167931 174.57295711842016 228.90214758670481 94.278166713836981 91.149418613298621 141.63236703007715 134.38897778289174 146.20664910122287 307.0503184532281
leaf_count=20243 212 185 29433 976 449 573 1899 405 1929 526 275 3166 675 1142
internal_value=0.000789693 0.00119826 0.000712018 0.00115517 -0.0152394 0.00226957 0.00109559 0.00281735 0.000746202 -0.0189897 0.00245673 0.000891825 -0.0143214 0.00337
internal_weight=3217.37 3182.44 3122.3 3097.48 196.34 2901.14 2738.45 2563.88 2334.98 185.428 2149.55 2007.92 280.596 1727.32
internal_count=62088 41845 41660 41448 1425 40023 39450 37551 37146 2455 34691 34416 3841 30575
is_linear=0
shrinkage=0.03


Tree=240
num_leaves=15
num_cat=0
split_feature=14 42 22 30 37 38 38 16 38 7 39 5 37 29
split_gain=45.1609 36.8901 47.158 55.0603 56.6056 55.0394 85.9003 45.3987 44.3494 104.779 42.6465 40.1099 62.1491 47.835
threshold=-0.18418939393939365 5.3750000000000009 0.13648202020201924 0.012266666666666577 146.04166666666669 341.08013014027784 420.78197039833339 2.5496406250000008 416.3108827372223 22.851700000000005 620.72643510791681 0.47422250457362336 104.29166666666669 0.0049524008168443439
decision_type=2 2 2 2 8 10 10 2 8 2 8 2 10 2
left_child=-1 7 3 4 8 -4 -7 -2 9 -3 -9 -5 13 -13
right_child=1 2 5 11 -6 6 -8 10 -10 -11 -12 12 -14 -15
leaf_value=-0.007307327080357421 -0.038398378889848914 0.0061276707502501996 0.013138060400891339 0.022885483263775645 -0.03886834729247135 -0.042907011358820607 0.0052728844752035478 0.00053366640102478068 0.017057348692579292 -0.037326370776119111 -0.035295872671756538 -0.0011859078411892386 0.0020235481343702511 -0.026732811185645661
leaf_weight=610.08862909803793 36.963261623568542 465.20744424533041 632.48485430057917 36.226234075642424 24.708231322212669 41.313876590313157 155.66053607180947 263.22197464843521 239.51433239487233 54.934158991090953 32.725223617770098 97.88392505783122 240.66797772163409 201.89842593579669
leaf_count=14953 17452 5861 2337 190 1157 483 471 9875 402 813 1240 897 2496 3424
internal_value=1.04156e-05 0.00178183 0.00319651 -0.000240887 0.00493051 0.00883036 -0.00499817 -0.00750825 0.00640432 0.0014755 -0.00353381 -0.0072711 -0.00933102 -0.018423
internal_weight=3133.5 2523.41 2190.5 1361.04 784.364 829.459 196.974 332.91 759.656 520.142 295.947 576.677 540.45 299.782
internal_count=62051 47098 18531 15240 8233 3291 954 28567 7076 6674 11115 7007 6817 4321
is_linear=0
shrinkage=0.03


Tree=241
num_leaves=15
num_cat=0
split_feature=42 37 21 37 37 21 11 38 39 8 16 10 32 37
split_gain=40.1071 53.3733 67.7449 65.5722 55.3416 133.849 47.7239 56.5469 46.9188 101.522 48.9906 134.543 91.3137 61.5048
threshold=4.6250000000000009 90.791666666666686 0.30686392166691417 14.291666666666668 20.291666666666671 0.28191973142533372 26.157750000000004 1.7335950980555557 620.72643510791681 23.880229513888892 2.2434291666666675 0.027699650349653288 0.91728368055555565 6.7916666666666679
decision_type=2 10 2 8 8 2 2 8 10 2 2 2 2 10
left_child=1 2 3 -1 5 -5 7 -2 10 -10 11 -9 -12 -14
right_child=6 -3 -4 4 -6 -7 -8 8 9 -11 12 -13 13 -15
leaf_value=0.00024929855723173125 -0.046280230455843702 0.0015102400161778064 0.0036505209439318511 -0.033662516261638999 -0.042841029728995776 -0.28288602040118577 0.029095575021400467 0.0057850479599894358 -0.044886569872165022 0.0030954852638008239 0.026128022802057903 -0.034263781090483517 -0.016627898317228679 0.0040755572127403978
leaf_weight=27.519428728970524 21.237393617033376 187.81315301591894 54.833835980964068 5.8221156596428036 54.935896431465153 2.1762049355565978 56.02304094680585 220.14615080985823 59.070326641289284 116.61266127694398 160.3403683854558 113.71864244117751 137.412796841003 1930.7373478380905
leaf_count=1152 259 16079 1511 1999 14308 44 119 2816 622 305 314 6698 1457 14453
internal_value=0.000763577 -0.00906439 -0.0226511 -0.038461 -0.0551271 -0.125374 0.00192921 0.00136729 0.00175363 -0.0132004 0.00278367 -0.00791768 0.00438975 0.0026926
internal_weight=3148.4 333.101 145.287 90.4536 62.9342 7.99832 2815.3 2759.28 2738.04 175.683 2562.36 333.865 2228.49 2068.15
internal_count=62136 35093 19014 17503 16351 2043 27043 26924 26665 927 25738 9514 16224 15910
is_linear=0
shrinkage=0.03


Tree=242
num_leaves=15
num_cat=0
split_feature=42 11 38 21 9 22 17 34 35 38 38 20 36 7
split_gain=59.5348 46.0363 65.5731 52.6941 56.3135 41.8939 41.6466 107.653 74.1066 55.2106 74.8818 49.3575 88.3303 44.6712
threshold=1.6250000000000002 26.157750000000004 1.7335950980555557 0.28762349039227958 0.73463233992971111 0.46490476190476077 0.26426313340317775 0.053133585858587011 1.7513000000000003 474.94920017277781 100.05010663666668 3.322463541666667 1.0000000180025095e-35 25.762800000000002
decision_type=2 2 8 2 2 2 2 2 2 10 8 2 2 2
left_child=5 2 -2 6 -5 -1 13 8 11 10 -9 12 -8 -4
right_child=1 -3 3 4 -6 -7 7 9 -10 -11 -12 -13 -14 -15
leaf_value=-0.046805866516645388 -0.045216770255105225 0.027181037808314507 0.0033195167568969728 0.020735212435626676 -0.031008822771900618 -0.0010499615559394801 -0.028403864236656175 -0.0017909741102836126 -0.036475331263298084 0.01552526827264086 -0.03581724149153491 0.030438764051102511 0.01330802681769183 -0.031706277199186859
leaf_weight=37.697711206175882 25.827612774672161 63.048695156117901 2125.8649396728324 201.52145376052067 19.996127405145671 33.774504987581167 59.658872309024446 88.761954844412685 33.672493799473159 35.286691469955258 168.71615984251548 77.179442659020424 184.25730042783835 32.290715709561482
leaf_count=23596 364 163 26198 943 1854 398 1129 1845 238 107 3821 53 1245 147
internal_value=0.00138441 0.00200894 0.00148038 0.00189359 0.015946 -0.0254966 0.000778829 -0.00588823 0.00522098 -0.0193221 -0.0241395 0.00969323 0.0030315 0.00278101
internal_weight=3187.55 3116.08 3053.03 3027.21 221.518 71.4722 2805.69 647.533 354.768 292.765 257.478 321.096 243.916 2158.16
internal_count=62101 38107 37944 37580 2797 23994 34783 8438 2665 5773 5666 2427 2374 26345
is_linear=0
shrinkage=0.03


Tree=243
num_leaves=15
num_cat=0
split_feature=11 38 21 9 17 34 38 39 39 19 38 28 33 38
split_gain=38.5551 70.4458 36.6702 46.5971 42.2597 72.3467 75.4975 72.9317 59.2606 70.9898 75.2078 38.8137 36.428 91.8523
threshold=26.157750000000004 1.7335950980555557 0.28762349039227958 0.73463233992971111 0.26426313340317775 0.053675077399380759 474.94920017277781 94.895045948888892 498.0167850366667 3.5897500000000004 24.542112359305559 2.3025145833333336 0.0050827590271821654 154.29517274472224
decision_type=2 8 2 2 2 2 10 8 10 2 10 2 2 10
left_child=1 -1 4 -4 11 8 7 -7 9 10 -6 12 13 -3
right_child=-2 2 3 -5 5 6 -8 -9 -10 -11 -12 -13 -14 -15
leaf_value=-0.047221524830137487 0.022159588026617612 0.0092429255591514117 0.014673448462993548 -0.031079199656198861 0.021090379899288803 0.0071056696720181159 0.01798293531535736 -0.033794546386201149 -0.039657126022725836 0.019980591621391049 -0.024432041422139054 -0.023087593995120764 0.0034435511514316888 -0.022334670204679889
leaf_weight=27.638287226189277 68.797195624239976 156.56770714318918 236.78630564128252 20.944089646796783 48.099028210002871 48.897389026082237 41.535127345021465 191.46456545339242 27.435403167946788 151.4351131894 96.942928454776848 57.432399835408432 1737.6662959119367 174.20127362749918
leaf_count=477 352 6303 1500 2914 286 1473 124 6043 393 626 4540 298 31486 5449
internal_value=0.000116228 -0.000393599 5.49905e-05 0.0108497 -0.000967072 -0.00795001 -0.0190345 -0.0254792 0.00172554 0.00567545 -0.00929478 0.00102566 0.00170603 -0.00740478
internal_weight=3085.84 3017.05 2989.41 257.73 2731.68 605.81 281.897 240.362 323.912 296.477 145.042 2125.87 2068.44 330.769
internal_count=62264 61912 61435 4414 57021 13485 7640 7516 5845 5452 4826 43536 43238 11752
is_linear=0
shrinkage=0.03


Tree=244
num_leaves=15
num_cat=0
split_feature=42 20 11 16 39 22 7 16 9 27 19 16 32 23
split_gain=55.6638 39.7582 50.7532 76.0978 57.9283 78.313 50.5248 74.861 73.8058 110.357 51.8216 87.8725 54.7301 81.3201
threshold=1.3750000000000002 2.0720659722222226 20.539000000000005 2.2205437500000005 6.9250069995833341 0.0047937500000010593 21.481450000000006 2.3615364583333336 0.61405854402036952 0.99350000000000016 2.8688000000000007 2.4526125000000003 1.1365024305555558 3.2672500000000002
decision_type=2 2 2 2 10 2 2 2 2 2 2 2 2 2
left_child=-1 -2 -3 4 5 -4 8 -8 9 -5 -9 -12 -13 -14
right_child=1 2 3 6 -6 -7 7 10 -10 -11 11 12 13 -15
leaf_value=-0.028390857316302299 -0.034729969944141681 0.025092360074393767 0.026256224972119407 0.012340659711688278 -0.031013843678229572 -0.03739109501804791 -0.034848107538676801 0.028637914207061511 0.018396430845058775 -0.035171616209220428 -0.035786546093705483 0.025086058535280568 -0.024180238889111725 0.0019336744241268604
leaf_weight=56.402595177360126 26.132483352976124 80.574934087053407 46.995568665137398 122.0095032260142 111.45109787990077 26.298509988890146 52.138230448843387 59.201977431483101 361.81049198129767 67.521133640122571 57.687600105913589 83.495467201471911 112.88007815100718 1863.2948877355993
leaf_count=23141 1499 251 325 824 10119 476 2081 511 1574 2245 2001 202 3446 13672
internal_value=0.000879628 0.00142619 0.00174775 0.00110506 -0.0174868 0.00322315 0.00234641 0.000333236 0.010469 -0.00468156 0.0011916 0.000411037 0.00144174 0.00043056
internal_weight=3127.89 3071.49 3045.36 2964.78 184.745 73.2941 2780.04 2228.7 551.341 189.531 2176.56 2117.36 2059.67 1976.17
internal_count=62367 39226 37727 37476 10920 801 26556 21913 4643 3069 19832 19321 17320 17118
is_linear=0
shrinkage=0.03


Tree=245
num_leaves=15
num_cat=0
split_feature=42 5 16 11 38 10 5 38 38 6 21 38 39 34
split_gain=48.8015 54.9234 51.4035 43.6009 55.9559 52.551 45.2477 80.9606 63.5476 47.2473 44.399 44.1107 65.439 61.5476
threshold=4.1250000000000009 0.65034045513019445 2.6648541666666672 26.157750000000004 1.7335950980555557 0.45060683982684185 0.60414911318401787 345.19920017277781 324.92116080722229 0.031642180451129744 0.25867376520624158 416.3108827372223 498.0167850366667 0.068319672619046964
decision_type=2 2 2 2 8 2 2 10 10 2 2 10 10 2
left_child=1 2 -1 4 -2 6 11 8 9 -8 -9 13 -13 -6
right_child=3 -3 -4 -5 5 -7 7 10 -10 -11 -12 12 -14 -15
leaf_value=-0.043074639520717453 -0.047657537867802781 -0.04679604664557669 -0.00084751101320649808 0.027134962156781947 -0.01318663556954896 0.016870131072915424 -0.0060202496050583481 -0.0051970986774434952 0.023372401544075785 0.008812085493323487 -0.037655366862906131 0.014555180353009777 -0.017136553076045755 0.0026817965045656741
leaf_weight=28.911131424703854 20.016914480678679 34.183916404004776 195.98772291796195 58.170868143439293 566.7336029319049 185.18148390953138 276.80281756335171 192.47393235143682 189.38018760898558 635.23229649807763 46.374885713274125 220.73590173364209 78.792129687150009 358.66111960328635
leaf_count=18133 264 5825 9218 131 9659 1431 4450 940 387 4910 383 553 389 5496
internal_value=0.000510082 -0.0119263 -0.00644253 0.00165301 0.00110836 0.00148046 0.00036334 0.00417092 0.00760488 0.00430881 -0.0116299 -0.00380278 0.00618925 -0.00704015
internal_weight=3087.64 259.083 224.899 2828.56 2770.39 2750.37 2565.19 1340.26 1101.42 912.035 238.849 1224.92 299.528 925.395
internal_count=62169 33176 27351 28993 28862 28598 27167 11070 9747 9360 1323 16097 942 15155
is_linear=0
shrinkage=0.03


Tree=246
num_leaves=15
num_cat=0
split_feature=42 9 21 22 38 38 37 30 12 5 21 22 8 33
split_gain=40.652 64.0575 77.7975 48.547 74.1485 143.174 74.7325 103.462 67.3504 57.3462 70.6047 98.8859 94.0604 55.1907
threshold=4.6250000000000009 0.5994978416964778 0.30686392166691417 0.070832764294529157 345.19920017277781 420.78197039833339 107.29166666666669 0.016263517786561248 2.1847000000000003 0.47422250457362336 0.24558767100846132 -0.11459884902679017 18.932050520833332 0.0016282764434419788
decision_type=2 2 2 2 8 8 8 2 2 2 2 2 2 2
left_child=1 -1 -3 9 8 -6 -7 -8 -5 -2 -11 -12 -13 -14
right_child=3 2 -4 4 5 6 7 -9 -10 10 11 12 13 -15
leaf_value=0.00277616695609657 0.023799978806927604 -0.04434842890571971 -0.00042009283838602424 -0.035163365145139493 -0.043712451103688751 0.010034639235979347 -0.052348731539853234 0.01301117792523849 0.0091049924921743752 0.0044326715493456098 0.017175143895038134 0.023849782207730871 -0.0061589125676175952 -0.030280870205498987
leaf_weight=177.02665579179484 63.490495511388872 77.542752767212733 67.474803626246285 30.682437941766693 74.427829032341833 257.06308630184503 45.972506561469345 40.065609298180789 1365.730076703876 375.76894717563118 83.61662701635214 42.334539113711799 124.65482618520036 274.08503910116997
leaf_count=15312 372 17394 2378 1300 1104 736 446 120 8547 4709 1297 134 1112 7133
internal_value=0.000731423 -0.0093417 -0.024052 0.00190215 0.00479233 -0.00628918 0.00193237 -0.0221126 0.00810785 -0.00353585 -0.00548754 -0.012587 -0.0182553 -0.0227741
internal_weight=3099.94 322.044 145.018 2777.89 1813.94 417.529 343.101 86.0381 1396.41 963.95 900.46 524.691 441.074 398.74
internal_count=62094 35084 19772 27010 12253 2406 1302 566 9847 14757 14385 9676 8379 8245
is_linear=0
shrinkage=0.03


Tree=247
num_leaves=15
num_cat=0
split_feature=12 11 24 23 23 15 9 40 37 37 16 11 28 11
split_gain=55.8217 95.7906 91.2309 103.005 90.9643 84.6213 73.8216 69.3885 76.6931 103.849 73.2189 96.6688 65.7249 156.535
threshold=2.5127375000000005 21.899400000000004 1.2374083333333339 3.2672500000000002 3.2883500000000003 3.3625500000000001 0.56039008502146492 811.50000000000011 120.79166666666669 55.541666666666671 2.253835416666667 20.919 1.6105031250000004 23.797050000000002
decision_type=2 2 2 2 2 2 2 8 10 10 2 2 2 2
left_child=1 7 -2 -4 -5 6 -6 8 9 10 11 -1 -7 -14
right_child=2 -3 3 4 5 12 -8 -9 -10 -11 -12 -13 13 -15
leaf_value=0.011721370147129467 0.016836635887976754 -0.027311849553086433 -0.038596146515335161 0.030324610234264717 0.015479629065074578 0.012872565385569305 -0.020698088038599127 -0.036068074672179089 0.019464159893022678 -0.034633561843457318 0.012500732045899576 -0.033401767114924097 -0.039109778365026521 0.002720789212817743
leaf_weight=76.841521662950981 359.20731373926537 154.40842007009633 58.190468145783598 93.198243928596639 62.125481706607388 437.7362463767804 261.9865981724779 47.014318631718197 157.41778257704573 84.298058574067909 237.76828675049546 94.147715803701431 87.715556272236427 869.8867726294593
leaf_count=1310 1855 10919 2658 175 429 2630 8312 8805 797 7851 1988 4952 2101 7268
internal_value=0.000515786 -0.00601233 0.00301116 0.000349044 0.00161987 4.72864e-05 -0.0137373 -0.00126474 0.00130225 -0.00452396 0.00175491 -0.0131735 0.00325674 -0.00114766
internal_weight=3081.94 851.896 2230.05 1870.84 1812.65 1719.45 324.112 697.488 650.473 493.056 408.758 170.989 1395.34 957.602
internal_count=62050 36622 25428 23573 20915 20740 8741 25703 16898 16101 8250 6262 11999 9369
is_linear=0
shrinkage=0.03


Tree=248
num_leaves=15
num_cat=0
split_feature=20 11 15 21 22 42 22 34 13 21 27 19 20 9
split_gain=38.1081 55.7836 46.9704 41.1022 38.5809 37.1878 45.2956 46.1114 36.1153 34.209 31.8267 103.682 75.6214 133.191
threshold=2.0720659722222226 20.539000000000005 2.5887500000000006 0.2322475594825387 -0.11459884902679017 0.37500000000000006 0.40447362996480651 0.098659077380952406 0.26212689767672209 0.26144544962190647 1.2257000000000002 3.1750500000000001 2.4447538194444447 0.60428414827892196
decision_type=2 2 2 2 2 2 2 2 2 2 2 2 2 2
left_child=-1 -2 3 -3 -4 -6 7 8 10 -5 12 -12 13 -7
right_child=1 2 4 9 5 6 -8 -9 -10 -11 11 -13 -14 -15
leaf_value=-0.034734046156090437 0.024922797923766327 0.018948776298878586 0.023656479181267408 -0.035483726423804124 -0.032041189652207758 -0.027958960206496949 0.01619669066490452 -0.030908360351297553 -0.0049269564444179674 -0.0066042268627821161 -0.031305179975805168 0.0028912517785928231 0.028836234875136334 0.011401276401355591
leaf_weight=25.159038099543977 88.839226346863143 27.74334410872325 70.310144792332721 69.678773492962137 28.775652691578216 96.554600500396191 179.37899036239833 40.026792061868036 649.79255784930319 78.465366590322446 84.632573344737466 1169.9479989110805 132.88695394164824 373.22672422847972
leaf_count=2720 326 455 746 9201 13629 3494 677 3435 8581 4455 2574 8450 277 3223
internal_value=0.00132427 0.00162897 0.000931428 -0.014066 0.00186965 0.0013053 0.00166886 0.000639778 0.00115559 -0.0203344 0.00328519 0.000561304 0.0089452 0.00326932
internal_weight=3115.42 3090.26 3001.42 175.887 2825.53 2755.22 2726.45 2547.07 2507.04 148.144 1857.25 1254.58 602.668 469.781
internal_count=62243 59523 59197 14111 45086 44340 30711 30034 26599 13656 18018 11024 6994 6717
is_linear=0
shrinkage=0.03


Tree=249
num_leaves=15
num_cat=0
split_feature=42 19 12 24 7 38 38 34 34 10 8 19 12 8
split_gain=48.222 57.2196 39.6601 115.41 55.5656 47.0499 69.7532 89.1566 42.9691 62.826 42.8915 39.636 83.2011 65.9536
threshold=2.8750000000000004 3.2359500000000003 2.3826125 1.0131708333333336 21.455750000000005 189.01004004597226 63.268425637916671 0.085974679487178726 0.088937048503610991 0.56985932009167584 19.761800347222223 2.8688000000000007 2.6454875000000002 20.986127777777781
decision_type=2 2 2 2 2 10 10 2 2 2 2 2 2 2
left_child=1 -1 4 -4 5 6 10 -8 11 -10 -2 -5 -13 -14
right_child=2 -3 3 8 -6 -7 7 -9 9 -11 -12 12 13 -15
leaf_value=-0.06431608553060926 0.0070965972727950466 -0.0094155613759415967 0.025760673014500791 0.020593107469035459 -0.032991023469789799 0.025835613953112121 -0.02924262907826607 0.018211685745577376 -0.036349071316169546 0.016287724766727487 -0.036158374274631679 -0.015132114229394065 0.018599059035343736 0.00074801174227104772
leaf_weight=18.760176865545873 268.73197059060112 130.43774641962682 176.79175953613594 92.356753930303967 61.024103365176416 45.570983147321385 162.49002678964462 44.822349985326582 62.045716965043539 29.471203239489114 21.349901743335067 260.94961159223749 213.15080910755205 1431.740073861758
leaf_count=19274 4733 9466 385 470 2858 236 5969 1450 2813 153 1291 4410 550 8373
internal_value=-0.000130363 -0.016701 0.000736436 0.00255702 -0.00608834 -0.00300965 -0.00569897 -0.0189445 0.000582584 -0.0194056 0.00379977 0.00150729 0.000572076 0.00307111
internal_weight=3019.69 149.198 2870.5 2266.51 603.989 542.965 497.394 207.312 2089.71 91.5169 290.082 1998.2 1905.84 1644.89
internal_count=62431 28740 33691 17154 16537 13679 13443 7419 16769 2966 6024 13803 13333 8923
is_linear=0
shrinkage=0.03


Tree=250
num_leaves=15
num_cat=0
split_feature=14 42 22 16 39 21 33 19 37 2 24 7 16 32
split_gain=39.6857 34.3437 35.2079 33.9691 64.068 37.7314 62.1125 29.946 36.1621 38.2985 36.0867 56.6672 33.612 32.8318
threshold=-0.11839642857142814 5.6250000000000009 0.28306659090909164 2.5277635416666668 218.86264522375004 0.30686392166691417 0.018623355468520172 4.1149000000000013 30.791666666666671 0.030170000000003586 1.7961083333333334 24.695000000000004 2.285929166666667 1.3802539930555557
decision_type=2 2 2 2 8 2 2 2 8 2 2 2 2 2
left_child=7 3 -3 -2 -5 6 -6 8 -1 -10 -9 -12 -11 -14
right_child=1 2 -4 4 5 -7 -8 10 9 12 11 -13 13 -15
leaf_value=0.001569624637652827 -0.034686725308458788 0.0028912797528341306 0.019109585309222396 0.022207766156898966 -0.004031899095574787 0.014119231099682673 -0.041638420981803113 0.021116416457115757 -0.023755633573923265 -0.035751339907410896 -0.042658172269208344 0.005226299089127865 0.0090928372731742171 -0.01647406705093871
leaf_weight=207.63584358465414 33.729477721997682 1754.1491264550641 128.41614643577486 66.844201126335975 111.3006378440441 41.670375249348581 60.507026355417111 74.650712573959026 186.5715533631701 27.231280951333247 27.138334069200937 105.38593152128306 117.53597808220366 72.07196484267115
leaf_count=3297 15735 15464 463 302 4939 230 4888 209 7924 3188 587 692 2468 1736
internal_value=0.000373972 0.00247466 0.00400714 -0.00669525 -0.00321588 -0.011243 -0.0174404 -0.00526173 -0.00860012 -0.0138254 0.00457858 -0.00482553 -0.00521151 -0.000660854
internal_weight=3014.84 2196.62 1882.57 314.052 280.322 213.478 171.808 818.222 611.047 403.411 207.175 132.524 216.839 189.608
internal_count=62122 42021 15927 26094 10359 10057 9827 20101 18613 15316 1488 1279 7392 4204
is_linear=0
shrinkage=0.03


Tree=251
num_leaves=15
num_cat=0
split_feature=42 20 8 16 21 32 39 36 21 23 40 38 30 38
split_gain=46.8981 32.8562 38.4819 43.8893 101.197 75.0453 69.7044 49.4106 37.5304 50.3738 41.693 88.4165 40.5208 73.9045
threshold=0.87500000000000011 2.0720659722222226 18.944380729166671 2.253835416666667 0.23546210778074625 0.97064930555555573 38.263318153750014 4.5000000000000009 0.2377670367180825 5.4826500000000005 102.50000000000001 474.94920017277781 0.0067636363636364681 17.013318153750003
decision_type=2 2 2 2 2 2 8 2 2 2 10 10 2 10
left_child=-1 -2 -3 4 -4 -5 -6 8 9 -7 11 -10 -12 -14
right_child=1 2 3 5 6 7 -8 -9 10 -11 12 -13 13 -15
leaf_value=-0.033731413812644329 -0.034342790762177437 0.028201895774267485 0.020608903624345934 0.016822015174676293 0.001486054506405888 -0.030692676326549109 -0.032577920538392237 -0.034556114985347837 -0.034096832434901622 0.027054530936910487 -0.0036626893566308518 0.016843738323770029 -0.042655978997931256 0.0062820078373737381
leaf_weight=34.904641239040757 22.804553997753828 45.224616244217032 72.180602169122722 269.71016620328737 86.031400450334331 65.949271147514082 144.11975479282773 35.375762850148021 80.77036362781655 16.229937009513378 663.69180783109732 48.288315318524837 27.349441702586773 1393.7099581301245
leaf_count=21216 1540 58 705 1075 3181 2533 9461 984 1346 8 8424 72 547 11106
internal_value=0.000350082 0.000761641 0.00104469 0.000612112 -0.0101875 0.00187082 -0.0198933 0.000134681 0.000683996 -0.0190998 0.00142668 -0.0150541 0.00245367 0.00531082
internal_weight=3006.34 2971.44 2948.63 2903.41 302.332 2601.08 230.151 2331.36 2295.99 82.1792 2213.81 129.059 2084.75 1421.06
internal_count=62256 41040 39500 39442 13347 26095 12642 25020 24036 2541 21495 1418 20077 11653
is_linear=0
shrinkage=0.03


Tree=252
num_leaves=15
num_cat=0
split_feature=14 17 17 20 35 20 35 4 36 20 39 34 38 38
split_gain=47.6997 32.2197 28.2795 25.8544 36.0275 34.0942 39.5816 48.9024 34.9173 39.1601 31.7216 30.6066 60.0828 85.5742
threshold=-0.1127535714285718 0.30044815699159327 0.22103846403388638 2.0720659722222226 0.76975000000000016 2.1801932291666675 0.94135000000000013 19.750159375000003 3.5000000000000004 2.5074029513888898 41.171987552083344 0.076852277432711766 155.90529533680561 474.94920017277781
decision_type=2 2 2 2 2 2 2 2 2 2 10 2 8 10
left_child=1 2 -1 -2 -5 10 8 -8 9 -7 -6 -9 -13 -14
right_child=3 -3 -4 4 5 6 7 11 -10 -11 -12 12 13 -15
leaf_value=-0.020955269563460895 -0.033625573266441645 -0.029959009617700209 -0.0023756324674971789 0.022587505011205572 0.0025686153876650374 -0.017499910044005217 -0.03769454682885813 0.0040913965863786138 0.037987118923601675 0.026326141053310419 -0.034376108326846504 0.0095780467599584241 -0.035009983108319452 0.010177434058504044
leaf_weight=81.791363755330167 16.555055568438547 46.212097956482467 677.30022063377965 79.817014516185736 40.096511209461823 33.854567700673215 26.712495007495818 1562.3261286313827 51.396934466236416 37.822858362225816 42.434036483977252 117.51503036945724 102.22304715554856 58.852983131859219
leaf_count=3053 1805 742 16875 1006 1279 1047 2319 19025 58 117 6306 2711 5668 237
internal_value=0.000326433 -0.00590439 -0.00440251 0.00264081 0.00293515 0.00216804 0.00295453 0.00186341 0.0193635 0.00567032 -0.0166111 0.00245757 -0.00668671 -0.0185388
internal_weight=2974.91 805.304 759.092 2169.61 2153.05 2073.23 1990.7 1867.63 123.074 71.6774 82.5305 1840.92 278.591 161.076
internal_count=62248 20670 19928 41578 39773 38767 31182 29960 1222 1164 7585 27641 8616 5905
is_linear=0
shrinkage=0.03


Tree=253
num_leaves=15
num_cat=0
split_feature=42 16 11 17 19 6 22 20 39 40 40 10 39 39
split_gain=42.1178 54.1641 53.1768 62.8269 55.8621 45.749 51.4065 51.0798 47.4931 86.8527 81.9415 41.3716 39.4381 34.383
threshold=5.3750000000000009 2.5496406250000008 22.392150000000004 0.22143052089959558 3.7315500000000008 -0.18713312030075177 0.28306659090909164 2.4780328125000008 337.83637828430562 120.50000000000001 739.50000000000011 0.41895125000002081 620.72643510791681 248.16932549125002
decision_type=2 2 2 2 2 2 2 2 10 10 10 2 10 10
left_child=1 -1 -3 -4 -5 7 13 -2 10 -10 -9 -11 -6 -7
right_child=5 2 3 4 12 6 -8 8 9 11 -12 -13 -14 -15
leaf_value=-0.04133090704113393 -0.025727707186706091 0.01426255924376732 -0.057023489164679551 -0.036381564989205702 0.0055465628189012789 0.0070952484310825847 0.021848044034927627 -0.023445782062025945 0.019025821364130124 -0.033397628691364187 0.025589458142965864 0.0091661979081925499 -0.034919440886251582 -0.00078344065283037368
leaf_weight=39.644404822925935 98.927262970537413 95.716647189097785 24.00908967498799 45.603684314695784 165.51211197033808 869.77880022388854 131.85977083817124 42.300215059745824 57.671160952770151 102.92020830327237 104.79615870307316 25.154627067269757 23.919954924765989 1165.6904884919713
leaf_count=23148 3195 906 2227 7222 3289 10373 426 764 185 1176 305 100 1079 7731
internal_value=0.00060273 -0.00851956 -0.00474704 -0.0117989 -0.00695715 0.00198976 0.00376653 -0.00691713 -0.00126594 -0.0113238 0.0114254 -0.0250316 0.000280305 0.00258504
internal_weight=2993.5 394.406 354.761 259.045 235.036 2599.1 2167.33 431.77 332.842 185.746 147.096 128.075 189.432 2035.47
internal_count=62126 37871 14723 13817 11590 24255 18530 5725 2530 1461 1069 1276 4368 18104
is_linear=0
shrinkage=0.03


Tree=254
num_leaves=15
num_cat=0
split_feature=25 36 35 5 25 33 37 39 39 35 35 9 37 23
split_gain=36.1803 49.5838 45.8726 40.8606 38.7447 55.5675 40.9419 57.6481 42.1057 61.1028 39.4164 63.9158 62.9202 61.886
threshold=0.00014907119850003167 1.0000000180025095e-35 0.95485000000000009 0.63076088287123966 0.001479019945774933 0.0050827590271821654 125.54166666666669 498.0167850366667 580.03439253722229 1.9471000000000003 0.78805000000000014 0.60615694135535958 57.041666666666671 3.5743500000000004
decision_type=2 2 2 2 2 2 10 10 10 2 2 2 8 2
left_child=1 -1 -3 -4 5 -2 8 -8 9 10 -6 13 -13 -12
right_child=4 2 3 -5 6 -7 7 -9 -10 -11 11 12 -14 -15
leaf_value=0.0024572757099681833 -0.024155788680798925 0.0073989945151756061 -0.012472348324809097 -0.040829032324766305 0.015747600209180614 0.0083702993858311946 0.012350467032841742 -0.035423649857611435 0.011467322793103389 -0.05447291240893487 -0.035956342223457921 0.0052332336926617512 -0.022697565848217156 -0.0029445510746117193
leaf_weight=401.3794748528162 48.427942415000871 73.561897787096314 188.08204166857104 60.144931412013648 70.144238342007156 1107.3077174369628 284.15870128488132 23.739193925313884 129.72295249052331 22.659730078390567 115.17496714564732 322.67369337141827 92.575500638849917 91.598626680010057
leaf_count=17292 583 4783 9979 3534 522 11061 3862 394 475 307 3822 3120 1631 671
internal_value=0.00127448 -0.00457676 -0.013331 -0.0194794 0.00310889 0.00698768 -0.000783646 0.00856429 -0.00419773 -0.00705258 -0.00542382 -0.00783272 -0.00103322 -0.021417
internal_weight=3031.35 723.168 321.789 248.227 2308.18 1155.74 1152.45 307.898 844.55 714.827 692.167 622.023 415.249 206.774
internal_count=62036 35588 18296 13513 26448 11644 14804 4256 10548 10073 9766 9244 4751 4493
is_linear=0
shrinkage=0.03


Tree=255
num_leaves=15
num_cat=0
split_feature=39 11 7 35 20 32 16 11 37 38 23 38 9 39
split_gain=32.4712 110.934 52.4988 99.5723 62.7117 132.296 78.054 141.461 73.2258 50.7063 70.7424 139.374 108.379 86.4188
threshold=620.72643510791681 25.605600000000006 24.695000000000004 1.9391500000000004 3.5456461805555564 1.7446098958333336 3.2601729166666673 23.528900000000004 2.291666666666667 430.19372457611115 3.6137500000000005 216.56658364569446 0.59325629592891904 311.90215947611119
decision_type=10 2 2 2 2 2 2 2 10 10 2 10 2 10
left_child=2 -2 3 4 5 6 7 9 -9 10 11 13 -13 -1
right_child=1 -3 -4 -5 -6 -7 -8 8 -10 -11 -12 12 -14 -15
leaf_value=0.0057588550730881096 -0.042310919462115071 0.0042429585999694923 0.018556500710332626 -0.043227808849001674 0.023229367174859954 -0.037529094241671286 0.016994561675297275 0.022296345753257413 -0.04081735650381179 -0.044683686073874899 0.014712155084953058 -0.043535950387898051 -0.0065377631934582497 -0.037295806526904209
leaf_weight=1239.6783357657605 66.02262165861066 146.84545915085982 157.75914849220135 44.450840075875021 113.90511238179897 78.44798038999761 269.59727633948933 18.941222961468156 105.05709834918707 19.880963322248135 341.41881110953727 98.431372419414402 253.11578441462098 42.436880240282335
leaf_count=33768 1430 729 472 1431 517 1898 1164 71 4001 236 3081 4572 6761 1974
internal_value=0.000938957 -0.0103264 0.00180399 0.000790643 0.00156522 0.000555948 0.00182197 -0.000115563 -0.0310752 0.00182336 0.00231387 -0.000284655 -0.0169912 0.00430583
internal_weight=2995.99 212.868 2783.12 2625.36 2580.91 2467.01 2388.56 2118.96 123.998 1994.96 1975.08 1633.66 351.547 1282.12
internal_count=62105 2159 59946 59474 58043 57526 55628 54464 4072 50392 50156 47075 11333 35742
is_linear=0
shrinkage=0.03


Tree=256
num_leaves=15
num_cat=0
split_feature=42 21 21 11 38 21 12 39 33 20 11 30 9 9
split_gain=49.3287 62.2733 71.2527 38.1156 45.0155 37.1524 62.2639 39.169 127.341 93.2989 141.34 92.7027 71.968 93.6828
threshold=3.1250000000000004 0.24623016429448333 0.30686392166691417 26.157750000000004 1.7335950980555557 0.28191973142533372 2.2042250000000005 498.0167850366667 0.014964832363358374 3.1741649305555559 23.528900000000004 0.0051350649350646741 0.59178055284980313 0.62340329183593168
decision_type=2 2 2 2 8 2 2 10 2 2 2 2 2 2
left_child=1 -1 -3 4 -2 7 -7 9 -9 10 -6 -10 -13 -14
right_child=3 2 -4 -5 5 6 -8 8 11 -11 -12 12 13 -15
leaf_value=0.014086480615830548 -0.04445346543020734 -0.048818137616221384 -0.0017859023808158435 0.026663648685971066 0.0019823842640678616 -0.017812624884908135 0.022773806262587556 -0.043617304688596904 -0.032253372697352296 0.019039678854336339 -0.036478999987476744 0.01899777049429888 -0.036017774316147132 0.012803952822199521
leaf_weight=46.407895770800678 18.113506784891797 60.900960175065848 54.675155581211584 53.943438135524048 1740.1046226859362 42.456016445685236 158.24016953262617 71.629061055136845 66.55848523012537 266.87444789713481 89.4597635643986 178.83194082125556 64.278510641568573 76.397831584443338
leaf_count=9215 287 18325 1969 141 24443 1937 664 705 933 662 1602 470 600 201
internal_value=0.000995195 -0.0150537 -0.026775 0.00191981 0.00142902 0.00174673 0.0141423 0.00076757 -0.00717394 0.00250396 8.2847e-05 -0.000317184 0.00641549 -0.00960067
internal_weight=2988.87 161.984 115.576 2826.89 2772.94 2754.83 200.696 2554.13 457.696 2096.44 1829.56 386.067 319.508 140.676
internal_count=62154 29509 20294 32645 32504 32217 2601 29616 2909 26707 26045 2204 1271 801
is_linear=0
shrinkage=0.03


Tree=257
num_leaves=15
num_cat=0
split_feature=42 22 38 33 9 42 38 9 34 38 29 37 37 10
split_gain=39.5109 28.9136 50.7433 38.961 76.1211 71.6384 61.2931 50.8477 115.317 91.5161 62.8737 91.6669 57.1567 48.9166
threshold=0.62500000000000011 0.40447362996480651 12.404318882500002 0.015448988954641918 0.62588362688072718 2.8750000000000004 493.25401706083341 0.62462499992181508 0.069054093567251271 482.63614671291674 0.0024504844674688546 2.291666666666667 3.791666666666667 0.056514583333313169
decision_type=2 2 10 2 2 2 10 2 2 8 2 8 10 2
left_child=-1 3 -3 4 6 -5 -2 8 9 13 11 -10 -9 -7
right_child=1 2 -4 5 -6 7 -8 12 10 -11 -12 -13 -14 -15
leaf_value=-0.033951146063987352 0.0083972635514672333 -0.015527038110464552 0.022493198580704449 -0.0439276968902374 -0.031450516400596124 -0.0055281239886643607 -0.027085205407289276 -0.045554010216983569 0.019644633532420689 0.013111642555674301 0.0098435560959838162 -0.026056785595669242 0.0075977170006514489 -0.02852818322082494
leaf_weight=28.099967483143701 952.42100941711396 41.090812096372247 127.61992119811475 35.555406080453395 48.222684441439924 117.66647177145933 44.965878745540977 17.848502529879624 57.473065391357522 79.864537890418433 421.80655816609215 121.31697351199909 545.90873414209636 288.01964268716983
leaf_count=20243 7791 361 457 7072 1195 1191 179 372 334 275 3510 5931 6213 6747
internal_value=0.000832371 0.00118102 0.0131961 0.000434237 0.0049809 -0.00238766 0.00677206 -0.0014664 -0.0052592 -0.0161154 0.00352963 -0.0113383 0.00583726 -0.0218872
internal_weight=2927.88 2899.78 168.711 2731.07 1045.61 1685.46 997.387 1649.9 1086.15 485.551 600.597 178.79 563.757 405.686
internal_count=61871 41628 818 40810 9165 31645 7970 24573 17988 8213 9775 6265 6585 7938
is_linear=0
shrinkage=0.03


Tree=258
num_leaves=15
num_cat=0
split_feature=21 18 38 33 33 38 38 35 40 3 23 36 22 10
split_gain=35.6443 60.7808 65.3375 71.7885 70.5693 61.4118 53.9419 70.238 148.299 63.1525 52.6764 67.7788 47.9553 58.4614
threshold=0.24477502518985247 0.091447771836007441 341.08013014027784 0.00030799217863247138 1.6653345369377351e-16 327.94343076333342 420.78197039833339 1.22455 286.50000000000006 20.901350000000004 5.2186000000000012 1.0000000180025095e-35 0.070832764294529157 0.31635196428572127
decision_type=2 2 10 2 2 10 8 2 10 2 2 2 2 2
left_child=6 2 5 4 -4 10 7 9 -9 -1 11 -2 13 -3
right_child=1 12 3 -5 -6 -7 -8 8 -10 -11 -12 -13 -14 -15
leaf_value=-0.01588759655762274 0.0037040983205409617 -0.014689612797691761 -0.050150633530846492 -0.034254485784296525 0.017788468311128049 0.02034171053747413 0.018190476198059913 0.0151407556147469 -0.03681423144379882 0.017678663533419233 0.020414184874673648 -0.017062573486693808 0.0063986172661728838 0.016282894107266757
leaf_weight=64.498857835524177 233.41680853250728 231.09054991616904 16.931490218012186 140.43196668081873 58.164686431442533 88.789257167210963 228.54635408214745 90.025753772037206 107.55073653186446 220.20492114028275 60.094727492927632 356.82459743412437 906.39376323010038 70.917692639936831
leaf_count=5349 9890 5706 549 3007 411 399 1073 1002 4857 4168 462 17884 6507 808
internal_value=0.000396663 -0.00151899 -0.00717304 -0.021667 0.00201289 -0.00292307 0.00621996 0.000521384 -0.0131839 0.0100453 -0.00612573 -0.00885781 0.00295003 -0.0073869
internal_weight=2873.88 2163.06 954.654 215.528 75.0962 739.125 710.827 482.28 197.576 284.704 650.336 590.241 1208.4 302.008
internal_count=62072 45623 32602 3967 960 28635 16449 15376 5859 9517 28236 27774 13021 6514
is_linear=0
shrinkage=0.03


Tree=259
num_leaves=15
num_cat=0
split_feature=12 39 23 22 9 30 22 20 34 34 21 38 11 11
split_gain=40.1294 78.6127 75.3781 72.0331 54.7426 54.7014 74.2646 67.5947 56.1712 117.082 60.3561 54.9572 52.9788 52.8528
threshold=2.3826125 196.49436038180559 3.1221500000000004 -0.0091777372919490448 0.61026715554096544 0.0067636363636364681 0.097387867647057869 2.8949032986111116 0.070319355644355749 0.053675077399380759 0.27698728207033174 114.23543984722224 21.580050000000004 21.539300000000004
decision_type=2 10 2 2 2 2 2 2 2 2 2 10 2 2
left_child=12 -2 -3 -4 5 6 7 -5 9 -7 -11 -8 13 -1
right_child=1 2 3 4 -6 8 11 -9 -10 10 -12 -13 -14 -15
leaf_value=-0.0069839800320122851 0.0135414386587218 -0.037343724492341135 -0.023314372296031935 -0.036622051527922792 -0.0057341180958836568 0.012278169734351087 0.0013719123757450003 0.01462786360960777 0.020999857708882814 -0.027589487295169739 0.0215268536920536 -0.041269746952394298 -0.023805959329430408 0.020227171049038213
leaf_weight=356.61586162684398 415.32927017099973 48.658588518559554 109.83967836523516 26.497151049356034 590.32131885284889 418.66571215583826 44.675425483595973 146.56631087030109 259.62238286820229 121.70354376533942 26.792759812364238 68.299800025638433 131.07754867862423 77.317865270671973
leaf_count=19419 2610 2903 3518 2361 8230 2272 685 1750 2188 2207 103 2541 10666 582
internal_value=-1.98001e-05 0.00175655 -0.000878495 0.00012024 0.00164439 0.00556011 -0.00573353 0.00661585 0.00946952 0.00416376 -0.0186429 -0.0245433 -0.00716888 -0.00210017
internal_weight=2841.98 2276.97 1861.64 1812.98 1703.14 1112.82 286.039 173.063 826.784 567.162 148.496 112.975 565.011 433.934
internal_count=62035 31368 28758 25855 22337 14107 7337 4111 6770 4582 2310 3226 30667 20001
is_linear=0
shrinkage=0.03


Tree=260
num_leaves=15
num_cat=0
split_feature=42 22 38 10 16 28 38 38 17 12 34 9 37 34
split_gain=36.0185 32.1162 55.5311 33.4297 99.1292 76.0642 73.3957 66.7885 54.8965 79.6601 51.4187 47.1489 91.5844 81.9286
threshold=0.62500000000000011 0.40447362996480651 4.3548133173611125 0.056514583333313169 2.2400864583333338 0.93697500000000034 493.25401706083341 18.871409521666667 0.23485844150823962 2.8244458333333342 0.090749999999998082 0.6267382152767994 84.791666666666686 0.050398571428571189
decision_type=2 2 10 2 2 2 10 10 2 2 2 2 10 2
left_child=-1 3 -3 6 -5 -6 8 -7 9 -2 11 13 -13 -9
right_child=1 2 -4 4 5 7 -8 10 -10 -11 -12 12 -14 -15
leaf_value=-0.033551236692235267 -0.031774017221531711 -0.016577901993566541 0.022800356880685012 -0.033473296477292802 0.02234110247796061 -0.043066480342667697 -0.047901807053810724 0.0065403964654344848 0.0096083316574863947 0.0066854797563042426 -0.027516288935729057 0.013366116808375005 -0.036628198137678765 -0.010526769739308486
leaf_weight=27.044429674959247 77.409767787816236 41.953049623174593 129.90662518516183 88.141423756749646 115.84447722334153 35.14476997199381 22.592008638195693 415.79721463112219 714.63496348061744 126.23818822667818 65.838270912434382 339.10931044444442 35.554497238961631 643.9943673732887
leaf_count=20354 2451 353 477 9855 327 1168 142 3144 6216 555 4608 1662 798 10189
internal_value=0.000281601 0.000614054 0.0131473 -0.000194179 -0.00265789 -0.000993781 0.00435855 -0.00276773 0.005695 -0.0080174 -0.00179566 -0.000596795 0.00853693 -0.00383081
internal_weight=2879.2 2852.16 171.86 2680.3 1739.42 1651.28 940.875 1535.44 918.283 203.648 1500.29 1434.46 374.664 1059.79
internal_count=62299 41945 830 41115 31751 21896 9364 21569 9222 3006 20401 15793 2460 13333
is_linear=0
shrinkage=0.03


Tree=261
num_leaves=15
num_cat=0
split_feature=17 7 12 20 11 16 39 23 30 16 28 30 34 6
split_gain=35.2676 32.0301 34.6871 31.2448 47.4896 41.043 62.5232 73.0554 69.35 105.65 134.409 63.4522 60.0751 62.7353
threshold=0.28793638986254283 20.304600000000004 2.4008208333333338 2.0720659722222226 20.539000000000005 2.2041437500000005 155.97277606763893 3.0244000000000004 0.0064632692307692967 3.0749208333333331 1.7626062500000004 0.018821052631579054 0.069300000000000167 -0.30508089068825872
decision_type=2 2 2 2 2 2 10 2 2 2 2 2 2 2
left_child=3 -2 -3 -1 -5 -6 -7 -8 9 -9 -11 12 13 -10
right_child=1 2 -4 4 5 6 7 8 11 10 -12 -13 -14 -15
leaf_value=-0.033790407278486617 0.026189878808942336 -0.037285355771708384 -0.0073343936788780352 0.026108954556773225 -0.014312984335650907 0.012545475426885201 -0.035472587429473915 -0.025924605494798848 -0.036786984131775544 0.015667149635633107 -0.021705846322844887 -0.0074749314177591274 0.018083391911262361 0.0050694247759340491
leaf_weight=20.76773739757482 19.194511100826276 42.722610342307235 174.41892374220697 72.32244759135574 136.70283230912719 454.34398352432072 49.312938774288341 189.23039721326768 32.83781833949979 229.32821641317423 137.80306202773863 297.46484339172548 362.64624673815069 678.75072119804827
leaf_count=2500 235 1978 1957 297 14947 5962 4237 11727 687 1941 2906 4508 3192 4989
internal_value=0.00102039 -0.0100613 -0.0133712 0.00200783 0.00230205 0.00162178 0.0025231 0.000215064 0.00114574 -0.00777933 0.00161831 0.00476878 0.00816297 0.00308895
internal_weight=2897.85 236.336 217.142 2661.51 2640.74 2568.42 2431.72 1977.37 1928.06 556.362 367.131 1371.7 1074.23 711.589
internal_count=62063 4170 3935 57893 55393 55096 40149 34187 29950 16574 4847 13376 8868 5676
is_linear=0
shrinkage=0.03


Tree=262
num_leaves=15
num_cat=0
split_feature=14 20 11 16 10 39 20 21 35 30 21 30 24 20
split_gain=37.8365 31.2346 39.9235 45.1282 81.7963 44.9612 43.9115 42.4776 36.735 34.1603 88.0362 45.0904 66.0081 87.429
threshold=-0.60661904761904772 2.0761019097222224 20.539000000000005 2.2400864583333338 -0.0088925396825418352 134.79295457833334 2.5270177083333336 0.23324770067415473 0.93690000000000018 0.019736378205128441 0.25915953017426041 0.0051350649350646741 1.7633166666666671 3.322463541666667
decision_type=2 2 2 2 2 8 2 2 2 2 2 2 2 2
left_child=-1 -2 -3 4 5 6 -4 -5 -9 11 -11 12 13 -10
right_child=1 2 3 7 -6 -7 -8 8 9 10 -12 -13 -14 -15
leaf_value=-0.035007778578579153 -0.029332655021311167 0.024784731806050304 -0.03493565691487522 -0.033330829513455382 -0.034995498100701669 0.023183964776978695 0.016374350363860455 0.017143001756229206 -0.0054409339910682199 -0.022868800649223111 0.0076104288902030734 0.0057860941129651532 -0.023236260588298356 0.023728714867435483
leaf_weight=26.072511825568654 29.967989335174934 60.909432298220054 35.900405049416804 30.089843855574145 86.80142848871219 53.888602553943201 24.520153322842816 134.505659960505 433.6592893373172 170.36007988406709 169.05833318098121 1324.5950942321751 125.88157242295347 116.47130324730097
leaf_count=726 3150 266 3882 2168 12450 331 1309 665 16648 3536 1404 12253 2761 547
internal_value=0.000288028 0.000629483 0.000964511 0.00041933 -0.0132174 0.00347996 -0.0141852 0.00151914 0.0019562 0.00107631 -0.00770987 0.00257006 -0.00373075 0.000766589
internal_weight=2822.68 2796.61 2766.64 2705.73 201.111 114.309 60.4206 2504.62 2474.53 2340.03 339.418 2000.61 676.012 550.131
internal_count=62096 61370 58220 57954 17972 5522 5191 39982 37814 37149 4940 32209 19956 17195
is_linear=0
shrinkage=0.03


Tree=263
num_leaves=15
num_cat=0
split_feature=20 11 11 11 11 38 38 16 13 38 21 40 38 22
split_gain=28.1853 44.5668 30.7762 81.7339 73.1243 68.4763 61.3642 51.9153 36.5762 48.572 41.1742 51.0785 42.7163 40.8998
threshold=2.0720659722222226 20.539000000000005 21.47935 21.580050000000004 21.769950000000005 47.169325491250014 29.362645223750004 2.3800250000000003 0.25666642356566416 474.94920017277781 0.2377670367180825 102.50000000000001 474.94920017277781 0.088752291666665706
decision_type=2 2 2 2 2 10 8 2 2 10 2 10 10 2
left_child=-1 -2 5 -4 -5 6 -3 -7 10 -10 -6 12 -12 -13
right_child=1 2 3 4 8 7 -8 -9 9 -11 11 13 -14 -15
leaf_value=-0.033137382797848024 0.023734110984204335 -0.038158584784059091 0.017365186416158175 -0.033641039308222591 -0.021731031035482049 -0.037475758115162072 0.013770302157442823 0.010268378262061778 -0.0097817842285677723 0.012235787627697626 -0.035487546582375573 -0.0016947394061978332 0.01151171270068381 0.0088802887262008374
leaf_weight=20.725620433144286 75.607406598737725 23.848256895496888 262.07040827875062 56.721661581338594 57.541616138616519 87.927526150140693 115.7748138137631 26.156565005418088 489.21139719875828 109.60482872335706 50.913790527178207 505.98907888247049 25.581199616193771 939.34650750950004
leaf_count=2677 311 1587 2596 3576 3193 10695 2689 107 11525 366 921 12015 47 9659
internal_value=0.000903037 0.00116429 0.000535522 0.00154826 -0.000313409 -0.00939872 0.00469233 -0.0265351 0.000569506 -0.0057381 0.00296314 0.0039105 -0.0198245 0.00517953
internal_weight=2847.02 2826.3 2750.69 2496.98 2234.91 253.707 139.623 114.084 2178.19 598.816 1579.37 1521.83 76.495 1445.34
internal_count=61964 59287 58976 43898 41302 15078 4276 10802 37726 11891 25835 22642 968 21674
is_linear=0
shrinkage=0.03


Tree=264
num_leaves=15
num_cat=0
split_feature=42 11 17 22 34 37 21 30 40 35 16 40 12 21
split_gain=38.074 32.0336 42.3443 61.5158 38.203 37.2842 47.4866 47.9268 30.9686 88.4192 185.255 123.735 99.5913 78.9804
threshold=0.62500000000000011 26.157750000000004 0.30931571887568204 0.40447362996480651 0.098659077380952406 148.04166666666669 0.2616507060159759 0.015600000000000397 731.50000000000011 1.2307500000000002 2.8047166666666672 578.50000000000011 2.5127375000000005 0.24438015793234305
decision_type=2 2 2 2 2 8 2 2 10 2 2 10 2 2
left_child=-1 2 3 4 5 8 -7 -8 9 12 -11 13 -2 -12
right_child=1 -3 -4 -5 -6 6 7 -9 -10 10 11 -13 -14 -15
leaf_value=-0.034448998994522112 -0.00060510076023848525 0.024808553179210852 -0.02220898108157339 0.021621803299216806 -0.029292909678511107 -0.037321944717990545 -0.047969424242139375 0.019394073949541984 0.0060466050794263267 -0.039071429527443857 0.017048243249041525 -0.036724748231387799 0.02335587986914002 -0.0050297384160329283
leaf_weight=27.00006916410257 555.57839233610866 47.772334266468533 72.337416890342865 121.9696440231055 38.724407114828864 51.429217041357333 11.48332565880264 38.890700444520917 775.24706407285703 141.72346826820649 224.85902611591155 79.294374445627909 216.10749046652927 410.6810946059486
leaf_count=20250 11790 179 932 470 4239 4400 727 470 7719 5328 895 1158 501 3106
internal_value=0.000359673 0.000709243 0.000279908 0.000898207 -0.000103464 0.000359226 -0.0173335 0.00340299 0.00111552 -0.00123456 -0.00786576 -0.00163297 0.00612662 0.00279613
internal_weight=2813.1 2786.1 2738.33 2665.99 2544.02 2505.29 101.803 50.374 2403.49 1628.24 856.558 714.834 771.686 635.54
internal_count=62164 41914 41735 40803 40333 36094 5597 1197 30497 22778 10487 5159 12291 4001
is_linear=0
shrinkage=0.03


Tree=265
num_leaves=15
num_cat=0
split_feature=42 38 22 25 10 40 23 38 40 34 34 30 36 22
split_gain=43.0093 48.6635 41.4923 39.3271 33.715 58.8034 56.2365 70.1747 74.1845 84.9874 66.8018 69.8389 59.7491 77.5748
threshold=2.8750000000000004 145.16932549125002 0.5369820175438581 1.0000000180025095e-35 0.36820476190475587 102.50000000000001 3.5015500000000004 214.61629482694448 747.50000000000011 0.063034077380952541 0.08506717948717972 0.025110271132376499 1.0000000180025095e-35 -0.11459884902679017
decision_type=2 10 2 2 2 10 2 10 10 2 2 2 2 2
left_child=1 2 -1 -3 6 -6 7 12 -9 -10 11 -8 13 -2
right_child=4 3 -4 -5 5 -7 10 8 9 -11 -12 -13 -14 -15
leaf_value=-0.060939046682964862 0.025823121533686433 -0.054122374010923589 -0.001740409567529487 0.0046443308039434226 -0.036087191170615936 0.012066550147192469 0.0069646894471629599 -0.037450299231228897 -0.040702041322172158 0.01954795910281773 -0.038073762787111505 -0.028240803070561447 0.0026901896482780813 -0.028894803994586923
leaf_weight=29.690581759784436 28.088421035907231 10.72426179083868 16.415446032187901 80.575938712585412 23.245815815826063 399.30994734720844 1178.0257489622672 109.94518769084061 30.955716061303974 60.862224158961908 31.581870479853023 52.018489240479539 656.80807290541452 119.46594780586747
leaf_count=15353 130 4370 202 8901 433 4317 6668 3252 971 549 1096 651 11774 3682
internal_value=0.000730555 -0.0155791 -0.0403465 -0.00277008 0.00156904 0.00933855 0.000117853 -0.00516953 -0.0209422 -0.000984536 0.00433521 0.00545412 -0.00119208 -0.018375
internal_weight=2827.71 137.406 46.106 91.3002 2690.31 422.556 2267.75 1006.13 201.763 91.8179 1261.63 1230.04 804.362 147.554
internal_count=62349 28826 15555 13271 33523 4750 28773 20358 4772 1520 8415 7319 15586 3812
is_linear=0
shrinkage=0.03


Tree=266
num_leaves=15
num_cat=0
split_feature=6 34 42 30 16 35 40 39 17 9 29 5 38 9
split_gain=33.8607 49.0426 57.5653 53.383 42.7716 51.4199 62.7385 40.2532 39.0593 38.4937 34.1327 36.1798 38.641 32.6556
threshold=0.078566165413535519 0.07008750000000058 6.3750000000000009 0.0095531135531135309 3.2810250000000005 1.3048500000000003 522.50000000000011 498.0167850366667 0.27241861864530253 0.6072089493193803 1.0000000180025095e-35 0.60286901975687746 474.94920017277781 0.58096433161781302
decision_type=2 2 2 2 2 2 10 10 2 2 2 2 10 2
left_child=1 3 -3 4 5 6 -1 -6 -4 -9 13 12 -12 -2
right_child=10 2 8 -5 7 -7 -8 9 -10 -11 11 -13 -14 -15
leaf_value=-0.035004153980008168 0.0065248576569389002 -0.018358368384611079 0.012821825381242196 -0.014828010585831719 0.023068409648318883 -0.026648298637304394 0.011715976506116499 -0.038451811575497069 -0.018327446451105681 0.014742216219892348 -0.003394781112188995 0.0091817847188818778 0.017514935895744356 -0.026896669623155723
leaf_weight=31.18830641418208 45.8434072727905 78.142505932186396 355.67497997872852 403.38106924562089 107.09749962676142 80.410708824472749 130.82783871175525 21.729483985367551 39.445747068566561 25.699848039956123 538.65208546084523 843.4951970500797 92.292741035347717 59.751962597774764
leaf_count=3255 1737 8893 3050 8148 573 4132 5457 686 644 198 10442 8339 250 6339
internal_value=0.0010061 -0.00263264 0.00501626 -0.0071563 0.000657295 -0.00719596 0.00256274 0.0129448 0.00967371 -0.00991909 0.00393894 0.00512118 -0.000313294 -0.0124619
internal_weight=2853.63 1273.6 473.263 800.335 396.954 242.427 162.016 154.527 395.121 47.4293 1580.04 1474.44 630.945 105.595
internal_count=62143 35036 12587 22449 14301 12844 8712 1457 3694 884 27107 19031 10692 8076
is_linear=0
shrinkage=0.03


Tree=267
num_leaves=15
num_cat=0
split_feature=6 11 38 39 19 7 16 8 23 7 7 8 40 20
split_gain=30.9734 39.38 41.2923 41.2247 51.231 48.1928 36.8785 70.3539 49.7855 47.3828 60.2066 42.1823 40.4318 48.3559
threshold=0.10069464158132936 26.157750000000004 1.7335950980555557 620.72643510791681 4.0018500000000001 23.609100000000002 2.5658229166666673 20.939967708333338 3.6137500000000005 21.455750000000005 21.432750000000002 21.33998194444445 747.50000000000011 2.6820085069444448
decision_type=2 2 8 10 2 2 2 2 2 2 2 2 10 2
left_child=1 2 -1 4 5 6 9 -8 12 10 -4 -10 -9 -14
right_child=-2 -3 3 -5 -6 -7 7 8 11 -11 -12 -13 13 -15
leaf_value=-0.044206093519555532 0.0033899956441435664 0.025328271263653467 -0.010386233652470557 -0.024006290213597129 0.011449211604098798 -0.033571662463377297 0.018568815191523393 -0.036391254390919357 0.031701059203134485 -0.027327828353938714 0.026630688549481699 -0.0024936204220553726 0.021749874779271382 -0.027282958354650527
leaf_weight=21.487366053701408 1480.0741520925912 41.872202698490582 212.93124993367564 79.006660049619313 214.88021676138851 48.488680962458602 158.58047845217698 65.538948638120019 37.850332994596101 105.46069308611823 47.525550666250638 196.94884494916005 33.914077950026694 36.616057680113954
leaf_count=377 25434 214 14909 1094 1823 1196 1339 3279 116 7468 281 2803 424 1277
internal_value=0.000422717 -0.00295274 -0.00391249 -0.00317787 -0.00173824 -0.00474947 -0.00315288 0.00190946 -0.00524473 -0.0104629 -0.00355574 0.00312973 -0.019613 -0.0037313
internal_weight=2781.18 1301.1 1259.23 1237.74 1158.74 943.855 895.366 529.449 370.868 365.917 260.457 234.799 136.069 70.5301
internal_count=62034 36600 36386 36009 34915 33092 31896 9238 7899 22658 15190 2919 4980 1701
is_linear=0
shrinkage=0.03


Tree=268
num_leaves=15
num_cat=0
split_feature=19 22 38 23 38 11 16 39 16 16 33 7 28 11
split_gain=43.8984 34.1436 40.9199 72.4097 33.0679 31.7091 54.3803 35.3964 121.48 73.1554 93.3774 70.1294 70.0061 121.878
threshold=2.6115500000000007 -0.11459884902679017 17.013318153750003 5.0778500000000006 21.694921626944446 20.539000000000005 2.2041437500000005 337.83637828430562 2.9389427083333342 2.7164406250000006 0.0084009616940976858 22.378550000000001 1.6105031250000004 23.797050000000002
decision_type=2 2 8 2 8 2 2 8 2 2 2 2 2 2
left_child=-1 -2 3 -3 -4 -6 -7 9 -9 10 -8 -12 -10 -14
right_child=1 2 4 -5 5 6 7 8 12 -11 11 -13 13 -15
leaf_value=-0.026941416405776891 0.019784065903806314 -0.039743868535874603 0.019865545811033721 0.017789343564631306 0.020307344496816256 -0.02700611801448561 -0.036570886447006082 -0.028695479272824495 0.012644787929536718 0.017877408361060821 0.0052444282491774397 -0.030061979286870301 -0.038016234700962909 -6.9567820230212953e-05
leaf_weight=50.662602374259222 83.164349212351226 55.902009878555873 80.468751148375304 29.382607770174218 69.257882658523158 64.945232780837614 57.234434334353864 143.89315296442601 307.45249540194163 275.20708429984916 730.06512054392715 53.40825152573143 84.594171142220148 692.3919662259741
leaf_count=6217 1640 2242 477 121 536 10114 5855 5246 1921 1827 14396 2165 2373 6848
internal_value=0.000454616 0.000973202 0.000374316 -0.0199458 0.00105908 0.000440718 -0.000138583 0.000616956 -0.00289561 0.00448251 8.16364e-05 0.00280239 0.000551031 -0.00424456
internal_weight=2778.03 2727.37 2644.2 85.2846 2558.92 2478.45 2409.19 2344.25 1228.33 1115.91 840.708 783.473 1084.44 776.986
internal_count=61978 55761 54121 2363 51758 51281 50745 40631 16388 24243 22416 16561 11142 9221
is_linear=0
shrinkage=0.03


Tree=269
num_leaves=15
num_cat=0
split_feature=42 23 25 11 39 23 22 18 5 10 16 31 7 31
split_gain=30.6016 58.8133 43.8873 34.3232 40.149 80.9909 41.5258 52.2134 55.5264 43.8432 90.1728 68.6346 55.847 67.1079
threshold=2.8750000000000004 3.2950500000000003 1.0000000180025095e-35 26.157750000000004 620.72643510791681 5.2186000000000012 0.22961910173160169 0.025053974358973993 0.62826401909619523 0.053904999999996768 2.2434291666666675 0.94135000000000013 24.695000000000004 1.9299000000000002
decision_type=2 2 2 2 10 2 2 2 2 2 2 2 2 2
left_child=1 -1 -3 4 6 -6 9 8 -8 -2 -11 -12 13 -13
right_child=3 2 -4 -5 5 -7 7 -9 -10 10 11 12 -14 -15
leaf_value=-0.071015305995065864 0.0058850309792241491 -0.053195979453775757 -0.00023890905898701597 0.025341170887731933 -0.040941342376633119 0.0020242441666324671 0.012088218520997989 0.021173135358247264 -0.040125584073382271 -0.033916739281269793 0.026366642826543999 -0.0033350105956905731 0.020381967527697741 -0.046428050273982661
leaf_weight=13.128266355182857 805.58274805798283 14.994463921922941 118.0058127797065 51.232209860085277 60.154628854965267 111.18760121724335 46.550329682970187 192.07912210805807 28.893536299990956 78.744002719782657 76.324929100243025 1043.9193498824734 85.448524226201698 32.581267766392557
leaf_count=16492 7377 5322 6755 145 798 345 238 728 372 7975 156 14707 158 527
internal_value=0.000516965 -0.0127956 -0.00656172 0.00126615 0.000774919 -0.0132101 0.00178258 0.0128979 -0.00817197 0.000376233 -0.00299525 -0.00100312 -0.00282208 -0.00468114
internal_weight=2758.83 146.129 133 2612.7 2561.47 171.342 2390.12 267.523 75.4439 2122.6 1317.02 1238.27 1161.95 1076.5
internal_count=62095 28569 12077 33526 33381 1143 32238 1338 610 30900 23523 15548 15392 15234
is_linear=0
shrinkage=0.03


Tree=270
num_leaves=15
num_cat=0
split_feature=20 11 16 20 29 10 22 14 22 38 11 16 40 34
split_gain=28.8871 40.903 54.8379 59.0064 38.6803 32.2381 32.006 28.1445 27.4245 63.5198 63.266 95.214 85.2586 75.842
threshold=2.0720659722222226 20.860600000000002 2.2041437500000005 2.5270177083333336 0.0027296707531350652 0.053904999999996768 -0.11459884902679017 -0.3343686363636364 0.086867096792096601 92.800948855694458 22.299750000000003 2.9577270833333338 490.50000000000006 0.092898357620640262
decision_type=2 2 2 2 2 2 2 2 2 8 2 2 10 2
left_child=-1 4 3 -3 -2 -6 -4 -8 9 -9 12 -12 13 -11
right_child=1 2 6 -5 5 -7 7 8 -10 10 11 -13 -14 -15
leaf_value=-0.033667773049109881 -0.040511434207233077 -0.034451381594092528 0.023880515909127157 0.017733722889329347 0.029539216083149591 -0.0136832962153103 -0.010152997697955841 -0.031949034594290715 0.00432912420611166 -0.037847365202182306 -0.025274107030444973 0.0032123514684595255 0.017325692154702109 0.03580810465379073
leaf_weight=20.345114028125863 8.4851327356991515 74.59910861944536 54.926396772523731 25.573718919118619 97.386945980997552 17.831797009566799 189.43680614511777 60.002748094599156 1462.3849803017374 51.307859180406012 168.34740171389694 280.02565767915803 266.27922061044774 15.696896528374053
leaf_count=2732 1641 11944 262 1359 168 1220 4410 3124 17053 2686 6848 3197 5165 307
internal_value=0.00109976 0.00136695 0.000576173 -0.0210851 0.0181577 0.0227897 0.00143557 0.00093178 0.00184717 -0.00246525 -0.000164036 -0.0075157 0.00971918 -0.0203196
internal_weight=2792.63 2772.28 2648.58 100.173 123.704 115.219 2548.41 2493.48 2304.04 841.66 781.657 448.373 333.284 67.0048
internal_count=62116 59384 56355 13303 3029 1388 43052 42790 38380 21327 18203 10045 8158 2993
is_linear=0
shrinkage=0.03


Tree=271
num_leaves=15
num_cat=0
split_feature=20 11 11 11 22 11 19 9 33 11 23 33 19 9
split_gain=26.9993 39.9771 28.0743 80.9222 73.0944 65.8692 59.9778 44.5946 59.889 34.9698 64.9203 44.7341 80.1721 76.538
threshold=2.0720659722222226 20.539000000000005 21.47935 21.580050000000004 0.13648202020201924 21.769950000000005 2.5255500000000004 0.60428414827892196 0.015103437897487528 21.786000000000005 3.0881000000000003 0.023172743689639737 4.4214000000000011 0.55945876295043928
decision_type=2 2 2 2 2 2 2 2 2 2 2 2 2 2
left_child=-1 -2 4 7 6 -5 -3 8 -4 -7 -11 -12 13 -13
right_child=1 2 3 5 -6 9 -8 -9 -10 10 11 12 -14 -15
leaf_value=-0.033314361518719256 0.022905627951862188 0.024832467908895865 0.02304711436053359 -0.033022506000245894 0.011508981692801807 0.027831921296800406 -0.030326546358577469 0.024389204464503808 -0.037370321148520062 -0.02655700577754112 0.0031729998858054122 0.023603544018887288 0.0089646293370812882 -0.027060306001068523
leaf_weight=19.488639194314601 73.654242431555758 19.914041108460879 30.26658332842635 52.872263864939669 92.511401920510252 40.513051648973487 123.58909656676042 196.15190919348424 27.010281165974448 78.54019446942948 1647.35257067561 30.50357047002035 142.67648487520637 187.37310911782788
leaf_count=2701 310 666 487 3598 744 265 13730 1247 817 5351 20235 214 897 10718
internal_value=0.000997066 0.0012529 0.000647077 0.00160651 -0.00920951 -0.000262087 -0.0225532 0.0176168 -0.00559654 0.000567412 2.49307e-05 0.0010774 -0.00847961 -0.0198917
internal_weight=2762.42 2742.93 2669.27 2433.26 236.015 2179.83 143.503 253.429 57.2769 2126.96 2086.45 2007.91 360.553 217.877
internal_count=61980 59279 58969 43829 15140 41278 14396 2551 1304 37680 37415 32064 11829 10932
is_linear=0
shrinkage=0.03


Tree=272
num_leaves=15
num_cat=0
split_feature=19 42 16 11 19 28 40 21 20 11 6 20 32 21
split_gain=46.1451 43.2077 47.8492 49.0907 55.7841 45.0615 70.3256 64.6121 35.9704 34.8323 35.4543 38.6655 45.2859 73.0405
threshold=2.6115500000000007 5.6250000000000009 2.5658229166666673 22.392150000000004 3.6538500000000007 1.629310416666667 922.50000000000011 0.30686392166691417 3.5717118055555561 26.157750000000004 -0.2111598214285694 2.4780328125000008 1.3802539930555557 0.24309517532874805
decision_type=2 2 2 2 2 2 10 2 2 2 2 2 2 2
left_child=-1 2 -2 -4 -5 -6 7 8 -7 10 11 -3 -13 -14
right_child=1 9 3 4 5 6 -8 -9 -10 -11 -12 12 13 -15
leaf_value=-0.029244049606717826 -0.036687756256837123 -0.026626975457301923 0.014669336543463878 -0.039712837367855136 0.018178563923895833 -0.057498206837134733 0.01817736204068093 0.015059964917283624 -0.018384639063429516 0.029134889546384508 0.0040227930507674026 0.014705030070402929 0.01586754541566791 -0.026094036619918843
leaf_weight=43.85047650575325 44.236316574932971 67.849039769622323 93.48697073304902 47.209928392700931 58.981430893876677 41.439233364617394 47.346648389713664 27.003386495867744 44.998045178963366 44.055592632386833 1953.3873078089491 97.628162057822919 57.359749460010789 103.16116222431447
leaf_count=6181 20086 2382 818 8241 637 2629 694 112 1676 72 16368 691 255 1258
internal_value=0.000939518 0.00143521 -0.00759924 -0.00393788 -0.0104839 -0.00405364 -0.012271 -0.025027 -0.0375794 0.00301144 0.00249398 -0.00665102 -0.00131827 -0.0110943
internal_weight=2771.99 2728.14 404.702 360.466 266.979 219.769 160.787 113.441 86.4373 2323.44 2279.39 325.998 258.149 160.521
internal_count=62100 55919 34893 14807 13989 5748 5111 4417 4305 21026 20954 4586 2204 1513
is_linear=0
shrinkage=0.03


Tree=273
num_leaves=15
num_cat=0
split_feature=42 19 22 38 18 38 29 25 37 18 21 38 5 36
split_gain=28.4306 53.9871 41.2396 60.8972 43.9853 35.6446 36.8387 34.8401 32.995 53.1503 32.2158 58.5022 97.3734 55.2658
threshold=3.1250000000000004 3.2359500000000003 0.20065222222222331 510.00549073458336 0.13896477272727223 337.55790493708338 0.0035947770271439494 1.0000000180025095e-35 147.04166666666669 0.14538230769230762 0.24452820727379745 420.78197039833339 0.57686598239532394 1.0000000180025095e-35
decision_type=2 2 2 10 2 10 2 2 8 2 2 8 2 2
left_child=1 -1 3 8 5 6 -4 -3 10 -10 11 12 -2 -14
right_child=2 7 4 -5 -6 -7 -8 -9 9 -11 -12 -13 13 -15
leaf_value=-0.062699989247907859 -0.029417992663621707 -0.045914991324903523 0.014836536054087482 -0.046687110349094042 0.019649753098723022 -0.021129749105899102 -0.013730108154493548 0.00020469854443034744 -0.038964788470364262 0.0026366043237776716 -0.0012213740391375249 0.021125291062720045 -0.022829942988635131 0.012928350785645824
leaf_weight=15.679573393360441 76.83186998759993 15.802752544866051 143.75101470426307 24.059692929440644 213.28739431381109 50.557623993576271 55.591684514496592 120.11516131465214 47.891460020458908 63.317051387461106 1393.3184796871246 183.83723823979381 44.270117780084547 277.94479340381622
leaf_count=19726 2699 4136 619 241 718 444 425 5592 4191 785 18281 337 973 2820
internal_value=0.000835573 -0.0117467 0.0015807 -0.00019908 0.00967688 0.00112074 0.00684125 -0.00545368 0.000358844 -0.0154664 0.00125677 0.00717243 0.000707729 0.00795997
internal_weight=2726.26 151.597 2574.66 2111.47 463.188 249.9 199.343 135.918 2087.41 111.209 1976.2 582.884 399.047 322.215
internal_count=61987 29454 32533 30327 2206 1488 1044 9728 30086 4976 25110 6829 6492 3793
is_linear=0
shrinkage=0.03


Tree=274
num_leaves=15
num_cat=0
split_feature=13 19 42 36 17 22 40 29 21 40 33 11 17 11
split_gain=41.7885 47.9419 34.6542 45.4417 38.3086 33.0616 64.8604 55.8646 47.8172 63.5361 116.891 46.7208 43.8446 39.2655
threshold=0.25909017566827391 2.8779000000000008 4.6250000000000009 1.5000000000000002 0.21123087047093816 0.11664333333333364 923.50000000000011 0.0068264807773159306 0.24452820727379745 691.50000000000011 0.021777555425551012 21.786000000000005 0.26109375806652396 21.539300000000004
decision_type=2 2 2 2 2 2 8 2 2 10 2 2 2 2
left_child=2 -2 3 -1 -5 6 8 -8 -4 10 -10 13 -11 -12
right_child=1 -3 5 4 -6 -7 7 -9 9 12 11 -13 -14 -15
leaf_value=-0.00060126490774711642 -0.028688869476996528 -0.0033103157732244102 0.011025952036140799 -0.11630086248909219 -0.025078683725712515 0.0082353059344414566 -0.043953491314017608 0.012132774029712844 -0.027458802098727291 0.012367910650199043 -0.014359394050336632 -0.03226948336585108 -0.022637671212323813 0.032053820786206229
leaf_weight=130.84643666297325 73.758144202062795 648.98779537442488 343.7411157471397 3.7040463180501311 46.383629294680759 811.19057406136562 51.069585337005265 22.536354635820317 181.85421675717225 226.01778450423444 20.964293302808073 16.879185884979961 36.58581735327607 67.079104845091933
leaf_count=15748 7222 11483 3585 965 7677 4638 2270 499 3519 1611 767 1208 535 162
internal_value=0.000224171 -0.00593633 0.00249904 -0.00997437 -0.0339691 0.00377332 2.45856e-05 -0.0268488 0.00226689 -0.00322364 -0.0129653 0.0121773 0.00742357 0.0209651
internal_weight=2681.6 722.746 1958.85 180.934 50.0877 1777.92 966.727 73.6059 893.122 549.38 286.777 104.923 262.604 88.0434
internal_count=61889 18705 43184 24390 8642 18794 14156 2769 11387 7802 5656 2137 2146 929
is_linear=0
shrinkage=0.03


Tree=275
num_leaves=15
num_cat=0
split_feature=11 20 20 39 39 21 14 39 4 11 11 33 33 36
split_gain=28.4299 62.5858 35.925 33.2204 36.6093 30.4439 28.2904 29.6012 69.001 43.5402 41.5682 42.8293 77.0235 40.9379
threshold=21.020700000000001 2.1801932291666675 2.0720659722222226 88.868718633750021 29.717394774444447 0.23170768010142126 -0.32850000000000018 155.97277606763893 20.189309375000004 21.580050000000004 21.47935 0.015221702168044882 0.023333244924438282 3.5000000000000004
decision_type=2 2 2 10 8 2 2 10 2 2 2 2 2 2
left_child=2 -2 -1 4 -4 -3 -7 10 -9 -10 13 -12 -13 -8
right_child=1 5 3 -5 -6 6 7 8 9 -11 11 12 -14 -15
leaf_value=-0.031387870306599397 -0.031759835619746268 -0.037036037789078706 -0.041392787847417803 -0.038785227380117325 0.02176348196552266 -0.010381305018329939 -0.025559677799182348 -0.032955421699290353 0.03104579222970251 0.0001224555181293878 0.025691204479155884 -0.027827766937953743 0.015779228071671685 0.020132827748368051
leaf_weight=15.182511982802678 55.501060595595845 18.62255188117706 7.8128097731423614 8.7125951209090982 156.54840411339865 196.96314723980504 52.986617795567327 55.033485773534267 40.985506807775892 1709.6048456207936 143.78016162786116 49.368348525311376 131.06534953580376 25.337210704323297
leaf_count=2333 7672 1836 559 1456 3600 4802 2412 2981 176 28027 1412 830 3597 351
internal_value=0.000307881 -0.000547442 0.0115155 0.0154378 0.0185292 0.000180089 0.000483521 0.0014569 -0.000184687 0.000863756 0.00880262 0.0135352 0.00376033 -0.010711
internal_weight=2667.5 2479.25 188.256 173.074 164.361 2423.75 2405.12 2208.16 1805.62 1750.59 402.538 324.214 180.434 78.3238
internal_count=62044 54096 7948 5615 4159 46424 44588 39786 31184 28203 8602 5839 4427 2763
is_linear=0
shrinkage=0.03


Tree=276
num_leaves=15
num_cat=1
split_feature=17 19 39 35 19 7 12 38 38 38 38 38 21 41
split_gain=28.9475 57.7014 89.9644 44.2564 55.5539 44.5372 44.2365 39.1294 35.5915 37.0487 32.6936 92.1427 53.5834 66.1267
threshold=0.26426313340317775 3.5897500000000004 196.49436038180559 1.5372000000000001 4.2511500000000009 23.099500000000003 2.4008208333333338 38.12283244708334 467.42471986430559 119.66194274111113 341.08013014027784 420.78197039833339 0.24452820727379745 0
decision_type=2 2 10 2 2 2 2 10 10 10 10 10 2 1
left_child=10 2 6 -3 5 -5 7 -2 9 -6 -1 -12 -13 -14
right_child=1 3 -4 4 8 -7 -8 -9 -10 -11 11 12 13 -15
leaf_value=0.0051253970403410311 -0.00023337266275753578 0.022013189131076964 -0.036863180870529207 0.011528347454306555 0.011161475982607784 -0.029423710211265497 0.011454385909283405 -0.03412355975306184 0.023631809015774847 -0.031035040360746943 -0.027697238418167819 0.016581496781614538 0.017569679104501926 -0.017139584757343656
leaf_weight=1550.2962448322887 70.916258951659984 91.750462104362668 99.535199975365686 32.89590413881524 48.749486566801352 82.230730328354184 105.07705777497358 53.035462834488499 79.235139600932598 29.063781640998059 110.78851050981211 158.16318614866032 71.487684696245196 154.40798019620524
leaf_count=40942 2161 372 4514 235 421 1498 631 4893 174 492 3424 739 352 1435
internal_value=0.00118823 -0.00410933 -0.0132043 0.0041156 -0.00197619 -0.0177237 -0.00280668 -0.0148911 0.00960686 -0.00479301 0.00298312 -0.00372516 0.00324397 -0.00612635
internal_weight=2737.63 692.489 328.564 363.926 272.175 115.127 229.029 123.952 157.048 77.8133 2045.14 494.847 384.059 225.896
internal_count=62283 15391 12199 3192 2820 1733 7685 7054 1087 913 46892 5950 2526 1787
cat_boundaries=0 1
cat_threshold=2
is_linear=0
shrinkage=0.03


Tree=277
num_leaves=15
num_cat=1
split_feature=22 38 41 22 21 33 34 11 39 38 35 20 11 20
split_gain=35.8931 54.9035 53.8077 50.5401 49.5213 68.8319 76.8019 65.524 65.1782 62.9185 93.1452 58.8015 57.2166 56.4463
threshold=0.088752291666665706 17.013318153750003 0 0.31093901098901028 0.24623016429448333 0.021777555425551012 0.023792857142856862 21.580050000000004 63.320692317777791 420.78197039833339 1.22455 2.3429960069444449 21.47935 2.8949032986111116
decision_type=2 10 1 2 2 2 2 2 10 8 2 2 2 2
left_child=4 -2 -3 -4 9 6 8 12 -6 10 11 -1 -7 -10
right_child=1 2 3 -5 5 7 -8 -9 13 -11 -12 -13 -14 -15
leaf_value=-0.0092355739331984443 -0.020245283176297108 -0.01197534654961799 0.0048528978451945351 0.02511200118669624 0.018105072696939679 -0.028137577855737179 -0.032112978533615479 -0.022521335740663208 -0.037602791111649783 0.018911284987470498 -0.031005242119999197 0.022596084112118303 0.028176313370960045 -0.0048350396746887755
leaf_weight=105.70160708682852 82.378570772147214 154.17590936373608 1233.1513983386758 120.88993832748383 74.034172206600488 18.494059263434792 155.28831312315833 46.06080363549745 64.809524928958126 161.30150357172897 83.232911652330586 101.46108414385071 100.5325220168379 169.67060854880947
leaf_count=7520 1694 9183 9540 451 1758 3355 7262 5034 6805 779 4280 1538 585 2167
internal_value=0.000592571 0.00345804 0.00476527 0.00667884 -0.00362462 -0.00906155 -0.0149745 0.00754076 -0.00627216 0.00394842 -0.00439915 0.00638812 0.0192649 -0.0140132
internal_weight=2671.18 1590.6 1508.22 1354.04 1080.59 628.89 463.803 165.087 308.514 451.697 290.396 207.163 119.027 234.48
internal_count=61951 20868 19174 9991 41083 26966 17992 8974 10730 14117 13338 9058 3940 8972
cat_boundaries=0 1
cat_threshold=4
is_linear=0
shrinkage=0.03


Tree=278
num_leaves=15
num_cat=0
split_feature=42 38 21 10 34 19 35 28 7 12 22 42 38 12
split_gain=41.7718 37.5685 26.7151 25.5228 35.9799 26.066 99.9226 75.1726 99.8081 50.2258 48.1817 46.3382 46.7557 75.161
threshold=2.1250000000000004 145.16932549125002 0.29814753062215454 0.45060683982684185 0.098659077380952406 3.8431000000000002 1.6205000000000003 1.7626062500000004 24.378200000000003 3.1482125000000005 0.22961910173160169 7.1250000000000009 216.56658364569446 2.5654000000000008
decision_type=2 8 2 2 2 2 2 2 2 2 2 2 10 2
left_child=1 -1 -3 4 5 6 9 -7 10 11 -9 12 13 -2
right_child=3 2 -4 -5 -6 7 -8 8 -10 -11 -12 -13 -14 -15
leaf_value=-0.051901616175058306 -0.031921162271652634 -0.027944097015869519 0.012294743661147056 0.011509777111059038 -0.038319289770438046 0.018607986458946811 -0.032870895003157714 -0.040044873354711741 0.0050926618860584671 0.026686315663475433 0.017964956537385248 0.0013602118628666354 -0.03537099807494231 0.013671648862710032
leaf_weight=23.216789808003341 52.406770382240211 27.71044496430568 29.893279971147422 200.10090473707714 20.430601741607461 253.03924382859259 84.857404290647537 73.599613565951586 374.70874260092387 61.680163379991427 14.968835954321547 1279.0804217456389 62.826872213830939 82.349951505450008
leaf_count=13539 7903 11991 217 2144 2608 734 2347 1231 1616 110 60 13407 3122 1061
internal_value=0.000576452 -0.0205248 -0.0072088 0.00125037 0.000375966 0.000730113 -0.00137373 0.00549278 -0.00169531 0.000383922 -0.0301496 -0.000732044 -0.0142151 -0.00416388
internal_weight=2640.87 80.8205 57.6037 2560.05 2359.95 2339.52 1623.2 716.316 463.277 1538.34 88.5684 1476.66 197.584 134.757
internal_count=62090 25747 12208 36343 34199 31591 27950 3641 2907 25603 1291 25493 12086 8964
is_linear=0
shrinkage=0.03


Tree=279
num_leaves=15
num_cat=0
split_feature=14 42 22 16 28 21 33 37 18 40 39 23 21 16
split_gain=30.9685 26.679 35.9476 35.4431 36.645 36.3399 65.7985 31.4095 45.4163 41.975 47.3298 146.624 73.8574 55.7258
threshold=-0.22819047619047605 5.8750000000000009 0.31093901098901028 2.5496406250000008 1.1823072916666668 0.30686392166691417 0.018714852879716439 147.04166666666669 0.14538230769230762 739.50000000000011 246.0863782843056 3.5743500000000004 0.24452820727379745 2.2645895833333336
decision_type=2 2 2 2 2 2 2 8 2 10 8 2 2 2
left_child=-1 3 7 -2 -5 6 -6 9 -9 10 13 -12 -13 -3
right_child=1 2 -4 4 5 -7 -8 8 -10 -11 11 12 -14 -15
leaf_value=-0.0078955307364450434 -0.035462669803105987 -0.0075290076053006428 0.020084848051716005 0.017513243223244428 -0.0011741504766626196 0.015462371028132769 -0.037570086870103686 -0.039216547685337722 0.0027334672983206384 0.009687313405998486 -0.032013321519529819 0.016394466763072942 -0.0070820555208278334 0.01351811815598049
leaf_weight=398.97217971620557 33.44952679828657 171.29749611335865 98.876310593448579 59.769528287142748 124.88482013196153 45.017139678791864 68.688402312860489 39.588983870249649 54.0180487754551 511.26034243443428 148.64286616753816 192.16575618676143 320.11123547503666 329.94754112647206
leaf_count=11985 19443 4437 447 406 5908 273 5801 2170 415 3321 2766 567 1851 2118
internal_value=-0.000217152 0.00117973 0.00257419 -0.00664607 -0.00330773 -0.00857494 -0.0142158 0.00158355 -0.0152353 0.00253289 -0.000620105 -0.00588869 0.00173926 0.00632472
internal_weight=2596.69 2197.72 1865.91 331.809 298.36 238.59 193.573 1767.03 93.607 1673.43 1162.16 660.92 512.277 501.245
internal_count=61908 49923 18092 31831 12388 11982 11709 17645 2585 15060 11739 5184 2418 6555
is_linear=0
shrinkage=0.03


Tree=280
num_leaves=15
num_cat=0
split_feature=18 42 36 21 25 21 22 37 21 30 17 36 30 37
split_gain=28.4004 31.0437 56.9781 40.5474 60.5902 36.9596 36.7395 33.0835 32.2552 31.1981 48.394 71.8899 39.3938 48.892
threshold=0.46536019607843149 5.3750000000000009 1.0000000180025095e-35 0.27698728207033174 8.2915619758891222e-05 0.30686392166691417 0.31093901098901028 148.54166666666669 0.26770990389676924 0.0064632692307692967 0.21583260902686577 1.0000000180025095e-35 0.011999999999999938 26.291666666666671
decision_type=2 2 2 2 2 2 2 8 2 2 2 2 2 10
left_child=1 2 -1 -4 5 -5 7 9 -9 10 -3 -12 13 -11
right_child=-2 6 3 4 -6 -7 -8 8 -10 12 11 -13 -14 -15
leaf_value=0.0029564002083916647 0.017698811185846364 0.011596821345786153 -0.039117174642821807 -0.073452652917463598 0.013800775569742289 -0.0092589719413347163 0.015818668456641111 -0.033824257859426297 0.01331678896834701 -0.015462430078343976 0.00075092614231003752 -0.024435865412421074 -0.00077720020008317011 0.012820783906513212
leaf_weight=164.49582894868945 79.496297780890018 112.41827222907159 69.74456864822514 14.165029955032876 47.245051360023353 17.975346368286409 137.28749722801149 47.101487748761429 17.308824256699154 61.689401372670545 227.41910497989011 183.84139059279551 995.12383952132222 455.39313448796747
leaf_count=16334 239 1044 18785 329 830 1350 595 2663 424 851 2263 4897 9176 2356
internal_value=0.000153911 -0.000399513 -0.00922315 -0.0225878 -0.00775992 -0.0389134 0.000840799 -0.000145303 -0.0211462 0.00052917 -0.00577485 -0.01054 0.00271463 0.00942318
internal_weight=2630.71 2551.21 313.626 149.13 79.3854 32.1404 2237.58 2100.3 64.4103 2035.89 523.679 411.26 1512.21 517.083
internal_count=62136 61897 37628 21294 2509 1679 24269 23674 3087 20587 8204 7160 12383 3207
is_linear=0
shrinkage=0.03


Tree=281
num_leaves=15
num_cat=0
split_feature=42 38 18 39 37 11 16 11 30 38 23 38 38 40
split_gain=33.1665 47.1903 29.238 30.8422 87.7269 130.976 82.6535 128.102 59.7617 52.4901 60.2476 55.993 45.5847 181.014
threshold=2.1250000000000004 145.16932549125002 0.46536019607843149 498.0167850366667 89.291666666666686 25.986550000000005 3.2601729166666673 23.528900000000004 0.0055199999999999928 425.4241100033334 3.5632000000000006 18.871409521666667 216.56658364569446 731.50000000000011
decision_type=2 8 2 10 10 2 2 2 2 10 2 8 10 10
left_child=1 -1 3 6 8 -6 7 9 -5 10 11 -2 -13 -14
right_child=2 -3 -4 4 5 -7 -8 -9 -10 -11 -12 12 13 -15
leaf_value=-0.052628480828386642 -0.035070681040173315 -0.0037747715511125468 0.020409380888038866 -0.031216414364393583 -0.043531867837280129 0.018685105639185334 0.017681061161159278 -0.033082461168935082 0.0080270169072420051 -0.036280434676521665 0.012769136758808064 0.0037625664613547996 -0.035811358929008927 0.010626930163640217
leaf_weight=24.097196918090049 40.566896520558657 61.764501805459076 66.430000204592943 39.458939524123707 104.57145888347441 42.131328547373414 260.82989481009281 100.6175925504067 254.56535599712515 31.251452831784263 382.18049423762204 894.65515037056412 132.9739027875803 172.44204044462094
leaf_count=13672 1524 12201 199 554 1676 70 692 2925 1048 264 2381 18550 4228 2183
internal_value=0.000293194 -0.0179337 0.000920423 0.000385246 -0.00679461 -0.0256583 0.00195784 -0.000388122 0.00267247 0.00161947 0.00237122 -0.000839575 0.0003458 -0.00964255
internal_weight=2608.54 85.8617 2522.67 2456.24 440.727 146.703 2015.52 1754.69 294.024 1654.07 1622.82 1240.64 1200.07 305.416
internal_count=62167 25873 36294 36095 3348 1746 32747 32055 1602 29130 28866 26485 24961 6411
is_linear=0
shrinkage=0.03


Tree=282
num_leaves=15
num_cat=0
split_feature=19 32 23 9 33 9 21 39 19 34 16 39 16 32
split_gain=35.9611 29.7136 37.1517 78.6099 41.8361 65.7611 65.878 53.2033 92.9104 66.7798 96.2948 102.905 103.947 59.2448
threshold=2.6819500000000005 0.75190243055555572 3.0881000000000003 0.60643488597674944 0.023172743689639737 0.57701636166669512 0.31842115807497545 248.16932549125002 3.2359500000000003 0.07008750000000058 2.8047166666666672 332.37446093916674 2.9471614583333339 1.5485218750000005
decision_type=2 2 2 2 2 2 2 10 2 2 2 10 2 2
left_child=-1 -2 3 -3 7 -6 -7 -4 -9 10 -10 -12 -13 -14
right_child=1 2 4 -5 5 6 -8 8 9 -11 11 12 13 -15
leaf_value=-0.017819588608742176 0.017592200484310695 -0.033848747849219714 0.013507607494571482 -0.00023267042000892448 0.017042062501472707 -0.023387110453257733 0.0058725357257806768 -0.02741810131853226 -0.036652799639223944 0.016552122128692122 0.029761673065096552 -0.036109324852941396 0.020575203290079367 -0.0021939820173122507
leaf_weight=94.801615462384689 91.530819517573946 84.669750186647434 386.67274409191305 232.6194781361728 79.217183614578971 202.92701107299899 104.35167827496116 95.866843695510397 61.17968129633482 260.41589834849765 104.7000187350568 71.043676387243977 122.80729259680083 606.72600216154024
leaf_count=11592 1552 9186 4360 7690 1123 7865 1752 4190 2189 1652 310 1970 468 6408
internal_value=0.000219157 0.000908746 0.00026893 -0.0092814 0.00171844 -0.00718334 -0.0134637 0.00373415 0.000869057 0.00309992 -0.000538193 0.00194022 -0.00173087 0.00166183
internal_weight=2599.53 2504.73 2413.2 317.289 2095.91 386.496 307.279 1709.41 1322.74 1226.87 966.457 905.277 800.577 729.533
internal_count=62307 50715 49163 16876 32287 10740 9617 21547 17187 12997 11345 9156 8846 6876
is_linear=0
shrinkage=0.03


Tree=283
num_leaves=15
num_cat=0
split_feature=11 38 39 11 23 32 16 11 36 38 40 23 20 38
split_gain=24.8512 48.5652 42.5512 70.1299 50.4504 84.8341 68.041 109.899 61.7688 68.8548 55.2065 47.89 67.6554 61.9886
threshold=26.157750000000004 1.7335950980555557 620.72643510791681 25.605600000000006 4.4145500000000011 1.7385114583333336 3.2601729166666673 23.528900000000004 1.5000000000000002 203.3810307291667 28.500000000000004 3.5015500000000004 2.6744470486111114 425.4241100033334
decision_type=2 8 10 2 2 2 2 2 2 10 10 2 2 10
left_child=1 -1 4 -4 5 6 7 11 -7 -10 -9 12 -3 -13
right_child=-2 2 3 -5 -6 8 -8 10 9 -11 -12 13 -14 -15
leaf_value=-0.045166783474369178 0.02135456291115902 -0.00070218408036123558 -0.041717001794481172 -3.3964879025729114e-05 0.015494947985211656 -0.040752180728506587 0.017193818873506996 0.023238682407679109 -0.052350081313028519 0.016942202491842865 -0.040190240832990762 0.01119490933303474 -0.036558760190629321 -0.031408508874264482
leaf_weight=20.546614131751994 47.525304231261543 1091.1235122940643 55.693500005490023 101.12500947449371 198.9927848615207 76.348880052020831 215.99370623043797 13.750631955568677 16.437986372950945 48.669458472310907 84.924256727977536 503.43196292363336 48.510718235040258 31.77804025365549
leaf_count=453 352 40169 1391 514 1911 2022 1011 54 551 324 3522 6052 3316 304
internal_value=9.0351e-05 -0.000321056 6.74812e-05 -0.0150081 0.00108815 -0.000263816 0.00133687 -0.00060292 -0.022628 -0.00107961 -0.0312068 0.00121768 -0.0022592 0.00861148
internal_weight=2554.85 2507.33 2486.78 156.819 2329.96 2130.97 1989.51 1773.52 141.456 65.1074 98.6749 1674.84 1139.63 535.21
internal_count=61946 61594 61141 1905 59236 57325 54428 53417 2897 875 3576 49841 43485 6356
is_linear=0
shrinkage=0.03


Tree=284
num_leaves=15
num_cat=0
split_feature=42 37 21 37 22 38 20 32 40 21 19 32 40 28
split_gain=25.9903 44.5656 53.8896 42.5369 36.8279 36.1718 32.0524 31.9022 29.8546 50.498 28.9257 79.0026 67.767 61.1742
threshold=4.3750000000000009 90.791666666666686 0.30686392166691417 14.291666666666668 0.2221715367965352 510.00549073458336 2.2024039930555559 1.7515975694444448 233.50000000000003 0.28762349039227958 3.8842500000000002 1.584549479166667 36.500000000000007 1.7626062500000004
decision_type=2 10 2 10 2 10 2 2 10 2 2 2 10 2
left_child=1 2 3 -1 5 10 -3 -8 9 -5 11 -2 -13 -12
right_child=4 6 -4 8 -6 -7 7 -9 -10 -11 13 12 -14 -15
leaf_value=-0.003686651016670687 0.00040874109011728045 -0.082472637621598816 0.0034416380058245053 -0.055844079249085819 0.010955051723314268 -0.032542624761459846 0.010037630341022981 -0.037798451079379299 -0.043805677738298562 -0.2439573189173222 0.023326093462420261 0.024557693119658323 -0.035805016082978113 -0.00053933418069349157
leaf_weight=19.577692801731246 1447.7627027132839 2.8837556330245198 40.281215498373058 5.9753868655097895 313.67308960203081 29.419062650675187 117.07009482622379 13.052830153479588 36.565892197901576 1.0675293772128496 142.09375903461478 19.535313632775797 94.914432951136405 297.79362604857306
leaf_count=1314 22564 4487 1444 1791 1384 238 9667 1528 13834 19 313 56 1526 1890
internal_value=0.000447839 -0.00901 -0.0236754 -0.0407467 0.00140494 -7.42903e-05 0.00248991 0.00498745 -0.0569287 -0.111144 0.000418811 -0.00149548 -0.0253783 0.00720517
internal_weight=2581.67 236.474 103.468 63.1865 2345.19 2031.52 133.007 130.123 43.6088 7.04292 2002.1 1562.21 114.45 439.887
internal_count=62055 34084 18402 16958 27971 26587 15682 11195 15644 1810 26349 24146 1582 2203
is_linear=0
shrinkage=0.03


Tree=285
num_leaves=15
num_cat=0
split_feature=42 21 22 38 33 20 11 20 10 32 5 23 23 34
split_gain=31.6085 43.4371 57.0465 29.2968 30.889 28.7886 39.7745 51.3332 30.0841 44.6103 42.4321 37.0353 107.956 42.3892
threshold=2.8750000000000004 0.24623016429448333 0.5369820175438581 146.64843030069446 0.024595827257769338 2.0761019097222224 21.020700000000001 2.1801932291666675 0.39826215909090912 1.1398003472222225 0.6238122248912108 3.0968000000000004 2.9014000000000002 0.088937048503610991
decision_type=2 2 2 8 2 2 2 2 2 2 2 2 2 2
left_child=1 -1 3 -3 -5 -2 -7 -8 11 -10 -11 12 -9 -13
right_child=5 2 -4 4 -6 6 7 8 9 10 -12 13 -14 -15
leaf_value=0.014802766526417103 -0.028365446616080443 -0.069928918414725635 0.0072153908517376148 -0.0080205899338347247 -0.066647864674838214 0.017056074678399889 -0.029702606620545691 0.011038907089643829 0.023878095155276152 0.0089702929273037506 -0.027320864147037511 0.002911118828179102 -0.027033254736304326 -0.0299483180917097
leaf_weight=35.123450331340791 26.953898597674197 20.437025862409882 33.475778626918327 28.458527250244515 10.491455171094456 152.25111592247595 46.16890118622905 122.19087353378563 130.28285097954358 117.86825176890852 37.35084050819205 1688.2449030952848 146.34875616572845 35.09239531451567
leaf_count=8962 1557 10287 340 6600 2354 2832 3869 1576 864 1195 506 14000 5212 1926
internal_value=0.00116604 -0.0133172 -0.0239974 -0.0414199 -0.0250853 0.00191171 0.00225266 0.00127574 0.00191652 0.0110062 0.000118455 0.000608799 -0.00973298 0.00222502
internal_weight=2630.74 127.986 92.8628 59.387 38.95 2502.75 2475.8 2323.55 2277.38 285.502 155.219 1991.88 268.54 1723.34
internal_count=62080 28543 19581 19241 8954 33537 31980 29148 25279 2565 1701 22714 6788 15926
is_linear=0
shrinkage=0.03


Tree=286
num_leaves=15
num_cat=0
split_feature=14 36 10 5 6 6 12 16 21 32 38 18 42 36
split_gain=29.1145 34.8738 35.438 25.5554 25.6265 30.7425 26.4116 29.0553 32.0423 23.4407 21.8934 21.7152 26.0742 32.4687
threshold=-0.18418939393939365 3.5000000000000004 0.22149023284313304 0.64453437624957932 0.21323608891108914 0.42316893939393713 3.0963375000000002 2.0399864583333338 0.27228175129017901 1.5950135416666666 467.42471986430559 0.46536019607843149 5.8750000000000009 1.0000000180025095e-35
decision_type=2 2 2 2 2 2 2 2 2 2 10 2 2 2
left_child=1 3 -3 4 6 -6 7 -1 -9 -8 -11 12 13 -2
right_child=11 2 -4 -5 5 -7 9 8 -10 10 -12 -13 -14 -15
leaf_value=0.02556020342285362 0.0036176644228643196 0.021623947255366302 -0.024644994432096175 -0.024074633049755788 0.012211448399379451 -0.021335454673380279 0.024943131594132677 -0.037226176943959015 0.0047677417655444306 -0.026387661479553882 0.0069725148609415394 0.018653882677347779 0.002898003902116076 -0.016342339274044229
leaf_weight=9.2966867920831628 140.23558381719067 66.213614642174434 18.241012203217906 85.902938559279391 103.07507596648111 31.217482180196384 22.608644053412718 73.286615654094931 20.698965474435681 34.097082568708174 35.064193294077995 67.506940367165953 1699.707130351544 152.09357706280343
leaf_count=230 12693 626 730 2730 1906 1037 79 5993 548 962 149 214 17001 17264
internal_value=0.000469351 -0.00601946 0.0114591 -0.0095933 -0.00575469 0.00431312 -0.012673 -0.0230026 -0.0280248 -0.00092485 -0.00961601 0.00204587 0.00147398 -0.00678747
internal_weight=2559.25 499.702 84.4546 415.248 329.345 134.293 195.052 103.282 93.9856 91.7699 69.1613 2059.54 1992.04 292.329
internal_count=62162 14990 1356 13634 10904 2943 7961 6771 6541 1190 1111 47172 46958 29957
is_linear=0
shrinkage=0.03


Tree=287
num_leaves=15
num_cat=0
split_feature=42 10 7 35 23 34 8 0 8 39 36 38 30 10
split_gain=37.3366 30.1522 37.4436 31.5985 80.9251 51.4399 46.7149 65.4147 46.3097 52.981 51.8911 27.5224 27.4457 34.6745
threshold=2.1250000000000004 0.39826215909090912 22.730100000000004 0.94135000000000013 3.0968000000000004 0.088937048503610991 19.895824131944448 19.982808333333338 19.576554687500003 64.783841964583345 2.5000000000000004 90.472662536527793 0.025110271132376499 0.18080804022366515
decision_type=2 2 2 2 2 2 2 2 2 10 2 10 2 2
left_child=-1 3 11 8 6 12 7 -5 9 10 -2 -3 -6 -14
right_child=1 2 -4 4 5 -7 -8 -9 -10 -11 -12 -13 13 -15
leaf_value=-0.020259133874286794 0.013905149327280699 -0.010273434888331974 -0.0042601065718508892 -0.031806452177457728 0.0020978078047463981 -0.035021344862420881 -0.035499580602320453 0.014846782063483475 0.024047309802676425 -0.031472984700290529 -0.038384385156437321 0.021987861411946474 -0.037824915270431511 0.00082664117773908205
leaf_weight=76.123610138658023 138.42710932092723 27.049205477876967 110.22409738173883 48.418046958509876 1534.38298457786 35.121695558008469 91.249317779536796 58.846629783183744 110.34043172041129 38.084655952236062 18.492186345145456 169.81697262514535 34.895813324554183 49.86639735672361
leaf_count=25711 2253 1089 1150 1899 13795 2198 4470 586 800 4022 1196 1639 714 529
internal_value=0.000295573 0.00093824 0.00971764 -0.000314946 -0.0017898 0.000386766 -0.0198387 -0.00631123 0.00861085 -0.00020179 0.00753904 0.0175257 0.00117596 -0.0153413
internal_weight=2541.34 2465.22 307.09 2158.13 1852.78 1654.27 198.514 107.265 305.344 195.004 156.919 196.866 1619.15 84.7622
internal_count=62051 36340 3878 32462 24191 17236 6955 2485 8271 7471 3449 2728 15038 1243
is_linear=0
shrinkage=0.03


Tree=288
num_leaves=15
num_cat=0
split_feature=18 17 23 32 32 7 23 24 3 32 16 23 15 7
split_gain=28.0017 30.8442 48.6645 63.2957 63.6943 54.2287 48.955 39.9676 51.6415 24.4306 25.8924 21.0723 77.3954 41.4377
threshold=0.46536019607843149 0.26426313340317775 3.5743500000000004 0.9753263888888889 0.9544855902777778 22.730100000000004 4.0509000000000013 1.7961083333333334 24.445300000000003 1.5608015625000002 2.9953708333333338 2.8814500000000005 2.7736500000000004 22.330100000000005
decision_type=2 2 2 2 2 2 2 2 2 2 2 2 2 2
left_child=1 11 3 4 -3 -4 9 -8 -9 10 -7 -1 -13 -14
right_child=-2 2 5 -5 -6 6 7 8 -10 -11 -12 12 13 -15
leaf_value=0.010579322653433657 0.018886334539787945 -0.017192740113805383 0.022097276547125358 -0.031637061641477712 0.025995655114873204 -0.028157088701910391 0.018225166287745419 -0.042660070922957656 0.0062631823885000906 -0.038914010413221629 0.01638193753839591 -0.019915872244917539 0.010176030160612876 -0.00055608225481943731
leaf_weight=222.31546701533534 72.057116540148854 83.43253457712126 84.785281152454445 119.46126363310759 47.325566959632852 24.208987985946806 86.711136848953174 28.598294155850454 55.853232745877904 44.071840079132926 21.096006676700199 147.34099683758132 469.76478031584338 1036.8393928228602
leaf_count=10504 233 4886 961 5824 324 525 492 663 395 1032 100 12293 8037 15772
internal_value=0.000581868 4.0841e-05 -0.00590164 -0.0159479 -0.00148281 0.0014028 -0.00539037 0.00401926 -0.0106093 -0.0232555 -0.00751185 0.00192918 0.000760782 0.00279476
internal_weight=2543.86 2471.8 595.544 250.219 130.758 345.325 260.539 171.163 84.4515 89.3768 45.305 1876.26 1653.95 1506.6
internal_count=62041 61808 15202 11034 5210 4168 3207 1550 1058 1657 625 46606 36102 23809
is_linear=0
shrinkage=0.03


Tree=289
num_leaves=15
num_cat=0
split_feature=21 37 18 36 32 20 40 38 18 22 30 22 38 40
split_gain=32.0292 43.5381 58.0009 58.4602 57.8006 54.7433 41.5672 40.8777 36.7744 31.1994 60.1928 64.2078 60.6046 60.1141
threshold=0.24452820727379745 29.291666666666671 0.06247321428571409 1.0000000180025095e-35 0.92050885416666672 3.1741649305555559 923.50000000000011 139.37141960736116 -0.01447790840738186 0.088752291666665706 0.0051350649350646741 0.28306659090909164 17.013318153750003 459.50000000000006
decision_type=2 10 2 2 2 2 8 8 2 2 2 2 8 10
left_child=6 2 -2 -4 -5 -6 7 8 -1 13 11 -11 -12 -3
right_child=1 9 3 4 5 -7 -8 -9 -10 10 12 -13 -14 -15
leaf_value=0.008431907563871098 -0.02751722776147739 -0.038832220302341618 0.018410781191870718 0.014927128830139419 -0.037040820828379811 -0.0014197356027583663 -0.03334143092955151 0.011289626720971646 -0.030066878349555494 -0.033293767529405889 -0.036853204396283007 0.0026057566400496551 0.010281178360635459 -0.0015675460734206818
leaf_weight=44.190549758489396 117.98778410931163 40.880130964298132 83.567420038411001 55.726499459302431 82.516350170457372 72.723045579172322 21.649297709329403 516.75526004800031 43.446649932810942 68.495619988296767 24.484107559313088 126.01101801806362 695.54249706879637 560.42311273357018
leaf_count=2681 5452 5500 536 734 1542 448 2303 7608 3347 5354 431 1026 5843 19273
internal_value=0.000704013 -0.00121063 -0.00983911 -0.00268824 -0.0110934 -0.0204698 0.0065941 0.0080773 -0.010778 0.00114247 0.00463041 -0.0101419 0.00862951 -0.00416128
internal_weight=2554.4 1928.36 412.521 294.533 210.966 155.239 626.042 604.392 87.6372 1515.84 914.533 194.507 720.027 601.303
internal_count=62078 46139 8712 3260 2724 1990 15939 13636 6028 37427 12654 6380 6274 24773
is_linear=0
shrinkage=0.03


Tree=290
num_leaves=15
num_cat=0
split_feature=11 38 39 23 23 32 19 11 37 38 16 39 16 38
split_gain=25.4593 50.5767 43.5131 67.2921 45.8085 75.5604 66.5462 66.1454 51.8202 51.7462 41.3156 110.416 64.7603 52.4341
threshold=26.157750000000004 1.7335950980555557 620.72643510791681 5.2186000000000012 4.4145500000000011 1.7385114583333336 3.8431000000000002 23.528900000000004 81.791666666666686 203.3810307291667 2.9577270833333338 337.83637828430562 2.7858156250000006 216.56658364569446
decision_type=2 8 10 2 2 2 2 2 10 10 2 10 2 10
left_child=1 -1 4 -4 5 6 7 10 9 -7 11 12 13 -3
right_child=-2 2 3 -5 -6 8 -8 -9 -10 -11 -12 -13 -14 -15
leaf_value=-0.0453936618492835 0.022144070065344995 0.0022401895706524503 -0.039868980766294269 0.00049140435256634957 0.015154174030003017 -0.048962559796892527 0.017001271037824013 -0.023359593396723811 -0.041788482452642987 0.0097782582069055428 0.012688931208151264 -0.030074372440771362 0.020497648570690259 -0.014219071018661258
leaf_weight=20.948544488749576 46.382976818866155 936.7133211944365 59.095416946459409 97.433283584206947 197.94491449154339 16.749886808932388 222.19907660952686 105.03940716989655 61.066296538081588 55.426884327698644 235.45573343613523 106.55998694659183 143.37858318984581 212.94088755077246
leaf_count=449 349 34416 1547 388 1937 495 1187 3439 1706 619 1544 4670 804 8385
internal_value=0.000361532 -5.6147e-05 0.00034987 -0.0149025 0.00139688 9.07494e-05 0.00157962 -0.000398274 -0.0216844 -0.00433639 0.00109019 -0.000868748 0.00155949 -0.00081813
internal_weight=2517.34 2470.95 2450 156.529 2293.47 2095.53 1962.29 1740.09 133.243 72.1768 1635.05 1399.59 1293.03 1149.65
internal_count=61935 61586 61137 1935 59202 57265 54445 53258 2820 1114 49819 48275 43605 42801
is_linear=0
shrinkage=0.03


Tree=291
num_leaves=15
num_cat=0
split_feature=22 39 11 22 38 30 5 17 39 19 24 12 39 11
split_gain=25.9703 37.4503 54.7593 31.3064 54.4801 34.7314 56.6747 41.9577 39.5541 60.3328 42.76 49.0101 103.574 37.8811
threshold=-0.11459884902679017 29.717394774444447 26.157750000000004 0.5369820175438581 17.013318153750003 0.0064632692307692967 0.65140044474150249 0.20915075281124618 155.97277606763893 3.2500500000000003 1.745641666666667 3.1125208333333338 304.76842563791672 21.539300000000004
decision_type=2 8 2 2 8 2 2 2 8 2 2 2 10 2
left_child=-1 2 -2 4 -3 6 8 -7 13 -10 11 12 -11 -6
right_child=1 3 -4 -5 5 7 -8 -9 9 10 -12 -13 -14 -15
leaf_value=0.017170741410153359 -0.042422893903097052 -0.04870008012230493 0.023165319477240019 0.019477474914573294 -0.0098851007886005572 -0.021563173242686424 -0.028631347628139316 0.0037005132678007142 -0.032838971562820764 0.019588595203831608 -0.016869384804756252 0.016915215388992766 -0.035580830175281006 0.02552991276045646
leaf_weight=81.615754119419762 39.751099148813864 19.482202131349823 15.196579427953109 75.821302036754787 40.942813638185726 60.474333562690845 81.823882863323433 1582.021667170568 64.105861414579522 58.39128944809454 113.54432465168884 142.81400972864503 62.346710785888718 77.381195029972332
leaf_count=2960 2386 1545 31 536 7449 1654 4969 22407 8234 919 2543 1332 3740 1556
internal_value=0.000629038 6.75676e-05 -0.0241937 0.000637823 9.47319e-06 0.000446119 -0.00546913 0.00275779 -0.0020369 -0.00616956 -0.00156094 0.00507314 -0.00895806 0.0132954
internal_weight=2515.71 2434.1 54.9477 2379.15 2303.33 2283.85 641.35 1642.5 559.526 441.202 377.096 263.552 120.738 118.324
internal_count=62261 59301 2417 56884 56348 54803 30742 24061 25773 16768 8534 5991 4659 9005
is_linear=0
shrinkage=0.03


Tree=292
num_leaves=15
num_cat=0
split_feature=13 38 24 16 39 16 38 42 15 29 12 38 39 39
split_gain=45.2325 44.2623 31.4316 40.1928 55.6275 46.632 48.117 32.8283 42.4117 46.2497 30.0734 35.8721 25.8074 39.2085
threshold=0.24890815400729299 474.94920017277781 1.6106458333333336 2.9471614583333339 332.37446093916674 2.7959499999999999 196.06658364569446 2.8750000000000004 2.9523000000000006 0.0081331262771920342 4.0269625000000007 293.77608276430561 498.0167850366667 737.65323821972231
decision_type=2 8 2 2 10 2 10 2 2 2 2 10 8 8
left_child=-1 2 3 4 5 6 7 -2 9 -9 -4 -12 -3 -14
right_child=1 12 10 -5 -6 -7 -8 8 -10 -11 11 -13 13 -15
leaf_value=0.0030236286889017369 -0.056300365530114201 0.024997644877886575 -0.03348099229718015 0.01103674189703884 -0.038771104453139894 0.022769335390209533 -0.032002102861087643 -0.025064730441628363 0.010874560693791419 0.01043039229412844 0.012071470156250211 -0.036164351652726509 -0.026378657742776541 0.016075892493684879
leaf_weight=1640.7862712808974 9.3319140922008028 57.751255768656847 78.742437584101026 106.21305770889012 50.472715072738993 45.194888742341391 66.803729851814296 94.731895234504009 125.95979958025055 49.752540739362303 38.222925244886028 20.498249072234103 32.040394483155978 47.056374673567916
leaf_count=39095 5594 173 2538 756 1998 291 3740 5320 940 584 300 365 265 381
internal_value=0.000145399 -0.00559112 -0.00869883 -0.00546279 -0.00944139 -0.00557373 -0.00932461 -0.00381508 -0.00180329 -0.0128545 -0.0214775 -0.00509019 0.0099358 -0.00123616
internal_weight=2463.56 822.772 685.924 548.461 442.247 391.775 346.58 279.776 270.444 144.484 137.464 58.7212 136.848 79.0968
internal_count=62340 23245 22426 19223 18467 16469 16178 12438 6844 5904 3203 665 819 646
is_linear=0
shrinkage=0.03


Tree=293
num_leaves=15
num_cat=0
split_feature=18 17 34 39 20 7 23 39 28 21 38 39 38 23
split_gain=24.738 29.7793 32.4969 33.1442 38.1386 46.6896 44.5819 33.2154 41.945 30.4296 33.5277 39.2985 31.8335 26.0611
threshold=0.46536019607843149 0.26169434345639248 0.050398571428571189 498.0167850366667 3.322463541666667 23.05705 3.5632000000000006 143.41932549125002 0.98112291666666673 0.28191973142533372 474.94920017277781 337.83637828430562 40.104813317361113 2.8814500000000005
decision_type=2 2 2 10 2 2 2 10 2 2 10 8 10 2
left_child=1 13 3 4 5 6 7 8 -3 10 11 -4 -11 -1
right_child=-2 2 9 -5 -6 -7 -8 -9 -10 12 -12 -13 -14 -15
leaf_value=0.010612757543961602 0.016603569715786727 -0.018324902967533876 -0.012472046715977363 -0.031307244841293366 0.023108282857472923 -0.039020205046326514 0.019247845977193822 -0.035335410928414086 0.029250417617001818 -0.02903589202496935 0.011880949225824486 -0.038816014787313009 0.015455595534817679 -0.00034793318209293234
leaf_weight=223.11493081016852 73.497870550490916 39.095006588343495 143.2577136617524 25.748624690411816 67.290709443597734 26.678412753442899 80.66113159872566 31.885074415268718 27.560965942161602 18.601428863803449 29.142699425108731 79.475345267028388 54.434307705014362 1514.7006921584143
leaf_count=10249 240 2534 6268 449 343 582 1009 2248 192 455 136 2520 336 34576
internal_value=-0.000417878 -0.000954414 -0.00657146 0.000570533 0.0036785 -0.00275299 0.0028328 -0.0106622 0.00148816 -0.0131237 -0.0180515 -0.0220035 0.00388495 0.00106458
internal_weight=2435.14 2361.65 623.831 298.92 273.171 205.881 179.202 98.541 66.656 324.911 251.876 222.733 73.0357 1737.82
internal_count=62137 61897 17072 7357 6908 6565 5983 4974 2726 9715 8924 8788 791 44825
is_linear=0
shrinkage=0.03


Tree=294
num_leaves=15
num_cat=0
split_feature=42 9 21 11 19 39 21 22 37 10 38 42 33 40
split_gain=28.0288 43.3535 62.377 33.0901 32.3323 29.6231 59.7595 41.1018 31.4008 45.821 28.545 28.6431 27.3155 26.7284
threshold=4.6250000000000009 0.5994978416964778 0.30686392166691417 26.157750000000004 3.1985500000000004 29.717394774444447 0.28191973142533372 -0.17756944444444062 146.54166666666669 0.03571555626598899 3.4814947940277783 0.62500000000000011 0.013100555475634126 198.50000000000003
decision_type=2 2 2 2 2 8 2 2 8 2 10 2 2 8
left_child=1 4 13 5 -1 7 8 -2 -7 12 -4 -12 -10 -3
right_child=3 2 10 -5 -6 6 -8 -9 9 -11 11 -13 -14 -15
leaf_value=-0.049370903854543916 0.0050730625222212521 0.0011877250771416938 -0.047419805601681235 0.026621397370748871 0.0070508539029648896 0.0013605333731583496 0.025573442211142411 -0.042481794654443121 -0.022664699323192396 -0.033061759629333505 -0.032682770684802846 0.022136006889169238 0.020083518238861502 -0.053106965706202908
leaf_weight=8.9075285372150557 31.948648627141665 9.7231545879203605 8.4400807023484941 44.920772539568134 117.5090157586751 1922.9375571905657 87.913283050558675 32.113596715229505 20.150751203880645 58.576306005074002 10.189249030245263 36.332688751021124 36.05035875440808 48.400328281172278
leaf_count=9508 1133 491 384 118 5898 20369 460 1098 345 3310 1089 922 292 16789
internal_value=0.000370918 -0.00936069 -0.0227699 0.00141766 0.002719 0.000888694 0.00149835 -0.0190521 0.00044764 -0.0147263 0.000233269 0.00969449 0.00462799 -0.0441578
internal_weight=2474.11 239.502 113.086 2234.61 126.417 2189.69 2125.63 64.0622 2037.71 114.777 54.962 46.5219 56.2011 58.1235
internal_count=62206 35081 19675 27125 15406 27007 24776 2231 24316 3947 2395 2011 637 17280
is_linear=0
shrinkage=0.03


Tree=295
num_leaves=15
num_cat=0
split_feature=42 19 25 21 40 10 36 10 16 23 28 40 8 28
split_gain=26.0091 45.2633 37.8579 29.1658 45.9111 46.0178 35.7906 77.7068 33.2645 46.6741 34.9978 78.8129 199.831 79.7382
threshold=3.3750000000000004 3.2359500000000003 1.0000000180025095e-35 0.27325836715167201 952.50000000000011 -0.056522794486215812 3.5000000000000004 0.22899641608391647 2.0601895833333335 2.8757500000000005 1.2306364583333336 731.50000000000011 21.814630034722224 1.6105031250000004
decision_type=2 2 2 2 8 2 2 2 2 2 2 8 2 2
left_child=1 -1 -3 4 6 -6 8 -8 -2 -10 -11 12 -12 -14
right_child=3 2 -4 -5 5 -7 7 -9 9 10 11 -13 13 -15
leaf_value=-0.059809791201126374 0.022361932397448121 -0.048421505240088016 0.0001936630961632223 0.010211233627293212 0.010708655684732952 -0.034930956316143603 0.019116118005078144 -0.025227750594244022 -0.022933247902633767 0.0063752963470699977 -0.038736376548560346 0.0071331242702040972 0.027480334786632862 -0.0055453118940563895
leaf_weight=14.53081333437285 55.153497924395197 15.391257574891823 119.58757340455895 304.89857172888878 28.555241210233362 61.664795260739083 211.75310285049272 41.805569486348759 82.757381592287857 521.36668229708812 159.28707050105913 402.26151426501747 78.707780851982534 376.01513062331287
leaf_count=20365 514 4175 5839 3568 240 4371 1354 1195 4012 7391 4043 2231 84 2711
internal_value=0.000796639 -0.0112898 -0.00566512 0.00157864 0.000270797 -0.0205267 0.00125358 0.0117345 -0.000338542 -0.00112451 6.3398e-05 -0.00317781 -0.00993351 0.000218839
internal_weight=2473.74 149.51 134.979 2324.23 2019.33 90.22 1929.11 253.559 1675.55 1620.4 1537.64 1016.27 614.01 454.723
internal_count=62093 30379 10014 31714 28146 4611 23535 2549 20986 20472 16460 9069 6838 2795
is_linear=0
shrinkage=0.03


Tree=296
num_leaves=15
num_cat=0
split_feature=14 24 12 17 9 38 19 42 34 6 40 5 34 9
split_gain=27.5085 31.2994 32.0202 31.2465 26.1261 30.0812 24.0972 22.4453 35.5548 58.5812 39.5812 52.0721 38.5671 35.5843
threshold=-0.18418939393939365 1.7961083333333334 3.3688500000000006 0.30288363508744509 0.60747857853672571 341.08013014027784 5.3548000000000009 5.6250000000000009 0.07008750000000058 0.044496323529412275 731.50000000000011 0.65820223329328331 0.051027350427350383 0.62462499992181508
decision_type=2 2 2 2 2 10 2 2 2 2 10 2 2 2
left_child=1 2 3 4 -1 -6 -3 -2 9 12 11 -10 -9 -14
right_child=7 6 -4 -5 5 -7 -8 8 10 -11 -12 -13 13 -15
leaf_value=-0.013430445766706123 -0.0056946686121001726 -0.035924507188697011 0.019854890316592762 -0.039988117300756069 0.0068282509436545834 -0.034180252947981965 0.0062733241417281078 -0.0018027914826708703 0.0069805277603317917 0.0053164275126107311 0.020221128473622896 -0.03572618542628473 -0.033024400027600702 -0.0013876772894547448
leaf_weight=140.02550842820392 270.72550083323222 46.83991708881149 48.972550748349022 21.521277257299516 187.70775800976116 16.608072236158478 15.980561628501162 238.54104146296595 338.33417165005812 759.66657612600102 204.79666559964608 26.809540198519244 88.299800918721303 50.006677861776552
leaf_count=7104 29415 1188 209 503 5357 492 94 3328 3536 5974 1710 587 2140 498
internal_value=0.000754841 -0.00569893 -0.00268309 -0.00574581 -0.00349608 0.00334458 -0.0252599 0.00231606 0.00358954 0.000520726 0.00969741 0.00375591 -0.00913516 -0.0216778
internal_weight=2454.84 477.656 414.835 365.863 344.341 204.316 62.8205 1977.18 1706.45 1136.51 569.94 365.144 376.848 138.306
internal_count=62135 14947 13665 13456 12953 5849 1282 47188 17773 11940 5833 4123 5966 2638
is_linear=0
shrinkage=0.03


Tree=297
num_leaves=15
num_cat=0
split_feature=42 16 22 38 21 25 1 18 25 37 1 38 18 29
split_gain=33.4616 42.7019 31.2021 48.333 33.5619 27.1314 26.3568 26.3208 24.687 29.8101 24.1382 39.6076 25.4301 23.8409
threshold=3.6250000000000004 2.6648541666666672 0.20065222222222331 510.00549073458336 0.25218218175235174 1.0000000180025095e-35 0.56939529515963749 0.13896477272727223 0.0038123151427801399 148.54166666666669 0.47595563842229954 416.3108827372223 0.077477511961722326 0.0028723704585455049
decision_type=2 2 2 10 2 2 2 2 2 8 2 8 2 2
left_child=1 -1 3 8 -4 6 -3 13 9 10 11 12 -2 -6
right_child=2 5 4 -5 7 -7 -8 -9 -10 -11 -12 -13 -14 -15
leaf_value=-0.055357060931262546 -0.024878007407052875 -0.079678007835008738 -0.017165266554376883 -0.044501986663478481 0.012162055621209164 -0.0015174873298685536 -0.0091802092318139239 0.020511809422589334 -0.012353524718792312 -0.020597055140483676 0.0038769289968133415 0.010417242428762751 -0.0042638159612399225 -0.0092998429548071301
leaf_weight=17.579885495015787 85.494764595270681 7.425125215560004 38.668850940426637 20.695977821160341 129.14428123000107 121.31613354688852 11.709328111074681 171.11870761825412 123.98599069626471 52.560916915106645 1380.2348032735226 101.37619389974861 144.14185977085799 71.658146461122669
leaf_count=20931 3704 2481 292 229 699 5856 2121 626 1972 3879 17050 296 1684 472
internal_value=0.000723358 -0.0125895 0.00163558 1.99124e-05 0.00912717 -0.00688286 -0.0391355 0.0118995 0.000531311 0.00144353 0.00213214 -0.00513293 -0.0120132 0.00449505
internal_weight=2477.11 158.03 2319.08 1908.49 410.59 140.451 19.1345 371.921 1887.79 1763.81 1711.25 331.013 229.637 200.802
internal_count=62292 31389 30903 28814 2089 10458 4602 1797 28585 26613 22734 5684 5388 1171
is_linear=0
shrinkage=0.03


Tree=298
num_leaves=15
num_cat=0
split_feature=42 22 38 21 40 39 12 24 39 24 40 21 12 24
split_gain=28.077 25.9346 35.7417 34.082 62.6067 94.0627 91.1145 71.2408 69.2889 81.9995 51.3336 60.2737 49.4522 49.1084
threshold=0.62500000000000011 0.40447362996480651 5.2342724683333346 0.24452820727379745 739.50000000000011 248.16932549125002 2.9944125000000006 1.5379791666666669 276.77403106430558 0.75605000000000022 368.50000000000006 0.25205535434620224 2.5127375000000005 1.4215500000000001
decision_type=2 2 10 2 10 8 2 2 8 2 10 2 2 2
left_child=-1 3 -3 -2 5 12 -7 -8 9 -6 11 -9 -5 -10
right_child=1 2 -4 4 8 6 7 10 13 -11 -12 -13 -14 -15
leaf_value=-0.033041241254476141 0.0059482713121343823 -0.013303483252388306 0.021382101686517264 -0.0032994302367807156 0.012339363292183412 -0.03355404960240374 0.026596320320634664 -0.0301328998288709 0.021461211468072183 -0.038028370254698386 -0.024885789691007808 0.0068826990092270167 0.018478983679350372 0.00262558252240412
leaf_weight=21.71776060178172 581.34628428504766 34.750284587207716 107.2368778847158 307.54551286737296 50.736716031236938 168.41009480079811 47.989016817969969 51.540313707851965 189.53745626065938 65.997348221693755 156.55897569098306 159.70290262945491 133.89679009632891 360.82872871170639
leaf_count=20134 10460 350 483 10475 1350 4823 80 738 1106 5233 1710 1095 597 3435
internal_value=0.000154583 0.000466521 0.0128594 -0.000312563 -0.00246499 -0.00711526 -0.0150026 -0.0074262 0.00468459 -0.0162179 -0.0119254 -0.002248 0.00333316 0.00913944
internal_weight=2437.8 2416.08 141.987 2274.09 1692.74 1025.64 584.201 415.791 667.1 116.734 367.802 211.243 441.442 550.366
internal_count=62069 41935 833 41102 30642 19518 8446 3623 11124 6583 3543 1833 11072 4541
is_linear=0
shrinkage=0.03


Tree=299
num_leaves=15
num_cat=0
split_feature=18 7 40 7 7 38 34 38 11 40 8 31 23 5
split_gain=24.2517 26.3624 52.7594 49.8469 48.0503 46.1547 78.0299 42.4412 37.9033 37.798 84.3626 76.2192 157.691 71.7999
threshold=0.46536019607843149 21.481450000000006 811.50000000000011 21.222200000000004 21.717300000000005 63.268425637916671 0.087156089743589529 106.43191534416668 20.860600000000002 739.50000000000011 20.798667534722227 1.2307500000000002 3.6137500000000005 0.6683035011231554
decision_type=2 2 8 2 2 8 2 8 2 10 2 2 2 2
left_child=1 2 3 5 -3 -1 8 -5 -7 11 -11 -6 -13 -14
right_child=-2 4 -4 7 9 6 -8 -9 -10 10 -12 12 13 -15
leaf_value=0.0095716726658693699 0.017553566203402215 -0.027323902680943913 -0.029719563297217057 -0.010561067415791844 0.013052795074296351 0.0032315191928948004 0.024538379641228045 0.021296938026518105 -0.035310755436632847 -0.039248338972922438 0.0071697313061213023 -0.035889063019141978 0.00042669725641031938 -0.038700953923455031
leaf_weight=176.79703902518031 70.782545656897128 64.401419274724049 36.182345442196947 44.017826763408721 176.0882311760256 31.185615756606239 37.080691195060353 238.56117931733615 84.461070206013574 36.392325973750303 613.65819728344877 154.05356594729528 614.6552668642189 44.318977021209776
leaf_count=7553 234 4400 8840 1370 3560 808 1103 2118 5067 2711 8000 8491 6936 950
internal_value=0.000376274 -0.000147943 0.00499627 0.0070935 -0.00210733 -0.000839372 -0.0128751 0.0163146 -0.0249787 -0.00110054 0.00451478 -0.00479178 -0.00866791 -0.00225947
internal_weight=2422.64 2351.85 648.286 612.103 1703.57 329.524 152.727 282.579 115.647 1639.17 650.051 989.116 813.028 658.974
internal_count=62141 61907 26859 18019 35048 14531 6978 3488 5875 30648 10711 19937 16377 7886
is_linear=0
shrinkage=0.03


Tree=300
num_leaves=15
num_cat=0
split_feature=6 40 38 39 20 37 16 29 22 21 5 34 38 40
split_gain=24.5978 55.8474 30.3353 29.1817 39.6206 26.9685 25.4527 26.0589 21.9163 46.2175 57.676 72.7269 43.9806 43.425
threshold=-0.26473095238095951 739.50000000000011 3.4814947940277783 337.83637828430562 2.5802447916666673 79.541666666666686 4.6501979166666674 1.0000000180025095e-35 0.088752291666665706 0.24452820727379745 0.47422250457362336 0.023792857142856862 115.56088273722223 683.50000000000011
decision_type=2 10 8 10 2 10 2 2 2 2 2 2 8 10
left_child=1 6 -2 4 -3 -5 7 -1 9 12 -11 13 -4 -12
right_child=2 3 8 5 -6 -7 -8 -9 -10 10 11 -13 -14 -15
leaf_value=4.9498098799777685e-05 -0.050998711722291382 -0.027009257881413905 -0.024302904956100414 0.024251638733084328 0.02382708832281831 -0.031885123718291448 0.015512538630020296 -0.030185366617651716 0.0043763982074142673 0.024547119026391191 -0.019957710504925001 -0.02410682681016927 0.011143560014786759 0.0055457423766836593
leaf_weight=33.113699341596202 8.8361585649615773 15.73449824902991 34.444482586089862 9.9555922136642021 80.648481653563067 25.859026666820682 16.199141536460957 112.86117337796031 1241.1885100489576 46.789997662996029 79.586027910410849 198.27365050201911 285.75867488625954 235.24413244132666
leaf_count=2536 355 2294 3888 16 530 1005 101 4802 16969 637 5991 11893 5815 5283
internal_value=0.000442868 -0.00767069 0.00156719 0.0067775 0.0153359 -0.0160456 -0.0194176 -0.0233731 0.00181008 -0.00181002 -0.00700473 -0.0099241 0.00726677 -0.000944063
internal_weight=2424.49 294.372 2130.12 132.198 96.383 35.8146 162.174 145.975 2121.29 880.097 559.894 513.104 320.203 314.83
internal_count=62115 11284 50831 3845 2824 1021 7439 7338 50476 33507 23804 23167 9703 11274
is_linear=0
shrinkage=0.03


Tree=301
num_leaves=15
num_cat=0
split_feature=42 11 7 11 38 12 7 12 21 34 9 36 19 23
split_gain=27.2343 24.2955 67.3812 51.788 126.832 48.8143 29.7124 53.7909 32.4549 42.3265 33.9234 94.2085 96.7736 79.3745
threshold=0.62500000000000011 21.580050000000004 21.395300000000002 21.539300000000004 63.268425637916671 2.5014458333333338 21.443050000000003 2.3826125 0.28762349039227958 0.088937048503610991 0.6099895498145208 1.0000000180025095e-35 3.8842500000000002 3.2002000000000006
decision_type=2 2 2 2 10 2 2 2 2 2 2 2 2 2
left_child=-1 3 -3 4 -2 -6 -4 -8 9 10 13 -12 -13 -9
right_child=1 2 6 -5 5 -7 7 8 -10 -11 11 12 -14 -15
leaf_value=-0.032197950986568642 0.012490506280928359 -0.031930932754506008 0.022225209989873318 0.022834082279500064 -0.035845581829020305 0.011767086346724265 -0.033405033324334053 -0.034216052848170801 0.015690146221354132 -0.024988389813685619 0.011296016814356328 -0.031368083441471795 0.0014202934706793629 0.0054231162100118659
leaf_weight=21.285351468417957 265.06935876900889 58.274647714397361 54.293409893074568 134.33903198798907 87.418589567273557 24.287108496762812 41.613674899877878 46.63377078899066 120.1110289809294 59.697814689240658 183.77808025249396 166.86629347656344 156.42123471732339 1001.489662174823
leaf_count=20268 5490 3901 418 591 7742 100 3179 2146 528 4066 1210 3229 896 8249
internal_value=0.000814201 0.00112023 -0.000450653 0.00691608 0.0011951 -0.0254811 0.000568196 -0.000105775 0.000711685 -0.000411394 0.000547475 -0.00581579 -0.0155481 0.00362853
internal_weight=2421.58 2400.29 1889.18 511.114 376.775 111.706 1830.9 1776.61 1735 1614.89 1555.19 507.066 323.288 1048.12
internal_count=62013 41745 27822 13923 13332 7842 23921 23503 20324 19796 15730 5335 4125 10395
is_linear=0
shrinkage=0.03


Tree=302
num_leaves=15
num_cat=0
split_feature=42 23 10 40 37 22 36 22 39 23 11 37 33 11
split_gain=32.7291 36.9639 26.4485 45.3187 42.749 39.3535 28.7413 65.3294 65.2602 43.6262 95.6158 75.6722 51.5829 44.3293
threshold=3.1250000000000004 3.2375500000000001 0.36820476190475587 102.50000000000001 76.541666666666686 0.31093901098901028 3.5000000000000004 0.070832764294529157 332.37446093916674 3.0968000000000004 20.919 125.54166666666669 0.023172743689639737 22.437650000000001
decision_type=2 2 2 10 10 2 2 2 8 2 2 10 2 2
left_child=1 -1 6 -4 -5 -6 9 -8 -9 10 -2 -12 13 -11
right_child=2 -3 3 4 5 -7 7 8 -10 12 11 -13 -14 -15
leaf_value=-0.067567410380907189 0.0103341831609582 -0.0096151319526917734 -0.035040097813071373 0.016383579924199941 -0.035034986027141536 0.011554674418210033 -0.034229929032456995 0.023540134415585952 -0.016870822833739429 0.012752059644468601 -0.03620798376976702 0.006100664539781993 -0.015266017495218115 -0.00061471849496621211
leaf_weight=9.9284212169375206 108.59252007252508 112.73411684852658 19.283240591386857 270.14281761258098 30.273919865651806 33.351608279161155 26.505249561997516 167.15773587114563 44.971722654663608 294.90349590804544 139.76072794707579 51.78432265608717 163.02544280349684 909.66525887978787
leaf_count=16073 2240 13472 413 2419 1590 149 1486 909 557 1957 6357 2803 4759 6879
internal_value=0.00021387 -0.0148143 0.00103593 0.00856599 0.0111825 -0.0108124 -0.000362364 0.00935329 0.014934 -0.00175734 -0.0120945 -0.0247975 0.00051846 0.00266561
internal_weight=2382.08 122.663 2259.42 353.052 333.768 63.6255 1906.37 238.635 212.129 1667.73 300.138 191.545 1367.59 1204.57
internal_count=62063 29545 32518 4571 4158 1739 27947 2952 1466 24995 11400 9160 13595 8836
is_linear=0
shrinkage=0.03


Tree=303
num_leaves=15
num_cat=0
split_feature=42 11 16 10 35 11 11 11 17 39 22 39 19 12
split_gain=27.8498 23.6411 39.9308 38.2925 34.9275 42.9204 33.4521 39.2495 31.7151 30.8998 27.0654 54.018 32.0573 59.8917
threshold=0.62500000000000011 20.539000000000005 2.2041437500000005 -0.101885417529337 1.0013000000000003 21.545350000000003 21.580050000000004 21.769950000000005 0.29509050001653242 6.9250069995833341 0.012810601898102191 737.65323821972231 2.8268500000000008 2.4836958333333334
decision_type=2 2 2 2 2 2 2 2 2 10 2 8 2 2
left_child=-1 -2 3 9 8 -6 -7 -8 -4 -3 11 -9 -12 -14
right_child=1 2 4 -5 5 6 7 10 -10 -11 12 -13 13 -15
leaf_value=-0.032839340008375753 0.016489106017188056 0.017487705153479194 0.013465810131257179 -0.033589030310706675 -0.039476663000374626 0.02641563273077157 -0.032336436843160482 -0.019311461288229349 -0.021074935229374571 -0.030764981911073616 0.021689247522863254 0.016864980629930155 -0.028020007620735397 0.0016463830384893484
leaf_weight=21.626457075107737 80.391508207458173 34.98791933854227 272.26359369224701 59.599152784333455 24.199615897935473 40.980013658796452 33.56158943063383 150.1626858446034 25.330174754239124 16.879756739825098 65.326117342086036 48.396751512325864 62.994441121702948 1425.3013260356274
leaf_count=20237 667 391 2897 9430 1154 215 1557 3188 199 2125 708 104 3760 15504
internal_value=0.000284285 0.000604262 3.21679e-05 -0.0173935 0.000943897 -0.000591756 -5.53092e-05 -0.00067722 0.0104651 0.00149951 -5.27156e-05 -0.0104535 0.00128242 0.000372736
internal_weight=2362 2340.37 2259.98 111.467 2148.52 1850.92 1826.72 1785.74 297.594 51.8677 1752.18 198.559 1553.62 1488.3
internal_count=62136 41899 41232 11946 29286 26190 25036 24821 3096 2516 23264 3292 19972 19264
is_linear=0
shrinkage=0.03


Tree=304
num_leaves=15
num_cat=0
split_feature=30 33 39 12 21 38 20 16 23 21 23 23 10 30
split_gain=22.0852 32.8835 39.6311 42.3583 37.6841 36.3342 23.3128 22.4125 32.0019 31.1821 23.5555 44.2787 59.5158 34.4445
threshold=0.019200000000000002 0.018884820455020882 216.80263104944447 3.0963375000000002 0.24934722693540248 474.94920017277781 2.0779815972222226 2.0541781250000004 2.8554000000000004 0.23324770067415473 2.8814500000000005 3.0968000000000004 0.39476541889483796 0.0064632692307692967
decision_type=2 2 10 2 2 10 2 2 2 2 2 2 2 2
left_child=6 2 -2 -4 -3 -6 -1 -8 -9 -10 -11 12 -12 -13
right_child=1 4 3 -5 5 -7 7 8 9 10 11 13 -14 -15
leaf_value=-0.032643988973374186 0.013228306171946657 -0.0428165992149755 -0.040165334059365919 0.00052042074933421854 -0.015650130967806878 0.022403896312116953 0.023392532834683611 -0.022108030708358137 -0.03652229007205627 0.019305227817947853 -0.024467571884380208 -0.002317897136417777 0.017067647365050797 0.0067626255269452595
leaf_weight=16.677390564072766 122.33984936884735 35.376507639795818 31.692405419602437 77.837964393489528 120.62630431674984 26.807259475988758 41.968849285471151 49.396824268658293 17.604706468063341 71.249642110163222 114.65697962327476 605.08316809768166 41.634866112732652 990.10074113095425
leaf_count=3000 1552 1918 1142 579 3734 89 1302 7156 1933 1912 9578 17719 1111 9374
internal_value=0.000315632 -0.00596249 0.0015438 -0.0115088 -0.0154398 -0.0086266 0.0016542 0.00196706 0.0014791 0.00212387 0.00251695 0.00182338 -0.0133648 0.00331892
internal_weight=2363.05 414.68 231.87 109.53 182.81 147.434 1948.37 1931.7 1889.73 1840.33 1822.73 1751.48 156.292 1595.18
internal_count=62099 9014 3273 1721 5741 3823 53085 50085 48783 41627 39694 37782 10689 27093
is_linear=0
shrinkage=0.03


Tree=305
num_leaves=15
num_cat=0
split_feature=14 17 12 38 38 17 39 7 36 21 19 39 23 23
split_gain=22.3835 25.975 25.3005 33.8034 22.6704 22.2265 21.7106 25.4739 22.1495 20.7575 20.7656 21.2274 74.7843 64.1393
threshold=-0.17790000000000003 0.22452980545400658 2.9693166666666668 196.06658364569446 154.29517274472224 0.26816973884954826 498.0167850366667 24.695000000000004 1.0000000180025095e-35 0.23170768010142126 2.6115500000000007 248.16932549125002 3.2672500000000002 3.2883500000000003
decision_type=2 2 2 10 8 2 10 2 2 2 2 8 2 2
left_child=1 4 3 5 -1 -3 -4 -8 -9 -2 -11 -12 -13 -14
right_child=9 2 6 -5 -6 -7 7 8 -10 10 11 12 13 -15
leaf_value=-0.0024274048797692537 -0.028025694176112104 0.0032299090312690589 0.011278836103363761 -0.031413833929926846 -0.044822117007507968 -0.021095436203964802 -0.036065670612206842 0.021732494102417475 -0.01698306966640099 -0.022726381150272371 0.0069709414862814088 -0.030757516294435874 0.032338488145375065 0.00027944243753738076
leaf_weight=19.881774536316698 19.880928904002758 118.01208390881902 135.32476910504283 51.373738428776505 25.839436342888348 46.263930253758645 20.912065590849124 25.772326663016429 25.444709270661406 28.948753454025791 619.22822056188761 65.611102687271341 58.242708394187503 1081.4568965450403
leaf_count=1350 1733 5316 1268 2934 1278 2164 647 155 270 4638 20951 3498 55 15880
internal_value=0.000254218 -0.00560118 -0.00324894 -0.010422 -0.0268334 -0.00370686 0.00422169 -0.00899172 0.00254164 0.00172178 0.0020558 0.00246124 0.000140521 0.00194469
internal_weight=2342.19 468.825 423.104 215.65 45.7212 164.276 207.454 72.1291 51.217 1873.37 1853.49 1824.54 1205.31 1139.7
internal_count=62137 15382 12754 10414 2628 7480 2340 1072 425 46755 45022 40384 19433 15935
is_linear=0
shrinkage=0.03


Tree=306
num_leaves=15
num_cat=0
split_feature=10 16 17 39 8 16 19 33 33 22 22 40 42 22
split_gain=23.2508 57.4066 49.2005 40.5296 45.2168 39.0621 34.3613 33.5671 48.7824 70.1279 43.0219 62.8804 31.4058 52.1449
threshold=0.043553257575749502 2.2400864583333338 0.23030405074538932 492.21863508277784 23.880229513888892 2.8733499999999998 2.7250500000000004 0.015448988954641918 0.017686559074447456 0.26403699054621771 0.14804265151515086 482.50000000000006 4.1250000000000009 0.5369820175438581
decision_type=2 2 2 10 2 2 2 2 2 2 2 10 2 2
left_child=2 -2 5 -4 -5 -1 -3 10 9 -9 11 -8 13 -10
right_child=1 6 3 4 -6 -7 7 8 12 -11 -12 -13 -14 -15
leaf_value=-0.033232043048996913 -0.027801125630174908 0.021494668798882118 0.010963169125857633 -0.038863454966179052 0.01697399969915377 0.0012221626809289969 -0.033722455002288723 -0.034917750243792449 -0.033757003659754585 0.023965031435187766 0.0239874419711174 0.006209904872047309 3.9279150007354941e-05 0.011213743135433548
leaf_weight=47.467642326744226 70.262484333274188 61.689667147059026 547.17590772333779 31.27415440250752 21.156487695261603 75.962892532457772 40.102543105153018 86.849150864136391 63.633221907935422 22.198877970222384 93.461932830387013 258.93409276254988 886.45775533666711 35.578189272404416
leaf_count=3795 13638 738 11896 777 106 862 1885 2461 10008 108 338 4564 10484 325
internal_value=0.000523604 -0.00147393 0.00499274 0.00854394 -0.0164363 -0.0121885 -0.000262493 -0.00117882 -0.0038772 -0.0228222 0.00633798 0.000760198 -0.00176025 -0.0176791
internal_weight=2342.21 1619.17 723.037 599.607 52.4306 123.431 1548.91 1487.22 1094.72 109.048 392.499 299.037 985.669 99.2114
internal_count=61985 44549 17436 12779 883 4657 30911 30173 23386 2569 6787 6449 20817 10333
is_linear=0
shrinkage=0.03


Tree=307
num_leaves=15
num_cat=0
split_feature=39 11 7 35 12 32 16 11 34 33 17 9 38 12
split_gain=27.5033 71.8938 53.3515 79.0183 54.5443 80.8434 45.3823 77.615 45.2249 40.9941 36.7334 36.2378 35.5881 40.6458
threshold=620.72643510791681 25.605600000000006 24.695000000000004 1.9391500000000004 3.6723333333333339 1.7385114583333336 3.2601729166666673 23.528900000000004 0.071762946859903351 0.020300440221771916 0.30579639944098941 0.59296454786389252 430.19372457611115 3.1482125000000005
decision_type=10 2 2 2 2 2 2 2 2 2 2 2 10 2
left_child=2 -2 3 4 5 6 7 10 -9 -8 12 -4 13 -1
right_child=1 -3 11 -5 -6 -7 9 8 -10 -11 -12 -13 -14 -15
leaf_value=0.00040165954158935259 -0.041207356415915129 0.00062257907799467176 0.030692074819909498 -0.045087568930738446 0.022045294989992324 -0.031246673785377908 0.021849605243773843 -0.040671260186741394 0.0048809099522429842 -0.012601064849088321 -0.025922748297530211 -0.00050794119037246631 -0.042353273595304872 0.024050279597319011
leaf_weight=1365.5061178346793 51.830918102960823 123.15009896555966 83.423780978664581 34.693100753068393 94.668721221067244 76.154895187250986 141.10534508503406 67.552506184435515 27.200707476482194 39.073865520326763 45.995821576347225 55.495279977054452 15.824157504317553 67.703378776746831
leaf_count=48697 1381 743 101 1446 416 2256 629 2739 1236 373 1077 394 225 264
internal_value=-0.000536375 -0.0119316 0.000411851 -0.000855672 -4.21784e-05 -0.00118614 0.000124163 -0.00149617 -0.0276802 0.0143503 0.000180736 0.0183138 0.00102663 0.00153479
internal_weight=2289.38 174.981 2114.4 1975.48 1940.79 1846.12 1769.96 1589.78 94.7532 180.179 1495.03 138.919 1449.03 1433.21
internal_count=61977 2124 59853 59358 57912 57496 55240 54238 3975 1002 50263 495 49186 48961
is_linear=0
shrinkage=0.03


Tree=308
num_leaves=15
num_cat=1
split_feature=39 20 19 38 38 33 24 20 19 41 18 7 32 5
split_gain=42.4588 68.7213 33.869 57.8573 30.633 29.2021 54.9192 82.9673 75.1505 44.448 42.3094 36.298 53.5035 33.041
threshold=620.72643510791681 4.3809588541666677 4.5264000000000015 510.00549073458336 1.7335950980555557 0.0055227023849223423 1.5373750000000002 2.6084772569444445 4.1149000000000013 0 0.20565865384615345 24.378200000000003 1.7446098958333336 0.66056190309224838
decision_type=10 2 2 10 8 2 2 2 2 1 2 2 2 2
left_child=2 -2 3 4 -1 6 7 -6 -8 10 13 12 -11 -7
right_child=1 -3 -4 -5 5 9 8 -9 -10 11 -12 -13 -14 -15
leaf_value=-0.040708124467561682 -0.041228440917752712 -5.6842842297992912e-05 0.018563215455262336 -0.041921318964853301 -0.027778209767690659 0.00068529493992804005 -0.045450482749135851 0.014483855081208537 0.0073633709219247702 0.0046681892995410141 -0.055599771783845293 0.023708483741714595 -0.028956676433538178 -0.048995277019404787
leaf_weight=14.252999532798865 54.095001684866475 108.03986971943232 103.59639590177176 26.803487375937038 57.589459833855472 84.333054306264557 60.45942092983114 144.99065687532129 39.641854028115631 1474.9608708657347 17.848761008691326 85.298646740469849 42.867907375733921 13.051288367046253
leaf_count=401 1488 659 427 436 9903 14696 2083 2675 386 24196 1262 220 978 2357
internal_value=0.000797927 -0.0139619 0.00190886 0.00106358 0.00164997 0.00196868 -0.00660924 0.00239216 -0.0246693 0.0034826 -0.0144361 0.0047788 0.00370009 -0.00640314
internal_weight=2327.83 162.135 2165.69 2062.1 2035.29 2021.04 302.681 202.58 100.101 1718.36 115.233 1603.13 1517.83 97.3843
internal_count=62167 2147 60020 59593 59157 58756 15047 12578 2469 43709 18315 25394 25174 17053
cat_boundaries=0 1
cat_threshold=4
is_linear=0
shrinkage=0.03


Tree=309
num_leaves=15
num_cat=0
split_feature=39 8 7 35 12 32 20 35 12 8 39 4 8 16
split_gain=33.4255 69.4082 48.8487 70.2916 41.1875 84.566 46.6981 103.203 53.59 45.1979 94.1612 74.5208 66.348 65.7879
threshold=620.72643510791681 23.880229513888892 24.695000000000004 1.9391500000000004 3.5908375000000006 1.7385114583333336 3.1741649305555559 1.6293500000000003 3.1482125000000005 21.315201562500004 421.24436038180562 21.360694791666671 20.986127777777781 2.6334395833333337
decision_type=10 2 2 2 2 2 2 2 2 2 10 2 2 2
left_child=2 -2 3 4 5 6 7 8 9 11 -11 12 13 -1
right_child=1 -3 -4 -5 -6 -7 -8 -9 -10 10 -12 -13 -14 -15
leaf_value=-0.00227314860791431 -0.041854930592930231 3.9375033822894756e-05 0.017732266422701606 -0.043487249662567548 0.017079147467249412 -0.037736022208073823 0.014879125229455713 -0.03827042265430966 0.02430076150775147 -0.032793228478232919 0.004989639815832678 0.027094096048228461 -0.026594880875822808 0.018241628107219739
leaf_weight=860.43668572781212 51.751617254381927 109.40325852925162 138.01386746452044 32.912080079413499 119.30861271091908 53.831437144504434 172.37708346269665 64.9114316337932 76.968340255516523 113.38593627602222 122.94003491146577 90.863125175223331 83.37142480093371 167.15295547173582
leaf_count=39291 1447 670 493 1418 731 1972 1278 2976 268 5117 907 651 3622 1364
internal_value=-0.000466681 -0.0135893 0.000548045 -0.00067137 8.26461e-05 -0.00104886 9.89921e-05 -0.00152187 7.67304e-05 -0.0012357 -0.0131999 0.00112594 -0.00102039 0.00107838
internal_weight=2257.63 161.155 2096.47 1958.46 1925.55 1806.24 1752.41 1580.03 1515.12 1438.15 236.326 1201.82 1110.96 1027.59
internal_count=62205 2117 60088 59595 58177 57446 55474 54196 51220 50952 6024 44928 44277 40655
is_linear=0
shrinkage=0.03


Tree=310
num_leaves=15
num_cat=0
split_feature=42 16 37 40 40 34 5 30 37 10 33 35 9 35
split_gain=20.7498 38.263 33.5356 37.1106 49.56 25.381 65.0925 44.332 30.9295 33.0255 36.6314 38.5692 50.2355 32.9441
threshold=4.1250000000000009 2.5728760416666669 112.54166666666669 231.50000000000003 233.50000000000003 0.07008750000000058 0.65701829721066363 0.019361805106658043 6.0416666666666679 0.42382190789473234 0.018244876043902871 2.2772000000000001 0.62231085940386899 0.80175000000000007
decision_type=2 2 10 10 10 2 2 2 10 2 2 2 2 2
left_child=1 -1 3 -3 -5 8 7 -7 -2 10 -10 12 13 -12
right_child=5 2 -4 4 -6 6 -8 -9 9 -11 11 -13 -14 -15
leaf_value=-0.055627754471751542 -0.020361283493571001 0.011537479713958233 0.0082180326656468503 -0.11265583604665014 -0.021210522352376842 0.011913677592496374 -0.022224150744908376 -0.015863023932167732 0.0020314052645162852 0.019078973561125642 0.017268066426462544 0.013455351346551441 -0.0020286147265139356 -0.03149722851315253
leaf_weight=13.599586288242788 68.742378746916074 27.089696546571759 87.100922597500357 4.9746276830546767 59.66630053157769 544.06351253824141 64.45995256660899 56.269702518489794 956.96991279801296 76.991293705403223 13.208840607503587 55.743674691686465 158.88454992287006 124.76897613124129
leaf_count=20626 1385 955 3378 151 8090 7676 1465 1047 10880 452 272 221 2521 3012
internal_value=0.000494347 -0.00891212 -0.00506997 -0.0176399 -0.029857 0.00135192 0.0062038 0.0092881 -0.000867177 0.000113267 -0.00101545 -0.00926696 -0.0135645 -0.0267382
internal_weight=2312.53 192.431 178.832 91.7306 64.6409 2120.1 664.793 600.333 1455.31 1386.57 1309.58 352.606 296.862 137.978
internal_count=62131 33200 12574 9196 8241 28931 10188 8723 18743 17358 16906 6026 5805 3284
is_linear=0
shrinkage=0.03


Tree=311
num_leaves=15
num_cat=0
split_feature=39 8 7 35 39 20 8 12 35 11 34 8 32 19
split_gain=29.1473 70.0366 32.4249 61.5726 37.2974 37.8541 114.52 49.4101 63.7783 58.1365 48.6123 42.5167 61.4149 43.0646
threshold=620.72643510791681 23.880229513888892 24.695000000000004 1.9391500000000004 1.3626452237500002 3.5456461805555564 22.367671180555558 3.3403291666666672 1.6106000000000003 23.859550000000002 0.060534910714285496 21.814630034722224 1.5485218750000005 3.5897500000000004
decision_type=10 2 2 2 8 2 2 2 2 2 2 2 2 2
left_child=2 -2 3 4 -1 6 7 8 11 -10 -11 12 13 -6
right_child=1 -3 -4 -5 5 -7 -8 -9 9 10 -12 -13 -14 -15
leaf_value=-0.044449910430588789 -0.041051261668352268 0.0010476308222629267 0.016743332654508371 -0.038014916097131542 0.0005808622180433526 0.022344679787630384 -0.041386828956126935 0.017497356165127979 -0.037776167659088644 -0.043992564530983089 0.017574996709297797 0.025670404027620792 -0.034706505637577142 0.018365425305627826
leaf_weight=14.882757108192889 49.385880496944083 120.74964572797035 118.00778677846756 35.441185297875563 1286.3728281752487 75.873605859986128 55.015535999104941 170.3419130007278 70.397135570872706 14.367245368212023 45.391674149372193 65.97625145783968 40.59777846812176 134.45069141386193
leaf_count=219 1459 723 472 1436 48327 479 1937 685 3002 772 408 250 792 849
internal_value=0.000570453 -0.011341 0.00152807 0.000626491 0.00133927 0.00170968 0.000866757 0.00216043 0.000574699 -0.0195021 0.00229249 0.00229717 0.00122515 0.00227553
internal_weight=2297.25 170.136 2127.12 2009.11 1973.67 1958.78 1882.91 1827.9 1657.55 130.156 59.7589 1527.4 1461.42 1420.82
internal_count=61810 2182 59628 59156 57720 57501 57022 55085 54400 4182 1180 50218 49968 49176
is_linear=0
shrinkage=0.03


Tree=312
num_leaves=15
num_cat=1
split_feature=17 34 6 22 39 30 33 39 29 12 22 34 41 37
split_gain=22.6001 21.9647 19.8541 20.2603 21.6197 18.3545 48.6164 29.754 29.0637 32.3973 28.1726 22.6523 59.045 58.6546
threshold=0.28890862103673937 0.051315796621678574 0.56770285714285185 0.089628571428572043 36.842556489722227 0.019640867955573696 0.019204718070351935 214.76262911236114 0.0074755597151990377 3.225870833333333 0.22961910173160169 0.066773055555555183 0 20.291666666666671
decision_type=2 2 2 2 10 2 2 10 2 2 2 2 1 8
left_child=2 -2 5 4 -4 11 7 -7 9 -9 -8 -1 13 -13
right_child=1 -3 3 -5 -6 6 10 8 -10 -11 -12 12 -14 -15
leaf_value=-0.0010696619055772687 0.00076400236069653661 -0.020943355238931455 0.019905478479705117 0.016552419016656612 -0.017044048347808958 0.012805621110416677 -0.032747727188727441 -0.030033032435609508 -0.033560037328087343 0.017436816861360678 0.001272953077501577 -0.093150224240165863 0.010184801710250357 -0.0076998625419936271
leaf_weight=985.56144734908889 84.927957548855829 81.77390488478386 21.021417244548047 142.20803146626713 39.492315557178244 110.63146094570584 73.186697138968839 18.061481212176659 30.598556280265257 39.309089763773954 30.983510410662348 6.7888413759292225 545.59289861264642 104.85773308172338
leaf_count=29430 1704 2212 250 885 1437 1380 4364 542 742 183 202 1339 6859 10679
internal_value=0.000661688 -0.00994571 0.00148904 0.0103996 -0.00409349 0.00055572 -0.00621943 0.00250225 -0.0104537 0.0022338 -0.022713 0.00180742 0.0061168 -0.0136766
internal_weight=2315 166.702 2148.29 202.722 60.5137 1945.57 302.771 198.601 87.9691 57.3706 104.17 1642.8 657.239 111.647
internal_count=62208 3916 58292 2572 1687 55720 7413 2847 1467 725 4566 48307 18877 12018
cat_boundaries=0 1
cat_threshold=4
is_linear=0
shrinkage=0.03


Tree=313
num_leaves=15
num_cat=0
split_feature=42 16 22 28 12 17 6 30 14 34 34 9 40 33
split_gain=25.5365 39.6241 31.3047 28.6045 32.9235 33.0057 24.8851 39.5792 35.9256 39.9828 53.9862 85.0905 32.1483 43.3163
threshold=5.6250000000000009 2.5496406250000008 0.31093901098901028 1.1823072916666668 3.3158208333333334 0.2153285850657369 0.2936926066580447 0.0064632692307692967 -0.22819047619047605 0.069300000000000167 0.051027350427350383 0.62462499992181508 731.50000000000011 0.022294853719797014
decision_type=2 2 2 2 2 2 2 2 2 2 2 2 10 2
left_child=1 -1 6 -3 -5 -6 8 -8 -2 10 -10 -12 -11 -14
right_child=2 3 -4 4 5 -7 7 -9 9 12 11 -13 13 -15
leaf_value=-0.040157488048732953 -0.014931618537992471 0.014913679681071258 0.016830101335268681 -0.024865119332390676 -0.05697488721718301 0.0029089319539128992 -0.011690209116064894 0.009297978431445978 0.0022976749610611343 0.0013440510515303277 -0.029860490073912178 0.0061955759392294937 0.029706571417148192 -0.0053897333738586886
leaf_weight=28.753801228936709 153.45679831853704 57.814960372284986 119.43890476040542 73.765898243497077 7.7872354308256027 143.51164140440687 95.050663704481849 513.75997551587352 464.72367134058732 231.84197081398634 143.13032166319317 99.127364910993492 104.1666941568983 44.884423165063708
leaf_count=23514 3392 524 609 10394 391 3640 1673 3216 5426 3482 3343 770 313 1146
internal_value=0.00074641 -0.00721941 0.00200981 -0.0037417 -0.00857869 -0.000527103 0.00104449 0.0060074 -0.00139244 0.000529368 -0.0036913 -0.0151422 0.00835257 0.0191724
internal_weight=2281.21 311.634 1969.58 282.88 225.065 151.299 1850.14 608.811 1241.33 1087.87 706.981 242.258 380.893 149.051
internal_count=61833 38463 23370 14949 14425 4031 22761 4889 17872 14480 9539 4113 4941 1459
is_linear=0
shrinkage=0.03


Tree=314
num_leaves=15
num_cat=0
split_feature=42 15 25 28 16 19 1 25 37 23 25 30 22 21
split_gain=28.9001 22.3901 20.0942 24.9869 42.1758 29.5773 23.9686 19.9575 45.5755 30.0694 24.781 23.9987 39.0199 27.472
threshold=1.8750000000000002 4.5091500000000009 1.0000000180025095e-35 1.5285666666666669 2.9219135416666671 3.0032500000000004 0.59508738177029363 0.0015588457268119864 146.04166666666669 2.8271500000000005 0.0013043729868748787 0.01739999999999987 0.14993754901960785 0.25585178656037838
decision_type=2 2 2 2 2 2 2 2 8 2 2 2 2 2
left_child=1 -1 3 4 5 6 -2 8 10 -9 11 13 -13 -4
right_child=2 -3 7 -5 -6 -7 -8 9 -10 -11 -12 12 -14 -15
leaf_value=-0.03063042395762652 -0.034018480326531181 0.0082698020718446515 0.0095590483170913884 -0.022025842899725104 0.023128587613754175 -0.035306092557307177 0.016015393909462976 -0.035642580130424067 -0.020159424419702449 -0.00046239456997628983 0.015308252601185257 -0.023642810098425802 0.0088569129945379847 -0.002114830912762555
leaf_weight=43.906618543433524 10.710830121266552 18.417817984905014 563.54016238798113 70.163160898008755 44.759293211252952 30.903224544987097 31.663801784942734 21.498512162869702 62.374851212027806 779.04438238855528 208.94375967720225 67.716363988800367 63.638914636347181 266.88119517808718
leaf_count=24298 2085 595 6997 1195 96 1793 1265 1558 3277 10398 1568 1989 352 4559
internal_value=0.000798992 -0.0191858 0.00136796 -0.00798476 0.000476394 -0.013485 0.00287585 0.00223699 0.00463017 -0.00145044 0.00596701 0.00392386 -0.00794941 0.00580926
internal_weight=2284.16 62.3244 2221.84 188.2 118.037 73.2779 42.3746 2033.64 1233.1 800.543 1170.72 961.777 131.355 830.421
internal_count=62025 24893 37132 6434 5239 5143 3350 30698 18742 11956 15465 13897 2341 11556
is_linear=0
shrinkage=0.03


Tree=315
num_leaves=15
num_cat=0
split_feature=15 24 33 29 11 23 11 40 33 34 32 23 15 32
split_gain=31.5593 38.8618 36.5955 40.653 36.8593 34.604 26.8308 29.04 25.194 55.8788 37.6594 70.9974 44.9322 67.0383
threshold=2.7736500000000004 1.0072500000000002 0.022843231851019465 0.0094914680867915057 21.786000000000005 3.0244000000000004 21.47935 53.500000000000007 0.022294853719797014 0.07008750000000058 2.0000420138888892 5.2186000000000012 4.0002500000000003 1.7385114583333336
decision_type=2 2 2 2 2 2 2 8 2 2 2 2 2 2
left_child=2 -2 3 -1 6 -3 7 -4 9 10 12 -12 13 -7
right_child=1 5 4 -5 -6 8 -8 -9 -10 -11 11 -13 -14 -15
leaf_value=-0.020779020066306358 0.014446306987538991 -0.03329287691455439 0.02017272899610319 0.014619508457897428 -0.031496967276429456 0.0014537517459450582 0.021600018299330472 -0.024007452858035298 -0.0060329445985002859 0.017409309197435142 -0.041086450282681972 0.0063396882917975371 0.016973165318535426 -0.036731134400765766
leaf_weight=185.71484459454632 202.76630284525299 25.715885981891461 21.664671915874351 33.872232114061262 21.552734048664433 809.32681316210301 74.561127378377705 31.833014033608833 349.44880404465493 204.08431954057141 52.629028336031297 59.920883820203017 155.89295371576554 42.606189190631085
leaf_count=16966 2514 1804 154 377 4262 13681 1776 5217 9888 1614 1236 321 987 1292
internal_value=0.000507459 0.00206601 -0.00750728 -0.0152771 0.00392234 0.000581411 0.0100814 -0.00607418 0.00112138 0.00301212 0.000376388 -0.0160036 0.00221969 -0.000496746
internal_weight=2271.59 1902.39 369.199 219.587 149.612 1699.62 128.059 53.4977 1673.91 1324.46 1120.38 112.55 1007.83 851.933
internal_count=62089 33337 28752 17343 11409 30823 7147 5371 29019 19131 17517 1557 15960 14973
is_linear=0
shrinkage=0.03


Tree=316
num_leaves=15
num_cat=1
split_feature=42 22 42 10 41 22 22 18 11 4 38 15 37 24
split_gain=19.6662 22.6444 26.1935 77.806 37.4944 33.3018 27.9645 35.3261 33.454 58.1982 25.6635 38.2079 31.0064 32.69
threshold=0.37500000000000006 0.5369820175438581 4.1250000000000009 0.30613375000000609 0 0.40447362996480651 0.18307929570429501 0.18202352941176433 24.898850000000003 24.657187500000003 493.25401706083341 3.9128000000000003 148.04166666666669 1.745641666666667
decision_type=2 2 2 2 1 2 2 2 2 2 10 2 8 2
left_child=-1 2 3 -2 -5 -6 8 -8 10 -10 11 12 13 -4
right_child=1 -3 6 4 5 -7 7 -9 9 -11 -12 -13 -14 -15
leaf_value=-0.030562689640396067 0.0012007907683191381 0.016706550175405167 0.00034193979948269238 -0.026869441670924796 -0.044162807948531967 -0.15105753865591443 0.00037875650890933021 0.018256807239424338 -0.038541276947914101 0.022028975280326647 -0.022802916037420885 0.01682675849330624 -0.026419604617936066 -0.032773898035089621
leaf_weight=17.945869010147817 98.239080401110868 70.781169541471172 1281.7459448323789 26.417562932407918 7.7729882877570144 4.2698822671372909 255.38052750552924 161.98053089949826 49.789319707073446 19.104371178895235 43.809205874451436 114.23682385274151 41.395411440531461 26.401026551990071
leaf_count=19303 9279 470 20327 1894 2498 43 1712 526 886 28 262 642 3564 476
internal_value=-0.000128384 0.000133491 -0.000424681 -0.0130794 -0.0486611 -0.0907389 0.000449057 0.0073444 -0.00137993 -0.0216701 -0.000438957 0.000245481 -0.00116952 -0.000350928
internal_weight=2219.27 2201.32 2130.54 136.7 38.4604 12.0429 1993.84 417.361 1576.48 68.8937 1507.59 1463.78 1349.54 1308.15
internal_count=61910 42607 42137 13714 4435 2541 28423 2238 26185 914 25271 25009 24367 20803
cat_boundaries=0 1
cat_threshold=2
is_linear=0
shrinkage=0.03


Tree=317
num_leaves=15
num_cat=0
split_feature=42 21 37 22 6 22 33 37 38 38 6 9 42 38
split_gain=32.5377 32.1533 45.2752 30.1355 29.2146 26.3421 32.2918 23.8407 23.8263 23.4421 23.1902 38.4102 21.755 21.3571
threshold=4.1250000000000009 0.30686392166691417 112.54166666666669 0.35467571428571454 0.54264375000000264 -0.11459884902679017 0.029163875828544711 13.541666666666668 3.4814947940277783 111.60826796250002 -0.30508089068825872 0.55945876295043928 0.37500000000000006 107.74192210458335
decision_type=2 2 10 2 2 2 2 8 10 8 2 2 2 8
left_child=1 2 7 4 5 -2 10 -1 -3 -4 11 -7 -10 -12
right_child=3 8 9 -5 -6 6 -8 -9 12 -11 13 -13 -14 -15
leaf_value=-0.0031113683694445377 0.016611656692705295 -0.045061217582948822 -0.048460969708474431 0.015050705986933454 0.0099078213895423869 0.020595211423444698 -0.036022156952091655 -0.05294673989514561 -0.029513410123951447 0.0045080428554193676 -0.0087310072175504003 -0.021457915984158447 0.021350577951916375 0.00070858638147175629
leaf_weight=11.016314615371583 65.784101093260688 6.494545252478928 7.9216623923803118 117.69333467306569 213.13522639600887 22.92514070343168 24.633175168842172 41.356745164796166 8.3255736056453298 47.060093130675796 261.89114031721329 109.23614769739652 40.829104918488156 1201.3772154802027
leaf_count=675 1369 369 3216 658 1516 134 2451 21607 1044 5387 6588 3019 867 13232
internal_value=-0.00065922 -0.0135094 -0.023033 0.000385619 -0.000530723 -0.00185552 -0.00261518 -0.0427189 0.00494504 -0.00385296 -0.00207714 -0.0140634 0.0123188 -0.000985691
internal_weight=2179.68 163.004 107.355 2016.68 1898.98 1685.85 1620.06 52.3731 55.6492 54.9818 1595.43 132.161 49.1547 1463.27
internal_count=62132 33165 30885 28967 28309 26793 25424 22282 2280 8603 22973 3153 1911 19820
is_linear=0
shrinkage=0.03


Tree=318
num_leaves=15
num_cat=1
split_feature=38 37 38 21 41 42 11 11 12 11 11 38 39 38
split_gain=26.0828 33.8313 26.7061 27.7587 35.5271 45.5732 25.8885 47.9753 73.0627 71.9664 50.172 30.689 32.3834 73.3612
threshold=17.945414688472226 123.79166666666669 21.694921626944446 0.28762349039227958 0 4.3750000000000009 21.020700000000001 21.539300000000004 2.4953708333333338 21.580050000000004 21.769950000000005 40.104813317361113 159.7740310643056 103.88103072916668
decision_type=8 10 8 2 1 2 2 2 2 2 2 10 10 10
left_child=1 -1 -2 6 5 -5 -4 8 -8 -9 -11 -12 13 -13
right_child=2 -3 3 4 -6 -7 7 9 -10 10 11 12 -14 -15
leaf_value=-0.032380670002073085 0.019943045591678893 0.0018950075967706756 0.011821550497871144 -0.037554007401991302 0.026627113331122519 0.02685794924089346 -0.031855937436324269 0.02253894266907289 0.019420914751242951 -0.035098502867125778 -0.031126387946207295 -0.041488445019916879 -0.0012525815813796499 0.026475319780508617
leaf_weight=47.580180976857491 65.845687351300057 55.333317325064854 149.39022436943492 20.871137030049795 76.587562553564567 17.098403031966882 95.948016762830548 119.75327483764431 32.943278500606539 37.980279377531133 28.159530815807784 16.042832219083266 1422.6074506561974 89.743414606650731
leaf_count=3308 978 1540 7519 488 560 78 10904 663 179 3305 1181 624 30097 901
internal_value=0.00057281 -0.0141108 0.00127441 0.000681848 0.0149768 -0.0086032 -0.000147097 -0.00112304 -0.0187015 0.00020875 -0.00148138 -0.000639102 -5.74111e-05 0.0158764
internal_weight=2275.88 102.913 2172.97 2107.13 114.557 37.9695 1992.57 1843.18 128.891 1714.29 1594.53 1556.55 1528.39 105.786
internal_count=62325 4848 57477 56499 1126 566 55373 47854 11083 36771 36108 32803 31622 1525
cat_boundaries=0 1
cat_threshold=4
is_linear=0
shrinkage=0.03


Tree=319
num_leaves=15
num_cat=0
split_feature=7 15 38 7 7 10 5 38 32 20 9 37 20 38
split_gain=28.5727 54.8767 49.0109 63.9956 57.8026 57.006 55.76 46.0064 45.2483 90.0676 44.6371 44.0177 36.1546 32.5522
threshold=21.481450000000006 3.3625500000000001 196.06658364569446 22.378550000000001 21.717300000000005 0.056514583333313169 0.62228976557357818 92.800948855694458 1.5950135416666666 3.148721875000001 0.56890389373796457 132.29166666666669 2.3753861111111116 190.77608276430558
decision_type=2 2 8 2 2 2 2 10 2 2 2 8 2 10
left_child=11 2 3 4 -2 6 -4 -6 -3 -10 -11 13 -9 -1
right_child=1 8 5 -5 7 -7 -8 12 9 10 -12 -13 -14 -15
leaf_value=0.0047938141897776827 -0.026239956279431285 0.010775585055393978 -0.030468957509223335 -0.032644930152697343 -0.023508594677294836 -0.028515094978107846 0.013836611917607395 -0.013500730818848814 -0.041095610756724014 -0.039164331631311972 0.0022765904895434346 -0.030334488121458569 0.024060173339369332 0.026501322995506324
leaf_weight=510.65068583818538 41.161305984503315 357.67461010648685 37.722625300106756 45.781504743004461 26.795231807428081 178.53924196629441 74.245157657090203 26.730010428228525 49.128942507657939 23.328642550250152 607.22854426467256 28.164666593115044 144.70632355828729 69.92563025590789
leaf_count=20052 2832 2959 2655 2584 1491 9936 963 1168 1802 810 6599 6083 1444 702
internal_value=0.00012172 -0.00196843 -0.00938794 -0.000543629 0.00570569 -0.0180383 -0.00122778 0.0124374 0.00215409 -0.00239201 0.000683821 0.00565435 0.0181594 0.00744938
internal_weight=2221.78 1613.04 575.681 285.174 239.393 290.507 111.968 198.232 1037.36 679.686 630.557 608.741 171.436 580.576
internal_count=62080 35243 23073 9519 6935 13554 3618 4103 12170 9211 7409 26837 2612 20754
is_linear=0
shrinkage=0.03


Tree=320
num_leaves=15
num_cat=0
split_feature=11 11 38 38 11 16 16 35 23 19 16 20 40 23
split_gain=23.9626 52.5186 67.4416 54.2738 47.2651 39.0071 28.2563 44.8605 40.2818 37.1194 49.6003 27.0588 25.55 95.9817
threshold=21.580050000000004 21.47935 65.427616544166668 29.362645223750004 21.727550000000004 2.3800250000000003 2.2714322916666672 1.0376500000000004 3.0881000000000003 2.8688000000000007 2.4949750000000006 2.0720659722222226 739.50000000000011 3.5928000000000004
decision_type=2 2 10 8 2 2 2 2 2 2 2 2 10 2
left_child=1 2 3 -1 -2 -4 -6 -8 -9 -10 -11 -5 13 -12
right_child=4 -3 5 11 6 -7 7 8 9 10 12 -13 -14 -15
leaf_value=-0.035491607433584461 -0.037973726395185481 0.017637307085466493 -0.03697509589416717 -0.030473017479109792 -0.033886314482123758 0.0095933317793615216 0.023333478070300135 -0.02689135927144614 0.021862492586462473 -0.028390691379347133 -0.02335222827297272 0.017454902595295804 0.0048847348651304317 0.0016894166117332997
leaf_weight=21.773273258756944 29.662603828331157 211.28511107883151 60.536459752659084 10.521231670041741 21.375974169780648 21.486814227501782 70.326702368215592 51.241167879270961 65.260304906073543 56.562918957938564 170.54805817273382 146.66370420982844 578.68839479119106 698.7186354329483
leaf_count=2205 2794 2607 9131 1560 3875 114 435 4789 851 3639 7979 4950 8955 8098
internal_value=0.000569395 0.00655583 -0.00244859 0.00788021 -0.00105603 -0.0248074 -0.000394871 4.81813e-05 -0.000975796 -0.000113272 -0.00108039 0.0140745 5.32176e-06 -0.00324488
internal_weight=2214.65 472.267 260.981 178.958 1742.38 82.0233 1712.72 1691.35 1621.02 1569.78 1504.52 157.185 1447.96 869.267
internal_count=61982 20567 17960 8715 41415 9245 38621 34746 34311 29522 28671 6510 25032 16077
is_linear=0
shrinkage=0.03


Tree=321
num_leaves=15
num_cat=0
split_feature=22 37 22 17 31 22 42 6 16 0 29 37 32 8
split_gain=21.0391 27.3876 26.1002 22.4639 26.0218 24.8708 29.7853 24.2378 47.0396 28.8499 29.6195 19.648 19.4378 64.1987
threshold=-0.11459884902679017 116.29166666666669 -0.041036200592885701 0.30579639944098941 1.72645 0.5369820175438581 1.6250000000000002 -0.2111598214285694 2.579308333333334 20.66675 0.0048572392813681009 103.54166666666669 1.7515975694444448 22.750129166666671
decision_type=2 10 2 2 2 2 2 2 2 2 2 10 2 2
left_child=1 -1 -2 5 -5 6 -4 8 -8 -10 11 -11 -9 -14
right_child=2 -3 3 4 -6 -7 7 12 9 10 -12 -13 13 -15
leaf_value=-0.034805166651930806 -0.019257248665975585 0.022542714878157608 -0.030500609279649395 -0.030937270197000929 0.0078006605448096584 0.019518648726481087 -0.03222785120161413 0.0035653778622390326 0.028430680632361222 0.007430955866086001 -0.031089652063898549 -0.016745037223860337 -0.040919142505090586 0.00043383588393298527
leaf_weight=7.5717786768523174 62.788553456027785 63.944331657685325 27.021067371354093 41.76498341585102 24.041880755625698 60.9333769781515 54.968855725390313 1330.5451968874713 24.931877736598835 103.03906045246822 32.002398539008936 41.660976586863399 37.743835159995797 263.95506856756765
leaf_count=1989 4724 981 19620 1089 250 527 4341 23358 54 1038 792 772 789 1888
internal_value=0.000186904 0.0160748 -0.00036015 0.000229875 -0.0168798 0.000807696 0.00020273 0.000657866 -0.007895 -0.00113516 -0.00544327 0.000403226 0.00200646 -0.00485769
internal_weight=2176.91 71.5161 2105.4 2042.61 65.8069 1976.8 1915.87 1888.85 256.603 201.634 176.702 144.7 1632.24 301.699
internal_count=62212 2970 59242 54518 1339 53179 52652 33032 6997 2656 2602 1810 26035 2677
is_linear=0
shrinkage=0.03


Tree=322
num_leaves=15
num_cat=0
split_feature=14 17 1 42 16 34 6 21 30 30 3 21 38 39
split_gain=27.0544 22.1928 22.3347 20.0333 29.0602 24.8071 45.7651 32.2078 29.7354 28.7939 34.402 27.5663 41.0159 39.3951
threshold=-0.18418939393939365 0.2241842182287736 0.71169437541088609 5.8750000000000009 2.5496406250000008 0.07008750000000058 0.2936926066580447 0.23872882153628819 0.0060000000000000626 0.019200000000000002 24.551400000000005 0.24464694079480159 208.91932549125002 99.552631049444457
decision_type=2 2 2 2 2 2 2 2 2 2 2 2 8 10
left_child=1 -1 -3 4 -2 6 7 -5 -8 -7 -11 12 -9 -13
right_child=3 2 -4 5 -6 9 8 11 -10 10 -12 13 -14 -15
leaf_value=-0.027158969125748625 -0.036174143816611937 -0.0016467252225409853 -0.025149064171724741 -0.032779741944276193 -0.0023857040447787577 0.01130499995001095 -0.016081584399885766 -0.023562192318992242 0.011666339685565982 -0.028809101720272269 0.024886798024186085 0.0078780898536908363 0.016034302721684442 -0.01169237502494804
leaf_weight=41.071189101161735 24.323498471964513 339.43371148969118 39.786811602055877 32.692565591729362 242.29781668606711 439.39467395287102 37.785585616860772 28.195149885221326 343.44499163825094 34.531990583695006 14.503306895494459 127.23284211897408 121.86422204721021 333.22063745259584
leaf_count=2433 18429 10974 1469 1115 11780 4752 536 872 1986 715 13 2284 534 4266
internal_value=0.000359043 -0.0064776 -0.00417219 0.0019765 -0.00559183 0.00331312 0.000658044 -0.00422209 0.00888123 0.00886918 -0.0127473 -0.00264175 0.00848766 -0.0062793
internal_weight=2199.78 420.292 379.221 1779.49 266.621 1512.87 1024.44 643.205 381.231 488.43 49.0353 610.513 150.059 460.453
internal_count=62158 14876 12443 47282 30209 17073 11593 9071 2522 5480 728 7956 1406 6550
is_linear=0
shrinkage=0.03


Tree=323
num_leaves=15
num_cat=0
split_feature=14 36 5 25 5 22 34 5 10 22 18 21 38 21
split_gain=21.0331 18.7317 27.8413 22.1751 16.3888 16.4461 24.8839 27.5179 21.1351 36.1059 16.1542 15.3835 39.5538 30.3407
threshold=-0.1127535714285718 3.5000000000000004 0.5775142841342269 0.0038123151427801399 0.47422250457362336 0.19017362637362581 0.019289935897435589 0.60729652340615947 -0.082292283319124318 0.11556927232854899 -0.1622147252747255 0.24033039448872226 474.94920017277781 0.24369373659252722
decision_type=2 2 2 2 2 2 2 2 2 2 2 2 8 2
left_child=1 3 -3 4 -1 6 10 -8 -9 -10 -6 12 -2 -13
right_child=11 2 -4 -5 5 -7 7 8 9 -11 -12 13 -14 -15
leaf_value=0.018192503844010229 -0.021018134689582611 -0.03087952644778261 0.015587041353539824 -0.031139678017168649 0.018418169758327406 0.0030739547490689495 -0.030319547245318192 0.026253177174999764 -0.034412568882072836 0.0021763215868791921 -0.005765889736061838 0.013651311808009495 0.015635582748177529 0.00092218586660831143
leaf_weight=24.260115597659478 77.246596013106455 12.866016420959566 71.352159833689711 31.124100264653862 30.671029379180709 116.08432889632877 80.305233093506331 13.76397313707457 38.982424970409284 61.497767374271916 114.56986840077161 193.81064997435669 39.190219297677686 1250.4944933286488
leaf_count=441 6139 725 1087 885 879 1207 5753 104 2775 949 5708 3498 129 31740
internal_value=-3.91365e-05 -0.0048313 0.00820928 -0.00699127 -0.00536441 -0.0066551 -0.00997816 -0.0169646 -0.00739544 -0.012218 -0.000567835 0.00179116 -0.00865316 0.00263856
internal_weight=2156.22 595.477 84.2182 511.259 480.135 455.875 339.79 194.549 114.244 100.48 145.241 1560.74 116.437 1444.31
internal_count=62019 20513 1812 18701 17816 17375 16168 9581 3828 3724 6587 41506 6268 35238
is_linear=0
shrinkage=0.03


Tree=324
num_leaves=15
num_cat=0
split_feature=12 39 23 29 38 34 40 23 19 7 39 16 20 39
split_gain=26.6221 49.5768 76.8166 49.8407 48.4017 50.1622 55.3787 43.5148 61.6708 35.4881 32.6451 75.8243 44.8021 36.6069
threshold=2.3826125 246.0863782843056 3.2672500000000002 0.0083412440123648412 216.56658364569446 0.060772916666667141 682.50000000000011 3.2883500000000003 3.3252500000000005 21.455750000000005 332.37446093916674 2.9298531250000006 2.6820085069444448 393.33637828430562
decision_type=2 10 2 2 10 2 8 2 2 2 10 2 2 10
left_child=9 4 -3 7 5 -2 -7 -4 -9 -1 -10 12 -12 -13
right_child=1 2 3 -5 -6 6 -8 8 10 -11 11 13 -14 -15
leaf_value=-0.0038803475432651249 0.020532261602512241 -0.035806207252441186 0.028372074055390373 -0.0282865375090612 -0.034608482195338096 0.0079926665265382946 -0.037719516176121987 -0.025357780818109878 0.016852871244533937 -0.033189920504659846 0.027725059701289172 -0.027276497689769644 -0.038312364930406899 0.0039702923136975335
leaf_weight=367.10826238708637 262.95000230771939 54.388485211250554 51.011734008967323 51.658773570633002 19.419710155811572 113.56514140180957 29.125082816735357 77.483750269527036 120.2285209322722 40.424537423516085 10.077612105470505 34.130199429439017 62.637802286525812 859.05790736151084
leaf_count=25102 2091 4070 83 1050 1618 1426 1217 4640 1217 5512 70 1185 2868 10005
internal_value=3.25599e-05 0.00164502 -0.00122478 0.000287612 0.0105435 0.0127849 -0.0015354 0.00152516 0.000324863 -0.00686179 0.00217868 0.000336606 -0.0289083 0.00274713
internal_weight=2153.27 1745.73 1320.67 1266.29 425.06 405.64 142.69 1214.63 1163.62 407.533 1086.13 965.904 72.7154 893.188
internal_count=62154 31540 25188 21118 6352 4734 2643 20068 19985 30614 15345 14128 2938 11190
is_linear=0
shrinkage=0.03


Tree=325
num_leaves=15
num_cat=0
split_feature=42 16 18 25 1 1 5 10 42 34 23 21 21 23
split_gain=21.1214 27.0237 24.4577 24.3655 19.5927 35.9391 22.2617 19.2135 21.7891 36.8328 44.4506 24.3491 36.0061 39.8501
threshold=2.6250000000000004 2.6648541666666672 0.46536019607843149 1.0000000180025095e-35 0.706153920650199 0.78288552099104913 0.59745901747773777 0.45060683982684185 7.1250000000000009 0.057700000000000043 3.3460000000000005 0.26337234078608468 0.27325836715167201 3.5743500000000004
decision_type=2 2 2 2 2 2 2 2 2 2 2 2 2 2
left_child=1 -1 4 -3 7 6 -6 8 9 10 -2 -10 -13 -14
right_child=2 3 -4 -5 5 -7 -8 -9 11 -11 -12 12 13 -15
leaf_value=-0.057559644011215119 -0.033059533352008556 -0.054201057935018247 0.021355888621923384 -0.0018389895009066708 0.00079050168273331475 0.0033924989514428606 -0.029438735337632683 0.012523525255882474 0.0035988433145010888 -0.023173795827872604 0.0055846648243987286 -0.020355801543441104 -0.019953737707973988 0.018292005065502857
leaf_weight=10.349890062220764 30.46133436513901 8.0416662871391491 49.066279496997595 69.997010024485689 30.669449401264501 114.12180376670858 75.452577482093147 123.77066310812461 1164.3503684530297 88.152503963920026 179.37242595657517 100.22852171507111 37.145448647119338 67.755897040355194
leaf_count=18484 3262 4228 183 5010 600 1417 2085 1670 12105 7822 2318 1475 654 807
internal_value=2.50498e-05 -0.0142516 0.000644071 -0.00785224 0.000128484 -0.00829439 -0.0207766 0.00116818 0.000318307 -0.00701965 -0.000155466 0.00191894 -0.00758769 0.00468869
internal_weight=2148.94 88.3886 2060.55 78.0387 2011.48 220.244 106.122 1791.24 1667.47 297.986 209.834 1369.48 205.13 104.901
internal_count=62120 27722 34398 9238 34215 4102 2685 30113 28443 13402 5580 15041 2936 1461
is_linear=0
shrinkage=0.03


Tree=326
num_leaves=15
num_cat=0
split_feature=20 11 16 10 21 31 38 21 28 38 11 11 11 19
split_gain=19.1149 26.8451 24.0303 50.513 32.9758 25.4086 23.6946 41.237 24.7243 25.9698 41.6568 48.8114 39.43 30.9982
threshold=2.0720659722222226 20.539000000000005 2.2400864583333338 -0.0088925396825418352 0.23324770067415473 0.81715000000000015 17.013318153750003 0.3394762733977878 0.93697500000000034 21.694921626944446 21.545350000000003 21.580050000000004 21.727550000000004 2.8688000000000007
decision_type=2 2 2 2 2 2 8 2 2 8 2 2 2 2
left_child=-1 -2 3 5 -4 -3 7 -6 -8 -10 -11 -12 -13 -14
right_child=1 2 4 -5 6 -7 8 -9 9 10 11 12 13 -15
leaf_value=-0.03213873979808668 0.020457853636988464 -0.020372483184522654 -0.037588296493340105 -0.03329833615146368 -0.043803485152805036 0.014534772662329845 0.016599233868054557 0.0054363898816716305 0.020419232275925004 -0.028178695684636941 0.025698516673065434 -0.037845442930043084 0.016043996073505071 -0.00029887691861761378
leaf_weight=14.945106972000756 59.939198871866665 26.863432599524003 18.609463186868652 56.643923045017118 26.873052504205589 56.561288031185995 99.351506425312436 33.524533292478736 60.672286632426676 43.093475894655967 70.027820981010336 23.04383608277999 111.4501636266416 1468.3526145195185
leaf_count=2665 323 3902 2232 12856 1222 1702 647 458 325 2019 330 1809 2328 29004
internal_value=0.000587926 0.000829688 0.000258641 -0.0116997 0.00112095 0.00318619 0.00151217 -0.0168288 0.00211131 0.00129225 0.000604471 0.00136232 0.000283721 0.000863482
internal_weight=2169.95 2155.01 2095.07 140.069 1955 83.4247 1936.39 60.3976 1875.99 1776.64 1715.97 1672.87 1602.85 1579.8
internal_count=61822 59157 58834 18460 40374 5604 38142 1680 36462 35815 35490 33471 33141 31332
is_linear=0
shrinkage=0.03


Tree=327
num_leaves=15
num_cat=0
split_feature=33 22 40 36 39 0 33 20 38 33 40 5 35 11
split_gain=18.3289 42.6625 61.3287 49.3295 38.4789 45.7124 32.8288 51.1524 65.5405 80.5979 37.2108 31.1522 38.0888 60.5782
threshold=0.015448988954641918 0.14804265151515086 459.50000000000006 2.5000000000000004 498.0167850366667 24.678116666666671 0.0084009616940976858 3.322463541666667 154.29517274472224 0.0055227023849223423 683.50000000000011 0.47422250457362336 0.95485000000000009 21.769950000000005
decision_type=2 2 10 2 10 2 2 2 10 2 10 2 2 2
left_child=1 2 -1 4 6 -6 7 8 10 -10 -4 -2 -13 -14
right_child=11 -3 3 -5 5 -7 -8 -9 9 -11 -12 12 13 -15
leaf_value=-0.028171696943501308 0.019641075394215002 0.021641283784819193 -0.0347625669811698 -0.046796084473142957 -0.037424822501738689 0.018549921880809003 0.016721138676429555 0.021817726268887106 -0.042203733516787495 0.0093571461428671367 0.014442726731925187 0.0082135928262990349 -0.030109443475465705 -0.0035898726547904615
leaf_weight=59.471076200958123 54.213330377254351 99.17746050156984 14.669060120717857 16.0695207868539 37.311815878800189 19.22490669315448 208.01660197659476 82.530428205849603 68.639285897657373 44.355177114393427 119.35877515932953 212.10189053270346 83.16991852303795 987.928736901722
leaf_count=5174 959 471 1979 820 1005 115 2480 607 4555 453 4513 9751 5279 23846
internal_value=-0.000306696 0.00338178 0.000649234 0.00349978 0.00493654 -0.0183994 0.00742042 0.00151689 -0.00532626 -0.0220593 0.00883975 -0.00242799 -0.00337494 -0.00567526
internal_weight=2106.24 768.824 669.647 610.176 594.106 56.5367 537.569 329.553 247.022 112.994 134.028 1337.41 1283.2 1071.1
internal_count=62007 22172 21701 16527 15707 1120 14587 12107 11500 5008 6492 39835 38876 29125
is_linear=0
shrinkage=0.03


Tree=328
num_leaves=15
num_cat=0
split_feature=42 23 9 21 22 33 42 13 24 38 35 35 16 11
split_gain=21.0915 42.267 24.9181 55.9639 24.8653 25.3681 20.7619 20.5024 27.8993 36.4766 35.3886 30.166 26.7507 41.9213
threshold=4.6250000000000009 3.3460000000000005 0.5994978416964778 0.30686392166691417 0.31093901098901028 0.030083940717231413 0.62500000000000011 0.26031875726086617 1.7633166666666671 474.94920017277781 1.6106000000000003 2.1482000000000006 2.9577270833333338 22.626200000000001
decision_type=2 2 2 2 2 2 2 2 2 10 2 2 2 2
left_child=1 -1 -3 -4 7 -6 -5 -2 9 10 12 -10 13 -9
right_child=4 2 3 6 5 -7 -8 8 11 -11 -12 -13 -14 -15
leaf_value=-0.043006735523086821 0.0022809253307488095 0.0063936468088877279 -0.044774654137886248 -0.032674839102784105 0.022514021077248269 -0.0052158490695549554 0.016452297742073782 -0.00022785311866225795 -0.040570487365572873 0.024523663186149205 -0.041443662641465727 -0.00044467830087850321 0.016899148915491859 -0.028212039297483216
leaf_weight=27.029827140639554 1335.7038243623156 101.59728720479143 33.392305429295448 8.8574678522722916 91.991695692762733 43.142871805932373 35.413007599747289 223.55081725699074 36.94640057302604 40.872358307242393 21.560859568711749 30.387953234661836 52.298349604519899 60.419781903918192
leaf_count=21985 18646 5518 5529 1139 450 299 1023 4880 565 55 644 152 153 1208
internal_value=0.000352133 -0.0087434 -0.00336706 -0.0160548 0.00132488 0.0136877 0.00611848 0.000390558 -0.00502069 -0.00197994 -0.00506716 -0.0227332 -0.00261882 -0.00626009
internal_weight=2143.16 206.29 179.26 77.6628 1936.87 135.135 44.2705 1801.74 466.037 398.702 357.83 67.3344 336.269 283.971
internal_count=62246 35194 13209 7691 27052 749 2162 26303 7657 6940 6885 717 6241 6088
is_linear=0
shrinkage=0.03


Tree=329
num_leaves=15
num_cat=0
split_feature=14 34 22 33 16 5 42 22 42 21 18 17 21 38
split_gain=19.9817 22.3598 15.8973 27.5317 28.5705 28.2226 15.824 25.3539 24.211 61.6851 18.3493 19.1539 53.936 29.7677
threshold=-0.22819047619047605 0.076595764142977696 0.11789785714285649 3.3306690738754701e-16 2.0399864583333338 0.43703332004890788 0.37500000000000006 0.46490476190476077 2.8750000000000004 0.24477502518985247 0.39881843137254913 0.2677951955950848 0.24181731052277289 46.125288423750007
decision_type=2 2 2 2 2 2 2 2 2 2 2 2 2 10
left_child=1 2 3 -1 -5 -6 -2 8 9 -8 11 -10 -13 -14
right_child=6 -3 -4 4 5 -7 7 -9 10 -11 -12 12 13 -15
leaf_value=0.0092149153577002207 -0.029945129376625603 -0.027453093940908935 0.0039426032805753974 0.026255566771702391 0.028205187529772632 -0.029634362214864218 0.019384289729498697 0.019136797909740853 0.0023128471882952919 -0.04705100949779463 0.015179832457212054 0.02272170603420234 0.0061959716804507736 -0.018786341940321069
leaf_weight=43.784079950508385 13.386340213580523 40.039759524417377 129.26665645616868 10.371503681023567 7.5663359624086288 82.634773456765288 20.869781381709345 70.612513886531815 1315.2179866304728 29.076843975261454 83.27122749411501 46.39255764470181 56.907888326625653 168.69824959439029
leaf_count=2375 15469 3432 1289 198 23 4698 1880 479 21297 5415 288 312 1182 3641
internal_value=0.000179698 -0.00679673 -0.00368509 -0.0104956 -0.0190827 -0.0245265 0.0013955 0.00164632 0.000917749 -0.019456 0.00153819 0.000813388 -0.00641898 -0.0124852
internal_weight=2118.1 313.663 273.623 144.357 100.573 90.2011 1804.43 1791.05 1720.43 49.9466 1670.49 1587.22 271.999 225.606
internal_count=61978 12015 8583 7294 4919 4721 49963 34494 34015 7295 26720 26432 5135 4823
is_linear=0
shrinkage=0.03


Tree=330
num_leaves=15
num_cat=0
split_feature=29 5 39 5 19 11 17 21 21 19 16 40 38 37
split_gain=24.4229 38.5307 29.1421 29.1153 38.7816 75.6855 36.9146 35.9394 34.1619 32.5994 34.5294 32.5496 46.1691 42.8897
threshold=0.0017783590061708559 0.60037124440480472 154.10047265972227 0.60223750362326667 3.3752500000000007 21.580050000000004 0.26426313340317775 0.27325836715167201 0.24181731052277289 2.9941500000000008 2.0675395833333341 731.50000000000011 331.01583657152781 56.291666666666671
decision_type=2 2 10 2 2 2 2 2 2 2 2 10 10 8
left_child=1 -1 -3 4 5 9 11 -6 -8 10 -2 12 13 -5
right_child=3 2 -4 6 7 -7 8 -9 -10 -11 -12 -13 -14 -15
leaf_value=0.00057173963109379174 0.016956995211022747 0.0017520479396840455 -0.025956165652555728 0.011715829262531528 -0.0010888230667255735 -0.026033575260121577 0.021223003508140815 0.020440235465990528 -0.010649242293624848 0.021958496067351466 -0.016837889602730589 0.016302784057102112 -0.017267728462193238 -0.023167937943695375
leaf_weight=291.13130529165073 39.695973746350774 48.617052864056177 112.94914016450252 304.42826917338266 324.51100237445758 148.18002548641857 35.30839581885084 87.872508147709596 181.91311095848278 54.896788989688048 81.369270213321215 295.96476942709683 78.657534142374971 34.464566957243733
leaf_count=18001 537 5592 7186 3880 4019 7252 197 372 3710 255 5222 3567 938 1393
internal_value=0.000212422 -0.00595932 -0.017659 0.00189075 -0.00256394 -0.0103128 0.00541488 0.00353703 -0.00539504 0.00299819 -0.00570878 0.00870878 0.00329996 0.00811051
internal_weight=2119.96 452.697 161.566 1667.26 736.526 324.142 930.737 412.384 217.222 175.962 121.065 713.515 417.55 338.893
internal_count=62121 30779 12778 31342 17657 13266 13685 4391 3907 6014 5759 9778 6211 5273
is_linear=0
shrinkage=0.03


Tree=331
num_leaves=15
num_cat=0
split_feature=39 20 39 38 37 15 38 11 32 9 20 11 38 12
split_gain=20.4156 68.2241 38.2526 53.2308 34.0978 25.4919 40.0274 37.6273 34.6591 34.3835 32.4365 91.3663 32.8813 37.0438
threshold=620.72643510791681 4.3809588541666677 580.03439253722229 510.00549073458336 73.541666666666686 4.0002500000000003 337.55790493708338 24.112200000000005 1.8754604166666666 0.65723737024760187 3.1741649305555559 23.528900000000004 430.19372457611115 3.1125208333333338
decision_type=10 2 10 10 10 2 10 2 2 2 2 2 10 2
left_child=2 -2 3 5 -3 7 9 10 -9 -7 11 12 13 -1
right_child=1 4 -4 -5 -6 6 -8 8 -10 -11 -12 -13 -14 -15
leaf_value=0.0007507456387111966 -0.038588302646109685 -0.017886324601494266 0.019255123329673003 -0.042800149558000142 0.016270555299126133 -0.031745105063642927 0.022763627066279928 -0.035564348242531983 0.014387574350726471 0.017990936941273197 0.015135308430111885 -0.033677622745061225 -0.038599245993274023 0.020378458253701451
leaf_weight=1318.215517573529 48.618205967696667 40.705738462202135 105.66796616508873 23.884922445580742 70.308833120336203 27.041741633464881 110.24246284118817 45.934614530269755 16.409858514492953 21.706907510524616 136.09798339955432 68.590192812347823 17.150426865999179 91.628186124737113
leaf_count=49751 1460 284 695 449 382 669 476 2127 288 74 1413 3287 240 494
internal_value=0.000946772 -0.00934062 0.00177938 0.000785787 0.00369838 0.00137038 0.012817 0.000289138 -0.0223968 -0.00968206 0.00116913 -0.00011106 0.00152481 0.00203992
internal_weight=2142.2 159.633 1982.57 1876.9 111.015 1853.02 158.991 1694.03 62.3445 48.7486 1631.68 1495.58 1426.99 1409.84
internal_count=62089 2126 59963 59268 666 58819 1219 57600 2415 743 55185 53772 50485 50245
is_linear=0
shrinkage=0.03


Tree=332
num_leaves=15
num_cat=0
split_feature=20 11 12 9 29 11 39 23 23 19 34 40 9 38
split_gain=19.2654 32.5494 17.7208 47.6811 39.7614 36.8741 35.2133 78.136 50.9828 79.316 38.1428 52.7359 38.3414 37.2577
threshold=2.0720659722222226 20.539000000000005 2.3826125 0.61405854402036952 0.0029353445825743003 21.899400000000004 250.30632288958336 3.2672500000000002 3.3027500000000005 3.3252500000000005 0.060050000000000429 682.50000000000011 0.60615694135535958 214.61629482694448
decision_type=2 2 2 2 2 2 10 2 2 2 2 8 2 10
left_child=-1 -2 3 4 -3 -5 10 -8 -9 -10 13 12 -12 -4
right_child=1 2 6 5 -6 -7 7 8 9 -11 11 -13 -14 -15
leaf_value=-0.032060522170968365 0.021886781174831744 7.9305519803759024e-05 0.019706218740302036 0.0057700359809370839 -0.036289280785245889 -0.032188369278861796 -0.03601280490184474 0.023525464540405196 -0.032843513328830065 0.001189306601486405 -0.029749895062493734 -0.0366998158895512 0.013930496619873141 -0.024815419572276974
leaf_weight=14.783947617848751 65.380517035551748 45.187396708714004 237.63670244359992 222.12526319928793 66.408452383731856 24.687209042169798 52.749735558516477 82.832737963415411 64.220934725741927 1119.2096257148899 20.852629828766567 30.842594098129894 104.66366308455372 17.36775486737406
leaf_count=2679 320 8855 1990 7643 6796 4218 3879 641 4191 16212 974 1365 1130 1119
internal_value=0.000963911 0.00120533 0.000547819 -0.00551442 -0.021693 0.00185871 0.00180594 -0.000585817 0.000917246 -0.000683714 0.00945778 -0.00220377 0.00649587 0.0165889
internal_weight=2168.95 2154.17 2088.78 358.408 111.596 246.812 1730.38 1319.01 1266.26 1183.43 411.363 156.359 125.516 255.004
internal_count=62012 59333 59013 27512 15651 11861 31501 24923 21044 20403 6578 3469 2104 3109
is_linear=0
shrinkage=0.03


Tree=333
num_leaves=15
num_cat=0
split_feature=42 17 22 40 30 21 7 40 33 10 6 19 10 39
split_gain=22.4382 21.3525 30.7096 20.5272 21.5748 24.9892 19.5467 21.2422 34.0356 19.3524 18.6297 30.3168 30.7191 38.0717
threshold=0.62500000000000011 0.28793638986254283 0.40447362996480651 966.50000000000011 0.013783874458874617 0.2616507060159759 20.304600000000004 973.50000000000011 0.015103437897487528 0.59381454545454659 0.2936926066580447 2.6115500000000007 0.01956888888889571 424.50550895486117
decision_type=2 2 2 8 2 2 2 10 2 2 2 2 2 10
left_child=-1 2 3 10 -5 -6 -3 8 -8 -10 11 -2 13 -13
right_child=1 6 -4 4 5 -7 7 -9 9 -11 -12 12 -14 -15
leaf_value=-0.033005266218249542 -0.037964421935000256 0.02247233280840507 0.01873290368830266 -0.040250583770139993 -0.026164223381241643 0.016886962142176203 0.0059953686031562967 0.013744297770414641 -0.033172476737363357 0.0078275775571337407 0.0053095272625269807 0.012636435077124194 -0.0038278389286966652 -0.0098183185271434863
leaf_weight=17.579758992966163 18.962752255358282 14.052319694640572 83.043321177363396 21.188407139682568 22.71234709589362 23.891826669136208 37.063672914235212 21.311315392906181 79.091249096671163 11.51055437758623 562.97009446513766 258.35335442677933 828.40296555920168 91.2503012128509
leaf_count=20217 2508 165 413 3685 2117 512 377 452 1946 77 6902 3149 18925 624
internal_value=-0.00018377 0.000110233 0.00100142 0.000185984 -0.0158907 -0.00420274 -0.0102773 -0.0134957 -0.0181144 -0.027935 0.000813928 -0.00130315 -0.000681304 0.00676422
internal_weight=2091.38 2073.8 1910.78 1827.73 67.7926 46.6042 163.029 148.977 127.665 90.6018 1759.94 1196.97 1178.01 349.604
internal_count=62069 41852 38835 38422 6314 2629 3017 2852 2400 2023 32108 25206 22698 3773
is_linear=0
shrinkage=0.03


Tree=334
num_leaves=15
num_cat=0
split_feature=25 22 42 38 34 29 18 2 35 16 16 10 30 21
split_gain=26.1804 18.5294 34.4756 44.3637 46.3353 21.6929 20.2804 19.4496 16.957 43.2327 26.2528 54.4773 20.0618 37.2709
threshold=0.0066994173080394265 0.5369820175438581 3.3750000000000004 145.16932549125002 0.076852277432711766 1.0000000180025095e-35 0.46536019607843149 -0.72560285714285777 0.93690000000000018 2.253835416666667 2.2400864583333338 0.051025873015863706 0.019736378205128441 0.2612627387354412
decision_type=2 2 2 8 2 2 2 2 2 2 2 2 2 2
left_child=1 2 3 -1 5 -5 7 -4 10 -10 11 -9 -11 -14
right_child=-2 -3 6 4 -6 -7 -8 8 9 12 -12 -13 13 -15
leaf_value=-0.054645467525441284 -0.029753216100838129 0.015900929806594969 -0.0092118721350222706 -0.026320982476127564 -0.05535967889173244 0.016174483204248458 0.02022099489246184 0.011905335725285791 -0.027832950062942691 0.002671644214387041 0.02393224031603745 -0.030178045604782777 -0.017184682744150314 0.0089445542546828984
leaf_weight=21.385105786310078 24.935679552434522 67.648319446081587 170.21407528665804 13.324444852462419 12.771008704981112 43.3981001886591 46.755445102229714 116.04180882791115 46.823459056821775 1193.8616330310524 71.51386634814844 35.265365470018878 130.03321802902428 77.809393990799435
leaf_count=15598 479 668 3732 5590 4601 4090 173 1561 3284 13819 217 5092 2391 502
internal_value=0.000199053 0.000578297 4.68092e-05 -0.0178988 -0.00597609 0.00590901 0.000919491 0.000418737 0.00140446 0.000216848 0.00908951 0.00196317 0.00117302 -0.00740677
internal_weight=2071.78 2046.85 1979.2 90.8787 69.4936 56.7225 1888.32 1841.56 1671.35 1448.53 222.821 151.307 1401.7 207.843
internal_count=61797 61318 60650 29879 14281 9680 30771 30598 26866 19996 6870 6653 16712 2893
is_linear=0
shrinkage=0.03


Tree=335
num_leaves=15
num_cat=0
split_feature=42 23 22 18 35 4 15 32 19 11 33 38 10 17
split_gain=24.1224 28.8807 23.2428 30.1677 29.9213 50.9675 36.2168 51.2517 33.4859 39.9366 32.0958 86.5403 48.5794 55.9664
threshold=3.6250000000000004 3.3460000000000005 0.18638092948718041 0.28118805194805213 2.0045500000000005 24.657187500000003 3.9128000000000003 1.7385114583333336 3.8431000000000002 23.528900000000004 0.0050827590271821654 154.29517274472224 0.053904999999996768 0.22301868107178185
decision_type=2 2 2 2 2 2 2 2 2 2 2 10 2 2
left_child=1 -1 4 -4 6 -6 7 8 9 10 11 -2 13 -12
right_child=2 -3 3 -5 5 -7 -8 -9 -10 -11 12 -13 -14 -15
leaf_value=-0.048519495195726105 0.0055368306252471531 -0.0068973372227891802 0.0028980463245405334 0.022433398105219684 -0.031318285813976658 0.022158895053980839 0.014531982886660192 -0.039237527208927647 0.018102490033391795 -0.023445972939400199 -0.031969498605282448 -0.042258484898528959 -0.0035628752122758979 0.013599161832762675
leaf_weight=16.301846629623583 84.076273822291114 117.07571164708077 341.71569254684073 88.985384716070257 63.710678733375971 20.528182901442051 140.39952206382441 30.530115119268885 80.37082245304191 71.000552257563868 25.215642307135568 56.126381611495162 616.45837207035083 333.06281144533386
leaf_count=19517 1505 11837 2326 378 1069 31 829 577 284 1846 681 1309 17085 2940
internal_value=-1.29974e-05 -0.0123077 0.00083288 0.00697678 -0.000909778 -0.0181793 0.000114354 -0.00145653 -0.000515409 -0.00179133 -0.000392562 -0.0137605 0.00154237 0.010312
internal_weight=2085.56 133.378 1952.18 430.701 1521.48 84.2389 1437.24 1296.84 1266.31 1185.94 1114.94 140.203 974.737 358.278
internal_count=62214 31354 30860 2704 28156 1100 27056 26227 25650 25366 23520 2814 20706 3621
is_linear=0
shrinkage=0.03


Tree=336
num_leaves=15
num_cat=0
split_feature=20 11 16 20 29 7 16 9 36 23 15 19 12 40
split_gain=17.4714 24.9311 31.364 34.3343 24.9182 23.8955 65.3583 36.3003 35.5695 49.7434 27.2794 25.4973 35.0556 28.1973
threshold=2.0720659722222226 20.860600000000002 2.2041437500000005 2.5270177083333336 0.0022635625143877952 21.496050000000004 2.4178375000000005 0.58675324899931247 1.0000000180025095e-35 3.2930500000000005 2.9095500000000007 2.8688000000000007 2.5256375000000006 739.50000000000011
decision_type=2 2 2 2 2 2 2 2 2 2 2 2 2 10
left_child=-1 4 3 -3 -2 7 -7 10 9 -9 -4 -8 -13 -14
right_child=1 2 5 -5 -6 6 11 8 -10 -11 -12 12 13 -15
leaf_value=-0.031808868746207933 -0.039430163428634937 -0.033013904820575091 -0.036347569037031069 0.016088859548406515 0.020999481823428517 -0.032364391934695314 0.029630967953466418 -0.03966460415024569 0.014844257078295956 0.01551114446192777 0.0091811922465434171 -0.025306228291605726 -0.0032439000046793651 0.0054994660456503443
leaf_weight=14.318589893151509 5.7517412092970508 49.040373515448891 27.277491407585558 16.542732310002975 77.000817742499521 57.695304631704857 24.550549686479144 27.172442405310903 281.42495679771173 29.934431096633489 19.808346519205998 48.899633574567133 820.31367955855671 556.16741306995186
leaf_count=2657 1590 11919 2175 1367 1457 5839 378 2024 3800 206 311 4139 15722 8525
internal_value=0.000110477 0.000349806 -0.00033536 -0.0205726 0.0163787 0.000376159 -0.00132933 0.00703019 0.0104696 -0.0109732 -0.0174016 -7.29326e-05 -0.000604963 0.000290286
internal_weight=2055.9 2041.58 1958.83 65.5831 82.7526 1893.24 1507.63 385.618 338.532 57.1069 47.0858 1449.93 1425.38 1376.48
internal_count=62109 59452 56405 13286 3047 43119 34603 8516 6030 2230 2486 28764 28386 24247
is_linear=0
shrinkage=0.03


Tree=337
num_leaves=15
num_cat=0
split_feature=42 11 38 22 34 42 38 39 22 0 38 16 39 33
split_gain=21.3629 20.2011 35.3935 31.1375 20.2517 59.6281 45.6873 40.0875 48.3246 45.822 35.196 32.4468 47.2265 31.6529
threshold=0.62500000000000011 26.157750000000004 1.7335950980555557 0.5369820175438581 0.076852277432711766 4.8750000000000009 155.90529533680561 769.31279162291673 0.15738295454545745 23.098854166666669 474.94920017277781 3.5418333333333334 498.0167850366667 0.022294853719797014
decision_type=2 2 8 2 2 2 8 10 2 2 10 2 10 2
left_child=-1 2 -2 4 7 -6 -7 8 9 11 13 12 -4 -8
right_child=1 -3 3 -5 5 6 10 -9 -10 -11 -12 -13 -14 -15
leaf_value=-0.032472899075120049 -0.042893749044249536 0.022801401704065055 -0.00037730058197694484 0.024089160457070592 -0.051690468288215503 0.010250057887486204 0.024362771518186232 -0.047271095794000323 0.010488263700018889 -0.033207766529372296 0.0050808966811760215 0.018505397466981179 -0.038365489824367403 -0.032401008459156187
leaf_weight=16.463082601329461 15.817780033532015 36.048192496862612 1077.3440545066669 49.410551775014028 23.731640105594579 123.75102418677307 9.2214758435220556 14.050305556476813 434.99720284678551 37.840505310654407 50.658915940206498 77.816898574248626 29.281628052565793 78.107798341095076
leaf_count=20252 420 188 23178 332 6977 2951 63 122 2296 720 176 481 532 3170
internal_value=0.00056891 0.000848862 0.00044642 0.000809331 0.000209496 -0.0071608 -0.00294197 0.0014719 0.0019134 -0.00114438 -0.0147615 -9.28694e-05 -0.00141621 -0.0261991
internal_weight=2074.54 2058.08 2022.03 2006.21 1956.8 285.471 261.739 1671.33 1657.28 1222.28 137.988 1184.44 1106.63 87.3293
internal_count=61858 41606 41418 40998 40666 13337 6360 27329 27207 24911 3409 24191 23710 3233
is_linear=0
shrinkage=0.03


Tree=338
num_leaves=15
num_cat=0
split_feature=30 39 16 18 7 12 32 17 25 20 34 12 15 5
split_gain=18.6456 35.7635 49.2624 46.5889 42.6393 42.5337 79.2479 32.0746 29.2317 27.6668 40.7994 27.2229 25.1634 22.3699
threshold=0.0067636363636364681 542.73208670847237 3.5418333333333334 0.20204952047952085 23.646950000000004 3.1125208333333338 1.3591486111111113 0.20915075281124618 0.0066994173080394265 2.5871034722222226 0.074302039473684231 3.3995875000000004 5.139050000000001 0.60223750362326667
decision_type=2 10 2 2 2 2 2 2 2 2 2 2 2 2
left_child=1 2 3 4 5 6 9 11 13 10 -1 -2 -3 -9
right_child=7 12 -4 -5 -6 -7 -8 8 -10 -11 -12 -13 -14 -15
leaf_value=-0.022077056105024456 -0.035911953641444387 -0.034548832108022717 0.021281692615932244 -0.028149282234611793 -0.03360121640348087 0.019165856568184658 -0.037169657095412895 -0.00030531538153471177 -0.039795369674135862 0.01648369743323248 0.0083892498896531026 0.01029464739715324 0.0027726495380552053 0.0073671521962320402
leaf_weight=66.120180754418243 33.592009302749602 51.06968989790721 76.539145334954355 63.803224781723429 32.078078144799747 95.738850209560951 51.588283650336052 624.64876587087554 12.927959211399864 90.583687201634802 95.453539496541453 16.617284897703939 23.43677405040944 754.64912328314529
leaf_count=13213 1707 1787 506 2107 1428 1045 5573 14218 317 1852 7143 126 266 10716
internal_value=0.000708437 -0.00352213 -0.000958404 -0.00443068 -0.000867099 0.00183875 -0.00366763 0.00260544 0.00346081 0.00330622 -0.00413747 -0.020717 -0.0229277 0.00389478
internal_weight=2088.85 646.411 571.905 495.366 431.563 399.485 303.746 1442.44 1392.23 252.157 161.574 50.2093 74.5065 1379.3
internal_count=62004 34920 32867 32361 30254 28826 27781 27084 25251 22208 20356 1833 2053 24934
is_linear=0
shrinkage=0.03


Tree=339
num_leaves=15
num_cat=0
split_feature=29 5 38 38 5 33 33 38 37 9 38 20 24 11
split_gain=19.8233 34.358 32.8283 44.658 32.4279 33.0881 31.3112 43.4256 35.5329 31.2134 33.0295 62.2238 69.9311 31.9987
threshold=0.0024504844674688546 0.60472484871346677 349.59659234111115 420.78197039833339 0.65254435310986858 0.00054841546619072438 0.0079223403964042514 324.92116080722229 144.54166666666669 0.62462499992181508 152.74521737347223 3.1264852430555563 1.745641666666667 26.856850000000005
decision_type=2 2 10 10 2 2 2 10 10 2 10 2 2 2
left_child=4 -2 6 -4 9 -6 8 -8 -3 10 -1 -12 -13 -14
right_child=1 2 3 -5 5 -7 7 -9 -10 -11 11 12 13 -15
leaf_value=0.0039635301846089573 -0.003259163549901052 -0.042046240133761167 -0.040808889054103216 0.001189476334931305 0.001823455263311532 -0.040279693593294592 0.0064099009131239355 0.026432683514400129 0.011385529365650005 0.011307097266159099 -0.037417633198190421 0.0173339036548717 -0.039608863330322208 0.016395115289350157
leaf_weight=147.56658739362774 690.79600406870168 21.829214994155336 27.753007103695836 109.55524149481926 27.277511469136243 42.385541970467671 521.59576338386887 119.23012732319035 21.331832984360517 114.89355888890464 69.181718986098417 70.960131436684605 41.958139627074161 11.073079284367848
leaf_count=11264 17183 402 701 648 1965 3070 10079 431 217 5272 8678 797 1448 46
internal_value=-7.52437e-05 0.00166918 0.00581335 -0.007533 -0.00509028 -0.0240011 0.00849968 0.0101707 -0.0159784 -0.00215271 -0.00671101 -0.0148438 -0.00205001 -0.0278281
internal_weight=2037.39 1512.09 821.295 137.308 525.296 69.6631 683.987 640.826 43.161 455.633 340.74 193.173 123.991 53.0312
internal_count=62201 29661 12478 1349 32540 5035 11129 10510 619 27505 22233 10969 2291 1494
is_linear=0
shrinkage=0.03


Tree=340
num_leaves=15
num_cat=0
split_feature=36 39 39 9 14 36 20 12 38 21 23 37 11 12
split_gain=16.4591 69.0232 31.7025 22.8152 21.9694 24.4349 23.8688 20.2525 62.3155 17.9581 33.2267 27.935 22.3453 21.9294
threshold=3.5000000000000004 332.37446093916674 1.3626452237500002 0.64265466967128582 -0.22819047619047605 1.0000000180025095e-35 2.3195600694444445 2.8321291666666673 142.23359509805559 0.27325836715167201 3.4185500000000002 145.54166666666669 23.903600000000004 2.6529458333333333
decision_type=2 8 8 2 2 2 2 2 10 2 2 8 2 2
left_child=2 7 -1 -3 5 6 -4 8 -2 11 -11 -6 13 -13
right_child=1 3 4 -5 9 -7 -8 -9 -10 10 -12 12 -14 -15
leaf_value=-0.045566479661360702 0.018343531819746888 -0.029380810947804238 -0.036962803062045121 0.02411715307864723 0.0009506816203073943 -0.017162029098327067 0.0068807364028342331 0.029578628379632911 -0.037410416119029156 -0.0091422239415005681 0.016102571525013664 -0.035528497365889179 -0.040974500331416225 0.0029450811510744585
leaf_weight=12.988364512819997 106.26139945177351 47.505151471611953 11.606279121516875 7.6428119413262712 1213.1561179849552 133.35558566285533 97.603874100293979 65.461007363715908 20.72819092615282 65.092358253134535 162.25210540528997 17.102089896641246 23.23132335813898 50.118953059246451
leaf_count=219 2406 1462 1911 36 35812 6532 2432 76 1544 1347 3221 3491 683 1024
internal_value=0.000425773 0.00765828 -0.00058033 -0.0216692 -0.000225382 -0.00859444 0.00192817 0.0161308 0.00902177 0.00110536 0.0088662 -0.000253855 -0.016243 -0.00722051
internal_weight=2034.11 247.599 1786.51 55.148 1773.52 242.566 109.21 192.451 126.99 1530.95 227.344 1303.61 90.4524 67.221
internal_count=62196 5524 56672 1498 56453 10875 4343 4026 3950 45578 4568 41010 5198 4515
is_linear=0
shrinkage=0.03


Tree=341
num_leaves=15
num_cat=0
split_feature=20 11 12 19 22 39 7 32 9 38 12 28 11 40
split_gain=17.074 26.8087 19.5172 29.0089 23.1829 18.6234 50.1517 65.1148 46.203 71.0572 44.7531 43.5274 60.8359 42.9731
threshold=2.0720659722222226 20.539000000000005 2.1618041666666672 2.5255500000000004 -0.11459884902679017 620.72643510791681 24.695000000000004 1.7515975694444448 0.62155118731340153 203.3810307291667 3.3688500000000006 1.6105031250000004 23.859550000000002 318.50000000000006
decision_type=2 2 2 2 2 8 2 2 2 10 2 2 2 10
left_child=-1 -2 3 -3 -4 6 7 10 -9 -10 11 -6 -13 -14
right_child=1 2 4 -5 5 -7 -8 8 9 -11 -12 12 13 -15
leaf_value=-0.03143162375712158 0.021032766025961915 0.019044301872821186 0.021561480500880827 -0.026682683133525117 0.0017515944230527838 -0.0078468914884626401 0.019600632811497529 -0.038293335080192482 -0.059400569464134988 0.020931135331170768 0.017141101147368071 -0.039412498860624263 0.021503680374004543 -0.031928316229990809
leaf_weight=13.609636908268383 58.083763906568038 15.795852948139325 47.472436753337433 49.423880148598755 1177.3668573709078 210.2674706911539 127.69785801742182 63.994665230427017 12.371490587665901 37.282600382111013 152.75639792620223 56.566306082201663 39.872862518281181 19.273968721548954
leaf_count=2667 329 1145 477 10703 36056 3072 437 2237 363 433 814 2554 156 622
internal_value=0.000887407 0.00111516 0.000529466 -0.0154875 0.00107425 0.000550593 0.00160117 0.000115674 -0.0216473 0.000138669 0.00184012 2.07036e-05 -0.017455 0.00385063
internal_weight=2081.84 2068.23 2010.14 65.2197 1944.92 1897.45 1687.18 1559.49 113.649 49.6541 1445.84 1293.08 115.713 59.1468
internal_count=62065 59398 59069 11848 47221 46744 43672 43235 3033 796 40202 39388 3332 778
is_linear=0
shrinkage=0.03


Tree=342
num_leaves=15
num_cat=0
split_feature=42 38 22 22 33 11 20 10 34 18 38 38 18 38
split_gain=20.0009 35.8904 20.8935 20.527 38.21 57.4387 47.3329 44.3742 33.2247 32.9781 29.1723 88.5337 60.5443 37.6656
threshold=2.8750000000000004 145.16932549125002 0.5369820175438581 0.069957197802197668 0.012870871666411208 21.580050000000004 2.2787972222222224 0.051025873015863706 0.042599122807016998 -0.15057380952380803 345.19920017277781 416.3108827372223 0.06395227272727276 286.19343076333342
decision_type=2 8 2 2 2 2 2 2 2 2 8 8 2 10
left_child=1 2 -1 4 8 6 7 -6 -2 -5 13 -12 -13 -11
right_child=3 -3 -4 9 5 -7 -8 -9 -10 10 11 12 -14 -15
leaf_value=-0.060308598000417199 0.00063384089657598987 -0.00089359002243099954 -0.0046519150091230759 -0.019075131311808539 0.0058710594702856989 -0.025416264800054687 0.026026453578492814 -0.035611034971245098 0.031703740796842038 0.0036592508582344095 -0.041448151420134464 -0.022405824928482337 0.01151001079908809 0.017152966585348779
leaf_weight=17.077655028677444 341.2291117866007 69.211954931589503 9.4076767385195108 53.651192289472419 59.433971919756004 132.35547172074939 47.706393534603194 36.836797127939462 33.073576216243964 677.81260790874194 45.449799562282806 61.059068363082588 199.33555960378453 256.10269586949744
leaf_count=14838 4686 13623 163 1750 837 7059 231 4903 25 9848 1163 733 783 1499
internal_value=0.000893354 -0.0124243 -0.0414277 0.00155498 -0.00278862 -0.0112296 0.00189725 -0.0102045 0.00345635 0.00374044 0.00474237 -0.00329117 0.00350191 0.00737395
internal_weight=2039.74 95.6973 26.4853 1944.05 650.635 276.333 143.977 96.2708 374.303 1293.41 1239.76 305.844 260.395 933.915
internal_count=62141 28624 15001 33517 17741 13030 5971 5740 4711 15776 14026 2679 1516 11347
is_linear=0
shrinkage=0.03


Tree=343
num_leaves=15
num_cat=0
split_feature=42 39 23 9 38 39 17 33 39 19 38 17 22 5
split_gain=19.6645 27.8375 25.8412 23.1892 23.1562 22.8945 23.811 22.5756 60.6921 38.5723 36.6606 22.6555 22.5174 24.9674
threshold=6.8750000000000009 620.72643510791681 4.4145500000000011 0.62015866557089405 12.404318882500002 486.61097256888894 0.27199352966442797 0.0055227023849223423 737.65323821972231 4.0586000000000011 154.29517274472224 0.2677951955950848 0.31093901098901028 0.59210801730638052
decision_type=2 10 2 2 10 10 2 2 8 2 10 2 2 2
left_child=1 2 5 -3 -4 6 -1 8 9 10 -2 12 13 -9
right_child=7 3 4 -5 -6 -7 -8 11 -10 -11 -12 -13 -14 -15
leaf_value=0.0007664435266878639 -0.0053136911803802634 -0.048078121876783141 -0.027796325993043769 0.0048858449474337585 0.020955862832975344 -0.030050980337190353 -0.019313466418762366 -0.0016233504599629095 0.028418174834844837 0.013645679254491954 -0.04024652134415186 -0.0044930886744197337 0.024802334345638031 0.0077273286725657586
leaf_weight=245.73231609410823 48.924662672827253 22.002720422622133 9.3769441037952657 10.742914736084911 59.117981950553258 31.494108830314872 66.792704365604322 399.95190202018421 32.318325962871313 29.1307263802737 60.411022619809955 260.91250105302606 49.867654757574201 716.51245187889072
leaf_count=32169 996 1243 482 268 1042 1747 6362 6609 49 125 1064 3545 225 6054
internal_value=0.000697401 -0.00487128 -0.00272132 -0.0310723 0.0139778 -0.00607701 -0.00357294 0.00225108 -0.0080267 -0.0166758 -0.0248049 0.00348568 0.00527288 0.00437917
internal_weight=2043.29 445.26 412.514 32.7456 68.4949 344.019 312.525 1598.03 170.785 138.466 109.336 1427.24 1166.33 1116.46
internal_count=61980 43313 41802 1511 1524 40278 38531 18667 2234 2185 2060 16433 12888 12663
is_linear=0
shrinkage=0.03


Tree=344
num_leaves=15
num_cat=1
split_feature=17 38 32 19 39 21 12 10 41 33 39 13 36 42
split_gain=22.7178 37.5787 33.7837 80.4875 45.2636 30.0338 23.9666 23.6342 20.4259 29.1482 48.3098 31.7771 26.6645 35.4322
threshold=0.26426313340317775 474.94920017277781 1.5608015625000002 3.5897500000000004 115.91932549125001 0.28191973142533372 2.4008208333333338 0.41035580669330501 0 0.0050827590271821654 737.65323821972231 0.28101603836512412 1.0000000180025095e-35 4.8750000000000009
decision_type=2 8 2 2 10 2 2 2 1 2 8 2 2 2
left_child=8 2 3 4 6 -4 -2 -6 12 10 11 -10 -1 -14
right_child=1 -3 5 -5 7 -7 -8 -9 9 -11 -12 -13 13 -15
leaf_value=0.0015887131399656221 -0.012241915852281956 0.012392769678971561 -0.036647626510439388 0.018243787616708411 -0.032602988987553733 0.0033783845543775399 0.019060347715673075 0.00021352243154632348 -0.032672650064965676 0.0048884499898216652 0.029316920739109829 0.0087675228091649449 -0.051143181590321295 -0.0066970491127975127
leaf_weight=132.02901765797719 48.056571392765477 87.8741350223072 61.641945795270203 95.17073488790038 101.14566073421486 22.873967900067328 38.945394936559751 24.470188788982568 61.200867993771681 1223.6967558579267 19.954626318067312 22.249234515358694 22.715786887096669 51.723668592978356
leaf_count=12612 4568 598 1910 685 6362 407 216 618 1210 20245 24 130 9617 2824
internal_value=0.000444234 -0.00524358 -0.00921549 -0.00456452 -0.0148114 -0.0259019 0.00182754 -0.0262591 0.00222741 0.00359367 -0.0116288 -0.021651 -0.00652942 -0.0207583
internal_weight=2013.75 480.179 392.304 307.789 212.618 84.5159 87.002 125.616 1533.57 1327.1 103.405 83.4501 206.468 74.4395
internal_count=62026 15364 14766 12449 11764 2317 4784 6980 46662 21609 1364 1340 25053 12441
cat_boundaries=0 1
cat_threshold=4
is_linear=0
shrinkage=0.03


Tree=345
num_leaves=15
num_cat=0
split_feature=22 38 38 38 21 33 30 42 9 9 40 16 36 35
split_gain=18.1486 44.9829 74.133 51.6176 52.0165 49.2393 43.2613 38.94 37.9384 44.7849 28.5871 48.8381 35.5531 31.8511
threshold=0.070832764294529157 349.59659234111115 420.78197039833339 286.19343076333342 0.25218218175235174 0.022294853719797014 0.0011999999999999346 4.3750000000000009 0.63176129247656931 0.56701950280901137 459.50000000000006 2.0572229166666669 1.5000000000000002 1.7513000000000003
decision_type=2 8 8 10 2 2 2 2 2 2 10 2 2 2
left_child=10 3 -3 4 8 -5 -4 -6 9 -2 11 -1 13 -12
right_child=1 2 6 5 7 -7 -8 -9 -10 -11 12 -13 -14 -15
leaf_value=0.022041640711654053 0.012664015041130525 -0.040123868192926716 -0.027504085704224825 0.020694050569319656 -0.016336875090751435 -0.027493782315664985 0.004307515479948793 0.0084626923560254669 0.0096841385269078352 -0.029385045894545384 0.0049790692388835354 -0.024928605209554627 -0.018822413048515764 -0.022167557042064304
leaf_weight=23.507951629186209 28.171923602572406 52.392352668828948 45.759386478753186 232.39995189033743 63.315138564457243 19.927455138888035 216.1989876228854 502.91958901804355 49.928076761297916 108.53189186224176 405.95278652185016 109.09053994436647 83.506390016351475 42.019240639009695
leaf_count=985 587 2177 1136 1152 5359 1433 1453 4984 876 6738 15959 10721 7211 1379
internal_value=-5.1672e-05 0.00198377 -0.00790483 0.00508098 0.00113792 0.0167949 -0.00133286 0.00566575 -0.0125563 -0.0206905 -0.00409307 -0.0164988 -0.000972809 0.00238905
internal_weight=1983.62 1319.54 314.351 1005.19 752.867 252.327 261.958 566.235 186.632 136.704 664.077 132.598 531.478 447.972
internal_count=62150 25895 4766 21129 18544 2585 2589 10343 8201 7325 36255 11706 24549 17338
is_linear=0
shrinkage=0.03


Tree=346
num_leaves=15
num_cat=0
split_feature=16 29 39 35 15 38 10 40 23 23 38 7 8 16
split_gain=18.244 52.8308 29.9856 26.7618 22.0878 55.0003 42.7669 69.3189 39.9685 47.6036 42.4976 50.2914 35.1824 72.1875
threshold=2.2609322916666672 0.0080142207588838766 38.263318153750014 1.0013000000000003 3.3625500000000001 92.800948855694458 0.39826215909090912 498.50000000000006 3.0968000000000004 3.3027500000000005 118.28384196458335 23.007800000000003 21.315201562500004 2.9577270833333338
decision_type=2 2 10 2 2 10 2 10 2 2 10 2 2 2
left_child=1 2 -1 -2 5 -5 7 -7 -9 -10 -11 -12 -6 -14
right_child=3 -3 -4 4 12 6 -8 8 9 10 11 -13 13 -15
leaf_value=-0.0016505862886071491 0.012998687479289353 0.012197340482790222 -0.028698948570682309 -0.031101905514168558 0.020377908264515944 -0.025747897939992975 0.016952467630162279 -0.028503032743197945 0.015544400695054899 0.01669846731884015 -0.034851126355271204 0.0048616131439617443 -0.041347861834963452 0.0029909560362437115
leaf_weight=61.984543591825286 162.56729076759757 79.779678148749326 90.569545252082889 60.249354655133175 94.884597554926358 109.22764144797509 96.204267965978943 35.385955050106645 172.04390329289436 47.034142071554925 62.387095156949272 52.047963178987175 33.429898172152662 822.42076607503327
leaf_count=5908 1522 1671 15379 4030 529 7433 2052 3550 3523 298 3396 1008 1136 10364
internal_value=0.00039424 -0.00748547 -0.0177912 0.00144532 0.00025312 -0.00407755 -0.00119347 -0.00487239 0.00136155 0.00460594 -0.00707283 -0.0169031 0.00314493 0.00121283
internal_weight=1980.22 232.334 152.554 1747.88 1585.32 634.58 574.331 478.127 368.899 333.513 161.469 114.435 950.735 855.851
internal_count=61799 22958 21287 38841 37319 25290 21260 19208 11775 8225 4702 4404 12029 11500
is_linear=0
shrinkage=0.03


Tree=347
num_leaves=15
num_cat=0
split_feature=21 5 40 40 20 32 16 31 20 20 16 32 38 19
split_gain=15.175 30.2324 28.5856 24.6812 91.8087 50.6675 90.6761 59.5379 47.9103 48.4597 46.5524 47.2197 42.5828 46.1412
threshold=0.24452820727379745 0.66695362282524806 923.50000000000011 731.50000000000011 2.5074029513888898 1.1979680555555556 3.0749208333333331 1.6293500000000003 2.6744470486111114 2.8949032986111116 3.2601729166666673 1.7307529513888893 18.871409521666667 3.0230500000000005
decision_type=2 2 8 10 2 2 2 2 2 2 2 2 8 2
left_child=1 2 -1 5 -5 12 -7 -8 -6 -10 -9 -12 -2 -14
right_child=3 -3 -4 4 8 6 7 10 9 -11 11 -13 13 -15
leaf_value=0.0086046234092642514 -0.040515402508325436 -0.022569675791312402 -0.032144209330833784 -0.026680446712779391 0.021659769778598206 -0.030251431768890398 0.023664388152903816 -0.041408820004296507 -0.026706112266546515 0.0062632790774153129 0.016138264630373492 -0.011678953328968667 -0.0025905855860784586 0.018376950184716103
leaf_weight=419.64653339280858 17.786413739949353 32.261168405504577 15.119191936513742 77.200706756164323 161.96725762547612 147.63925203814756 63.745825269543275 32.463165654274462 45.111271127477039 308.21922438528509 75.422251802796836 194.45028669448334 237.84717127727163 155.45340366608366
leaf_count=12088 1728 1845 2061 9021 1358 7797 273 1276 2179 3565 483 3064 13553 1783
internal_value=0.000299804 0.00502252 0.00711705 -0.0011562 0.00362036 -0.00421701 -0.0104899 -0.00245949 0.00820284 0.00199044 -0.00802742 -0.0038739 0.00362847 0.00572249
internal_weight=1984.33 467.027 434.766 1517.31 592.498 924.808 513.721 366.082 515.298 353.33 302.336 269.873 411.087 393.301
internal_count=62074 15994 14149 46080 16123 29957 12893 5096 7102 5744 4823 3547 17064 15336
is_linear=0
shrinkage=0.03


Tree=348
num_leaves=15
num_cat=0
split_feature=39 8 7 35 20 8 16 11 37 11 38 9 33 37
split_gain=16.6852 64.7161 45.217 55.8758 36.7334 59.2193 40.8463 53.5496 61.3056 31.0431 33.4698 29.2788 28.7532 27.1234
threshold=620.72643510791681 23.880229513888892 24.695000000000004 1.9391500000000004 3.5456461805555564 22.367671180555558 3.2810250000000005 23.528900000000004 3.041666666666667 23.479650000000003 425.4241100033334 0.59178055284980313 0.020670840329482566 74.291666666666686
decision_type=10 2 2 2 2 2 2 2 10 2 10 2 2 10
left_child=2 -2 3 4 5 6 7 9 -9 10 -1 -4 -8 -3
right_child=1 13 11 -5 -6 -7 12 8 -10 -11 -12 -13 -14 -15
leaf_value=0.00026726548639737364 -0.040205905365644362 -0.015447726647448413 0.030811104614700439 -0.038306219132787908 0.021602508873293368 -0.032882500504470398 0.0215052974756 0.023491483902354574 -0.035351745393936242 0.021106265769096719 -0.036738075091200348 0.001853300130698835 -0.0089274345961425135 0.014674179952208266
leaf_weight=1177.9630964538987 42.285488833626005 43.006355544224789 72.089434811923638 32.800920316464726 71.071314664975944 47.652127967245178 127.28667835838132 19.533695473495641 73.221633869434413 62.461152072796722 21.4155632436632 55.361878894527763 35.112598185414299 68.294382906802639
leaf_count=49646 1497 317 93 1443 512 1978 533 102 4153 443 268 395 417 384
internal_value=0.000380114 -0.00907773 0.00119352 -0.0001268 0.000661745 -0.000302643 0.00074175 -0.000966718 -0.0228413 0.000658056 -0.00042354 0.0183449 0.014911 0.00300123
internal_weight=1949.56 153.586 1795.97 1668.52 1635.72 1564.65 1516.99 1354.6 92.7553 1261.84 1199.38 127.451 162.399 111.301
internal_count=62181 2198 59983 59495 58052 57540 55562 54612 4255 50357 49914 488 950 701
is_linear=0
shrinkage=0.03


Tree=349
num_leaves=15
num_cat=0
split_feature=20 8 25 38 1 38 38 38 9 7 11 15 11 16
split_gain=14.1232 20.7885 17.5405 17.1937 21.3434 13.2926 68.5936 33.277 46.8422 36.1444 60.4146 53.5607 62.0933 48.083
threshold=2.0720659722222226 18.932050520833332 0.0037468505292963948 474.94920017277781 0.36375432050588857 349.59659234111115 411.92116080722229 327.94343076333342 0.59531328394213168 24.695000000000004 22.626200000000001 3.3982500000000004 23.990900000000003 2.6196500000000005
decision_type=2 2 2 10 2 10 10 10 2 2 2 2 2 2
left_child=-1 -2 5 4 -4 7 -7 9 -9 10 13 -12 -13 -3
right_child=1 2 3 -5 -6 6 -8 8 -10 -11 11 12 -14 -15
leaf_value=-0.030854617705938073 0.026535105493563988 -0.00052727139218394737 0.022098992733719808 0.013939034145475517 -0.01916434714831499 -0.038039800069403537 0.00052517602106067103 -0.022089921822219433 0.021453425128625334 0.01530035385920523 -0.033806969609752817 0.0064534100560359109 -0.032585975614860867 0.01890028144094905
leaf_weight=11.936694962308591 26.413226739043239 623.72635251427414 11.819993379975584 21.63985695118572 102.61141819124896 45.256860705620284 404.13852780569232 25.393734070709797 144.91858336522751 133.89596278453064 80.699430065413594 130.15877757806481 49.921704606513231 139.46598602435279
leaf_count=2654 74 32555 134 69 2852 3206 3649 434 931 1092 8498 2307 2150 1328
internal_value=0.000387386 0.000595406 0.0002237 -0.0101171 -0.0147476 0.00102052 -0.00343439 0.0025293 0.01487 0.000702824 -0.00121903 -0.0136562 -0.00448923 0.00304301
internal_weight=1952 1940.06 1913.65 136.071 114.431 1777.58 449.395 1328.18 170.312 1157.87 1023.97 260.78 180.08 763.192
internal_count=61933 59279 59205 3055 2986 56150 6855 49295 1365 47930 46838 12955 4457 33883
is_linear=0
shrinkage=0.03


Tree=350
num_leaves=15
num_cat=0
split_feature=42 14 22 42 38 34 18 30 38 38 1 39 37 39
split_gain=18.6841 17.2133 16.091 15.5716 42.333 19.3608 17.9665 14.1897 37.0657 34.1181 19.5518 17.2876 36.3453 53.2259
threshold=0.62500000000000011 -0.11839642857142814 0.5369820175438581 3.1250000000000004 145.16932549125002 0.076852277432711766 0.39881843137254913 0.019736378205128441 63.268425637916671 474.94920017277781 0.83228014764202152 498.0167850366667 84.791666666666686 769.31279162291673
decision_type=2 2 2 2 8 2 2 2 8 10 2 10 8 10
left_child=-1 -2 3 4 -3 -6 7 11 -9 10 -10 -5 -13 -14
right_child=1 2 -4 6 5 -7 -8 8 9 -11 -12 12 13 -15
leaf_value=-0.031547902020442858 -0.0043962763299756685 -0.07081661782555175 0.022434995683489681 0.004542934505222156 0.0082312809936008584 -0.049301075048278596 0.017202517000965169 0.015254773607143069 -0.02413026891753119 0.015106980748268592 0.019824505506040657 0.0041664303017978554 -0.040138490030099609 0.017508694086629244
leaf_weight=15.726030324127576 513.0054530823345 8.8270244232674013 32.924469987599878 855.1954356469937 32.372315064987561 5.2505759615953584 66.470763606484979 53.704261729692007 111.01220059881598 29.198340083472431 9.1736351993058616 125.27499286693273 47.189684971248425 19.888920949888416
leaf_count=20235 13434 3076 278 16055 1484 1669 258 957 2812 77 47 792 855 47
internal_value=2.16711e-05 0.000298047 0.00202444 0.00151553 -0.0153716 -0.000866409 0.00212229 0.00130768 -0.00593121 -0.0135984 -0.0206394 0.0027154 -0.0053912 -0.0230399
internal_weight=1925.21 1909.49 1396.48 1363.56 46.4499 37.6229 1317.11 1250.64 203.088 149.384 120.186 1047.55 192.354 67.0786
internal_count=62076 41841 28407 28129 6229 3153 21900 21642 3893 2936 2859 17749 1694 902
is_linear=0
shrinkage=0.03


Tree=351
num_leaves=15
num_cat=0
split_feature=14 12 27 23 23 19 22 39 39 30 37 34 40 6
split_gain=15.2045 13.8916 54.0142 48.2472 51.3074 71.5584 40.2081 39.8536 55.5666 33.2748 30.8059 53.0438 44.5771 37.8644
threshold=-0.60661904761904772 2.5127375000000005 1.2375000000000003 3.2672500000000002 3.3027500000000005 3.3848500000000006 -0.11459884902679017 332.37446093916674 393.33637828430562 0.025110271132376499 54.041666666666671 0.01705512820512808 686.50000000000011 -0.2111598214285694
decision_type=2 2 2 2 2 2 2 10 10 2 8 2 10 2
left_child=-1 10 -3 -4 -5 6 -6 -7 -9 -10 13 12 -12 -2
right_child=1 2 3 4 5 7 -8 8 9 -11 11 -13 -14 -15
leaf_value=-0.02549646742459627 -0.035008364715358342 0.015459771979119541 -0.035955754173742069 0.022844731741035046 0.02763328974819854 0.019641402099060436 -0.036486998129674146 -0.026850282399097009 0.0022647669797040337 -0.026557631476458284 -0.034216864151581081 -0.030035039521266235 0.0093398824862428575 0.0049580107081206842
leaf_weight=20.123931955028411 22.042269570870644 214.86818744848415 33.254598652844606 82.302281028626567 9.2984176031377483 89.156893094283078 70.406102936899515 69.480248788678409 772.3331351120919 36.813177160746818 25.883687069780308 90.844604832510868 98.094636054551529 287.3274907729641
leaf_count=741 2619 1765 2610 813 38 652 5214 2740 10422 606 5902 12669 6157 9058
internal_value=-0.000184698 9.63527e-05 0.00167771 -0.000879573 0.000183754 -0.00161683 -0.0287569 0.000645742 -0.00130194 0.000922291 -0.00405573 -0.0127554 4.52621e-05 0.00200683
internal_weight=1922.23 1902.11 1377.91 1163.04 1129.79 1047.49 79.7045 967.783 878.627 809.146 524.193 214.823 123.978 309.37
internal_count=62006 61265 24860 23095 20485 19672 5252 14420 13768 11028 36405 24728 12059 11677
is_linear=0
shrinkage=0.03


Tree=352
num_leaves=15
num_cat=0
split_feature=42 12 11 16 42 27 19 39 10 37 22 23 28 11
split_gain=20.4067 28.019 26.8641 43.5882 31.4697 27.9318 52.6735 29.2674 19.5452 23.6703 32.4577 22.01 29.8122 24.9739
threshold=6.3750000000000009 2.519741666666667 22.392150000000004 3.1014927083333332 2.1250000000000004 1.6375500000000003 4.1149000000000013 620.72643510791681 0.36820476190475587 76.541666666666686 0.31093901098901028 5.4826500000000005 2.3025145833333336 25.978700000000003
decision_type=2 2 2 2 2 2 2 10 2 8 2 2 2 2
left_child=1 -1 4 -4 -3 -5 -7 -8 11 -10 -11 12 13 -2
right_child=8 2 3 5 -6 6 7 -9 9 10 -12 -13 -14 -15
leaf_value=-0.034703327691593455 0.00019447525778957541 -0.020641602176255967 -0.033790888151861105 0.020227570231937164 0.02166264370872303 -0.043172023117626843 0.0089359414559648832 -0.027049026810223885 0.014673376387464831 -0.037383887349173313 0.018820400804029393 0.020633631365608206 -0.039115621915682929 0.027295726990010503
leaf_weight=26.512827019117708 1309.032246366829 20.09129505512351 47.152705688669471 39.771225695190878 63.554768308250914 29.200007004940289 93.535900364379359 24.9203686175249 191.66154603673203 19.143564409248938 16.242287677712739 48.806222196220915 16.030330170411617 30.334906794130802
leaf_count=24725 18036 987 9196 313 678 2798 1449 1419 1590 712 78 197 117 22
internal_value=0.000969039 -0.00565249 -0.00313101 -0.00833079 0.0113776 -0.00178024 -0.00780424 0.0012025 0.002371 0.0105174 -0.0117776 0.00104726 0.000327283 0.000828189
internal_weight=1975.99 344.739 318.226 234.58 83.6461 187.428 147.656 118.456 1631.25 227.047 35.3859 1404.2 1355.4 1339.37
internal_count=62317 41565 16840 15175 1665 5979 5666 2868 20752 2380 790 18372 18175 18058
is_linear=0
shrinkage=0.03


Tree=353
num_leaves=15
num_cat=0
split_feature=42 19 39 8 22 38 7 39 16 11 37 38 39 39
split_gain=24.4045 27.1553 18.765 62.4202 23.8013 46.4295 33.5779 69.0352 47.5451 42.1177 48.6917 27.7579 44.0892 86.0161
threshold=3.1250000000000004 4.4214000000000011 620.72643510791681 23.880229513888892 0.22961910173160169 510.00549073458336 24.378200000000003 498.0167850366667 3.2810250000000005 23.528900000000004 2.291666666666667 425.4241100033334 421.24436038180562 337.83637828430562
decision_type=2 2 10 2 2 10 2 10 2 2 10 10 10 10
left_child=1 -1 4 -4 5 6 7 8 9 11 -11 12 13 -2
right_child=2 -3 3 -5 -6 -7 -8 -9 -10 10 -12 -13 -14 -15
leaf_value=-0.025694367848832597 0.0023648843658759288 0.0075626328436528339 -0.040855131216752105 0.0034531822951766621 0.012017873720634897 -0.041958313039385749 0.01863820147256565 -0.036250652679201148 0.018996411434549151 0.024849788007465262 -0.033092010376499115 -0.029940225226169306 0.01898153877032243 -0.030315276014028836
leaf_weight=62.829385560788751 909.6496090093292 33.222813032576369 39.294886126130223 98.25727342182654 191.10805129821529 21.513242608692963 94.676865014596842 44.08949933344411 125.43215736224374 15.608721267824874 63.035059794406607 24.278305982254096 119.549913113613 77.754753027054903
leaf_count=28253 22540 1275 745 406 1295 293 323 1091 367 73 2446 236 444 2267
internal_value=0.000427324 -0.0142319 0.00120655 -0.009408 0.00207725 0.000799838 0.00145189 0.000259636 0.00149137 -0.000337633 -0.0214245 0.00114596 0.00185417 -0.000236635
internal_weight=1920.3 96.0522 1824.25 137.552 1686.7 1495.59 1474.07 1379.4 1335.31 1209.88 78.6438 1131.23 1106.95 987.404
internal_count=62054 29528 32526 1151 31375 30080 29787 29464 28373 28006 2519 25487 25251 24807
is_linear=0
shrinkage=0.03


Tree=354
num_leaves=15
num_cat=0
split_feature=42 16 32 38 22 39 6 19 11 16 10 37 29 28
split_gain=18.9341 27.7321 21.1256 29.7538 20.5784 19.4117 19.0572 19.3991 21.8513 42.5871 43.0578 39.217 39.0664 35.5005
threshold=4.1250000000000009 2.6334395833333337 1.1447135416666667 482.63614671291674 0.40447362996480651 107.63609802930557 0.54264375000000264 2.6115500000000007 22.085250000000006 2.5134791666666669 0.45060683982684185 131.79166666666669 0.007674709321298284 1.2306364583333336
decision_type=2 2 2 10 2 10 2 2 2 2 2 8 2 2
left_child=1 -1 -3 -4 6 -6 7 -2 11 10 -10 -9 13 -11
right_child=4 2 3 -5 5 -7 -8 8 9 12 -12 -13 -14 -15
leaf_value=-0.045484497794861044 -0.023299447250722652 0.016982496060631815 -0.020862411564481646 0.014217196873169368 -0.0038723243018858669 0.027849507921505579 0.010011914212092812 0.0075362557822998295 -0.036547057595919863 0.027198411677699288 0.026760255624865545 -0.034651512579433212 -0.022344533588677513 -0.00026112198408953909
leaf_weight=16.074426551079682 31.081006830801925 30.019667757864227 77.056280781441842 29.364882375731213 26.32627824973315 48.758432438597083 182.58193505096824 445.3695779577065 53.628161804716001 43.565589537029155 10.986115845027596 19.772736459781754 67.894133099813189 860.9596613607041
leaf_count=21479 2785 375 10749 405 249 322 1562 7815 2954 96 105 2785 1109 9230
internal_value=0.000689109 -0.00942297 -0.00487444 -0.0111406 0.00155503 0.0168225 0.000877524 -0.000216026 0.000276768 -0.00214648 -0.0255394 0.00567241 -0.000567454 0.00109002
internal_weight=1943.44 152.515 136.441 106.421 1790.92 75.0847 1715.84 1533.26 1502.18 1037.03 64.6143 465.142 972.419 904.525
internal_count=62020 33008 11529 11154 29012 571 28441 26879 24094 13494 3059 10600 10435 9326
is_linear=0
shrinkage=0.03


Tree=355
num_leaves=15
num_cat=0
split_feature=38 22 42 38 34 11 11 38 16 11 16 9 38 40
split_gain=19.6058 16.7955 23.591 33.8169 26.9169 18.0914 41.4712 100.206 40.6443 36.1003 22.7118 28.193 44.0116 40.3617
threshold=0.85902305791666678 0.5369820175438581 3.1250000000000004 145.16932549125002 0.076852277432711766 21.580050000000004 21.539300000000004 63.268425637916671 2.3800250000000003 21.769950000000005 2.2714322916666672 0.64265466967128582 40.104813317361113 351.50000000000006
decision_type=8 2 2 8 2 2 2 10 2 2 2 2 10 10
left_child=-1 2 3 -2 -5 6 7 -4 -9 -7 -11 12 -12 -13
right_child=1 -3 5 4 -6 9 -8 8 -10 10 11 13 -14 -15
leaf_value=-0.032698211637896019 -0.052309278091307941 0.017055579091511917 0.01200501521609893 0.0051533263378962975 -0.047054636661919474 -0.030491442357312017 0.022367960450240608 -0.035348658299985992 0.02629633108629064 -0.033380242478375989 -0.035596401488292101 0.025986675128275464 0.00053619043744228463 -0.013333598790505937
leaf_weight=14.512110389048528 16.536964958144381 57.063472385518253 206.40958105720688 47.114202266388475 9.9129302108374286 33.649615590036774 112.10366483147482 70.422535627779325 10.383244779892264 16.56385478174343 30.122082135174423 83.287498822417547 1206.0713735217796 31.856913313808036
leaf_count=240 15223 653 4103 9405 4405 1706 485 6145 26 2052 1318 312 15291 635
internal_value=0.000895486 0.00116468 0.000672075 -0.0158642 -0.00457641 0.001356 0.00698068 0.00091807 -0.0272029 -0.000250376 0.000515268 0.000955114 -0.000372306 0.0150868
internal_weight=1946.01 1931.5 1874.43 73.5641 57.0271 1800.87 399.319 287.215 80.8058 1401.55 1367.9 1351.34 1236.19 115.144
internal_count=61999 61759 61106 29033 13810 32073 10759 10274 6171 21314 19608 17556 16609 947
is_linear=0
shrinkage=0.03


Tree=356
num_leaves=15
num_cat=0
split_feature=38 33 39 38 37 39 8 20 39 23 30 21 5 16
split_gain=16.3254 28.4574 18.8977 22.4482 36.5324 19.5647 50.1295 30.464 19.7932 41.0452 25.7299 32.056 31.4479 39.9442
threshold=17.013318153750003 0.023736767492154493 29.717394774444447 46.125288423750007 61.541666666666671 134.79295457833334 18.944380729166671 2.2560968750000003 155.97277606763893 3.0244000000000004 0.0051350649350646741 0.28762349039227958 0.5951106500130573 2.8935427083333338
decision_type=8 2 8 8 10 8 2 2 10 2 2 2 2 2
left_child=1 -1 -2 4 -4 6 -5 -8 -7 -10 12 -12 13 -11
right_child=2 -3 3 5 -6 8 7 -9 9 10 11 -13 -14 -15
leaf_value=-0.04388234587164111 -0.037207196390596491 -0.0027721136099665344 0.016385782682458348 0.015813715527116842 -0.027220836463908233 0.0091275804896931156 -0.036168294205955763 0.011618441395003093 -0.03481447537720516 -0.029580848891566234 0.0012773899018319484 0.027371932606683518 -0.0180624976383169 0.0062797604618181884
leaf_weight=19.568067698584855 10.941706293568926 58.154902768158536 144.19646715207136 36.671587071430849 18.713440247158928 205.10679606981103 59.042071279246215 14.492608479741191 30.298201008651859 32.395316374269441 902.73426134885915 43.463583520264365 138.41798314029359 170.6107590210263
leaf_count=1114 2075 3465 2456 497 2788 3992 11611 557 4016 5471 13305 261 7010 3623
internal_value=-0.000174753 -0.0135483 0.000407619 0.000657336 0.0112412 -0.000404602 -0.0125523 -0.0267207 0.000482063 -0.000869332 -4.41938e-05 0.00250367 -0.00709186 0.000440245
internal_weight=1884.81 77.723 1807.08 1796.14 162.91 1633.23 110.206 73.5347 1523.03 1317.92 1287.62 946.198 341.424 203.006
internal_count=62241 4579 57662 55587 5244 50343 12665 12168 37678 33686 29670 13566 16104 9094
is_linear=0
shrinkage=0.03


Tree=357
num_leaves=15
num_cat=0
split_feature=42 22 38 22 38 18 5 34 33 29 20 32 8 9
split_gain=22.8945 23.7636 37.574 23.4224 36.5568 26.4961 25.6563 23.7973 23.2782 20.1286 18.6162 48.2109 41.5016 35.9565
threshold=3.1250000000000004 0.5369820175438581 145.16932549125002 0.20065222222222331 510.00549073458336 0.13896477272727223 0.65034045513019445 0.068800000000000874 0.024074522428698956 0.0031288722535796044 3.1741649305555559 1.584549479166667 22.214652430555557 0.58316121625022543
decision_type=2 2 8 2 10 2 2 2 2 2 2 2 2 2
left_child=1 2 -1 4 10 6 9 -8 -4 -5 11 -2 -12 -14
right_child=3 -3 8 5 -6 -7 7 -9 -10 -11 12 -13 13 -15
leaf_value=-0.059439123744835551 -0.0010402334245579049 0.0095770960337099222 9.6366239318771023e-05 0.013546263181840122 -0.042925966008119702 0.017344119984684672 -0.00033085052607795273 -0.047351916799693888 -0.04999840470645802 -0.010399267209841205 0.026295114480303364 -0.032724678258503427 -0.028266083806649585 0.0045055505008852947
leaf_weight=18.078967729975034 1038.6041386246293 26.558753038851137 41.944739572461458 99.512076605600669 17.462365770501492 146.32419566747194 21.761417931760661 16.47881987279834 9.4218096608414026 45.212651867579552 68.868248771603248 44.101974255301229 33.500159133567649 236.97659527968972
leaf_count=15225 25960 362 10171 735 243 739 258 239 3754 279 328 1327 632 1820
internal_value=-0.000108104 -0.0142987 -0.0234362 0.000669758 -0.000982753 0.00787494 0.000248955 -0.0212839 -0.00987148 0.00604554 -0.0004379 -0.00235985 0.00568313 0.00035742
internal_weight=1864.81 96.0043 69.4455 1768.8 1439.51 329.289 182.965 38.2402 51.3665 144.725 1422.05 1082.71 339.345 270.477
internal_count=62072 29512 29150 32560 30310 2250 1511 497 13925 1014 30067 27287 2780 2452
is_linear=0
shrinkage=0.03


Tree=358
num_leaves=15
num_cat=0
split_feature=16 10 7 40 15 7 34 19 16 27 23 23 19 22
split_gain=14.9416 48.6004 26.602 30.7217 28.6754 24.8297 23.1986 21.9334 42.4299 23.4092 53.2768 45.4739 57.0488 34.1801
threshold=2.253835416666667 0.053904999999996768 21.469500000000004 703.50000000000011 2.7736500000000004 20.550450000000001 0.09412142857142905 2.8688000000000007 2.4526125000000003 1.22455 3.2672500000000002 3.2883500000000003 3.3848500000000006 -0.11459884902679017
decision_type=2 2 2 8 2 2 2 2 2 2 2 2 2 2
left_child=1 -1 3 -2 -4 -5 -3 -6 -9 -10 -11 -12 13 -13
right_child=2 6 4 5 7 -7 -8 8 9 10 11 12 -14 -15
leaf_value=0.0028095480912956397 0.014346825360978793 -0.034654509486902123 -0.029478662208347731 0.027466906377143906 0.020679397209197623 -0.027085966226143281 0.014306831202437205 -0.032234827456701191 0.012717428518685948 -0.03541046875664057 0.026497316683569583 0.028347187653613725 0.0011883286545896034 -0.027841486639067291
leaf_weight=142.6103518791133 221.3821954821525 59.264496579469778 28.894770324157662 9.0014472174370876 44.598220044706295 30.22291305863871 9.6152285040766383 35.821656286759207 124.81710030944123 37.924843196700522 55.588080985953638 10.057251784969592 959.88671763531147 93.375622110485665
leaf_count=8449 3053 11656 4810 38 776 1913 2386 2629 1417 3628 180 47 14722 6311
internal_value=0.000273614 -0.00721486 0.00123633 0.0100131 -0.000414066 -0.0141952 -0.0277128 0.000223681 -0.000483932 0.000427934 -0.000907887 0.000292136 -0.00110142 -0.0221589
internal_weight=1863.06 211.49 1651.57 260.607 1390.96 39.2244 68.8797 1362.07 1317.47 1281.65 1156.83 1118.91 1063.32 103.433
internal_count=62015 22491 39524 5004 34520 1951 14042 29710 28934 26305 24888 21260 21080 6358
is_linear=0
shrinkage=0.03


Tree=359
num_leaves=15
num_cat=0
split_feature=23 7 39 20 7 11 11 36 6 32 20 23 39 9
split_gain=15.4605 57.197 48.5102 57.9401 37.008 68.3108 52.5162 47.085 40.7343 33.5275 38.0943 36.2855 56.1934 39.0016
threshold=3.5015500000000004 22.330100000000005 332.37446093916674 2.8949032986111116 22.177600000000002 22.085250000000006 22.378050000000005 1.0000000180025095e-35 -0.2111598214285694 1.5485218750000005 2.9575159722222226 3.6589500000000004 472.69770930916673 0.56890389373796457
decision_type=2 2 10 2 2 2 2 2 2 2 2 2 10 2
left_child=1 4 -2 -4 5 7 -6 -1 -9 -5 -11 -12 -13 -14
right_child=2 -3 3 9 6 -7 -8 8 -10 10 11 12 13 -15
leaf_value=-0.018691506270851761 0.016206727124862735 -0.024504545336883295 -0.031544206515337098 0.015340776426444583 -0.042130951577103351 -0.027134328856174554 0.024088547870364695 -0.028616954423383929 0.0077045513698110338 -0.036812194229180396 0.023892151141277709 -0.026297130855468167 -0.03830870771763692 0.0028594120420068893
leaf_weight=90.127376087617392 173.36312207924198 103.16574575549532 51.991413316526859 120.76299433387476 11.339773558669775 91.945816165635904 88.040814158897092 28.956054587085475 386.97671428562222 25.804502391436927 50.324194818244905 76.082158955311456 20.608688632384656 498.05194169818378
leaf_count=10840 4132 6539 2290 1011 683 6490 1072 3944 14228 529 477 3249 769 5688
internal_value=-0.000652755 -0.00376888 0.00180148 -0.00117444 -0.000670713 -0.00349478 0.0161882 0.000845319 0.00511338 0.000857402 -0.00176869 -0.000312042 -0.00239675 0.00115305
internal_weight=1817.54 800.552 1016.99 843.626 697.387 598.006 99.3806 506.06 415.933 791.634 670.871 645.067 594.743 518.661
internal_count=61941 43796 18145 14013 37257 35502 1755 29012 18172 11723 10712 10183 9706 6457
is_linear=0
shrinkage=0.03


Tree=360
num_leaves=15
num_cat=0
split_feature=42 16 37 22 5 37 10 7 30 37 33 20 39 37
split_gain=15.8106 35.7239 23.2599 26.7101 18.6909 16.9511 16.851 27.011 19.3944 36.3766 37.8233 37.7052 84.955 34.1887
threshold=3.3750000000000004 2.6648541666666672 112.54166666666669 0.5369820175438581 0.54427479478321461 15.041666666666668 0.45060683982684185 23.646950000000004 0.013064642857143 103.54166666666669 0.028352189862520975 2.5074029513888898 311.90215947611119 51.791666666666671
decision_type=2 2 8 2 2 10 2 2 2 8 2 2 10 10
left_child=1 -1 3 5 -4 -3 8 -8 9 10 13 -11 -13 -2
right_child=6 2 4 -5 -6 -7 7 -9 -10 11 -12 12 -14 -15
leaf_value=-0.058784517665043043 0.0015914445477734629 0.0073364639614265093 -0.035315518524073691 0.0083333254205377547 0.017968449258573209 -0.046025693670926009 0.016802776020283031 -0.021820417811420439 -0.0036236055946550637 -0.030438056109104501 -0.034358472410157707 0.019795179663067725 -0.01431249886710078 0.015564229395678246
leaf_weight=11.297474186055579 327.13407582473337 6.4372228210686471 5.9474813989581881 20.353747866451158 41.129053327192196 24.926742230262505 113.96523909159077 18.104860832719169 673.3185964512495 44.913382106531571 18.277806658929876 106.49749804134626 168.13977102322315 303.56816631494439
leaf_count=20253 5447 331 633 323 1967 6904 1483 214 12202 4703 2043 800 2372 2489
internal_value=0.000429267 -0.0105503 -0.00450072 -0.0182251 0.0106422 -0.0351852 0.00111623 0.0113839 0.000283873 0.00300127 0.00707748 -0.00527341 -0.00106256 0.00833079
internal_weight=1884.01 110.092 98.7942 51.7177 47.0765 31.364 1773.92 132.07 1641.85 968.531 648.98 319.551 274.637 630.702
internal_count=62164 30411 10158 7558 2600 7235 31753 1697 30056 17854 9979 7875 3172 7936
is_linear=0
shrinkage=0.03


Tree=361
num_leaves=15
num_cat=0
split_feature=25 24 20 17 11 23 20 15 21 34 5 6 25 25
split_gain=20.8563 22.6187 36.3083 26.9708 33.2626 26.2339 26.0504 25.9692 28.0073 21.3359 36.4627 30.5111 25.8383 23.524
threshold=0.00012990381056767557 1.745641666666667 3.322463541666667 0.2319977208327397 23.198400000000003 3.5015500000000004 3.5717118055555561 3.1152000000000002 0.25721703910818311 0.07008750000000058 0.65820223329328331 0.10069464158132936 0.00063461950588818291 0.00032998316455376444
decision_type=2 2 2 2 2 2 2 2 2 2 2 2 2 2
left_child=1 2 3 -1 5 7 -3 8 -5 11 -11 13 -12 -2
right_child=9 6 -4 4 -6 -7 -8 -9 -10 10 12 -13 -14 -15
leaf_value=0.0062163925434246346 0.017389116173650226 -0.044985729121740287 0.019944464676130893 -0.032383625276507247 -0.037564519156928634 0.0091746807735808809 -0.0081815535465412093 -0.053268351370771114 0.0044691163145874364 0.010631630544343174 0.010861420509696851 0.0044948115430394472 -0.039730345654765992 -0.0082759290180345942
leaf_weight=105.70078290851893 34.167385180894257 23.460078069937481 57.807751769455081 28.569253183594583 37.494444604010482 59.372773361036934 61.32107665599915 13.460372575865902 49.303637365686086 403.37881901853086 14.280804327875101 587.24510017036823 22.384131472508784 380.40661862958416
leaf_count=9197 435 1406 608 10803 3577 1590 1805 1650 4771 7049 182 8043 1067 9796
internal_value=0.000780055 -0.0049583 -0.00158479 -0.00587267 -0.0126593 -0.00625635 -0.0187715 -0.0162783 -0.00929022 0.00251944 0.00801761 9.8808e-05 -0.0202599 -0.00612397
internal_weight=1878.35 436.49 351.709 293.901 188.2 150.706 84.7812 91.3333 77.8729 1441.86 440.044 1001.82 36.6649 414.574
internal_count=61979 35407 32196 31588 22391 18814 3211 17224 15574 26572 8298 18274 1249 10231
is_linear=0
shrinkage=0.03


Tree=362
num_leaves=15
num_cat=0
split_feature=42 21 18 38 16 40 39 15 10 20 18 15 40 39
split_gain=18.5189 16.1245 35.3753 46.1318 37.6133 30.5292 28.6023 27.3978 24.8988 24.1102 22.8514 31.5282 28.3071 30.0633
threshold=0.62500000000000011 0.24858630435667961 0.091447771836007441 341.08013014027784 2.9219135416666671 952.50000000000011 192.6310307291667 2.9523000000000006 0.23918678698752127 2.3753861111111116 0.09798465909090931 2.7209500000000006 498.50000000000006 696.110972568889
decision_type=2 2 2 10 2 8 10 2 2 2 2 2 10 8
left_child=-1 5 3 4 6 10 7 9 -6 -3 -2 -12 13 -13
right_child=1 2 -4 -5 8 -7 -8 -9 -10 -11 11 12 -14 -15
leaf_value=-0.031779306343190705 0.009296683734083263 -0.022994038060218953 0.0029552164180237459 -0.024720152712831331 0.015719266120602152 -0.03261583812983769 -0.02898660226424675 0.016261689122452374 -0.0091115833148559203 0.0069585325371575458 -0.03275533065550161 -0.022362315280253089 0.010147157627072271 0.018726233848025797
leaf_weight=14.938219074978177 448.38008744207605 66.625862106617774 668.41142246301285 109.5556254922401 114.26755751184737 18.681362907555695 57.525824521959294 41.438277951962846 52.296818660614008 37.061419954982739 25.893764300543126 62.228253268731351 134.4205289778788 20.620321569324005
leaf_count=20307 9785 7803 7905 1934 1101 2807 4444 281 1117 1383 1172 1118 1065 47
internal_value=0.000420953 0.000696885 -0.00150227 -0.00771854 -0.00262059 0.00424617 -0.0112766 -0.00410621 0.00791518 -0.0123238 0.00528762 -0.0021127 0.00167257 -0.0120343
internal_weight=1872.35 1857.41 1147.18 478.771 369.216 710.224 202.651 145.126 166.564 103.687 691.543 243.163 217.269 82.8486
internal_count=62269 41962 25968 18063 16129 15994 13911 9467 2218 9186 13187 3402 2230 1165
is_linear=0
shrinkage=0.03


Tree=363
num_leaves=15
num_cat=0
split_feature=19 35 12 9 7 0 35 8 23 9 23 40 23 40
split_gain=19.8575 23.6174 15.9474 63.6305 26.3167 25.15 33.8427 26.4475 24.8404 72.3283 34.1854 30.115 86.5929 46.2467
threshold=2.6819500000000005 0.78805000000000014 2.3871291666666674 0.61405854402036952 21.496050000000004 20.111595833333336 0.94135000000000013 19.576554687500003 3.2002000000000006 0.63771577354825393 3.2023000000000006 731.50000000000011 3.5291000000000001 578.50000000000011
decision_type=2 2 2 2 2 2 2 2 2 2 2 10 2 10
left_child=-1 -2 3 -3 -4 6 7 -5 9 -6 -10 12 -12 -14
right_child=1 2 4 5 8 -7 -8 -9 10 -11 11 -13 13 -15
leaf_value=-0.015228915079487619 0.018202827185379657 -0.030318318806650403 0.014479377424578055 -0.015636987558933307 -0.032483552959482444 0.017878916856234703 -0.027061491655794599 0.024386336358041778 0.029023750355317738 0.021001812953557429 -0.029763235571307625 0.0061936510244802881 0.0040777646674795501 -0.019772882710806454
leaf_weight=68.39074921985457 69.050027560336048 71.034045315655703 128.97470682200242 24.082430845664248 64.778272727454919 64.814427055945771 39.818520100149726 35.712007522570502 38.316834685670301 33.950898790141196 95.762321029223358 504.31265964589352 527.66992464732652 83.922881224787034
leaf_count=11542 1734 10569 1413 1932 4887 1607 3192 264 158 389 6540 8723 6316 2777
internal_value=0.000516495 0.00112892 0.000430519 -0.0068037 0.00158707 0.00347668 -0.00597888 0.00827473 0.000344395 -0.0140649 0.00149284 0.000599003 -0.00339284 0.000778039
internal_weight=1850.59 1782.2 1713.15 235.461 1477.69 164.427 99.613 59.7944 1348.71 98.7292 1249.98 1211.67 707.355 611.593
internal_count=62043 50501 48767 17564 31203 6995 5388 2196 29790 5276 24514 24356 15633 9093
is_linear=0
shrinkage=0.03


Tree=364
num_leaves=15
num_cat=0
split_feature=39 11 7 35 38 9 20 8 19 11 7 20 11 38
split_gain=17.6482 56.1863 39.1943 49.3667 28.0337 25.3592 24.59 55.3318 37.7559 41.4923 29.7311 26.8462 48.6668 32.9691
threshold=620.72643510791681 25.605600000000006 24.695000000000004 1.9391500000000004 1.7335950980555557 0.59115479751432021 3.5456461805555564 22.367671180555558 4.0332500000000016 24.112200000000005 23.731450000000006 3.1741649305555559 23.528900000000004 430.19372457611115
decision_type=10 2 2 2 8 2 2 2 2 2 2 2 2 10
left_child=2 -2 3 4 -1 -4 7 8 9 10 11 12 13 -6
right_child=1 -3 5 -5 6 -7 -8 -9 -10 -11 -12 -13 -14 -15
leaf_value=-0.043557673653041425 -0.038911150992809576 0.0019836452971621669 0.03009048793404346 -0.037206944026082898 0.0019283480503429597 0.0020233238278486408 0.019895838840727417 -0.032605265620515973 0.023047646611997916 -0.050048463068467858 -0.037995424420303202 0.017096831293898836 -0.02951839707836338 -0.039042182132120039
leaf_weight=11.773347340512826 41.137566855799378 106.74776601324402 65.606643928666017 30.537086524101369 1194.2961457488007 51.547443827437746 59.019929285777835 43.590177915485583 67.594191841300926 13.608463153308092 16.567885425286022 89.184072543475395 46.864255108359885 16.943322072796946
leaf_count=429 1450 748 94 1437 49860 395 467 1935 316 615 607 761 2838 257
internal_value=0.000329116 -0.00957709 0.00119237 -4.63947e-05 0.000704663 0.0178627 0.00106928 0.000310017 0.00132477 0.000242847 0.000780952 0.00128562 0.000152112 0.0013235
internal_weight=1855.02 147.885 1707.13 1589.98 1559.44 117.154 1547.67 1488.65 1445.06 1377.46 1363.86 1347.29 1258.1 1211.24
internal_count=62209 2198 60011 59522 58085 489 57656 57189 55254 54938 54323 53716 52955 50117
is_linear=0
shrinkage=0.03


Tree=365
num_leaves=15
num_cat=0
split_feature=20 8 12 30 7 39 23 23 19 39 16 20 32 9
split_gain=14.2428 19.6658 13.5386 30.3119 27.4175 22.7892 60.1768 45.9619 61.7384 33.0881 38.4424 57.4142 29.3199 41.2355
threshold=2.0720659722222226 18.932050520833332 2.3826125 0.011445536816125024 21.455750000000005 250.30632288958336 3.2672500000000002 3.3027500000000005 3.3252500000000005 332.37446093916674 2.9298531250000006 2.6744470486111114 1.5485218750000005 0.56701950280901137
decision_type=2 2 2 2 2 10 2 2 2 10 2 2 2 2
left_child=-1 -2 3 4 -3 -4 -7 -8 -9 -10 11 -11 -12 -14
right_child=1 2 5 -5 -6 6 7 8 9 10 12 -13 13 -15
leaf_value=-0.030931981753381362 0.026607425799998103 0.0060652344116031934 0.0082660419426801041 -0.016297107889941372 -0.032056887363490945 -0.034820560720679086 0.023101946412230293 -0.031832789017594322 0.017166938161690719 0.027283355867797194 0.013969553274711135 -0.036305363444036093 -0.037815152698222707 -8.9836379625875669e-05
leaf_weight=11.933603611764509 24.917939316143929 173.31376625682981 343.13352450658272 131.5156476154616 17.816241430841615 43.308884326589805 76.56105224073292 53.78933015422399 99.836194968835571 15.74353787571823 128.47709229980387 55.14279229036805 26.196562171698133 633.25270928900056
leaf_count=2671 67 14657 6589 9394 3868 3864 642 4213 1212 51 1229 3049 871 9818
internal_value=0.000439212 0.000661417 0.000287267 -0.00526983 0.00236331 0.00150522 -0.000549053 0.000844601 -0.000859645 0.000909604 -0.000998065 -0.0219995 0.000916836 -0.00164346
internal_weight=1834.94 1823.01 1798.09 322.646 191.13 1475.44 1132.31 1089 1012.44 958.649 858.813 70.8863 787.926 659.449
internal_count=62195 59524 59457 27919 18525 31538 24949 21085 20443 16230 15018 3100 11918 10689
is_linear=0
shrinkage=0.03


Tree=366
num_leaves=15
num_cat=0
split_feature=42 16 9 21 39 11 14 39 11 10 40 37 5 12
split_gain=18.4399 26.3086 22.9947 35.1014 30.62 16.4292 22.523 22.2171 48.6177 17.3598 32.3239 29.5422 26.2051 21.5148
threshold=4.3750000000000009 2.5496406250000008 0.59751559951333899 0.30686392166691417 196.49436038180559 26.157750000000004 -0.57584999999999986 620.72643510791681 25.605600000000006 0.36820476190475587 102.50000000000001 76.541666666666686 0.72899769042873708 3.3995875000000004
decision_type=2 2 2 2 8 2 2 10 2 2 10 10 2 2
left_child=1 -1 -3 4 -4 6 -2 9 -9 12 -11 -12 13 -8
right_child=5 2 3 -5 -6 -7 7 8 -10 10 11 -13 -14 -15
leaf_value=-0.053586129212257472 -0.033749629815272041 0.0062698381595671562 0.012037172322214676 0.0037675645123378598 -0.050567985685120775 0.024232359448494382 -0.00012956487404696291 -0.039323178409273636 0.002253479930292175 -0.032703147188320666 0.017507601750018566 -0.014180879662899078 -0.037813266828587953 0.010544280256608978
leaf_weight=10.161183783585271 15.480961548502817 72.661057195361423 8.6368914427002874 36.94962597853737 30.272125201314282 27.225315129529918 1061.3313104210183 36.37665573747654 78.116344787267735 13.945179842543437 183.96323235167074 30.129948545431944 14.38411531434758 201.35671775179799
leaf_count=20857 432 6107 114 501 6685 106 21252 660 301 372 1822 1275 471 1294
internal_value=0.000603749 -0.00913467 -0.00575541 -0.0172055 -0.0367177 0.00153829 0.00114584 0.00150001 -0.0111823 0.00247153 0.0100772 0.0130028 0.00110662 0.00157956
internal_weight=1820.99 158.681 148.52 75.8586 38.909 1662.31 1635.08 1619.6 114.493 1505.11 228.038 214.093 1277.07 1262.69
internal_count=62249 34264 13407 7300 6799 27985 27879 27447 961 26486 3469 3097 23017 22546
is_linear=0
shrinkage=0.03


Tree=367
num_leaves=15
num_cat=0
split_feature=15 9 11 38 8 32 23 9 30 19 22 5 5 29
split_gain=15.9903 44.889 48.0929 33.0914 36.5267 31.7454 34.3513 31.4501 46.511 37.7052 44.7462 31.8783 29.8464 42.1124
threshold=2.9451500000000004 0.61374945958852456 20.539000000000005 189.01004004597226 19.895824131944448 1.1365024305555558 3.2002000000000006 0.61026715554096544 0.0081481159420287528 3.8842500000000002 0.18638092948718041 0.6238122248912108 0.60603131542475608 0.007674709321298284
decision_type=2 2 2 10 2 2 2 2 2 2 2 2 2 2
left_child=1 2 -1 4 -3 -2 -7 8 -8 10 -9 -12 13 -10
right_child=5 3 -4 -5 -6 6 7 9 12 -11 11 -13 -14 -15
leaf_value=0.011809109560667674 0.015082745041397906 0.0023634045397018214 -0.023715143367996565 0.018761479843037568 -0.030150831692591844 -0.036262159067441332 -0.0065989008249675817 -0.028784038780792012 0.0055493956870914076 0.0025055534188801335 0.017010978270787736 -0.026818022608862305 0.016575797252674541 -0.041280860204477486
leaf_weight=43.756197456428197 145.31800804872137 174.41049705692035 149.38901236162673 83.73274019690507 36.812769452610951 21.731289554757041 235.79894196546388 103.41583836182849 250.61814756792705 205.83396491765893 44.761816498517874 21.179980916694831 261.90597372628235 17.559623368696293
leaf_count=904 1658 8701 21524 1782 4165 1475 8399 4827 3105 2329 513 412 1809 611
internal_value=0.000183953 -0.00444443 -0.0156479 0.00292 -0.00341867 0.00191302 0.00025563 0.000982238 0.0044667 -0.0061236 -0.0165644 0.00274313 0.00939221 0.0023411
internal_weight=1796.22 488.101 193.145 294.956 211.223 1308.12 1162.81 1141.07 765.883 375.192 169.358 65.9418 530.084 268.178
internal_count=62214 37076 22428 14648 12866 25138 23480 22005 13924 8081 5752 925 5525 3716
is_linear=0
shrinkage=0.03


Tree=368
num_leaves=15
num_cat=0
split_feature=42 16 11 19 33 42 38 37 32 19 11 38 38 11
split_gain=17.9239 30.562 20.4463 35.8955 23.5053 22.3036 39.9393 20.0821 18.7399 18.554 24.929 17.4607 14.0182 13.9672
threshold=6.3750000000000009 2.4425416666666671 22.392150000000004 3.6538500000000007 0.019598562470608292 2.6250000000000004 145.16932549125002 19.541666666666671 2.1591840277777785 4.2894000000000014 23.344500000000004 268.85826796250007 493.25401706083341 26.157750000000004
decision_type=2 2 2 2 2 2 8 10 2 2 2 10 10 2
left_child=1 -1 5 -4 11 6 -3 -6 9 10 -9 -5 -13 -2
right_child=13 2 3 4 7 -7 -8 8 -10 -11 -12 12 -14 -15
leaf_value=-0.037986100630005334 0.0019552010929881924 -0.054309377384441054 -0.03124453868659189 -0.02976030658343775 -0.062551768347539977 0.021195417610652904 0.017479257388394485 0.013040929117369685 -0.043532892842844353 0.013774391014256411 -0.045505086363912775 0.015428045071368046 -0.019386507642645313 0.025166595007297496
leaf_weight=23.04082038704064 1477.3798414960766 10.71292333002498 44.640086801820985 9.3128733761029689 6.1107389276271524 53.287774120018184 16.402607203281491 10.893072255735207 10.809235436305242 30.211464112052909 14.156614315920477 86.246854268149946 10.955011476413345 22.716312024887884
leaf_count=22491 20459 675 9782 1262 348 1061 1187 171 340 584 1586 1762 137 90
internal_value=0.000935886 -0.00542042 -0.00283353 -0.00749858 -0.00142574 0.0100575 -0.0118062 -0.0145333 -0.00922579 -0.00186074 -0.0205226 0.00750937 0.0113469 0.00232323
internal_weight=1826.88 326.78 303.739 223.336 178.696 80.4033 27.1155 72.1811 66.0704 55.2612 25.0497 106.515 97.2019 1500.1
internal_count=61935 41386 18895 15972 6190 2923 1862 3029 2681 2341 1757 3161 1899 20549
is_linear=0
shrinkage=0.03


Tree=369
num_leaves=15
num_cat=0
split_feature=11 16 23 29 11 21 24 11 11 15 9 32 4 40
split_gain=15.2796 27.3226 34.021 24.7485 23.962 22.2221 17.3121 30.2407 21.2257 29.0645 42.5232 59.8606 50.751 38.2109
threshold=20.860600000000002 2.2041437500000005 3.5743500000000004 0.0022635625143877952 20.442600000000002 0.23170768010142126 1.0012166666666669 21.545350000000003 21.580050000000004 3.3625500000000001 0.63283781250285653 1.1398003472222225 20.670801041666671 731.50000000000011
decision_type=2 2 2 2 2 2 2 2 2 2 2 2 2 8
left_child=3 2 -2 -1 -5 -3 -7 -8 -9 10 12 -12 -10 -14
right_child=1 5 -4 4 -6 6 7 8 9 -11 11 -13 13 -15
leaf_value=-0.042232916663128992 -0.033269719644118539 -0.038245255225646584 0.016190802646018795 -0.031454728568018328 0.021559625554895098 0.0080303471860858466 -0.037256967666858119 0.02385721654274962 -0.029722452454835863 0.0024678560685735822 0.022672544109840747 -0.028776624742236342 -0.016339500232859263 0.0055026913160992142
leaf_weight=6.0633630525844628 45.299936124960141 12.472796083590536 16.458167981186989 7.6390553017092762 76.028623426428567 231.24123527710935 19.19481522519277 31.035445965306508 98.807762671048749 864.17950183579421 81.142603896202218 26.123070936703925 136.13565588100573 151.17976724917287
leaf_count=2806 11759 1831 2272 244 1923 4873 1464 271 9021 11903 889 1545 7469 3963
internal_value=2.31005e-05 -0.000611916 -0.0200408 0.0120208 0.016405 0.000126314 0.000441456 -0.00080989 -0.00027963 -0.000848578 -0.00665061 0.00999275 -0.011288 -0.00486734
internal_weight=1803 1713.27 61.7581 89.731 83.6677 1651.51 1639.04 1407.8 1388.6 1357.57 493.389 107.266 386.123 287.315
internal_count=62233 57260 14031 4973 2167 43229 41398 36525 35061 34790 22887 2434 20453 11432
is_linear=0
shrinkage=0.03


Tree=370
num_leaves=15
num_cat=0
split_feature=11 11 11 16 7 32 9 39 38 9 23 9 33 38
split_gain=19.5076 26.8914 43.4316 39.7098 35.6977 29.6104 22.7827 22.03 23.5629 19.2528 64.1284 41.6875 34.621 33.1375
threshold=21.020700000000001 21.47935 21.580050000000004 2.257311458333334 21.395300000000002 0.92050885416666672 0.58675324899931247 29.717394774444447 64.350231493888899 0.61026715554096544 3.2002000000000006 0.62802514920697572 0.017427814897771232 40.104813317361113
decision_type=2 2 2 2 2 2 2 8 10 2 2 2 2 8
left_child=7 3 6 -2 -4 -5 -3 -1 -9 10 -6 -11 -13 -12
right_child=1 2 4 5 9 -7 -8 8 -10 11 13 12 -14 -15
leaf_value=-0.038683453971252925 -0.035065765911979317 -0.014265827559580063 -0.02687975498638074 0.014232324517782164 -0.031345245843724043 -0.040158243859304867 0.019185191700786142 0.018825851972622282 -0.024552111042880843 -0.014876512926727641 -0.034672620434237141 -0.033117393068002821 0.0059014436590651732 0.0051779924834168354
leaf_weight=6.5098306003582129 48.117097823346512 20.298251434933377 47.088241510165972 40.96374236111933 47.411110915580025 10.474230103549642 141.09267679892116 108.57114605641073 11.699052299090111 221.92689407826833 18.256681361639721 21.31884998254111 246.21694094788882 776.12174227921832
leaf_count=1082 9023 785 5842 356 5993 854 1829 4028 2852 7539 1166 1828 4129 14741
internal_value=0.000139471 -0.000740128 0.000241347 -0.0157712 -0.0014865 0.00260225 0.0149161 0.0114296 0.0144387 -0.000568802 0.00218179 -0.00529414 0.00268044 0.00421969
internal_weight=1766.07 1639.29 1539.73 99.5551 1378.34 51.438 161.391 126.78 120.27 1331.25 841.79 489.463 267.536 794.378
internal_count=62047 54085 43852 10233 41238 1210 2614 7962 6880 35396 21900 13496 5957 15907
is_linear=0
shrinkage=0.03


Tree=371
num_leaves=15
num_cat=0
split_feature=17 5 38 38 15 9 7 11 40 38 7 30 29 34
split_gain=14.6051 16.5119 31.4096 27.8803 26.5287 49.714 38.6403 26.2272 27.5877 22.3125 21.6901 22.2306 24.4723 21.2617
threshold=0.28694314433403917 0.60414911318401787 349.59659234111115 474.94920017277781 3.9128000000000003 0.58384131173452369 24.857850000000003 24.926950000000001 763.50000000000011 324.92116080722229 24.583700000000004 0.018599999999999811 0.012654686461827222 0.068319672619046964
decision_type=2 2 10 10 2 2 2 2 10 10 2 2 2 2
left_child=1 3 9 7 5 -4 -6 10 -9 -3 11 13 -13 -1
right_child=-2 2 4 -5 6 -7 -8 8 -10 -11 -12 12 -14 -15
leaf_value=-0.005390224769998583 -0.0081689747514846062 0.0050753178695497015 0.0098805774115378834 0.011755353978296506 0.017800231429196862 -0.036154689943078584 -0.022615559809644421 -0.035963933170939266 0.0050257588165584675 0.019459380160783225 0.024766065614164886 -0.021661532402868267 0.022519153097313453 0.0070479842503013458
leaf_weight=309.99534347750148 146.1523258260213 552.96546239296754 34.040413634148535 123.41249081951082 63.851834079910986 53.112209236160879 30.723707743065461 41.639652648525725 22.276082197681831 117.08573866875963 25.521707429425533 85.498581991790729 12.148381588161099 204.36609675912121
leaf_count=17013 4362 19740 223 653 367 1786 356 1142 339 652 92 4996 85 10164
internal_value=0.000893964 0.00168838 0.00461569 -0.0013364 -0.00642081 -0.0182659 0.00457155 -0.00365322 -0.0218207 0.00761406 -0.00180051 -0.00294697 -0.0159924 -0.000444189
internal_weight=1822.79 1676.64 851.779 824.858 181.728 87.1526 94.5755 701.446 63.9157 670.051 637.53 612.008 97.647 514.361
internal_count=61970 57608 23124 34484 2732 2009 723 33831 1481 20392 32350 32258 5081 27177
is_linear=0
shrinkage=0.03


Tree=372
num_leaves=15
num_cat=0
split_feature=20 11 12 27 23 38 23 19 38 38 39 9 11 38
split_gain=13.3303 15.13 14.9721 30.2257 47.8553 37.6491 37.3917 37.9609 52.8407 29.7605 32.283 29.2745 29.3641 27.267
threshold=2.0720659722222226 20.539000000000005 2.3826125 1.2375000000000003 3.2672500000000002 218.52907293416669 3.2883500000000003 3.3848500000000006 109.03384196458335 111.60826796250002 102.75278332055557 0.58675324899931247 21.786000000000005 92.800948855694458
decision_type=2 2 2 2 2 10 2 2 10 8 8 2 2 8
left_child=-1 -2 11 5 -5 9 -6 8 13 10 -4 -3 -13 -8
right_child=1 2 3 4 6 -7 7 -9 -10 -11 -12 12 -14 -15
leaf_value=-0.030457713084713605 0.018044018221524013 -0.034523330022234865 0.01323303129554956 -0.035086204985817764 0.025991067418812509 -0.026490890840204211 -0.034137825291342405 0.001334439611236541 -0.035729480554463254 0.017532995999696037 -0.030425869099743999 0.0018397269119552516 -0.025307229275547235 0.019854419240885938
leaf_weight=11.183756681050907 44.828756305054185 27.422992941360803 33.793739489768143 33.873939108502327 48.865548184782256 22.766084468456029 10.080493979504523 926.07587121369374 60.218162909108798 238.39202205053886 26.186675346947709 224.81898430045277 41.642108065210607 34.332104121585417
leaf_count=2688 331 5966 190 3509 170 1750 951 14715 5213 3307 1349 15018 6747 228
internal_value=0.000816215 0.00103051 0.000579074 0.00184347 -0.000497527 0.00993648 0.000619234 -0.000607665 -0.0176469 0.0127951 -0.00601425 -0.00557834 -0.00248151 0.00711773
internal_weight=1784.48 1773.3 1728.47 1434.58 1113.45 321.139 1079.57 1030.71 104.631 298.372 59.9804 293.884 266.461 44.4126
internal_count=62132 59444 59113 31382 24786 6596 21277 21107 6392 4846 1539 27731 21765 1179
is_linear=0
shrinkage=0.03


Tree=373
num_leaves=15
num_cat=0
split_feature=6 23 35 12 22 42 25 22 23 42 21 5 23 40
split_gain=13.4682 26.0412 20.4395 22.5835 22.2862 14.9549 25.4566 23.2922 18.8898 17.8756 16.85 34.0087 27.0898 23.1147
threshold=-0.26473095238095951 5.4826500000000005 1.5372000000000001 2.622429166666667 -0.11459884902679017 4.1250000000000009 1.0000000180025095e-35 0.21634803921568194 3.3460000000000005 3.3750000000000004 0.24396696901524301 0.66695362282524806 2.8271500000000005 562.50000000000011
decision_type=2 2 2 2 2 2 2 2 2 2 2 2 2 8
left_child=1 2 3 4 -1 6 -2 10 9 -8 11 13 -12 -7
right_child=5 -3 -4 -5 -6 7 8 -9 -10 -11 12 -13 -14 -15
leaf_value=0.01705680379078402 -0.04534632066489297 0.021365552128551513 -0.023964155836509127 0.011001935001680183 -0.027231522258883742 0.013350240183022248 -0.06371296364439602 0.011483639671484532 0.0016924512788531996 -0.00094167445680126639 -0.034930051584114712 -0.035199807752421639 -0.00078984190973057679 -0.0055303356643028392
leaf_weight=12.804654580767417 14.145620732016594 24.357349332318336 67.586535484874048 52.313271379660478 40.549049239104875 230.74470016221585 7.4431746004076995 200.9907449324819 89.771739109389046 7.9655372253114365 20.421392612579439 15.841007426590293 892.67199874163089 77.370598744810195
leaf_count=303 9013 157 2550 1538 6666 2548 10847 1144 5977 1101 2085 587 15021 2593
internal_value=0.000251871 -0.00710573 -0.0112081 -0.00290091 -0.0164843 0.00118942 -0.0089719 0.00203824 -0.00369894 -0.0332983 0.000495555 0.0063628 -0.00159077 0.0086066
internal_weight=1754.98 197.611 173.254 105.667 53.3537 1557.37 119.326 1438.04 105.18 15.4087 1237.05 323.956 913.093 308.115
internal_count=62130 11214 11057 8507 6969 50916 26938 23978 17925 11948 22834 5728 17106 5141
is_linear=0
shrinkage=0.03


Tree=374
num_leaves=15
num_cat=0
split_feature=42 11 38 22 21 5 28 11 39 12 11 1 38 17
split_gain=16.7562 15.4878 28.5935 22.0388 15.5595 35.0143 26.7758 24.4087 47.0311 28.2085 34.5138 22.8417 22.6683 21.8319
threshold=0.62500000000000011 26.157750000000004 1.7335950980555557 0.61520490196078459 0.24369373659252722 0.64078267342490414 2.3025145833333336 25.978700000000003 620.72643510791681 3.8970333333333342 24.550300000000004 0.45284876920148326 493.25401706083341 0.25663116399084945
decision_type=2 2 8 2 2 2 2 2 10 2 2 2 10 2
left_child=-1 2 -2 4 5 11 7 8 9 10 -6 12 -4 -7
right_child=1 -3 3 -5 6 13 -8 -9 -10 -11 -12 -13 -14 -15
leaf_value=-0.031280989256916691 -0.041972554676892121 0.021282579709285102 -0.026083971711597664 0.026762825325383675 -0.0012994742096168548 -0.032166746113913874 -0.032408770669872182 0.02083681650450311 -0.038681234709574012 0.015817847977297645 -0.036556246427747241 0.012051021388721456 0.026792209892012846 0.0084979533403215443
leaf_weight=14.127727216594165 13.453312921530935 30.47367124732591 27.754280375922008 27.072678967611864 1086.3063135568809 32.05946762783492 23.883519505441654 43.525402988307178 29.309275900843204 84.013787087038509 24.580666406033288 278.73729221658141 8.8826819062232953 18.004203740680396
leaf_count=20252 431 185 1681 217 29337 1675 240 56 867 303 848 5761 7 297
internal_value=0.000155374 0.000430325 4.36922e-05 0.000404039 -4.24876e-05 0.00541416 -0.00158933 -0.000983623 -0.0017758 -0.00083897 -0.00211178 0.00912171 -0.0128928 -0.0176626
internal_weight=1742.18 1728.06 1697.58 1684.13 1657.06 365.438 1291.62 1267.74 1224.21 1194.9 1110.89 315.374 36.637 50.0637
internal_count=62157 41905 41720 41289 41072 9421 31651 31411 31355 30488 30185 7449 1688 1972
is_linear=0
shrinkage=0.03


Tree=375
num_leaves=15
num_cat=0
split_feature=21 5 37 34 38 7 5 21 22 37 37 36 37 33
split_gain=18.0524 22.9015 21.5193 19.5247 37.5249 37.7233 24.0763 18.0256 16.5271 37.5102 55.7664 32.0255 39.1062 38.0302
threshold=0.24452820727379745 0.66695362282524806 145.04166666666669 0.056858997493734624 474.94920017277781 21.469500000000004 0.5841529166799323 0.24325444729718185 0.11664333333333364 50.291666666666671 3.791666666666667 1.0000000180025095e-35 29.291666666666671 0.022294853719797014
decision_type=2 2 8 2 10 2 2 2 2 10 8 2 10 2
left_child=1 2 3 -1 5 6 -5 -3 9 10 -2 13 -13 -10
right_child=8 7 -4 4 -6 -7 -8 -9 11 -11 -12 12 -14 -15
leaf_value=0.013857532638128198 0.011342540011482894 -0.037149564688023287 -0.030598146995368163 -0.035191601193695701 0.020518454326437025 -0.034283697243109035 0.016929423150011377 0.010102705767369101 0.019916759277509483 -0.0012497149554657942 -0.032515280992267623 -0.015968522862564106 0.0025818102162624449 -0.011204248043750068
leaf_weight=248.63485666067436 36.367435971901273 18.144223714850686 11.848797866946141 9.1689167093245469 47.723774971716921 37.822585367366401 36.263857917187465 11.141558465543765 142.41152955108794 486.49443479809531 87.711560705870397 135.10897270060821 410.69066796937932 46.169044208975947
leaf_count=6438 682 1583 1977 1221 53 3342 945 253 897 24702 8593 2793 7182 1346
internal_value=0.000320804 0.00573656 0.00766423 0.00893575 -0.000441358 -0.0125569 0.00587936 -0.0194328 -0.00137644 -0.00501962 -0.0196727 0.00165526 -0.002031 0.0122787
internal_weight=1765.7 420.749 391.463 379.614 130.979 83.2554 45.4328 29.2858 1344.95 610.573 124.079 734.38 545.8 188.581
internal_count=62007 15812 13976 11999 5561 5508 2166 1836 46195 33977 9275 12218 9975 2243
is_linear=0
shrinkage=0.03


Tree=376
num_leaves=15
num_cat=0
split_feature=39 8 19 38 42 16 12 38 21 27 8 10 32 37
split_gain=18.2869 49.8478 28.9687 45.4123 22.0208 24.0407 23.2086 47.0562 38.6268 26.5409 68.7358 22.2526 30.7981 28.4506
threshold=620.72643510791681 23.880229513888892 4.5264000000000015 510.00549073458336 3.6250000000000004 2.5658229166666673 3.3403291666666672 425.4241100033334 0.24464694079480159 1.7793000000000003 22.750129166666671 0.36820476190475587 1.3939020833333335 26.291666666666671
decision_type=10 2 2 10 2 2 2 10 2 2 2 2 2 10
left_child=2 -2 3 4 5 -1 7 11 -9 -8 -11 13 -13 -6
right_child=1 -3 -4 -5 6 -7 9 8 -10 10 -12 12 -14 -15
leaf_value=-0.065004878478353026 -0.039413331424286588 0.0013041510760713625 0.0180545030894055 -0.040153926417301693 -0.012836368919093954 -0.0086061585014434363 0.020287928530977394 0.0097580707256216034 -0.042117160362012324 -0.036231313433926722 0.014767348181548656 0.015150951634061228 -0.026286723055150559 0.0019151283118424424
leaf_weight=6.494300452761137 36.656382955219669 95.947676846695686 87.694016814784845 23.431968956034325 136.63752232387924 79.938945753987525 121.03609118403256 18.433030838172272 39.785473831206218 32.320168827898669 82.118738321347337 165.78495817455496 16.961369222320172 810.07523501959827
leaf_count=19276 1480 700 453 453 5166 10514 366 189 450 684 518 2966 600 18108
internal_value=0.000506238 -0.0101623 0.00138485 0.000420141 0.0010761 -0.0135388 0.0019726 0.000263497 -0.0258051 0.0105553 0.00017507 0.00162885 0.0111828 -0.000225229
internal_weight=1753.32 132.604 1620.71 1533.02 1509.59 86.4332 1423.15 1187.68 58.2185 235.475 114.439 1129.46 182.746 946.713
internal_count=61923 2180 59743 59290 58837 29790 29047 27479 639 1568 1202 26840 3566 23274
is_linear=0
shrinkage=0.03


Tree=377
num_leaves=15
num_cat=0
split_feature=19 16 11 11 22 11 11 19 16 10 38 34 37 38
split_gain=14.4933 18.0153 15.0273 19.7245 53.6901 38.2452 32.5749 20.7359 40.8065 25.4874 24.6042 22.9275 37.7391 29.1694
threshold=2.6115500000000007 2.0480312500000006 20.539000000000005 21.47935 0.14993754901960785 21.580050000000004 21.727550000000004 2.8268500000000008 2.4178375000000005 0.42382190789473234 152.74521737347223 0.080162932692308259 20.291666666666671 510.00549073458336
decision_type=2 2 2 2 2 2 2 2 2 2 10 2 10 8
left_child=1 -1 -2 4 -4 -5 -7 10 9 -9 -8 13 -13 -10
right_child=2 -3 3 5 -6 6 7 8 11 -11 -12 12 -14 -15
leaf_value=0.0087769641077424104 0.017124355216514908 -0.037549401897332468 -0.029077938656164516 0.015407109770340939 0.011051685422961543 -0.035058547122415545 -0.02444373222855846 -0.035070897446646161 0.0024967056895503085 0.018177981754411585 0.023158175282742 -0.045855172133542468 -0.0041580381748699841 -0.03831131443730719
leaf_weight=11.760873116953521 47.451688792350524 18.632710450176035 67.265994189839489 150.44139536151124 52.797610587921213 23.078262157625204 10.762966317414223 45.191227853649366 1078.4096869963864 9.1522959338791434 60.739678036524879 22.113393698583479 127.90526979721511 15.000337595669405
leaf_count=1422 557 4811 12487 2386 530 2643 2290 4588 20762 288 1247 1208 6593 264
internal_value=0.000284833 -0.0199147 0.000655223 0.000175247 -0.0114855 0.00108957 -0.000467368 0.000140804 -0.000730926 -0.0259365 0.0157546 0.000390631 -0.0105673 0.00190237
internal_weight=1740.7 30.3936 1710.31 1662.86 120.064 1542.79 1392.35 1369.27 1297.77 54.3435 71.5026 1243.43 150.019 1093.41
internal_count=62076 6233 55843 55286 13017 42269 39883 37240 33703 4876 3537 28827 7801 21026
is_linear=0
shrinkage=0.03


Tree=378
num_leaves=15
num_cat=0
split_feature=42 19 25 35 4 23 6 19 21 33 9 39 10 11
split_gain=20.56 20.6905 21.7201 17.147 33.7692 23.5141 21.3385 22.2536 19.8023 20.9071 31.6833 40.5302 50.2073 39.2748
threshold=3.1250000000000004 3.2359500000000003 1.0000000180025095e-35 0.94135000000000013 19.721765625 2.8757500000000005 0.041340000000000647 2.6819500000000005 0.28191973142533372 0.015448988954641918 0.62462499992181508 302.42198755208341 0.39826215909090912 22.626200000000001
decision_type=2 2 2 2 2 2 2 2 2 2 2 10 2 2
left_child=1 -1 -3 6 -5 -6 7 -2 9 -7 11 12 -11 -13
right_child=3 2 -4 4 5 8 -8 -9 -10 10 -12 13 -14 -15
leaf_value=-0.056308232266370987 -0.037660938011187022 -0.050773469546876886 -0.0031225472347595406 -0.039057990306380769 -0.035679162315165207 0.0043950662888199658 0.01470947858599613 0.0034210799792082853 0.014396611671245072 -0.031583310660583203 0.00512939268073962 0.021027695680406341 0.014120799398986399 -0.0066610478651663854
leaf_weight=8.3751404104597196 14.004117128466076 8.8282018759513772 70.755028098199261 19.136251853918111 15.355061373058559 491.62122681525761 152.8791574706338 56.119518660178528 85.502310824056622 103.46071661526526 255.47144592069799 52.402901928267966 26.654650635226062 336.97240389265153
leaf_count=19751 2158 4134 5622 2108 860 5345 4118 2146 714 5592 2932 344 611 5691
internal_value=-2.24869e-05 -0.0140624 -0.00897296 0.000753004 -0.00049082 7.70447e-05 0.00845446 -0.00519741 0.000509181 -0.000438925 -0.00350723 -0.00775618 -0.0221844 -0.00289032
internal_weight=1697.54 87.9584 79.5832 1609.58 1386.58 1367.44 223.003 70.1236 1352.09 1266.58 774.962 519.491 130.115 389.375
internal_count=62126 29507 9756 32619 24197 22089 8422 4304 21229 20515 15170 12238 6203 6035
is_linear=0
shrinkage=0.03


Tree=379
num_leaves=15
num_cat=0
split_feature=14 23 21 16 5 17 8 17 16 24 38 23 11 16
split_gain=18.6817 13.2415 16.2646 17.1398 18.4167 16.518 15.0879 18.1512 17.7633 14.1552 13.5868 12.051 12.0015 18.4902
threshold=-0.18104772727272672 3.4864500000000005 0.2582239791612157 2.0399864583333338 0.47013939461685611 0.27113233341238618 21.291978645833336 0.22222768492465481 2.9687822916666673 1.7633166666666671 214.61629482694448 5.3817500000000011 20.539000000000005 2.2041437500000005
decision_type=2 2 2 2 2 2 2 2 2 2 10 2 2 2
left_child=1 2 3 -1 -5 10 -3 -8 -9 -10 -4 -11 -2 -14
right_child=12 6 5 4 -6 -7 7 8 9 11 -12 -13 13 -15
leaf_value=0.024493419572293243 0.017142294502753955 0.015621836717043988 0.014691136724579055 0.022233405568215084 -0.031908309912545618 -0.024880714615052257 -0.038774278157578168 -0.035755880159527402 0.0087746096683592838 -0.020653107763935023 -0.032259916905870732 0.01109440917498594 -0.014312165962025881 0.0025771729495562066
leaf_weight=5.6053002129846154 46.601114917720224 39.824135430280194 38.734436255055016 5.5389400763664289 59.359739496730583 18.289843116551822 12.014562263527294 11.665913882179664 85.202595362338798 34.844428456450714 5.4883601718939863 14.629127619584322 60.131968537703187 1281.4071295358995
leaf_count=136 770 895 1333 157 7654 962 489 868 1168 1090 380 84 13514 32556
internal_value=0.000808825 -0.00558281 -0.0128665 -0.0226394 -0.0270202 -0.00166132 -0.000654039 -0.0048195 -0.00178761 0.00139664 0.00827968 -0.0112317 0.00233673 0.00181004
internal_weight=1719.34 331.197 133.017 70.504 64.8987 62.5126 198.181 158.357 146.342 134.676 44.2228 49.4736 1388.14 1341.54
internal_count=62056 15216 10622 7947 7811 2675 4594 3699 3210 2342 1713 1174 46840 46070
is_linear=0
shrinkage=0.03


Tree=380
num_leaves=15
num_cat=0
split_feature=42 16 11 19 4 23 39 37 10 22 39 22 33 33
split_gain=18.3532 25.021 23.8263 33.5111 27.1758 25.5172 30.7203 23.8065 20.0159 17.6849 13.9741 13.552 25.7281 22.9341
threshold=5.8750000000000009 2.5496406250000008 22.392150000000004 3.7315500000000008 21.922067708333334 4.4145500000000011 620.72643510791681 92.291666666666686 0.59381454545454659 0.31093901098901028 492.21863508277784 -0.11459884902679017 0.028352189862520975 0.0050827590271821654
decision_type=2 2 2 2 2 2 10 10 2 2 10 2 2 2
left_child=1 -1 -3 8 -5 7 -7 -6 -4 11 -9 -2 13 -13
right_child=9 2 3 4 5 6 -8 10 -10 -11 -12 12 -14 -15
leaf_value=-0.035335780837698852 0.017001902261000595 0.013005175295970471 -0.042230054252623571 0.02387029279681193 -0.042486034491199469 0.015581045032614319 -0.030535655782040736 0.015897680779658439 0.013136621150479486 0.015234696317573885 -0.034299026428198522 -0.010355140753654969 -0.036684290225641868 0.002430271097149841
leaf_weight=23.744979205915627 45.949361996736116 57.812127513008818 33.157038283533836 28.072339981063578 27.813934221553382 48.998626571396926 16.57941946993833 14.428358310352452 6.6076531267935925 84.311043594963849 6.3784561171873966 140.36919950391894 15.450634798685313 1181.7205803299057
leaf_count=24224 1088 931 9040 382 1670 728 1279 418 78 586 859 2492 1785 16410
internal_value=0.000667887 -0.00660572 -0.00362654 -0.00895074 -0.00206456 -0.00859173 0.00363831 -0.0248281 -0.0329333 0.00197772 -0.000357629 0.0011594 0.000602861 0.00106602
internal_weight=1731.39 263.593 239.848 182.036 142.271 114.199 65.578 48.6207 39.7647 1467.8 20.8068 1383.49 1337.54 1322.09
internal_count=61970 39609 15385 14454 5336 4954 2007 2947 9118 22361 1277 21775 20687 18902
is_linear=0
shrinkage=0.03


Tree=381
num_leaves=15
num_cat=0
split_feature=17 36 7 22 42 25 33 19 39 16 9 20 33 24
split_gain=15.6404 17.024 16.4709 15.0578 20.519 33.1621 15.0493 28.3567 35.5706 55.1261 34.0852 34.4567 29.3619 28.4625
threshold=0.30579639944098941 2.5000000000000004 20.580100000000005 0.40447362996480651 4.8750000000000009 3.8857805861880484e-16 0.015448988954641918 2.6819500000000005 246.0863782843056 2.8439218750000004 0.61026715554096544 3.485758680555556 0.0050827590271821654 1.5373750000000002
decision_type=2 2 2 2 2 2 2 2 10 2 2 2 2 2
left_child=3 2 -2 6 5 -5 7 -1 -9 -10 12 -12 13 -11
right_child=1 -3 -4 4 -6 -7 -8 8 9 10 11 -13 -14 -15
leaf_value=-0.032936862423282191 0.014356331281118512 0.013107225614951598 -0.032060320517164856 -0.02840875277141713 0.027647387136168194 0.022474781623891771 -0.0020760399170729575 0.015598748063148938 -0.031568867983961808 0.016642392456593973 -0.044047259383569584 0.0044549503503569579 0.016132473867706325 -0.013252932797098436
leaf_weight=17.188679943860393 7.807595790269942 14.263288820580781 36.625082054875747 20.650219792054486 42.413428749423474 23.657285212306306 976.49497563802538 192.98515458562645 43.486609480393099 42.583615545609064 23.801623025841309 27.784872981360877 166.27502179394105 82.806260219332216
leaf_count=4144 121 307 1014 315 321 183 37958 8275 4258 393 939 405 1190 2248
internal_value=0.000349894 -0.0147375 -0.0237676 0.000891879 0.0129887 -0.0013439 0.000217317 0.00396624 0.00511525 -0.000142837 0.00391867 -0.0183357 0.00790398 -0.00304884
internal_weight=1718.82 58.696 44.4327 1660.13 86.7209 44.3075 1573.41 596.912 579.723 386.738 343.251 51.5865 291.665 125.39
internal_count=62071 1442 1135 60629 819 498 59810 21852 17708 9433 5175 1344 3831 2641
is_linear=0
shrinkage=0.03


Tree=382
num_leaves=15
num_cat=0
split_feature=18 42 20 39 19 32 16 42 37 21 40 23 40 6
split_gain=13.9676 14.2577 20.2733 18.6338 27.7304 21.1286 21.9193 19.8698 18.5349 27.1689 16.5684 18.2058 15.9691 35.539
threshold=0.46536019607843149 6.1250000000000009 2.2024039930555559 620.72643510791681 4.5264000000000015 1.1447135416666667 2.4475583333333337 2.6250000000000004 146.04166666666669 0.27549433083190294 456.50000000000006 4.341800000000001 731.50000000000011 -0.26473095238095951
decision_type=2 2 2 8 2 2 2 2 8 2 10 2 10 2
left_child=1 2 -1 4 5 6 -4 -7 12 -10 11 -9 13 -3
right_child=-2 8 3 -5 -6 7 -8 10 9 -11 -12 -13 -14 -15
leaf_value=-0.055074669819728556 0.016250386946590169 -0.019389379785667162 -0.033256113437166619 -0.027246161381281508 0.02128207275727213 -0.03738799809488795 0.017628121441211422 -0.037667760503369188 -0.019788187314583011 0.016371747542966924 -0.00041843987343045372 0.0096714082784414134 0.007102545756662324 0.0016715940385686984
leaf_weight=6.5168551539989599 46.988360690913396 77.967032527410083 8.1759420439535102 29.182345466212723 37.049219814465687 23.341296653759173 45.081822757616919 25.268962788044291 77.539477967237872 23.710296529941843 86.010098384073444 9.6466618937211006 388.7897704449806 829.32820088634071
leaf_count=11522 233 2461 8775 1893 276 12003 492 1893 3127 349 3529 172 3802 11605
internal_value=0.000293294 -0.0001658 -0.00645991 -0.00505526 -0.00219065 -0.00667839 0.0093476 -0.0126182 0.00105536 -0.0112431 -0.00756964 -0.0246835 0.00202404 -0.000157603
internal_weight=1714.6 1667.61 270.273 263.756 234.574 197.525 53.2578 144.267 1397.33 101.25 120.926 34.9156 1296.09 907.295
internal_count=62132 61899 40555 29033 27140 26864 9267 17597 21344 3476 5594 2065 17868 14066
is_linear=0
shrinkage=0.03


Tree=383
num_leaves=15
num_cat=0
split_feature=42 16 25 21 37 10 12 11 42 34 16 9 3 35
split_gain=14.6115 27.314 16.8365 15.4675 26.0984 44.9315 22.9128 29.3545 19.6187 31.9247 22.8687 18.0709 16.9758 28.3234
threshold=3.1250000000000004 2.6648541666666672 1.0000000180025095e-35 0.27325836715167201 146.04166666666669 -0.011485317460322145 2.8582791666666671 22.001300000000004 6.8750000000000009 0.049334285714285643 2.6648541666666672 0.64461821742991898 24.551400000000005 2.0045500000000005
decision_type=2 2 2 2 8 2 2 2 2 2 2 2 2 2
left_child=1 -1 -3 4 8 -6 7 -5 9 10 -2 -11 13 -10
right_child=3 2 -4 6 5 -7 -8 -9 12 11 -12 -13 -14 -15
leaf_value=-0.057871157043835976 -0.034244352558161571 -0.038916980318091203 0.00032531438914760438 0.0099860253371648645 0.0084025894940238082 -0.035035005129184921 0.018263096335343381 -0.024411210605716566 0.0022115449856869797 -0.027582923444290516 0.0076228508212497466 0.015389076431802111 0.012409786830409639 -0.027986858076093815
leaf_weight=8.9900648368669618 12.323087718001259 10.445346627547279 70.030269728969017 65.273331647744726 38.003393529728783 47.22132054297208 110.20140419020026 32.679946623008618 966.08827434512932 68.586719580991712 98.224273254425498 9.4325932423835166 141.62230970803648 27.786518573295325
leaf_count=19512 1743 4451 5432 1031 465 4515 595 1983 13355 6734 846 377 432 314
internal_value=0.000674901 -0.0110589 -0.00518328 0.00133036 0.000200382 -0.0157925 0.00894324 -0.00162057 0.00124092 -0.00769505 0.00269062 -0.0222586 0.00273034 0.00133998
internal_weight=1706.91 89.4657 80.4756 1617.44 1409.29 85.2247 208.155 97.9533 1324.06 188.567 110.547 78.0193 1135.5 993.875
internal_count=61785 29395 9883 32390 28781 4980 3609 3014 23801 9700 2589 7111 14101 13669
is_linear=0
shrinkage=0.03


Tree=384
num_leaves=15
num_cat=0
split_feature=38 38 8 17 38 20 39 7 39 32 11 38 19 11
split_gain=15.0928 47.0348 35.4892 31.5464 38.9933 22.7483 33.0766 32.0048 30.5699 25.0883 48.094 24.3576 32.3017 39.4596
threshold=474.94920017277781 446.80790493708338 24.138875694444447 0.24526001323633015 493.25401706083341 4.3809588541666677 620.72643510791681 24.695000000000004 542.73208670847237 1.8754604166666666 23.990900000000003 430.19372457611115 3.8431000000000002 23.528900000000004
decision_type=8 10 2 2 10 2 10 2 10 2 2 10 2 2
left_child=1 2 5 4 -2 6 7 8 9 10 11 12 13 -1
right_child=3 -3 -4 -5 -6 -7 -8 -9 -10 -11 -12 -13 -14 -15
leaf_value=0.00092605542520552005 0.004357249330476984 -0.037912192413384019 -0.041638168599889586 0.014891400923574397 -0.040220369601543508 0.021221175357111304 -0.028998335880265399 0.02156303988350473 -0.029548348138338513 0.027376099847158927 -0.037943487656807953 -0.035372181182923582 0.020413895848555619 -0.028705509886492925
leaf_weight=1031.4856757948278 68.802994893834693 29.159597291036789 17.226480655612249 164.13423542775672 22.685640133178822 45.089314860015293 33.993453319376613 61.172099369110583 30.756255474222144 28.969331830044212 28.961309528610855 15.741686489770471 71.810050587413571 41.096159411370081
leaf_count=49149 738 974 281 1176 290 167 1461 297 1208 195 2325 360 857 2725
internal_value=0.000354204 -0.000843211 -4.81946e-05 0.00705543 -0.00701163 0.000497162 -0.000213368 0.000555133 -0.000490346 0.000267009 -0.000415885 0.000552817 0.00107743 -0.000234964
internal_weight=1691.08 1435.46 1406.3 255.623 91.4886 1389.08 1343.99 1309.99 1248.82 1218.06 1189.09 1160.13 1144.39 1072.58
internal_count=62203 59999 59025 2204 1028 58744 58577 57116 56819 55611 55416 53091 52731 51874
is_linear=0
shrinkage=0.03


Tree=385
num_leaves=15
num_cat=0
split_feature=17 34 22 38 22 34 20 11 3 22 38 11 11 22
split_gain=14.3 15.9206 14.5327 14.6818 23.9205 12.1495 12.2735 17.9461 19.948 20.0712 13.8745 26.0916 48.1922 41.5079
threshold=0.28890862103673937 0.051315796621678574 0.5369820175438581 17.945414688472226 -0.17756944444444062 0.1095806630546957 2.0720659722222226 20.539000000000005 20.408150000000003 0.28306659090909164 21.694921626944446 21.539300000000004 21.580050000000004 0.14272889860139878
decision_type=2 2 2 8 2 2 2 2 2 2 10 2 2 2
left_child=2 -2 3 4 -1 6 -5 -8 9 -9 -10 13 -13 -12
right_child=1 -3 -4 5 -6 -7 7 8 10 -11 11 12 -14 -15
leaf_value=0.009268996289601622 0.0017232502685516442 -0.019733907202072316 0.018500520430643496 -0.030134258779457468 -0.03750539160641049 -0.037010726719319445 0.021829196582299148 -0.028708220377848821 0.015271786194792084 0.023523607549485039 -0.03623044858974224 0.023938510289900169 0.00048928576099339287 0.011681666180990317
leaf_weight=16.852596007329566 60.296168195956227 62.994155662750188 41.805421803146601 9.9986447723470047 21.597010873110975 6.4325876951972978 37.733935320254432 34.14803563966484 64.111350677268774 7.3577231820672742 39.625525416464143 83.510742849371582 1184.4207356447168 26.501393038612377
leaf_count=1913 1683 2220 489 2414 2058 2524 261 7076 887 23 7496 545 32302 290
internal_value=0.000486377 -0.00931067 0.00125915 0.000776996 -0.0172887 0.00125324 0.00144347 0.00167742 0.00113446 -0.0191135 0.00174876 0.00108793 0.00205139 -0.0171409
internal_weight=1697.39 123.29 1574.1 1532.29 38.4496 1493.84 1487.41 1477.41 1439.68 41.5058 1398.17 1334.06 1267.93 66.1269
internal_count=62181 3903 58278 57789 3971 53818 51294 48880 48619 7099 41520 40633 32847 7786
is_linear=0
shrinkage=0.03


Tree=386
num_leaves=15
num_cat=0
split_feature=36 10 22 38 22 22 33 11 23 17 38 29 38 4
split_gain=16.221 51.3593 41.7228 22.9956 20.0531 19.0571 25.3762 27.8154 34.19 24.8432 36.1356 30.1506 27.3903 29.1487
threshold=3.5000000000000004 0.22899641608391647 0.070832764294529157 1.7335950980555557 0.40447362996480651 -0.11459884902679017 0.023172743689639737 24.898850000000003 5.2186000000000012 0.2284920834383404 228.51004004597226 0.0034794183398132394 493.25401706083341 19.147446875000004
decision_type=2 2 2 8 2 2 2 2 2 2 8 2 10 2
left_child=3 2 -2 -1 5 -5 7 -7 -9 10 11 -8 13 -11
right_child=1 -3 -4 4 -6 6 9 8 -10 12 -12 -13 -14 -15
leaf_value=-0.039446494609353129 -0.032403697353883563 -0.018760473286878035 0.021694599894257181 0.016980497807895817 0.01402905692355309 0.0012111387460755419 0.020195829670031282 -0.036693798493707887 0.0013806854336748178 0.016588010219552456 -0.039861332897062174 -0.039876511186395437 0.0096384105459419497 -0.03350612958310991
leaf_weight=12.571896210269896 13.227901744767392 46.766469083483628 140.39583792812573 49.778832080151915 82.915238565306936 1086.2282895930466 52.492959786931493 39.202773016620995 44.821237202573684 11.324180544590858 14.138289763494809 7.8017163375668579 21.609225750325095 83.163317617175153
leaf_count=438 1510 2841 1192 2758 897 35281 1776 1377 307 714 1268 875 187 10767
internal_value=0.000496443 0.00849281 0.016857 -0.000572458 -0.000219045 -0.00106592 -0.00173806 -8.12322e-05 -0.0166062 -0.0118609 0.0016693 0.0118991 -0.0204757 -0.0273916
internal_weight=1706.44 200.39 153.624 1506.05 1493.48 1410.56 1360.78 1170.25 84.024 190.53 74.433 60.2947 116.097 94.4875
internal_count=62188 5543 2702 56645 56207 55310 52552 36965 1684 15587 3919 2651 11668 11481
is_linear=0
shrinkage=0.03


Tree=387
num_leaves=15
num_cat=0
split_feature=42 15 24 9 11 23 11 28 38 32 38 22 22 5
split_gain=15.3734 16.6665 31.2483 24.5304 36.0085 22.0076 21.0029 20.5643 27.4772 18.1245 17.7863 13.6046 27.5402 20.7342
threshold=1.8750000000000002 2.7603500000000003 1.0072500000000002 0.61560543812443713 20.539000000000005 3.0244000000000004 21.913700000000002 1.0195385416666669 42.067535058750003 0.79958194444444464 29.362645223750004 -0.11459884902679017 -0.0079977777777767035 0.59092952248875708
decision_type=2 2 2 2 2 2 2 2 10 2 10 2 2 2
left_child=-1 3 -3 4 -2 -4 7 8 9 10 -5 -7 13 -13
right_child=1 2 5 6 -6 11 -8 -9 -10 -11 -12 12 -14 -15
leaf_value=-0.017221114620727146 0.0067444284707684887 0.015648783130653082 -0.031061464035682721 -0.027500871510911819 -0.032066095433039787 0.023426822632959584 -0.031204329736424931 0.02350745734573069 -0.022298976006750269 0.020184313622242624 0.024674588633616098 -0.002592086991319804 0.0017779453099465599 -0.034917062243994469
leaf_weight=42.955135799111531 32.725516582390583 136.31126326012918 18.499975563004682 17.44527759040739 60.168411350013002 23.00132582709125 15.558645943071268 36.784776299160512 38.284321602170053 45.069559313072318 7.7273256172938991 39.455902402285801 1110.9469423322398 31.892538269973556
leaf_count=24878 512 1545 1288 715 9267 36 2559 391 2793 314 173 666 16267 701
internal_value=0.000284405 0.000760711 0.00207841 -0.00628223 -0.0184674 0.000555343 0.000824655 0.00444387 -0.00217332 0.00895487 -0.0111536 0.00106597 0.000611517 -0.0173242
internal_weight=1656.83 1613.87 1360.11 253.764 92.8939 1223.8 160.87 145.311 108.526 70.2422 25.1726 1205.3 1182.3 71.3484
internal_count=62105 37227 20503 16724 9779 18958 6945 4386 3995 1202 888 17670 17634 1367
is_linear=0
shrinkage=0.03


Tree=388
num_leaves=15
num_cat=0
split_feature=39 20 37 15 42 39 22 22 5 37 13 24 15 5
split_gain=12.1034 47.1263 24.0222 22.0399 22.3406 17.7135 29.081 17.708 17.2773 17.7549 14.1331 30.8919 26.0107 23.7013
threshold=620.72643510791681 4.3809588541666677 74.291666666666686 4.5091500000000009 2.8750000000000004 29.717394774444447 0.26403699054621771 -0.17756944444444062 0.54427479478321461 112.54166666666669 0.25848396381293764 1.7633166666666671 3.9407000000000005 0.53172957358667794
decision_type=10 2 10 2 2 8 2 2 2 10 2 2 2 2
left_child=3 -2 -3 4 8 7 10 -6 -1 -10 -7 12 13 -12
right_child=1 2 -4 -5 5 6 -8 -9 9 -11 11 -13 -14 -15
leaf_value=-0.04827213505162202 -0.037173123345838804 -0.01426215205576109 0.015801358051995142 0.019536786819919993 0.0035462559882910548 0.0021671083962474381 0.016871908696384878 -0.033897101615625695 -0.027710046773514942 0.0083571062617412272 0.011718368515268699 -0.035259676748792573 0.027841688786164803 -0.0091118885282869249
leaf_weight=12.113103968697798 36.371137174973228 41.813938099519874 53.244066495068182 53.629310320549848 20.011059520387789 940.80002013100261 101.52830774283211 24.800276491743034 22.661619244635858 24.816110116282204 61.465197882586608 26.806544131944975 22.899493739241734 230.95799225242786
leaf_count=6196 1494 292 390 190 1443 19987 639 1402 15902 5414 1332 562 54 6768
internal_value=7.51264e-05 -0.0086287 0.00256627 0.000821853 0.000135073 0.00089085 0.00149712 -0.0174639 -0.0177075 -0.00907461 0.0002682 -0.00494459 -0.00226409 -0.00470851
internal_weight=1673.92 131.429 95.058 1542.49 1488.86 1429.27 1384.46 44.8113 59.5908 47.4777 1282.93 342.129 315.323 292.423
internal_count=62065 2176 682 59889 59699 32187 29342 2845 27512 21316 28703 8716 8154 8100
is_linear=0
shrinkage=0.03


Tree=389
num_leaves=15
num_cat=0
split_feature=38 8 38 20 39 38 7 11 8 38 19 19 36 23
split_gain=13.3192 38.2674 32.6047 30.2408 37.8066 27.8301 25.3317 38.9333 40.3174 43.6147 68.0466 37.7872 36.6636 37.2159
threshold=474.94920017277781 24.138875694444447 446.80790493708338 4.3809588541666677 620.72643510791681 1.7335950980555557 24.695000000000004 23.609100000000002 21.814630034722224 349.59659234111115 3.6908000000000007 3.5897500000000004 1.5000000000000002 3.9186000000000005
decision_type=8 2 8 2 10 10 2 2 2 8 2 2 2 2
left_child=1 2 3 4 5 -1 7 8 9 11 -11 -7 -9 -14
right_child=-2 -3 -4 -5 -6 6 -8 12 -10 10 -12 -13 13 -15
leaf_value=-0.0432956944286167 0.0065604207620726289 -0.042473182099040101 -0.030518810922094144 0.023513396631148195 -0.033337050681649764 -6.1696638456571208e-05 0.02109438116604925 -0.033447871169933439 0.02138915769218587 -0.041670329544179902 0.0181560317820877 0.020824916011615954 -0.038142334463672101 0.0079662454090592225
leaf_weight=12.070832471566517 249.52731234682778 18.68938928829084 30.536821696117386 47.852705252051237 29.860527931249862 847.15016141358979 51.581903524309382 56.266681021542979 85.789526756703822 50.07849803055376 25.025930242935829 84.856325408050907 19.397929446398109 68.267489728316264
leaf_count=476 2187 369 854 157 1500 45880 287 3400 861 2389 193 677 1135 1786
internal_value=0.000180201 -0.000938933 -0.00035817 0.000331745 -0.000519137 0.000259433 0.000700751 -0.000166116 0.00176986 7.90513e-05 -0.0217587 0.00186025 -0.0147771 -0.00255142
internal_weight=1676.95 1427.42 1408.74 1378.2 1330.35 1300.49 1288.41 1236.83 1092.9 1007.11 75.1044 932.006 143.932 87.6654
internal_count=62151 59964 59595 58741 58584 57084 56608 56321 50000 49139 2582 46557 6321 2921
is_linear=0
shrinkage=0.03


Tree=390
num_leaves=15
num_cat=0
split_feature=12 7 24 23 23 19 22 38 8 16 40 10 22 37
split_gain=14.6227 44.6228 33.9045 42.3991 37.6371 56.233 36.5063 28.9307 25.8217 51.0701 21.9621 21.8108 28.7473 30.0342
threshold=2.4836958333333334 21.469500000000004 1.2374083333333339 3.2672500000000002 3.3027500000000005 3.3848500000000006 -0.11459884902679017 214.61629482694448 21.315201562500004 2.9298531250000006 811.50000000000011 0.24518297619046961 0.31093901098901028 34.541666666666671
decision_type=2 2 2 2 2 2 2 10 2 2 8 2 2 10
left_child=1 10 7 -4 -5 6 -6 -2 -7 -10 -1 -11 13 -13
right_child=2 -3 3 4 5 8 -8 -9 9 11 -12 12 -14 -15
leaf_value=0.00098558810259140621 0.015880340486175711 -0.029034007988804681 -0.035113881355428089 0.021105621241912575 0.027395725444841201 0.015468463571779854 -0.035141715188489957 -0.023713262367704869 -0.035782757466909947 0.0040108825299663446 -0.033751964794973527 -0.0036213264897625758 0.0067011893123410712 -0.033305804248778215
leaf_weight=318.55303790697258 193.04868330087038 58.303157591654895 30.176268153867568 72.312316214394286 8.9598203284131142 96.142361101575148 61.090057506478956 17.283325221616224 35.098902975811484 523.03374246774081 16.265732303555183 71.424091927193103 77.70726065834242 53.14008834420315
leaf_count=17390 1862 9388 3003 881 39 875 5468 663 2081 7250 8610 1111 619 2790
internal_value=-1.4312e-05 -0.00504822 0.00158514 -0.000661856 0.000412989 -0.00122289 -0.0268698 0.0125301 0.000903443 -0.000955995 -0.000797468 0.000776285 -0.00756633 -0.0164494
internal_weight=1632.54 393.122 1239.42 1029.08 998.909 926.596 70.0499 210.332 856.546 760.404 334.819 725.305 202.271 124.564
internal_count=62030 35388 26642 24117 21114 20233 5507 2525 14726 13851 26000 11770 4520 3901
is_linear=0
shrinkage=0.03


Tree=391
num_leaves=15
num_cat=0
split_feature=6 16 7 27 21 22 38 21 38 39 39 39 23 9
split_gain=20.0526 28.3789 19.3417 16.8551 23.3264 22.6225 15.3448 22.8242 17.169 42.1385 30.3947 22.2388 43.2195 38.6688
threshold=-0.2111598214285694 2.5658229166666673 20.323200000000003 1.5285500000000003 0.24278985963885463 0.35467571428571454 17.945414688472226 0.3394762733977878 64.350231493888899 134.79295457833334 29.717394774444447 250.30632288958336 3.2672500000000002 0.58611633402934438
decision_type=2 2 2 2 2 2 8 2 8 8 10 10 2 2
left_child=1 2 -1 -3 -5 -6 7 -2 10 -10 -8 13 -13 -11
right_child=6 3 -4 4 5 -7 8 -9 9 11 -12 12 -14 -15
leaf_value=0.008681579505757122 -0.039745459252757923 0.0093992009315078309 -0.035352223950972768 0.012497422378316345 -0.027690684429308256 0.0088358583371402899 -0.035712239805918325 0.0052861710896041176 -0.024418084474934293 -0.024062182910776754 0.014031158967484613 -0.034713183155106554 0.0012240890200756558 0.011690103612331965
leaf_weight=10.900834427280527 18.175648873858421 74.057674888350903 42.153161347403966 31.15317406886129 55.91228222365487 20.300317018900387 10.825886085431987 21.038809307260294 53.301189014109752 28.72398283532101 181.01399744835254 30.374843619259764 751.13925341906247 331.8037001759206
leaf_count=831 1577 2501 7929 515 2132 139 1699 1781 7495 2920 6889 2950 14588 8046
internal_value=0.000881024 -0.00723068 -0.0263115 -0.00153719 -0.00909791 -0.0179729 0.00221859 -0.016055 0.00274637 0.00140505 0.0110534 0.00263057 -0.000215249 0.00878297
internal_weight=1660.87 234.477 53.054 181.423 107.366 76.2126 1426.4 39.2145 1387.18 1195.34 191.84 1142.04 781.514 360.528
internal_count=61992 14047 8760 5287 2786 2271 47945 3358 44587 35999 8588 28504 17538 10966
is_linear=0
shrinkage=0.03


Tree=392
num_leaves=15
num_cat=0
split_feature=24 12 4 38 21 9 37 11 37 7 7 39 39 12
split_gain=16.0768 42.3097 38.9578 37.8941 48.627 23.3573 21.5218 46.5691 45.0161 45.0322 49.6895 21.4539 51.7084 59.4323
threshold=1.7961083333333334 3.3688500000000006 22.808171875000003 425.4241100033334 0.24369373659252722 0.56890389373796457 86.291666666666686 25.986550000000005 73.541666666666686 24.695000000000004 25.458150000000003 421.24436038180562 337.83637828430562 3.0963375000000002
decision_type=2 2 2 10 2 2 10 2 10 2 2 8 8 2
left_child=1 3 -2 11 -5 -4 8 -8 9 -7 -11 12 -1 -14
right_child=2 -3 5 4 -6 6 7 -9 -10 10 -12 -13 13 -15
leaf_value=0.0011729215001033866 -0.037181205350335055 0.017200337466496806 -0.037746974396658826 0.012663749790172906 -0.040605358936192659 -0.035167993507642381 -0.038940082349357627 0.012411519736409147 0.027667212478307866 0.016069691776010385 -0.033739506607040774 0.0089039103329505726 -0.038005132149537837 0.0072337189426780295
leaf_weight=786.85449276200904 32.515872745556294 129.79286243661363 15.200237361863854 22.834786014416295 44.146379394406495 32.099647058355572 33.939202014855709 28.468816983615397 52.973856298183591 80.164890076097436 22.188436125803491 220.51624069525167 67.386811266338498 41.853618822242026
leaf_count=44325 1538 884 458 265 826 616 1442 147 223 701 255 3747 5873 755
internal_value=-0.000419086 0.00100863 -0.00670327 -0.000779976 -0.0225261 -0.00283837 -0.000572473 -0.0156886 0.00451733 -0.00474054 0.00504994 0.000543475 -0.00152154 -0.0207642
internal_weight=1610.94 1313.39 297.551 1183.59 66.9812 265.035 249.835 62.408 187.427 134.453 102.353 1116.61 896.095 109.24
internal_count=62055 56675 5380 55791 1091 3842 3384 1589 1795 1572 956 54700 50953 6628
is_linear=0
shrinkage=0.03


Tree=393
num_leaves=15
num_cat=0
split_feature=21 8 19 21 22 22 36 17 37 3 37 1 22 11
split_gain=19.6097 15.1038 20.0591 17.5114 35.5029 31.7683 26.38 35.8063 34.1296 34.9519 23.1397 23.1287 21.828 26.5603
threshold=0.23170768010142126 18.932050520833332 2.6115500000000007 0.24438015793234305 0.12430194746376827 -0.11459884902679017 1.0000000180025095e-35 0.27241861864530253 29.291666666666671 25.321850000000001 33.041666666666671 0.58648698503108665 0.5369820175438581 21.269400000000005
decision_type=2 2 2 2 2 2 2 2 10 2 10 2 2 2
left_child=-1 -2 -3 -4 5 -5 7 -6 12 10 -10 -7 13 -8
right_child=1 2 3 4 6 11 8 -9 9 -11 -12 -13 -14 -15
leaf_value=-0.033383036696439876 0.020958520835457753 -0.032314858430939418 0.0051676751443194488 0.015998751833454589 0.018507192317125089 -0.0055091715406228037 0.021116217726676264 -0.024196459120772493 0.02194205676470844 -0.04279087823660125 0.0016829423044669991 -0.018967670177069566 0.015376480931753469 -0.02531406307276441
leaf_weight=15.87967691376525 27.014328602182559 17.506784486751712 333.74748699724842 43.777746139363387 134.0998518815552 317.4919962055194 11.793442706596805 19.452251815970953 60.584835233283229 13.19023517899859 289.33647298000324 180.26322857734368 17.676402988261543 93.777946939228173
leaf_count=2197 735 5819 11987 1634 1437 17231 155 487 169 172 6111 11700 157 2195
internal_value=-0.00122077 -0.000872137 -0.00127032 -0.000890554 -0.00260487 -0.00825089 0.00217856 0.0129759 -0.00124997 0.00338551 0.00524311 -0.0104115 -0.0148243 -0.0199778
internal_weight=1575.59 1559.71 1532.7 1515.19 1181.44 541.533 639.911 153.552 486.359 363.112 349.921 497.755 123.248 105.571
internal_count=62186 59989 59254 53435 41448 30565 10883 1924 8959 6452 6280 28931 2507 2350
is_linear=0
shrinkage=0.03


Tree=394
num_leaves=15
num_cat=0
split_feature=42 22 34 38 42 38 38 22 40 21 38 5 39 37
split_gain=11.4709 14.5619 17 45.0531 51.6785 38.1917 26.5277 23.7178 31.5653 49.3037 27.2062 33.5554 25.3098 24.3497
threshold=0.37500000000000006 0.5369820175438581 0.076595764142977696 155.90529533680561 6.3750000000000009 474.94920017277781 510.00549073458336 0.11919516483516505 459.50000000000006 0.24452820727379745 482.63614671291674 0.57556785428954782 327.09151346722228 146.54166666666669
decision_type=2 2 2 8 2 10 10 2 10 2 10 2 8 10
left_child=-1 2 6 4 -4 -5 7 8 9 12 11 -9 -2 -10
right_child=1 -3 3 5 -6 -7 -8 10 13 -11 -12 -13 -14 -15
leaf_value=-0.028780109158292495 -0.020845319933829175 0.0160776133762696 -0.043898723330615161 -0.033619763552140948 0.013898830175318762 0.0028150459280547263 -0.040736351083677201 -0.010375004894049661 0.0025737665148998622 -0.029731668429238176 0.028728810084316082 0.008266139668331618 0.016998018396913766 -0.021221071789192893
leaf_weight=11.462660902867126 22.933663562583547 48.820600328574074 15.285276490160355 74.718507439630287 95.427836039569229 39.12743927345764 12.632503622764487 110.89252673200326 573.17726242304468 82.86049689925278 43.054605302866548 389.19450925572858 46.53738937397884 40.504870661621226
leaf_count=19436 1639 468 4853 6934 2057 309 224 1775 11116 6066 90 3106 421 3642
internal_value=-0.000110329 0.00011359 -0.000400484 -0.00801274 0.00559765 -0.0211821 0.000897846 0.00133037 -0.00206927 -0.0142448 0.00612001 0.00412008 0.00438672 0.000971267
internal_weight=1606.63 1595.17 1546.35 224.559 110.713 113.846 1321.79 1309.16 766.014 152.332 543.142 500.087 69.4711 613.682
internal_count=62136 42700 42232 14153 6910 7243 28079 27855 22884 8126 4971 4881 2060 14758
is_linear=0
shrinkage=0.03


Tree=395
num_leaves=15
num_cat=0
split_feature=38 42 5 8 37 22 34 7 29 37 40 34 5 17
split_gain=14.4547 12.5403 18.8787 19.8328 20.9035 16.6247 16.5848 20.5802 14.5032 14.2688 13.3066 29.6536 32.2078 16.0164
threshold=1.7335950980555557 3.1250000000000004 0.54029685511667302 19.425489583333338 112.54166666666669 0.40447362996480651 0.097599999999999992 23.314800000000002 0.0050272864390041271 45.791666666666671 102.50000000000001 0.066773055555555183 0.62228976557357818 0.26360753724723501
decision_type=8 2 2 2 10 2 2 2 2 10 10 2 2 2
left_child=-1 2 -2 -4 8 6 10 9 -5 -8 11 -3 -13 -12
right_child=1 5 3 4 -6 -7 7 -9 -10 -11 13 12 -14 -15
leaf_value=-0.028391975941644481 -0.040464385326355455 -0.027723522594897125 -0.077456127381985887 -0.035517056354075954 0.016872340111726822 0.017424926372793675 -0.041266579304519845 -0.051697031322371016 0.0050757308646446429 0.0179030285744642 0.0037423500231423467 0.011473043106914013 -0.034311918549886536 -0.004172843641098478
leaf_weight=14.661590586208176 14.739785903414939 44.315765236373409 2.126568669259 16.619326852853053 31.50620426958551 53.667732863919809 4.2142996225461529 11.138877521936591 13.990302154409049 11.369754102522618 1003.4013643416879 68.110610432788235 16.290759273586445 297.55035255927351
leaf_count=480 6094 1554 4686 11599 4637 522 1017 484 2276 1540 19475 734 319 6595
internal_value=0.000288322 0.000570636 -0.0110064 -0.00373095 -1.97122e-05 0.00118305 0.00057299 -0.0224098 -0.0173903 0.000378662 0.00101794 -0.00814605 0.00233755 0.00193019
internal_weight=1603.7 1589.04 78.9822 64.2424 62.1158 1510.06 1456.39 26.7229 30.6096 15.5841 1429.67 128.717 84.4014 1300.95
internal_count=62012 61532 29292 23198 18512 32240 31718 3041 13875 2557 28677 2607 1053 26070
is_linear=0
shrinkage=0.03


Tree=396
num_leaves=15
num_cat=0
split_feature=21 5 21 38 20 24 21 3 18 37 38 20 30 33
split_gain=13.9576 29.0991 19.9305 29.9971 20.6297 20.593 19.2005 18.8901 15.8049 21.246 26.2684 29.2152 28.7003 22.564
threshold=0.24396696901524301 0.65363335899036434 0.24033039448872226 493.25401706083341 2.1997857638888889 0.98764166666666686 0.24325444729718185 23.576550000000001 0.091447771836007441 28.541666666666671 341.08013014027784 2.8949032986111116 0.0091200000000001748 0.0055227023849223423
decision_type=2 2 2 8 2 2 2 2 2 10 10 2 2 2
left_child=1 2 3 4 5 -1 -3 -6 9 -2 11 12 -11 -12
right_child=8 6 -4 -5 7 -7 -8 -9 -10 10 13 -13 -14 -15
leaf_value=-0.034738541721883072 -0.01937626261270237 -0.035572350383234114 0.013890506777428816 0.02249047255089752 -0.026832476853831097 0.030649939545510305 0.015498285460760085 0.0083179684988808466 0.0011021284092843668 0.0028947678641983244 -0.0022606514897917356 0.011315046445017612 -0.020531941963852603 -0.028636241864739734
leaf_weight=4.8389266926113264 85.307421681170126 23.389565578620822 187.76625996175983 33.34496734525419 53.328302334685247 16.6123440125657 8.4384995706466253 17.894237621741922 698.52172338195783 117.50857719811358 58.98137005525291 143.84278377860221 77.280589044817361 57.159897742901194
leaf_count=2062 6068 2180 4721 132 5207 18 203 419 13520 13653 1198 3289 7288 2219
internal_value=-0.000389956 0.00493219 0.00772233 -0.00150517 -0.010287 0.0150095 -0.0219725 -0.0180082 -0.0018778 -0.00572685 -0.00312957 0.00110327 -0.00645693 -0.0153753
internal_weight=1584.22 345.613 313.785 126.019 92.6738 21.4513 31.8281 71.2225 1238.6 540.081 454.773 338.632 194.789 116.141
internal_count=62177 14942 12559 7838 7706 2080 2383 5626 47235 33715 27647 24230 20941 3417
is_linear=0
shrinkage=0.03


Tree=397
num_leaves=15
num_cat=0
split_feature=13 38 24 16 39 19 38 38 19 21 20 9 38 39
split_gain=12.93 28.6464 20.1993 21.861 32.9142 21.5437 19.0509 39.7066 20.3975 18.7873 17.5955 26.667 57.5525 23.9185
threshold=0.26095069208189353 474.94920017277781 1.6106458333333336 2.9687822916666673 307.13507367472226 2.8110500000000003 349.59659234111115 411.92116080722229 2.6115500000000007 0.28762349039227958 4.3809588541666677 0.58282820241258537 118.28384196458335 311.90215947611119
decision_type=2 8 2 2 10 2 8 8 2 2 2 2 10 8
left_child=6 2 3 4 5 -2 8 -8 -1 -4 11 12 13 -10
right_child=1 -3 9 -5 -6 -7 7 -9 10 -11 -12 -13 -14 -15
leaf_value=-0.031583853944774476 -0.027897130207709255 0.012533684281716029 -0.028969704636750044 0.013758283913225717 -0.029124928447063946 0.0022259142187365326 -0.03655102999022302 -0.00064405029972698158 0.015387250888621402 0.011395309249495413 0.025225874772221931 0.0064288483022215516 -0.034552361437399433 -0.0259062774403583
leaf_weight=12.903978488955543 23.696579818616243 77.300022781705991 57.418903411245481 50.597950223721909 50.02115960574551 157.74858083842389 29.602723669901366 294.35885655136985 62.630726900806508 12.0512453935371 36.308972579223337 695.97006287468241 46.701653371003886 14.796676957070643
leaf_count=4883 5508 625 2400 465 2318 6808 2432 3499 2164 96 93 25984 4357 709
internal_value=0.000567826 -0.00389443 -0.00753216 -0.00392735 -0.00783593 -0.00183947 0.00217337 -0.00402751 0.00448619 -0.0219051 0.00506588 0.00414369 -0.00861779 0.0072662
internal_weight=1622.11 428.834 351.534 282.064 231.466 181.445 1193.27 323.962 869.312 69.4701 856.408 820.099 124.129 77.4274
internal_count=62341 18220 17595 15099 14634 12316 44121 5931 38190 2496 33307 33214 7230 2873
is_linear=0
shrinkage=0.03


Tree=398
num_leaves=15
num_cat=0
split_feature=30 33 32 33 21 20 17 33 40 40 23 28 16 37
split_gain=15.4364 28.1526 19.5428 23.6706 18.0167 16.1933 13.8391 13.8406 36.8654 29.9739 29.2237 57.3221 27.8423 49.5657
threshold=0.019543928571428639 0.018884820455020882 1.1273081597222225 0.015448988954641918 0.27325836715167201 2.0779815972222226 0.28890862103673937 0.020527237555443684 128.50000000000003 310.50000000000006 3.1134500000000007 1.2306364583333336 2.9471614583333339 142.54166666666669
decision_type=2 2 2 2 2 2 2 2 10 10 2 2 2 10
left_child=5 2 -2 -4 -3 -1 7 8 -7 -10 -11 -12 13 -13
right_child=1 4 3 -5 -6 6 -8 -9 9 10 11 12 -14 -15
leaf_value=-0.032966008766312019 0.012235791012974492 -0.025497056233395252 0.002772897979195452 -0.032806289298866177 0.0034697568007969249 -0.027204902665609591 -0.00891314479048241 0.0066042303260039296 0.0155646062196212 -0.02019876040952515 0.017896789151586281 -0.032670832240151312 0.00044603570371110871 0.011440903277243029
leaf_weight=11.001247381593428 78.465421957492055 77.298964442434993 50.19158203752113 24.214273376940127 25.364657604125227 40.697294857387419 95.266415427391394 520.95047075387333 117.32866369248802 62.643368966665321 135.62635219348556 68.228790146204233 246.6191155766337 33.651211621532639
leaf_count=2988 1519 4748 621 934 757 1395 3201 21133 1796 10257 2606 4953 4699 540
internal_value=0.000432931 -0.00630647 0.00186575 -0.00908733 -0.0183759 0.00172959 0.00204325 0.00290136 0.000158899 0.00187419 -0.00108662 0.00142293 -0.00502111 -0.018131
internal_weight=1587.55 255.535 152.871 74.4059 102.664 1332.01 1321.01 1225.75 704.795 664.098 546.769 484.125 348.499 101.88
internal_count=62147 8579 3074 1555 5505 53568 50580 47379 26246 24851 23055 12798 10192 5493
is_linear=0
shrinkage=0.03


Tree=399
num_leaves=15
num_cat=0
split_feature=17 34 30 29 19 22 4 37 33 30 33 23 22 7
split_gain=12.2425 19.1664 21.364 20.0463 23.5417 19.839 20.4366 18.2891 14.8885 32.5812 22.5136 28.4617 25.2988 39.6955
threshold=0.26360753724723501 0.051315796621678574 0.012479999999999762 0.0043814347519953072 3.6295000000000006 0.40447362996480651 19.147446875000004 126.54166666666669 0.0055227023849223423 1.0000000180025095e-35 0.012870871666411208 3.7384500000000007 0.078675845864662614 21.443050000000003
decision_type=2 2 2 2 2 2 2 10 2 2 2 2 2 2
left_child=8 2 -2 5 -5 6 -3 -4 9 -1 11 -10 13 -12
right_child=1 3 7 4 -6 -7 -8 -9 10 -11 12 -13 -14 -15
leaf_value=0.0014782498104400667 0.0096853641005578694 0.020761706523792271 -0.026924105649511969 -0.015666151460899443 0.0091336304018250058 0.0059850415599246379 -0.035471450964508482 0.0078430184899901268 0.018418509382486216 -0.029622381772857132 0.0030522852099009114 -0.023754901601908348 0.0046511928115550395 -0.025511838596225352
leaf_weight=133.04247142764962 138.1830857436936 5.8471510897199996 31.342829147925841 64.296224552905102 71.971808662285753 17.748727348167449 54.231094659365766 22.893925917451725 143.89213955313062 38.230025691467745 114.8011017830666 15.132264555675645 701.5187192385165 69.602606954869486
leaf_count=10921 5452 159 1002 3132 914 155 4635 515 2114 883 9910 447 15778 6147
internal_value=0.00107455 -0.00342702 0.00343624 -0.00958274 -0.00259669 -0.0216266 -0.0297482 -0.0123722 0.00258075 -0.00559543 0.00392494 0.0142821 0.00205182 -0.0078086
internal_weight=1622.73 406.515 192.42 214.095 136.268 77.827 60.0782 54.2368 1216.22 171.272 1044.95 159.024 885.922 184.404
internal_count=62164 15964 6969 8995 4046 4949 4794 1517 46200 11804 34396 2561 31835 16057
is_linear=0
shrinkage=0.03


Tree=400
num_leaves=15
num_cat=0
split_feature=12 27 11 30 42 38 36 16 37 32 16 4 37 37
split_gain=20.6475 30.5315 29.4334 27.2568 21.3312 25.0509 21.0797 63.9023 73.6512 26.8622 31.9566 29.5246 44.9142 27.6302
threshold=2.5385666666666675 1.2375000000000003 22.405450000000002 0.025110271132376499 3.3750000000000004 145.16932549125002 2.5000000000000004 2.9298531250000006 143.04166666666669 1.4502361111111115 3.18034375 21.252627083333337 125.54166666666669 15.041666666666668
decision_type=2 2 2 2 2 10 2 2 10 2 2 2 10 10
left_child=-1 4 -3 6 5 -2 7 8 -4 11 -11 12 -8 -12
right_child=1 2 3 -5 -6 -7 9 -9 -10 10 13 -13 -14 -15
leaf_value=-0.0055941136035687136 -0.032702966041365251 -0.037343070931306031 -0.036589030967570414 -0.022268013172380516 0.020546710732927211 0.019730982723408199 -0.038582276709546358 0.0034429816990215289 0.014959062461129411 -0.035313012108828215 0.024585750631380677 0.030051072083661919 0.026880517276291236 -0.0052152659521887412
leaf_weight=434.79558345473401 15.789589926082614 17.469793229409333 80.799025158773929 42.688569374256531 117.23919075822414 15.101105247862845 16.095053240170387 556.07250005084052 35.231157157145503 18.47588708672447 44.241746540423264 79.481800571041617 20.052075512321608 72.766963051424568
leaf_count=37729 582 955 6771 1194 608 205 889 9014 742 1549 202 478 153 990
internal_value=-4.50881e-05 0.00209026 0.000171861 0.000888293 0.0147391 -0.00725537 0.00198195 -0.000791815 -0.020943 0.0093796 0.00029187 0.0199341 -0.00252174 0.00616554
internal_weight=1566.3 1131.5 983.375 965.905 148.13 30.8907 923.216 672.103 116.03 251.114 135.485 115.629 36.1471 117.009
internal_count=62061 24332 22937 21982 1395 787 20788 16527 7513 4261 2741 1520 1042 1192
is_linear=0
shrinkage=0.03


Tree=401
num_leaves=15
num_cat=0
split_feature=42 16 32 21 33 11 5 21 5 8 0 17 1 16
split_gain=12.4029 16.476 16.0376 23.3628 22.3358 15.4672 16.886 19.453 24.9233 30.8339 38.957 27.0153 23.3144 20.84
threshold=4.3750000000000009 2.5728760416666669 1.1447135416666667 0.30686392166691417 0.021131219173485361 26.157750000000004 0.72899769042873708 0.27325836715167201 0.60414911318401787 21.315201562500004 21.851400000000002 0.26494485332289069 0.64201412605128583 2.7959499999999999
decision_type=2 2 2 2 2 2 2 2 2 2 2 2 2 2
left_child=1 -1 -3 4 -4 6 7 8 -2 13 -11 12 -12 -10
right_child=5 2 3 -5 -6 -7 -8 -9 9 10 11 -13 -14 -15
leaf_value=-0.044610887847252666 -0.0046381843549470943 0.01258217158621407 -0.010421005889156537 0.011442173061985091 -0.049951814355381 0.023828400798282346 -0.022969137487906282 0.011291007759536212 0.0068570612764253056 -0.028274773871585362 0.011659357103431136 -0.025380908563151089 -0.011497912836974312 0.029576535741386464
leaf_weight=9.4718033409619675 583.79029905903735 32.285184574746381 47.887731161278111 27.001252223488336 16.992197102190516 25.411347157722048 25.715994608304754 149.66435141435159 352.22625537212025 47.531243991385054 142.8256155789677 28.564005417578301 52.853127240758113 39.707622665038798
leaf_count=21257 14702 431 7418 364 4710 113 620 2704 7013 862 789 365 600 79
internal_value=0.000271364 -0.00843864 -0.00534494 -0.0117118 -0.0213753 0.00108033 0.000657621 0.00110861 -0.000121054 0.00385316 -0.0039038 0.00136455 0.00537788 0.00922823
internal_weight=1581.93 133.638 124.166 91.8812 64.8799 1448.29 1422.88 1397.16 1247.5 663.708 271.774 224.243 195.679 391.934
internal_count=62027 34180 12923 12492 12128 27847 27734 27114 24410 9708 2616 1754 1389 7092
is_linear=0
shrinkage=0.03


Tree=402
num_leaves=15
num_cat=0
split_feature=17 36 42 22 39 23 12 38 9 3 6 9 21 9
split_gain=15.4975 15.9508 14.3088 20.3669 16.9998 40.0029 34.6889 32.5317 31.0894 41.7972 30.4785 30.2423 25.7928 29.1973
threshold=0.30579639944098941 2.5000000000000004 0.62500000000000011 0.40447362996480651 248.16932549125002 3.2672500000000002 2.4725750000000004 197.85826796250004 0.61405854402036952 20.541400000000003 -0.17563516483516206 0.634542704110861 0.26337234078608468 0.61688318458686153
decision_type=2 2 2 2 10 2 2 10 2 2 2 2 2 2
left_child=2 -2 -1 4 6 -6 8 -8 9 -4 -10 -9 -7 -14
right_child=1 -3 3 -5 5 12 7 11 10 -11 -12 -13 13 -15
leaf_value=-0.031063656347970169 -0.024489060491446526 0.012565453791080048 0.0034146403736793345 0.017151091475111069 -0.033210242669778463 0.0012586762629842325 0.020680428607760423 -0.037661912247463722 -0.03139718402494393 -0.02948023979782383 0.0091053836363159547 0.022649186924643506 -0.0031726538970324385 -0.033310439984305239
leaf_weight=11.629283844379641 41.181792084276708 13.203748229261576 73.305103864776186 66.118260736169759 35.299780649911213 696.69323133194359 151.20246440232529 17.495736486799277 17.196659419537013 64.806679600436041 208.49233136206811 11.7051019146852 86.700791243496496 42.603537276121187
leaf_count=19963 1126 311 5263 458 3577 11120 811 832 2256 7315 6639 55 1580 723
internal_value=0.000152715 -0.0154285 0.000734033 0.00100623 0.000235086 -0.00238671 0.0043813 0.0150978 -0.000959667 -0.0121217 0.00589435 -0.0135369 -0.00103087 -0.013282
internal_weight=1537.63 54.3855 1483.25 1471.62 1405.5 861.297 544.204 180.403 363.801 138.112 225.689 29.2008 825.998 129.304
internal_count=62029 1437 60592 40629 40171 17000 23171 1698 21473 12578 8895 887 13423 2303
is_linear=0
shrinkage=0.03


Tree=403
num_leaves=15
num_cat=0
split_feature=38 30 29 22 18 28 7 12 39 11 21 5 12 11
split_gain=15.8728 11.9425 29.1209 20.7521 19.1467 24.5583 24.1393 21.7133 50.2574 20.3503 18.3981 22.7962 34.5759 35.0754
threshold=1.7335950980555557 0.0064632692307692967 0.0033320723524913544 0.31093901098901028 0.20565865384615345 1.7626062500000004 24.267600000000005 3.0963375000000002 316.85659530763894 25.986550000000005 0.24339650449928638 0.47422250457362336 2.4896375000000002 22.626200000000001
decision_type=8 2 2 2 2 2 2 2 10 2 2 2 2 2
left_child=-1 4 -3 10 5 7 -6 8 -2 -7 -4 -12 -13 -14
right_child=1 2 3 -5 6 9 -8 -9 -10 -11 11 12 13 -15
leaf_value=-0.029232047480085534 0.0033582855847740642 0.013898130279329422 0.0070753486883753346 0.018354985166525811 -0.027901838333054641 -0.026329315500286724 0.016083847123755563 0.013260664242121642 -0.035920915234411578 0.0071152957688428277 0.019913904499945217 -0.0183810928098176 0.01224524255506863 -0.0057417363186942844
leaf_weight=15.271758417878628 180.57201336431604 163.69837544717495 198.7207880741139 52.379954903981343 50.831412380870688 52.978857197142929 13.619850569105436 111.55704444910293 33.970104784333785 22.987145388644421 35.058353925338565 129.43690309757312 131.04334533556744 372.81278758788858
leaf_count=498 22885 2819 5379 436 2009 2623 126 1698 4785 224 486 10329 1644 6033
internal_value=0.000243865 0.00055301 0.00228099 0.000199837 -0.00345529 -0.00100321 -0.0185031 0.00258696 -0.00299889 -0.0162481 -0.000916799 -0.00330012 -0.00461459 -0.00104868
internal_weight=1564.94 1549.67 1083.15 919.452 466.516 402.065 64.4513 326.099 214.542 75.966 867.072 668.351 633.293 503.856
internal_count=61974 61476 27126 24307 34350 32215 2135 29368 27670 2847 23871 18492 18006 7677
is_linear=0
shrinkage=0.03


Tree=404
num_leaves=15
num_cat=0
split_feature=21 38 37 11 19 38 19 28 12 32 18 11 33 32
split_gain=16.2667 19.8934 24.4728 24.0896 15.8292 16.4827 37.933 37.508 44.4623 39.1162 31.0912 26.013 18.9867 36.8504
threshold=0.24452820727379745 139.37141960736116 140.04166666666669 21.020700000000001 2.6115500000000007 349.59659234111115 3.6908000000000007 1.629310416666667 3.3995875000000004 1.7515975694444448 0.13896477272727223 21.497100000000003 0.0079223403964042514 1.3106817708333336
decision_type=2 8 8 2 2 8 2 2 2 2 2 2 2 2
left_child=1 3 -3 -1 -2 12 11 -8 -9 -10 -11 -7 13 -6
right_child=4 2 -4 -5 5 6 7 8 9 10 -12 -13 -14 -15
leaf_value=0.013615271807804483 -0.032167543446598452 0.010082611286178813 -0.030850640106371625 -0.02720982413247932 0.0011118338288003203 0.0081274905142146928 0.02174157631581549 -0.040277633014752373 0.018497323754184839 -0.02690269091692046 0.0048223034406069502 -0.038506319371938734 0.00242282640745457 -0.040988250684449626
leaf_weight=20.589999162574202 14.008179932202436 311.26363709152429 12.76863544075661 32.209017245230996 57.917283205337753 13.46843694969766 47.772188872650077 30.562424464459809 57.146081472337755 57.584288206217252 52.417827281800783 47.137778310278009 781.64852022860225 26.60717144307489
leaf_count=2056 4560 7360 1306 5191 6028 392 324 787 401 1225 381 2590 26887 2539
internal_value=0.000173622 0.0055951 0.00837967 -0.0113321 -0.00155183 -0.00115888 -0.00713091 -0.00184113 -0.00762008 -0.00144474 -0.011878 -0.0281792 0.000957315 -0.012465
internal_weight=1563.1 376.831 324.032 52.799 1186.27 1172.26 306.089 245.483 197.711 167.148 110.002 60.6062 866.173 84.5245
internal_count=62027 15913 8666 7247 46114 41554 6100 3118 2794 2007 1606 2982 35454 8567
is_linear=0
shrinkage=0.03


Tree=405
num_leaves=15
num_cat=0
split_feature=29 5 42 18 10 5 23 8 20 20 11 38 11 12
split_gain=14.8062 19.7896 15.5806 15.5289 40.9185 19.0562 14.1151 13.5458 14.5922 12.523 14.8467 30.7487 28.8647 24.323
threshold=1.0000000180025095e-35 0.5933244818565 2.8750000000000004 -0.070815255332901839 0.20404607142857703 0.57810908965341834 3.3181000000000007 20.92374496527778 3.1741649305555559 2.0761019097222224 21.108500000000003 67.600231493888899 21.47935 2.4778041666666675
decision_type=2 2 2 2 2 2 2 2 2 2 2 10 2 2
left_child=1 2 -1 4 5 -2 -4 -8 -9 -5 11 -11 13 -12
right_child=3 -3 6 9 -6 -7 7 8 -10 10 12 -13 -14 -15
leaf_value=-0.037324842033996761 -0.022064481392883518 -0.023008728566372625 -0.031069079192348328 -0.03135873412312333 -0.032835493391513128 0.0068053489139398562 0.027870048982253485 -0.016536223341108502 0.013599027529851931 0.019441629003172818 -0.036564278031182118 -0.036010696846549013 0.0021975275798222938 0.0076981165607901492
leaf_weight=8.4105900294111091 24.881361339705961 56.808544501512728 8.5858151357242587 9.1372400956975053 42.731533042507408 99.431827597768972 20.365691820146822 25.646963363016312 30.624569604147837 83.224595661725175 31.301190279607226 9.1513393558185481 1067.1298929871871 16.622334871462954
leaf_count=7282 2313 9285 2259 1315 5223 3483 245 766 396 1985 3806 1657 21988 111
internal_value=-0.000300946 -0.00920672 -0.000678248 0.000673343 -0.00787607 0.000897071 0.00332932 0.00753358 -0.000184677 0.00185275 0.00212982 0.0136214 0.00116646 -0.0213683
internal_weight=1534.05 150.442 93.6336 1383.61 167.045 124.313 85.223 76.6372 56.2715 1216.57 1207.43 92.3759 1115.05 47.9235
internal_count=62114 20233 10948 41881 11019 5796 3666 1407 1162 30862 29547 3642 25905 3917
is_linear=0
shrinkage=0.03


Tree=406
num_leaves=15
num_cat=0
split_feature=38 8 17 38 20 11 17 7 15 39 12 18 22 21
split_gain=11.9354 31.8253 29.0516 22.6491 24.1346 25.2503 20.8606 25.8124 19.3119 70.4989 16.9806 15.056 15.4456 14.434
threshold=474.94920017277781 24.138875694444447 0.23650566712360366 446.80790493708338 4.3809588541666677 24.926950000000001 0.30579639944098941 20.271350000000002 4.5091500000000009 498.0167850366667 3.9586416666666677 -0.14244356060606048 0.46490476190476077 0.23995145871827825
decision_type=10 2 2 10 2 2 2 2 2 10 2 2 2 2
left_child=1 3 -2 4 5 6 10 -8 9 -4 -1 -7 -13 -5
right_child=2 -3 8 13 -6 11 7 -9 -10 -11 -12 12 -14 -15
leaf_value=-8.2714185519711865e-05 -0.012807576454157412 -0.040779883389888569 0.021878698441386984 0.0066671896651431866 0.022547848114911642 0.011113191014406014 0.026272304491993092 -0.031707409698628952 0.026738937667357011 -0.038358704567529801 0.025830619260800939 -0.040745952232175399 0.017511703770455515 -0.041577491856689908
leaf_weight=1131.9834668584397 50.538083258566985 17.326486757163366 58.10232435472426 7.4425719813184541 38.990497616256107 8.2570719351365351 7.7642414580865866 34.673255042903122 57.400589657510864 23.842498980602613 22.225646121418777 28.45318932808982 4.1825436456128946 18.682483652558858
leaf_count=55913 367 387 328 198 152 235 52 1271 107 406 150 1612 22 666
internal_value=-0.000507764 -0.0015207 0.00650474 -0.000967632 -0.000390909 -0.00113125 -0.000329505 -0.020739 0.0135503 0.00410099 0.000438206 -0.0240248 -0.0329811 -0.0280943
internal_weight=1509.86 1319.98 189.883 1302.65 1276.53 1237.54 1196.65 42.4375 139.345 81.9448 1154.21 40.8928 32.6357 26.1251
internal_count=61866 60658 1208 60271 59407 59255 57386 1323 841 734 56063 1869 1634 864
is_linear=0
shrinkage=0.03


Tree=407
num_leaves=15
num_cat=0
split_feature=33 9 25 9 38 18 10 22 34 9 23 32 40 11
split_gain=17.1471 43.0504 20.5111 27.0091 20.0241 18.965 22.9374 18.9179 19.0137 50.8324 33.0033 29.3938 23.5982 25.9368
threshold=0.015448988954641918 0.62462499992181508 0.00012990381056767557 0.60401397170107185 493.25401706083341 -0.064063848039215734 0.15551551226551294 0.31093901098901028 0.069054093567251271 0.6083086400222234 5.2186000000000012 0.75190243055555572 351.50000000000006 21.913700000000002
decision_type=2 2 2 2 10 2 2 2 2 2 2 2 8 2
left_child=1 4 3 -2 -1 6 -4 8 9 10 11 -7 -11 -14
right_child=2 -3 5 -5 -6 7 -8 -9 -10 12 -12 -13 13 -15
leaf_value=0.0079184560801480695 -0.031633900177714731 -0.029074894326474143 0.00020965250532540541 -0.0044358715752161266 -0.020201185924690765 0.018552204346298236 -0.030448916112471931 0.019202513158859562 0.0058775140797439097 0.012739215093940175 0.014759233286996585 -0.031099178819761861 0.010971093828034625 -0.019021245364999845
leaf_weight=513.05662857589766 42.464894967174246 31.137415139317682 51.578798438465412 136.48390184705033 22.91079601860838 11.379755812964957 37.231804211838096 51.040086541586788 309.59457194714105 128.31558654280093 20.934943638450932 97.556436975438885 44.068149818388633 60.423910497684972
leaf_count=18688 7843 3317 2060 10998 176 325 3664 401 6339 1381 60 4236 1000 1646
internal_value=0.000514296 0.00467012 -0.00186603 -0.0110299 0.00668105 0.00016429 -0.0128392 0.00177642 0.000426842 -0.0042294 -0.0191915 -0.0257909 0.00416354 -0.00638828
internal_weight=1558.18 567.105 991.073 178.949 535.967 812.124 88.8106 723.313 672.273 362.679 129.871 108.936 232.808 104.492
internal_count=62134 22181 39953 18841 18864 21112 5724 15388 14987 8648 4621 4561 4027 2646
is_linear=0
shrinkage=0.03


Tree=408
num_leaves=15
num_cat=0
split_feature=30 18 33 39 38 37 23 39 5 5 34 21 9 9
split_gain=12.9125 22.2945 20.1526 22.1632 21.6755 20.1055 24.2796 21.0534 19.7735 24.1738 23.6173 36.1076 31.5901 31.237
threshold=0.0060000000000000626 0.27127855392156852 0.0050827590271821654 769.31279162291673 17.013318153750003 6.7916666666666679 5.4826500000000005 141.67411000333337 0.60414911318401787 0.47422250457362336 0.051315796621678574 0.27325836715167201 0.55945876295043928 0.61026715554096544
decision_type=2 2 2 10 8 10 2 8 2 2 2 2 2 2
left_child=1 -1 -2 4 -4 6 7 -6 9 -7 13 12 -12 -11
right_child=2 -3 3 -5 5 8 -8 -9 -10 10 11 -13 -14 -15
leaf_value=-0.0023060521503684684 -0.017676236002579289 -0.031703376826511122 -0.021201573340871339 -0.033538726944916331 0.0066003010102405977 0.022323587743188267 0.025079228021572468 -0.029203904291368845 0.0094714858919753373 0.012501181295503622 0.014764344597806263 0.015911714394484862 -0.020169124980382713 -0.023610016739171066
leaf_weight=428.42493459988987 43.404568573773076 23.564715336959125 30.083044115670617 13.769426813554672 21.397583327721463 40.628644688648421 13.635636940598486 44.60620002974099 505.97930102950141 136.44260897776027 27.056010488623826 43.206565848726996 142.57865451797565 24.620380313712758
leaf_count=33643 879 738 2171 186 528 585 12 1174 9481 2168 570 517 8588 905
internal_value=0.000351142 -0.0039053 0.00212233 0.00296158 0.00348147 0.00424433 -0.0101315 -0.0176714 0.00549772 0.000636227 -0.00177359 -0.00831563 -0.0145435 0.00686953
internal_weight=1539.4 451.99 1087.41 1044 1030.23 1000.15 79.6394 66.0038 920.512 414.533 373.904 212.841 169.635 161.063
internal_count=62145 34381 27764 26885 26699 24528 1714 1702 22814 13333 12748 9675 9158 3073
is_linear=0
shrinkage=0.03


Tree=409
num_leaves=15
num_cat=0
split_feature=1 1 18 33 38 40 21 5 38 12 40 40 31 12
split_gain=10.6064 12.2072 15.3099 15.7795 23.4082 16.4971 13.0532 24.6479 22.0163 27.0061 25.6796 24.6285 32.5845 63.8049
threshold=0.32045955234081941 0.47595563842229954 0.091447771836007441 0.020527237555443684 420.78197039833339 811.50000000000011 0.24396696901524301 0.64078267342490414 349.59659234111115 2.5385666666666675 111.50000000000001 731.50000000000011 1.2307500000000002 2.9469791666666669
decision_type=2 2 2 2 8 8 2 2 8 2 10 8 2 2
left_child=-1 2 -2 4 -4 -5 7 -3 9 10 -8 12 -11 -14
right_child=1 6 3 5 -6 -7 8 -9 -10 11 -12 -13 13 -15
leaf_value=0.017230227557891022 -0.014183224611345914 0.011057296047037642 -0.019473691567140964 0.013863447839022996 0.01337880965410433 -0.025162833303592938 0.012833403271924955 -0.013266480718503273 -0.008492797825092855 0.016745264651346476 -0.011564803805057372 0.013274273373225988 -0.035469835942818578 0.0038040610916214922
leaf_weight=31.708012561412261 112.29253462437248 226.73341588445606 59.558534606098476 76.317358579654638 27.96402887474369 10.224080535164658 48.593893233548386 44.004130655468032 227.90920658170046 72.633023902751006 179.23654214932986 230.25560133044814 49.954052672655337 137.63090670388459
leaf_count=960 10385 8328 2005 1179 184 643 879 2777 4802 449 19654 3715 3471 2463
internal_value=0.000329558 -3.81311e-05 -0.00559998 -1.33579e-05 -0.00894454 0.00901808 0.00127413 0.00706958 -0.000389815 0.0021894 -0.00632758 0.00615045 -0.0001798 -0.00678724
internal_weight=1535.02 1503.31 286.357 174.064 87.5226 86.5414 1216.95 270.738 946.213 718.304 227.83 490.474 260.218 187.585
internal_count=61894 60934 14396 4011 2189 1822 46538 11105 35433 30631 20533 10098 6383 5934
is_linear=0
shrinkage=0.03


Tree=410
num_leaves=15
num_cat=1
split_feature=17 42 22 5 33 5 38 41 33 38 18 38 34 6
split_gain=12.3216 11.257 13.8935 13.7303 11.6182 10.7989 26.451 20.8859 21.1438 24.6884 37.2637 26.4269 23.541 22.0649
threshold=0.28793638986254283 4.8750000000000009 0.5369820175438581 0.58666728859423201 0.045009787744815226 0.60414911318401787 474.94920017277781 0 0.0079223403964042514 349.59659234111115 0.06395227272727276 324.92116080722229 0.069054093567251271 0.2936926066580447
decision_type=2 2 2 2 2 2 10 1 2 10 2 10 2 2
left_child=5 2 -2 -3 -5 6 -1 -7 -9 11 -11 13 -12 -10
right_child=1 3 -4 4 -6 7 -8 8 9 10 12 -13 -14 -15
leaf_value=-0.0034028944250432307 -0.042405274182726688 0.0091413795716147727 0.011053866659793183 -0.022844288330530513 0.0046701444306837961 -0.011164059328367592 0.012301467921952676 -0.0097938983693445763 0.00042370315990953526 -0.039609357262498666 -0.015145029821765337 0.025118326704925958 0.018163787066851421 0.014475902315945205
leaf_weight=595.97664839846516 14.794803457160016 41.609851904931929 5.5634134103020179 37.969917679611171 20.93924229129334 69.804877313664804 114.14777671968341 67.637192428177514 208.2281768720261 21.735031999407852 32.155961488140747 90.459083689311001 44.116911876518884 193.62023947959801
leaf_count=33915 2298 719 101 802 282 12124 683 1003 6295 671 287 378 221 2334
internal_value=0.00099177 -0.00816805 -0.0279626 -0.00392309 -0.0131496 0.00176694 -0.000864774 0.00433256 0.0059911 0.00781322 -0.00589018 0.0105477 0.00410682 0.00721352
internal_weight=1558.76 120.877 20.3582 100.519 58.9092 1437.88 710.124 727.757 657.953 590.315 98.0079 492.308 76.2729 401.848
internal_count=62113 4202 2399 1803 1084 57911 34598 23313 11189 10186 1179 9007 508 8629
cat_boundaries=0 1
cat_threshold=4
is_linear=0
shrinkage=0.03


Tree=411
num_leaves=15
num_cat=0
split_feature=14 36 10 34 37 19 11 11 36 11 11 39 19 19
split_gain=13.5679 11.8879 19.1686 15.3193 12.5509 11.789 13.0423 12.5522 24.656 21.6436 23.5159 18.5957 14.9943 33.8003
threshold=-0.17790000000000003 3.5000000000000004 0.17697916666666857 0.019289935897435589 31.541666666666671 2.6294000000000008 20.539000000000005 21.47935 3.5000000000000004 21.580050000000004 21.769950000000005 41.171987552083344 2.8688000000000007 3.1287000000000007
decision_type=2 2 2 2 8 2 2 2 2 2 2 10 2 2
left_child=1 3 -3 -1 -5 -2 -7 8 11 -9 -11 -8 -12 -14
right_child=5 2 -4 4 -6 6 7 9 -10 10 12 -13 13 -15
leaf_value=0.0025028450061005225 -0.019044722928622873 0.021217177983836266 -0.019498383367018205 -0.0039180866314485197 -0.020613427561993348 0.020480451097306715 0.0023455681578995573 0.015793482767262848 0.017317044201061841 -0.029295677939394107 0.015035352692743642 -0.031777025648895202 -0.01654975644523294 0.0030930381322129279
leaf_weight=89.570128903214425 21.999547464081161 32.904684294713206 14.111920497437948 76.129002093661995 87.068943770804253 34.806975826767257 22.770056786488396 105.57185043319168 22.267934662104153 20.750173640317257 75.034818079192178 37.387242742678325 86.515111814683678 794.86329783170095
leaf_count=5249 5703 466 902 2333 6475 382 1361 1782 839 2511 3239 6857 6682 17329
internal_value=0.000834285 -0.00487463 0.00884493 -0.00745136 -0.0128966 0.00223769 0.00264341 0.00209345 -0.00912369 0.00295501 0.00155322 -0.0190342 0.00225242 0.00114835
internal_weight=1521.75 299.785 47.0166 252.768 163.198 1221.97 1199.97 1165.16 82.4252 1082.74 977.163 60.1573 956.413 881.378
internal_count=62110 15425 1368 14057 8808 46685 40982 40600 9057 31543 29761 8218 27250 24011
is_linear=0
shrinkage=0.03


Tree=412
num_leaves=15
num_cat=1
split_feature=42 37 21 5 39 22 29 18 22 5 15 33 42 41
split_gain=14.1567 12.9839 33.2909 16.8279 16.3753 16.63 17.3294 15.3409 19.8065 17.5474 15.2742 15.0137 23.5117 23.7792
threshold=0.62500000000000011 147.04166666666669 0.26770990389676924 0.69368313059053388 1.3626452237500002 0.5369820175438581 1.0000000180025095e-35 -0.13061166666666693 -0.0039470534290268521 0.65140044474150249 3.4352500000000004 3.3306690738754701e-16 5.1250000000000009 0
decision_type=2 8 2 2 8 2 2 2 2 2 2 2 2 1
left_child=-1 4 3 -3 -2 6 7 -6 -9 -10 -4 -8 13 -13
right_child=1 2 10 -5 5 -7 11 8 9 -11 -12 12 -14 -15
leaf_value=-0.031373156175183048 -0.038164992804382146 -0.034763413409019096 -0.022242096687666614 0.015005382063146952 0.011762237323989332 0.021552609082189235 0.022140162172160808 -0.03614037634996263 -0.0019511304349334585 -0.046055020542294538 0.024123936066022231 -0.0067659357613291931 0.0026071018831863974 -0.051685415836210766
leaf_weight=11.53095312437358 8.4074924015045536 39.057122632244614 7.7672023493521491 6.6320148588964676 25.06742842732524 35.449191770807374 31.857549373832626 26.258965687875161 76.896532805837069 8.0915531461127994 23.587099533781839 57.138064378019521 1160.4563599167741 12.143922372394057
leaf_count=20176 175 5856 919 282 1033 347 675 1376 3161 562 162 6321 17169 3758
internal_value=0.00038339 0.000644973 -0.011274 -0.0273726 0.00128926 0.00154713 0.00102477 -0.00909763 -0.0138609 -0.00663694 0.0123055 0.00212483 0.00158874 -0.0152629
internal_weight=1530.34 1518.81 77.0434 45.6891 1441.77 1433.36 1397.91 136.314 111.247 84.9881 31.3543 1261.6 1229.74 69.282
internal_count=61972 41796 7219 6138 34577 34402 34055 6132 5099 3723 1081 27923 27248 10079
cat_boundaries=0 1
cat_threshold=2
is_linear=0
shrinkage=0.03


Tree=413
num_leaves=15
num_cat=0
split_feature=38 22 38 38 38 38 37 32 38 16 39 16 34 17
split_gain=12.2358 11.0427 17.2403 51.9507 16.5504 24.7928 37.3401 37.113 31.1174 24.9202 41.4879 27.842 23.2953 23.0437
threshold=0.85902305791666678 0.16910901785714308 349.59659234111115 474.94920017277781 493.25401706083341 420.78197039833339 140.54166666666669 1.5519312500000002 20.752783320555562 2.9577270833333338 335.05790493708338 2.7858156250000006 0.079034862012987178 0.22143052089959558
decision_type=8 2 10 10 10 10 10 2 10 2 10 2 2 2
left_child=-1 4 -3 -4 5 7 -7 9 -9 10 11 13 -12 -2
right_child=1 2 3 -5 -6 6 -8 8 -10 -11 12 -13 -14 -15
leaf_value=-0.030257440072800811 -0.019232745590602424 0.0081189134136484646 -0.026135699386834466 0.012749523549718717 -0.021305400575690716 0.014922005429626401 -0.022652570427441041 0.017842435240225267 -0.028106662872977549 0.017506972751451109 -0.03452358159605013 0.020771508825464184 0.016108109346742609 0.00019782018081914088
leaf_weight=10.882971874210112 60.628391777102536 308.47354350015945 56.19857379826766 66.391917924268455 35.131020880075084 156.88058917148646 27.1129867363004 15.208963565717736 78.441062369999429 61.751728015450681 48.591257561129055 52.265640535038415 9.1775807152151838 505.35618893271936
leaf_count=245 6954 4453 1604 394 376 1534 333 496 4976 440 3671 547 817 35217
internal_value=6.34427e-05 0.000306419 0.00434398 -0.00514368 -0.00135285 -0.000642251 0.00929256 -0.00284935 -0.0205348 -0.000579668 -0.00225523 3.43835e-05 -0.0263426 -0.00191384
internal_weight=1492.49 1481.61 431.064 122.59 1050.55 1015.41 183.994 831.421 93.65 737.771 676.019 618.25 57.7688 565.985
internal_count=62057 61812 6451 1998 55361 54985 1867 53118 5472 47646 47206 42718 4488 42171
is_linear=0
shrinkage=0.03


Tree=414
num_leaves=15
num_cat=0
split_feature=42 16 11 9 21 39 7 34 10 33 9 11 9 39
split_gain=12.4139 21.2976 18.6639 18.3231 33.4997 21.8048 14.9784 15.2153 25.7581 18.274 47.4115 33.856 29.6321 27.7914
threshold=5.1250000000000009 2.5496406250000008 26.157750000000004 0.5994978416964778 0.29814753062215454 216.80263104944447 25.762800000000002 0.07008750000000058 0.42382190789473234 0.015448988954641918 0.60537599194077829 25.978700000000003 0.6083086400222234 143.41932549125002
decision_type=2 2 2 2 2 8 2 2 2 2 2 2 2 10
left_child=1 -1 6 -3 5 -5 7 8 9 12 11 -11 -2 -14
right_child=2 3 -4 4 -6 -7 -8 -9 -10 10 -12 -13 13 -15
leaf_value=-0.043493967569166167 0.0062478210440754306 0.0054124494196746767 0.027159337872598239 0.01776078886940512 0.0036020196698122683 -0.046436870781167823 -0.023945445027631729 0.0059765945607782901 0.019459660983975405 -0.028517642073277547 -0.00010211720409940263 0.019777409559095026 0.004789714713517689 -0.026834274036891283
leaf_weight=12.494474961955659 332.68214094341874 83.720909747868518 23.609449451148976 5.1209778184238521 40.266107567509607 28.723708779269515 20.674186858232133 408.79173344949004 50.997249260457465 105.24537227588644 275.62729272019897 14.180114850401877 45.746659174345041 53.491794937806844
leaf_count=22459 4390 7011 105 107 609 6725 130 8488 447 4386 4940 20 933 1296
internal_value=0.000297951 -0.00730362 0.00127543 -0.00418288 -0.0149502 -0.0364923 0.000787626 0.00120329 -0.00102347 -0.00230859 -0.00696345 -0.0226667 0.00195519 -0.012354
internal_weight=1501.37 170.326 1331.05 157.832 74.1108 33.8447 1307.44 1286.76 877.971 826.973 395.053 119.425 431.921 99.2385
internal_count=62046 36911 25135 14452 7441 6832 25030 24900 16412 15965 9346 4406 6619 2229
is_linear=0
shrinkage=0.03


Tree=415
num_leaves=15
num_cat=0
split_feature=19 16 21 14 14 40 16 27 21 40 35 16 40 38
split_gain=11.2539 16.1051 14.7786 11.1689 15.4425 13.1318 20.224 34.3313 21.6965 17.4964 22.2764 59.774 22.9064 19.769
threshold=2.6115500000000007 2.0442979166666673 0.23170768010142126 -0.063832499999999362 -0.061314166666666829 884.50000000000011 2.5209666666666672 1.3421000000000003 0.2616507060159759 731.50000000000011 1.2307500000000002 2.8047166666666672 578.50000000000011 18.871409521666667
decision_type=2 2 2 2 2 8 2 2 2 8 2 2 10 8
left_child=1 -1 -2 -4 -5 9 -7 -8 -9 10 13 -12 -13 -6
right_child=2 -3 3 4 5 6 7 8 -10 -11 11 12 -14 -15
leaf_value=0.0099927540042644598 -0.030699558414025194 -0.0360856465795149 -0.0026528932755361429 0.028523181161074367 -0.038390489029498605 -0.036808735593078692 0.01984369344480947 -0.028629446577934085 0.0020439964177411734 0.011436970980776603 -0.036078338774809031 0.004368183156503099 -0.019871494116250266 0.0088886475135591426
leaf_weight=10.57287514079812 12.365789798100421 16.596021888143838 499.70498890518354 19.663623478937666 7.2271446095711829 16.038651462870519 41.974073434699449 40.223757360229683 41.547005202694379 200.28492673339554 44.128820554258425 252.44046051814283 39.727388988947808 270.05099844813935
leaf_count=1305 2064 4905 21332 204 577 4974 706 2566 791 2457 4431 3738 1783 10150
internal_value=0.000349436 -0.0184359 0.000705209 0.000989497 0.00286034 0.00230186 -0.00616304 -0.0019278 -0.0132081 0.00376152 0.00124154 -0.00394434 0.00101566 0.00752281
internal_weight=1512.55 27.1689 1485.38 1473.01 973.307 953.643 139.783 123.745 81.7708 813.86 613.575 336.297 292.168 277.278
internal_count=61983 6210 55773 53709 32377 32173 9037 4063 3357 23136 20679 9952 5521 10727
is_linear=0
shrinkage=0.03


Tree=416
num_leaves=15
num_cat=0
split_feature=42 38 22 39 33 21 21 42 33 33 10 39 33 38
split_gain=15.6973 15.756 15.722 14.8303 20.8465 20.6828 16.116 14.1093 13.2193 23.9935 48.1108 37.3053 21.8366 40.644
threshold=5.8750000000000009 145.16932549125002 0.31093901098901028 198.44518307444449 0.019598562470608292 0.30686392166691417 0.27013768694667123 2.6250000000000004 0.015448988954641918 0.017686559074447456 -0.0088925396825418352 769.31279162291673 0.0088960857447568271 430.19372457611115
decision_type=2 8 2 8 2 2 2 2 2 2 2 8 2 10
left_child=1 7 8 -3 6 -6 -5 -1 12 10 -10 -11 -2 -14
right_child=2 3 -4 4 5 -7 -8 -9 9 11 -12 -13 13 -15
leaf_value=-0.04142111765288977 -0.0022053825812159834 0.02042462947550094 0.015114949219943287 -0.0048281987953943733 -0.033744822571630063 0.012589329424854171 0.023712778980808973 -0.010059377821383927 0.013283584496596621 0.0016964146229014338 -0.031661675318715742 -0.038914686685577043 0.014798351205693852 -0.02962674209564967
leaf_weight=18.028493830481821 206.96085551701071 21.844558670567238 72.589539533248171 68.013325444173347 33.510893966080602 10.987059538951142 23.011696888463803 43.214625909232211 32.44940785948711 642.83397660602122 59.638620757934405 20.022288729567663 219.12067509967528 19.312735753133893
leaf_count=14483 3306 3083 586 8462 7020 156 444 5922 218 12740 2364 354 2640 137
internal_value=0.000377873 -0.00702991 0.00165459 -0.00196309 -0.00569487 -0.0222791 0.00256641 -0.0198087 0.000828685 -0.00158935 -0.0158516 0.000412941 0.00492163 0.0110913
internal_weight=1491.54 218.611 1272.93 157.368 135.523 44.498 91.025 61.2431 1200.34 754.944 92.088 662.856 445.394 238.433
internal_count=61915 39570 22345 19165 16082 7176 8906 20405 21759 15676 2582 13094 6083 2777
is_linear=0
shrinkage=0.03


Tree=417
num_leaves=15
num_cat=0
split_feature=25 38 22 34 20 39 23 10 20 40 34 38 10 39
split_gain=11.8046 12.3089 11.9172 11.1652 10.1349 12.4148 41.2107 29.8472 25.1617 33.3257 32.2756 25.9656 25.0951 24.5047
threshold=0.0066994173080394265 1.7335950980555557 0.5369820175438581 0.1095806630546957 2.0720659722222226 248.16932549125002 3.2672500000000002 0.28063535714285565 2.4447538194444447 857.50000000000011 0.047416388888889049 18.871409521666667 0.46354873737373825 477.11097256888894
decision_type=2 8 2 2 2 10 2 2 2 8 2 8 2 10
left_child=1 -1 3 4 -3 8 -7 -8 9 11 -10 -6 -12 -9
right_child=-2 2 -4 -5 5 6 7 13 10 -11 12 -13 -14 -15
leaf_value=-0.039031162322247417 -0.023544022758652812 -0.029400569104749048 0.016552520124251839 -0.037715014594198425 -0.038994582974075112 -0.033918080938747285 0.0024480494480572565 -0.028011912821041502 0.023868498998517809 -0.037645907104526775 -0.035728331754523474 0.0040587395016282888 0.025915691119215638 -0.0029815238542119358
leaf_weight=6.0209595500278956 17.456376369179907 9.1250326331855813 40.919828747519205 5.9112496397333407 12.039241829172566 32.87050973685632 697.26869360982323 54.944316873577804 97.761301989137337 18.372832473530707 15.863288625596057 383.19168097636145 8.3037772311207032 95.684093097136497
leaf_count=341 467 2623 588 2696 1297 4047 14642 3415 2447 8534 1099 18308 45 1592
internal_value=0.00030041 0.000597704 0.000786154 0.000324175 0.000508254 0.00072156 -0.00146841 -0.000171961 0.00431934 0.000775599 0.0162363 0.00265218 -0.0143594 -0.0122363
internal_weight=1495.73 1478.28 1472.26 1431.34 1425.42 1416.3 880.768 847.897 535.532 413.604 121.928 395.231 24.1671 150.628
internal_count=62141 61674 61333 60745 58049 55426 23696 19649 31730 28139 3591 19605 1144 5007
is_linear=0
shrinkage=0.03


Tree=418
num_leaves=15
num_cat=0
split_feature=6 34 17 30 0 18 10 8 11 35 32 34 15 5
split_gain=12.6911 18.499 23.6133 19.8204 20.6257 22.5848 19.1513 32.319 18.7124 17.4601 20.8615 20.7295 14.5616 18.8844
threshold=0.094275000000004147 0.07008750000000058 0.27024304160974727 0.005692058823529275 22.317991666666671 -0.054674242424241772 0.36820476190475587 21.872376736111114 26.157750000000004 0.93690000000000018 0.95686041666666666 0.076852277432711766 2.7363000000000004 0.46540181944374687
decision_type=2 2 2 2 2 2 2 2 2 2 2 2 2 2
left_child=1 8 3 4 6 -6 7 -3 -1 -2 -11 12 13 -12
right_child=9 2 -4 -5 5 -7 -8 -9 -10 10 11 -13 -14 -15
leaf_value=-0.0075759606027969483 0.01376797652721188 -0.036305120686483054 -0.019434832895370815 0.015832424828347211 0.0096195407233514909 -0.045777820056057225 0.017918321091517694 0.024443107798853003 0.022539755559211585 -0.023194074643919853 0.025140326519530506 -0.011955555312365239 0.0054827327711937128 -0.029137222284315766
leaf_weight=398.89672373859889 120.11200559250801 18.66578686517849 32.581844626553846 119.32454861863431 10.362184891257131 16.005985668785229 46.09719043653925 12.263428341047247 18.51939865641225 28.664200267127512 6.8262149078730685 77.82328767535455 567.9301426554249 22.211269149492921
leaf_count=22993 6706 3595 2460 4259 248 518 1749 204 181 1906 34 5066 9658 2522
internal_value=0.000750999 -0.00230413 0.00404722 0.00755396 -0.00206011 -0.0244517 0.00582025 -0.0122073 -0.00618915 0.0032463 0.00143277 0.00251166 0.00441451 -0.0159653
internal_weight=1496.28 672.717 255.301 222.719 103.395 26.3682 77.0264 30.9292 417.416 823.567 703.455 674.791 596.968 29.0375
internal_count=62099 36207 13033 10573 6314 766 5548 3799 23174 25892 19186 17280 12214 2556
is_linear=0
shrinkage=0.03


Tree=419
num_leaves=15
num_cat=0
split_feature=42 11 11 39 11 16 16 36 39 13 16 19 40 8
split_gain=13.2635 15.5858 23.331 43.7364 23.1105 21.761 19.3774 34.0086 26.2418 17.8911 21.2137 19.7908 29.0151 36.8208
threshold=2.6250000000000004 21.580050000000004 21.539300000000004 112.55632288958334 21.769950000000005 2.3800250000000003 2.2400864583333338 2.5000000000000004 64.783841964583345 0.17932012564370034 2.3399083333333337 2.8688000000000007 739.50000000000011 20.798667534722227
decision_type=2 2 2 10 2 2 2 2 10 2 2 2 10 2
left_child=-1 2 3 6 -3 -5 7 8 -2 -6 -11 -12 -13 -14
right_child=1 4 -4 5 9 -7 -8 -9 -10 10 11 12 13 -15
leaf_value=-0.013213701837185341 0.013625995957752598 -0.028681592749706015 0.019777564652705307 -0.035949329368534982 0.0086364077869274854 0.020231735423681178 0.018771394856618502 -0.037259374222661915 -0.031065027638322487 -0.027881317159218641 0.020431730628967942 -0.0065983707112836675 -0.035777991947121945 0.0070179477920100262
leaf_weight=60.891537210720571 78.11748373249651 24.971701715885274 88.740046367009654 33.670521955987056 177.44975070798603 6.8741810778155914 81.393928592042812 17.811299372115116 12.936361470360451 26.139179020267875 36.315615850275663 490.34588693434455 18.148919719718833 331.39995830889529
leaf_count=27768 2341 1783 526 3558 2895 34 363 1982 2746 2804 467 9692 1470 3827
internal_value=0.000382448 0.000972567 0.0067967 0.00174199 -0.000716627 -0.0261664 0.00779504 -0.000507679 0.00700808 -4.39631e-05 -0.00175865 -0.000948466 -0.00189611 0.00470022
internal_weight=1485.21 1424.31 319.544 230.804 1104.77 40.5447 190.259 108.865 91.0538 1079.8 902.35 876.21 839.895 349.549
internal_count=62256 34488 11550 11024 22938 3592 7432 7069 5087 21155 18260 15456 14989 5297
is_linear=0
shrinkage=0.03


Tree=420
num_leaves=15
num_cat=1
split_feature=38 21 38 22 42 41 21 18 22 29 38 39 37 36
split_gain=13.1615 30.9204 14.5046 12.9167 20.6227 35.2339 17.5435 37.9924 25.4948 26.1708 20.4633 23.3212 34.6922 28.0803
threshold=17.945414688472226 0.3394762733977878 21.694921626944446 0.40447362996480651 4.8750000000000009 0 0.24858630435667961 0.12669915584415531 0.070832764294529157 0.0064365809743102357 420.78197039833339 393.33637828430562 73.541666666666686 1.0000000180025095e-35
decision_type=8 2 8 2 2 1 2 2 2 2 10 8 10 2
left_child=1 -1 -2 6 5 -5 -4 10 9 -9 11 -8 13 -13
right_child=2 -3 3 4 -6 -7 7 8 -10 -11 -12 12 -14 -15
leaf_value=-0.038344431321809334 0.019055549718081956 0.0037233643125134759 0.0041117915435291081 -0.031615129628042839 0.02941913076412608 0.027449474898419365 -0.01576482738044508 -0.023634358251291298 0.0069801837824586144 0.010738397820109446 -0.024839414464232591 0.015637490776332728 0.011117773698297797 -0.034311608146612188
leaf_weight=24.587035531322798 38.680779056462541 40.391893745745449 542.15505458096857 17.82122245291248 34.153454640880227 16.590315569192171 131.56860530202781 54.561954884963825 329.90132403785486 30.354830162658629 68.131272803802517 13.702983848813657 103.96805183312813 33.192951300521827
leaf_count=2079 956 2769 23221 383 284 84 19778 2611 3746 539 1399 306 2294 1655
internal_value=0.000563469 -0.0125344 0.00117346 0.000657342 0.0132537 -0.00316819 -1.28127e-05 -0.00293601 0.00320641 -0.0113653 -0.0101927 -0.00658431 0.00147312 -0.0196947
internal_weight=1479.76 64.9789 1414.78 1376.1 68.565 34.4115 1307.54 765.382 414.818 84.9168 350.564 282.433 150.864 46.8959
internal_count=62104 4848 57256 56300 751 467 55549 32328 6896 3150 25432 24033 4255 1961
cat_boundaries=0 1
cat_threshold=4
is_linear=0
shrinkage=0.03


Tree=421
num_leaves=15
num_cat=0
split_feature=6 16 8 11 9 7 8 23 7 11 28 30 4 15
split_gain=11.0525 19.557 27.7978 25.6378 19.8943 18.8991 17.2851 23.2873 29.9704 18.2813 18.0302 16.9455 18.5497 16.7819
threshold=0.13362458333333396 2.579308333333334 20.939967708333338 21.899400000000004 0.56950493605111563 22.653900000000004 21.291978645833336 4.0509000000000013 23.572500000000002 23.437500000000004 1.4078031250000003 0.0092295488721804674 21.80992083333334 3.4901500000000003
decision_type=2 2 2 2 2 2 2 2 2 2 2 2 2 2
left_child=1 3 -3 -1 -4 -6 10 8 9 -8 13 -11 -13 -7
right_child=-2 2 4 -5 5 6 7 -9 -10 11 -12 12 -14 -15
leaf_value=-0.0042328547873861583 0.0025926404267992767 0.016480360075057047 -0.025688964425910142 -0.028248440359783748 -0.026630784271359606 -0.038624375336993109 -0.019360604578248331 0.0050798491993332929 -0.044017398579623834 0.013461782842843672 0.027999443319120788 0.011769795908547778 -0.038124524551085864 0.020873867742505325
leaf_weight=158.32678303092064 710.47093139182925 81.199581981567917 29.986413725764294 52.750586361778119 22.988110173802454 7.8065058493857844 48.799670052413205 196.89765080781581 19.841629448588833 52.854907154904367 36.502680948459641 11.5372139803319 13.878322428346733 7.3809681839156838
leaf_count=16234 22995 1287 1316 8378 2489 462 2266 3284 1095 1210 379 135 532 40
internal_value=-7.87972e-05 -0.00264107 0.000440493 -0.0103395 -0.00249385 -0.000774544 0.000791704 -0.00165582 -0.0106566 -0.00514435 0.0167935 0.00385156 -0.0158872 -0.0102056
internal_weight=1451.22 740.751 529.674 211.077 448.474 418.488 395.5 343.809 146.912 127.07 51.6902 78.2704 25.4155 15.1875
internal_count=62102 39107 14495 24612 13208 11892 9403 8522 5238 4143 881 1877 667 502
is_linear=0
shrinkage=0.03


Tree=422
num_leaves=15
num_cat=0
split_feature=19 21 11 16 37 1 22 32 11 19 37 19 10 11
split_gain=11.6997 15.8462 15.5945 19.8631 29.9994 15.4312 14.6216 13.6631 13.1478 14.3341 32.837 24.3936 21.6595 11.8927
threshold=2.6819500000000005 0.23170768010142126 21.020700000000001 2.2609322916666672 124.29166666666669 0.76092531962628029 0.023993671679197033 0.9753263888888889 21.561900000000005 2.8688000000000007 55.541666666666671 2.9986500000000005 0.50793517543859756 22.085250000000006
decision_type=2 2 2 2 10 2 2 2 2 2 10 2 2 2
left_child=6 -2 -3 4 5 -4 -1 -5 -9 10 -10 12 -11 -13
right_child=1 2 3 7 -6 -7 -8 8 9 11 -12 13 -14 -15
leaf_value=0.00024361048342383382 -0.037500365271021331 0.014859700462904137 -0.035874496137494542 0.011249886770832893 0.013359924572196952 0.0082290428583452827 -0.031493041422734402 -0.032725064296064511 0.020244022122747004 -0.033158391951792883 -0.032441283212952018 0.014320869715456758 0.025464123994973966 -0.00023502257022356768
leaf_weight=30.131120242883668 8.6426887274826623 69.319664412673546 39.606605168842634 110.68547113569775 22.183224790528868 8.2623379984929084 22.047001439238642 9.7742952376406702 70.849199501959333 32.411651889915845 11.576475495677071 52.290144473050646 6.0611656831806036 970.54698142269604
leaf_count=7069 1894 3046 6041 1383 1894 434 4528 1134 955 4580 1966 1611 87 25479
internal_value=0.00030806 0.000827665 0.00109021 0.000364232 -0.0150705 -0.0282495 -0.0135062 0.00123075 0.000260445 0.000570678 0.0125443 -0.000370179 -0.0235116 0.000522374
internal_weight=1464.39 1412.21 1403.57 1334.25 70.0522 47.8689 52.1781 1264.2 1153.51 1143.74 82.4257 1061.31 38.4728 1022.84
internal_count=62101 50504 48610 45564 8369 6475 11597 37195 35812 34678 2921 31757 4667 27090
is_linear=0
shrinkage=0.03


Tree=423
num_leaves=15
num_cat=0
split_feature=12 8 24 11 4 38 37 19 9 21 28 34 37 37
split_gain=10.8843 46.0809 40.3691 47.0742 28.9966 41.2127 36.271 29.1169 27.6344 24.8767 24.6059 28.7477 21.8332 27.6956
threshold=3.129679166666667 21.315201562500004 1.6106458333333336 23.797050000000002 21.360694791666671 216.56658364569446 145.04166666666669 3.6025500000000004 0.56890389373796457 0.27325836715167201 1.5495250000000003 0.028126654135337843 100.54166666666669 151.04166666666669
decision_type=2 2 2 2 2 10 10 2 2 2 2 2 10 10
left_child=1 4 -2 -4 5 -1 7 -7 -5 10 -3 -12 -10 -14
right_child=2 9 3 8 -6 6 -8 -9 12 -11 11 -13 13 -15
leaf_value=0.0032856192584905576 0.023579871427861859 -0.037636880598562523 -0.02994281739946475 -0.036340196788928254 0.024089937964372289 -0.031876339001190732 0.014530797845352786 0.018238277432980197 0.0092091843171117661 0.013265024358150914 0.0043356980942373989 -0.032889338220302905 -0.013121246502660265 0.021719968476014127
leaf_weight=601.59862410341088 80.050367063895408 50.503907079363273 40.288957182965646 14.10999364977806 47.571150931902253 77.383776952844073 25.934770555177465 11.373718690127133 306.12225847323924 20.865916140111494 46.185360309805674 30.117068572248684 96.125468040259648 25.082725050272074
leaf_count=36600 451 4017 1392 608 635 7364 1043 28 3775 767 684 2109 2007 546
internal_value=0.000710451 -0.00131368 0.00399127 0.000694067 0.00165841 0.000137156 -0.0162632 -0.0253228 0.00355156 -0.0165951 -0.0215739 -0.0105927 0.00495051 -0.0057925
internal_weight=1473.31 911.534 561.78 481.729 763.862 716.291 114.692 88.7575 441.44 147.672 126.806 76.3024 427.33 121.208
internal_count=62026 53247 8779 8328 45670 45035 8435 7392 6936 7577 6810 2793 6328 2553
is_linear=0
shrinkage=0.03


Tree=424
num_leaves=15
num_cat=0
split_feature=42 15 22 22 33 37 22 16 12 37 27 27 12 40
split_gain=14.2156 24.1862 12.1314 11.7241 22.6598 18.7892 17.7678 12.49 18.041 19.2063 15.4166 25.8898 23.2266 20.2043
threshold=2.8750000000000004 4.3954500000000012 0.40447362996480651 -0.11459884902679017 0.030083940717231413 117.04166666666669 -0.041036200592885701 2.0601895833333335 2.1847000000000003 122.29166666666669 0.94135000000000013 0.98760000000000014 2.4953708333333338 102.50000000000001
decision_type=2 2 2 2 2 10 2 2 2 10 2 2 2 10
left_child=1 -1 3 5 6 -2 -5 -8 9 -9 -10 12 -12 -13
right_child=2 -3 -4 4 -6 -7 7 8 10 -11 11 13 -14 -15
leaf_value=-0.025801904788584323 -0.032434304571079098 0.012289046334606965 0.013567195347368019 -0.020079469017602235 -0.030183361564100383 0.022167670881495034 0.019984564268362322 -0.036628858412161194 0.012836468384982097 0.012188717459954203 -0.042695571379850375 -0.01366485887613105 0.014034354451309149 0.0022156408162984655
leaf_weight=43.445546280202052 5.6461795377372246 21.911297530150478 66.631490375555586 35.587592051602542 21.000573368387904 41.464606071067465 29.845383861070104 21.746025449368179 94.195854135319223 10.051904118749347 21.628361829287545 76.870315666616079 8.5385404676198942 973.42985376209845
leaf_count=27700 926 970 675 1668 2679 731 489 3326 2060 1752 848 1510 35 16820
internal_value=0.000530897 -0.0130389 0.00117021 0.000544114 3.00113e-06 0.0150855 0.000524737 0.00113359 0.000651087 -0.0212956 0.00126279 0.000242852 -0.0267034 0.00104147
internal_weight=1471.99 65.3568 1406.64 1340.01 1292.89 47.1108 1271.89 1236.31 1206.46 31.7979 1174.66 1080.47 30.1669 1050.3
internal_count=62189 28670 33519 32844 31187 1657 28508 26840 26351 5078 21273 19213 883 18330
is_linear=0
shrinkage=0.03


Tree=425
num_leaves=15
num_cat=0
split_feature=38 38 35 7 39 29 39 16 37 17 7 9 36 15
split_gain=11.5474 27.3444 23.9356 24.2749 34.9446 24.0283 23.5186 72.0112 19.6813 18.3536 19.8115 13.9076 14.3303 13.6577
threshold=474.94920017277781 446.80790493708338 2.3254500000000005 24.695000000000004 551.110972568889 0.0024504844674688546 498.0167850366667 4.1001458333333343 142.54166666666669 0.30579639944098941 20.291450000000001 0.58944104955870402 2.5000000000000004 3.3771500000000008
decision_type=10 10 2 2 10 2 10 2 10 2 2 2 2 2
left_child=1 2 3 4 9 8 -2 -8 -5 13 -11 -7 -13 -1
right_child=6 -3 -4 5 -6 11 7 -9 -10 10 -12 12 -14 -15
leaf_value=-0.002491609757575482 0.017267553154145483 -0.031369563992160635 -0.03962525677421351 -0.036103184485906013 -0.034298812652837456 0.02683642242464938 -0.038764148051231823 0.017263675338969085 0.016573343827323783 0.025304290986906289 -0.030011082877148629 -0.01658952705685059 0.024675257985106624 0.0049745456403206103
leaf_weight=693.34139687694801 90.32983898794555 26.002792571140162 13.157524952631318 13.850993764282295 27.984515850325579 65.349776733142562 32.843667890133474 51.987971290160203 10.399328961776517 6.2371440315748421 32.940820951258189 16.077770714526199 12.616596128123772 322.12762970118854
leaf_count=48985 484 968 402 736 1429 277 576 158 64 56 1260 353 104 6491
internal_value=-0.000490284 -0.00151017 -0.000845363 -0.00038787 -0.00180155 0.0124568 0.00669777 -0.00462713 -0.013752 -0.000907581 -0.0207942 0.0192886 0.0017741 -0.000120628
internal_weight=1415.25 1240.09 1214.08 1200.93 1082.63 118.294 175.161 84.8316 24.2503 1054.65 39.178 94.0441 28.6944 1015.47
internal_count=62343 61125 60157 59755 58221 1534 1218 734 800 56792 1316 734 457 55476
is_linear=0
shrinkage=0.03


Tree=426
num_leaves=15
num_cat=0
split_feature=11 39 8 39 32 12 32 12 35 11 40 8 8 19
split_gain=9.8307 17.9896 26.398 21.8441 27.7841 22.2358 28.1936 19.8223 23.1332 30.2048 32.3712 23.5862 44.0099 24.4153
threshold=26.157750000000004 620.72643510791681 23.880229513888892 580.03439253722229 1.8936668402777779 3.6295666666666664 1.7385114583333336 3.3403291666666672 1.6205000000000003 23.859550000000002 318.50000000000006 21.814630034722224 21.694092881944446 3.6295000000000006
decision_type=2 10 2 10 2 2 2 2 2 2 10 2 2 2
left_child=1 3 -3 4 5 6 7 8 11 -10 -11 12 13 -1
right_child=-2 2 -4 -5 -6 -7 -8 -9 9 10 -12 -13 -14 -15
leaf_value=-0.00042153683230912372 0.018211322187655362 -0.036421610261743731 -0.0017359455481009126 0.016967245123118587 -0.026214853558714959 0.018241007264105009 -0.023334229236277617 0.01415774021472376 -0.035806035152559972 0.02064660644945978 -0.039465704634775563 0.022161071684235725 -0.038000134916617391 0.017325784731291975
leaf_weight=807.09783765391933 27.107614920570995 27.655815731109897 63.871484589621105 73.496320861457207 33.724899979259135 62.800552849614178 43.622210299675771 93.13203550005619 35.494289717804122 25.952575272177 10.507945914566561 44.235983924537322 25.674042484946199 75.362082503352667
leaf_count=48911 366 1455 474 721 950 478 2065 635 2759 328 1139 358 983 613
internal_value=0.000641995 0.000294661 -0.0124969 0.00118294 0.000247731 0.000997733 5.01832e-05 0.000983088 -0.000227396 -0.0165089 0.00273114 0.00101876 -3.43483e-05 0.00111198
internal_weight=1449.74 1422.63 91.5273 1331.1 1257.6 1223.88 1161.08 1117.46 1024.32 71.9548 36.4605 952.37 908.134 882.46
internal_count=62235 61869 1929 59940 59219 58269 57791 55726 55091 4226 1467 50865 50507 49524
is_linear=0
shrinkage=0.03


Tree=427
num_leaves=15
num_cat=0
split_feature=20 32 15 16 21 42 16 11 21 33 15 42 38 22
split_gain=9.73511 13.8997 12.6265 23.2529 18.0093 11.4907 16.3633 20.5148 24.7244 17.8691 23.3016 15.5481 23.1102 14.9071
threshold=2.0720659722222226 0.69910173611111126 2.5887500000000006 2.0511822916666671 0.25851913437690821 6.8750000000000009 2.5209666666666672 22.392150000000004 0.27325836715167201 0.015448988954641918 3.5058500000000001 2.1250000000000004 145.16932549125002 0.31093901098901028
decision_type=2 2 2 2 2 2 2 2 2 2 2 2 10 2
left_child=-1 -2 3 -3 -5 6 -4 11 9 10 -9 12 -8 -7
right_child=1 2 5 4 -6 13 7 8 -10 -11 -12 -13 -14 -15
leaf_value=-0.029349588265126653 0.023277113702350603 0.017853804341213711 -0.025423727163898707 -0.036727313747798217 -0.0041689923098373206 0.0015807216082714352 -0.044058205062857882 -0.038156458362513822 0.0076031300359236708 -0.027002709467427159 0.0031906298067023698 0.022937167374751679 0.019807045432853991 0.01838558537674469
leaf_weight=8.8513998033165517 22.86602646889628 17.994896769888214 28.718734361990471 29.311801991340303 31.439331816953199 962.65970994270174 8.3011713897534225 14.164958386791396 71.881775017070595 55.326076431000587 63.549247559733885 42.773141025467339 10.388620335474171 48.994207763811573
leaf_count=2732 201 1288 14106 8673 4105 13153 460 3786 1033 8532 2503 576 343 390
internal_value=0.000369622 0.000577096 0.000185942 -0.0114034 -0.0202184 0.000892511 -0.00430681 -0.00194365 -0.00650496 -0.0141274 -0.0047347 0.0131248 -0.00935602 0.00241193
internal_weight=1417.22 1408.37 1385.5 78.746 60.7511 1306.76 295.104 266.385 204.922 133.04 77.7142 61.4629 18.6898 1011.65
internal_count=61881 59149 58948 14066 12778 44882 31339 17233 15854 14821 6289 1379 803 13543
is_linear=0
shrinkage=0.03


Tree=428
num_leaves=15
num_cat=0
split_feature=42 6 33 30 33 35 38 22 8 19 38 38 38 18
split_gain=15.9052 14.0792 13.9291 19.1811 16.0416 22.0948 24.0667 45.2145 28.5181 39.3118 29.3898 32.4598 23.5947 18.7171
threshold=4.6250000000000009 -0.013191842105267445 0.0084009616940976858 0.01276304621848723 0.013100555475634126 0.93690000000000018 189.01004004597226 0.10377769841269825 20.366775347222227 3.2359500000000003 337.55790493708338 430.19372457611115 157.52907293416669 0.096177719298246089
decision_type=2 2 2 2 2 2 10 2 2 2 10 10 8 2
left_child=-1 -2 3 -3 -4 -6 7 -7 -8 -10 -11 -12 -9 -13
right_child=1 2 4 -5 5 6 8 12 9 10 11 13 -14 -15
leaf_value=-0.0094399267721308189 -0.0029854913900426256 0.0014890748750434786 0.01586729033335663 -0.025032861436817558 0.015721315962755007 -0.029078027801863891 0.022268142072291837 0.0080281218437991252 -0.030225987469224565 0.014498696278659365 -0.02905119237636504 -0.013061321097115207 -0.025577269170870456 0.014858880819845145
leaf_weight=128.48840338438754 415.08116290891917 91.238119909128727 107.78420366527462 32.521729548869189 109.03257502047882 59.494945139413176 72.048911946991211 108.73590322815835 30.749266166009875 139.99330752384958 36.041906121157808 33.906796329738427 21.698464962319122 55.888272058055009
leaf_count=35217 11704 1489 822 540 3076 3381 379 1063 1528 1049 974 335 463 212
internal_value=0.000592521 0.00157981 0.00368833 -0.00562517 0.00518022 0.00343361 0.00101119 -0.00763982 0.00547708 0.00133686 0.00508741 -0.00541439 0.00228562 0.00428842
internal_weight=1442.7 1314.22 899.134 123.76 775.375 667.59 558.558 189.929 368.628 296.58 265.83 125.837 130.434 89.7951
internal_count=62232 27015 15311 2029 13282 12460 9384 4907 4477 4098 2570 1521 1526 547
is_linear=0
shrinkage=0.03


Tree=429
num_leaves=15
num_cat=0
split_feature=21 37 33 0 9 40 20 20 20 32 23 8 11 16
split_gain=10.0335 23.713 43.0263 20.1333 17.2118 15.6087 54.2175 25.6575 33.5407 28.0764 43.0718 23.3361 19.1386 63.3174
threshold=0.24369373659252722 30.041666666666671 0.013100555475634126 20.023333333333337 0.62891361090787024 731.50000000000011 2.5143335069444448 2.6744470486111114 2.8949032986111116 1.5485218750000005 4.0055000000000005 18.985151909722227 22.392150000000004 3.0460708333333337
decision_type=2 8 2 2 2 10 2 2 2 2 2 2 2 2
left_child=1 -1 3 -3 -4 12 11 -8 -9 -10 -11 -7 -2 -14
right_child=5 2 4 -5 -6 6 7 8 9 10 -12 -13 13 -15
leaf_value=0.015216434039916408 0.0024786598249822976 -0.033762265418296841 -0.032608865813194658 0.013057960846490118 0.0043788163597785739 0.022367473263292074 0.019818024896515279 -0.023193543738100363 0.021231246459235336 -0.031792780335588029 0.0076021000987551166 -0.03081087022314025 -0.02774499860352158 -0.00027403598140790785
leaf_weight=133.42026983391798 306.35097425278889 8.0468651718375082 41.274456844191548 100.28066868790813 15.16803669466452 7.9872981413384556 116.42704681588657 36.892015762272081 82.201855203466096 30.396944422557453 121.17591419388555 48.729462564249886 101.70110747732457 285.31232402076859
leaf_count=2149 17149 1901 5882 3329 1059 378 1332 2180 580 1044 2042 9115 8250 5454
internal_value=0.000976686 0.00586499 -0.00175333 0.00930302 -0.0227658 -0.000309153 0.00407862 0.00810474 0.00301188 0.00722853 -0.000454882 -0.0230641 -0.00311952 -0.00754588
internal_weight=1435.37 298.19 164.77 108.328 56.4425 1137.17 443.811 387.094 270.667 233.775 151.573 56.7168 693.364 387.013
internal_count=61844 14320 12171 5230 6941 47524 16671 7178 5846 3666 3086 9493 30853 13704
is_linear=0
shrinkage=0.03


Tree=430
num_leaves=15
num_cat=0
split_feature=38 38 38 8 39 16 7 11 20 39 42 40 10 10
split_gain=15.1438 10.755 24.2712 21.3115 20.4346 65.0021 15.661 22.5283 16.9105 26.876 18.7799 22.6156 18.9279 22.2087
threshold=1.7335950980555557 474.94920017277781 446.80790493708338 24.138875694444447 498.0167850366667 4.1001458333333343 24.857850000000003 24.898850000000003 3.8012515625000005 551.110972568889 2.8750000000000004 884.50000000000011 0.39476541889483796 0.053904999999996768
decision_type=8 10 10 2 10 2 2 2 2 10 2 10 2 2
left_child=-1 2 3 6 -3 -6 7 8 9 10 11 -2 13 -12
right_child=1 4 -4 -5 5 -7 -8 -9 -10 -11 12 -13 -14 -15
leaf_value=-0.029849452023303809 -0.0068312377066572184 0.017142642085062634 -0.028594792667589665 -0.03694736386466585 -0.03837722379278756 0.016771049182863904 0.014651850001592597 -0.033219064491787062 0.028807000806032549 -0.034227066023285617 0.0056514968245024366 -0.05977249847615218 0.012121419022510554 -0.0040183268492885249
leaf_weight=13.745611610852178 31.940939689694233 93.45043184098904 25.663903351571889 12.633747124087675 29.259130082243473 51.828562529291958 67.93363557408793 17.165889604408676 17.625266352929884 19.288540827786846 356.53253506752196 8.5273287115487602 129.13886640161695 530.58698820871257
leaf_count=495 17904 486 954 272 552 153 1055 1142 79 1012 6896 8114 3176 19929
internal_value=0.000393704 0.000713658 -0.000287377 0.000345876 0.00765565 -0.00335338 0.000776564 -8.44223e-05 0.000465534 -2.50186e-05 0.000631044 -0.0191592 0.00143717 -0.000130046
internal_weight=1405.32 1391.58 1217.04 1191.37 174.538 81.0877 1178.74 1110.81 1093.64 1076.02 1056.73 40.4683 1016.26 887.12
internal_count=62219 61724 60533 59579 1191 705 59307 58252 57110 57031 56019 26018 30001 26825
is_linear=0
shrinkage=0.03


Tree=431
num_leaves=15
num_cat=0
split_feature=42 12 11 12 11 7 8 20 32 16 17 36 24 7
split_gain=16.7141 13.2241 9.37227 43.695 39.0875 23.7051 20.318 40.2156 23.616 26.5164 33.1368 24.6802 23.3706 43.2745
threshold=1.8750000000000002 3.8970333333333342 22.626200000000001 2.7195791666666671 22.931700000000003 22.653900000000004 21.315201562500004 2.8949032986111116 1.5485218750000005 3.2601729166666673 0.24247614340698767 1.0000000180025095e-35 1.7795291666666666 24.695000000000004
decision_type=2 2 2 2 2 2 2 2 2 2 2 2 2 2
left_child=1 -1 3 -2 -4 -6 -7 -8 -9 10 11 -10 -11 -14
right_child=2 -3 4 -5 5 6 7 8 9 12 -12 -13 13 -15
leaf_value=-0.033237566515749453 0.00028381759667536727 0.0046127022505810591 -0.030981260026244812 0.02433005002116622 -0.029997465728282904 0.017130874375065445 -0.03436763966511279 0.014338957897719018 0.015549493005459958 0.012581630805340022 -0.031006469413760229 -0.025659121900123951 -0.021045537606528747 0.0052925546867091215
leaf_weight=22.709840657845234 537.63046638470496 12.448915747973613 37.829077928891934 76.864722806348709 22.037414300816295 62.323031368951774 29.384738090395217 98.682285201120919 37.653396722129401 126.47446669655255 54.385567850584323 18.774100332642547 81.490507297790373 174.92675145964586
leaf_count=24006 22695 939 2394 406 2166 588 1463 557 314 591 1527 815 2091 1373
internal_value=5.18843e-05 -0.0200787 0.000587279 0.00332631 -0.00167652 -6.50111e-05 0.000941611 -0.000706015 0.00101884 -0.00166721 -0.0145212 0.00163083 0.00208101 -0.00312704
internal_weight=1393.62 35.1588 1358.46 614.495 743.961 706.132 684.095 621.772 592.387 493.705 110.813 56.4275 382.892 256.417
internal_count=61925 24945 36980 23101 13879 11485 9319 8731 7268 6711 2656 1129 4055 3464
is_linear=0
shrinkage=0.03


Tree=432
num_leaves=15
num_cat=0
split_feature=15 23 22 2 11 11 16 5 22 11 16 28 11 40
split_gain=14.22 33.4036 14.778 14.0789 14.5433 31.5043 16.3067 18.0284 19.5429 14.6848 21.5925 19.2956 28.5225 19.1257
threshold=2.7736500000000004 2.8814500000000005 0.028818137254901656 -0.17042499999999808 22.626200000000001 22.931700000000003 2.6196500000000005 0.60350068789438283 -0.0069776146076156358 22.994550000000004 2.9687822916666673 1.6027125000000004 23.797050000000002 359.50000000000006
decision_type=2 2 2 2 2 2 2 2 2 2 2 2 2 10
left_child=1 -1 -3 -2 6 -6 7 8 -5 -7 -11 -12 -13 -14
right_child=3 2 -4 4 5 9 -8 -9 -10 10 11 12 13 -15
leaf_value=0.0045063521518073218 -0.0030133256283912 -0.0067376292078897984 -0.029534597897906682 0.015201994101385017 -0.033499485774047218 0.020993656286368234 0.021145370592572099 0.011973942414962803 -0.018403732455339487 -0.015564452193729721 0.016015046440329386 -0.027466078606719613 0.011670516486266793 -0.0043479061680716923
leaf_weight=110.9150070009379 410.7559190796494 48.230467272607811 55.403398900803239 22.345733189467239 21.896292512073728 34.840970691149892 76.70816904528715 113.90291783268813 46.217663239675147 59.961148895257679 86.7304818747225 29.54674897353118 124.66402191600901 143.08193667951065
leaf_count=12637 13137 8708 7348 587 2309 480 909 2560 3396 3293 663 1566 852 3652
internal_value=0.000154137 -0.00692752 -0.0190908 0.00145682 0.00387391 0.000882381 0.00962788 0.00469711 -0.00739009 0.00252118 0.00102766 0.00365203 3.72081e-06 0.00312604
internal_weight=1385.2 214.549 103.634 1170.65 759.896 500.722 259.174 182.466 68.5634 478.825 443.984 384.023 297.293 267.746
internal_count=62097 28693 16056 33404 20267 12815 7452 6543 3983 10506 10026 6733 6070 4504
is_linear=0
shrinkage=0.03


Tree=433
num_leaves=15
num_cat=0
split_feature=14 20 6 38 12 35 6 18 25 7 40 29 5 29
split_gain=13.839 8.48319 18.7441 13.818 19.0571 11.1626 10.201 9.45435 9.28556 8.97856 7.89876 11.5793 20.6254 14.9917
threshold=-0.12430285714285728 3.322463541666667 0.19863875000000719 345.19920017277781 2.6454875000000002 1.7793000000000003 0.35311769230769402 0.080287462887988784 0.0011580602324996576 24.378200000000003 10.500000000000002 0.0021618536132383655 0.60223750362326667 0.002967085059448113
decision_type=2 2 2 10 2 2 2 2 2 2 8 2 2 2
left_child=1 2 3 4 -1 -3 -4 -8 -9 -7 -2 12 -12 -13
right_child=10 5 6 -5 -6 9 7 8 -10 -11 11 13 -14 -15
leaf_value=-0.023919398786838002 0.021046366070011379 0.020028108455759034 0.0086599614356131071 -0.039135093298996643 0.00036345959700071867 -0.028339778818475835 -0.025015641061707655 -0.020568564530216615 0.010065722350265052 0.00088636078356072118 0.0019645946050612932 0.013610332778046555 -0.017197000674343457 0.0014212650991639649
leaf_weight=56.592915581382471 17.646315622290473 23.225501042332326 64.109261574218237 18.634406663510617 58.707765785901472 10.070226001017202 19.506810501586727 12.155015529955959 26.564048477732058 64.679548692454546 144.67211676768548 103.7131493865885 76.571099390660009 686.68641258212267
leaf_count=9238 177 170 2512 1113 2221 762 1913 471 240 986 12759 1927 8622 19031
internal_value=-6.47711e-05 -0.00517073 -0.00803263 -0.015743 -0.0116585 0.00232057 0.000468033 -0.00854557 0.000173022 -0.00337311 0.00169583 0.00133785 -0.00471467 0.00303584
internal_weight=1383.53 354.245 256.27 133.935 115.301 97.9753 122.335 58.2259 38.7191 74.7498 1029.29 1011.64 221.243 790.4
internal_count=62142 19626 17708 12572 11459 1918 5136 2624 711 1748 42516 42339 21381 20958
is_linear=0
shrinkage=0.03


Tree=434
num_leaves=15
num_cat=0
split_feature=42 38 21 21 7 42 9 29 22 38 37 33 1 34
split_gain=11.9618 10.3435 20.2344 16.4186 14.4417 12.4653 32.3907 30.7133 16.7967 15.9046 11.2637 11.0875 16.9223 11.8825
threshold=0.62500000000000011 17.013318153750003 0.3394762733977878 0.30686392166691417 20.271350000000002 4.6250000000000009 0.5994978416964778 0.0037938541074142768 0.40447362996480651 111.60826796250002 90.791666666666686 0.029163875828544711 0.48435176363613192 0.096883333333333377
decision_type=2 8 2 2 2 2 2 2 2 8 10 2 2 2
left_child=-1 2 4 5 -2 6 9 -8 11 -3 -11 13 -13 -7
right_child=1 3 -4 -5 -6 8 7 -9 -10 10 -12 12 -14 -15
leaf_value=-0.030708924388638675 0.01250682317805645 -0.03946539608624227 0.0029200517778152687 0.021131721525224221 -0.045426451746154471 0.00096574296734118275 -0.060761097401426004 -0.0021969908872862954 0.026596086457395352 -0.018739467736455333 0.014669484104667362 0.0064641584500698124 -0.044957385921263179 0.025372185538960368
leaf_weight=10.035826020336343 4.4302550614076521 6.1068509226316214 33.15109737161356 35.116899290042511 17.466293643226834 1137.4636422828617 16.71528874766452 14.929036564334153 22.436655094847083 10.408793050312225 44.988618489316593 10.91070137325096 10.702018770483162 17.244018392383168
leaf_count=20283 119 1894 1946 972 1606 21632 3542 3595 137 1863 2056 526 1405 471
internal_value=0.000401 0.000648943 -0.0119759 0.00118127 -0.0336707 0.000623047 -0.00988901 -0.0340456 0.00144744 0.00288556 0.0081712 0.000945583 -0.0198605 0.00135186
internal_weight=1392.11 1382.07 55.0476 1327.02 21.8965 1291.91 93.1486 31.6443 1198.76 61.5043 55.3974 1176.32 21.6127 1154.71
internal_count=62047 41764 3671 38093 1725 37121 12950 7137 24171 5813 3919 24034 1931 22103
is_linear=0
shrinkage=0.03


Tree=435
num_leaves=15
num_cat=0
split_feature=20 8 30 10 2 37 7 21 11 11 8 20 9 35
split_gain=9.11754 13.0217 10.0424 26.6398 22.3114 15.8796 15.0518 17.3195 13.9476 24.5304 24.3828 20.4964 52.9091 30.82
threshold=2.0720659722222226 18.932050520833332 0.019736378205128441 0.15922900560223482 0.40308333333333202 104.29166666666669 24.786200000000004 0.26106515026626964 21.47935 21.002600000000005 19.895824131944448 2.4447538194444447 0.62717641565432491 1.22455
decision_type=2 2 2 2 2 10 2 2 2 2 2 2 2 2
left_child=-1 -2 8 5 6 -4 7 -5 9 -3 -10 12 -12 -13
right_child=1 2 3 4 -6 -7 -8 -9 10 -11 11 13 -14 -15
leaf_value=-0.028633014628530538 0.025459491070500936 0.0067977001581923753 -0.035115918837667369 -0.027565817621018004 0.014188680257736085 -0.0057844137699480536 0.016352116007994015 0.0014562005469857008 0.016090764779105451 -0.023364402451141325 -0.028050499772427927 0.022108535422972614 0.012220562135159862 0.0013829048032560026
leaf_weight=8.2315839396617303 18.768185460141922 46.149490914631571 32.973592479235236 38.639377111687708 71.588878765827445 33.430627828855279 17.398159449270679 34.533494782140593 114.0069410307508 49.369105665022488 65.189876768836626 69.427758668771389 51.979055417487615 779.19299318557751
leaf_count=2711 64 4415 1861 2717 1326 1209 107 845 3919 8815 8266 836 1566 23543
internal_value=0.0010878 0.00127976 0.000938616 -0.00480185 0.00177642 -0.0206541 -0.00808224 -0.0140341 0.0020581 -0.00887224 0.00303231 0.00147577 -0.010233 0.00310255
internal_weight=1430.88 1422.65 1403.88 228.564 162.16 66.4042 90.571 73.1729 1175.32 95.5186 1079.8 965.79 117.169 848.621
internal_count=62200 59489 59425 8065 4995 3070 3669 3562 51360 13230 38130 34211 9832 24379
is_linear=0
shrinkage=0.03


Tree=436
num_leaves=15
num_cat=0
split_feature=20 11 11 22 11 4 9 34 19 12 37 32 23 40
split_gain=9.60215 14.029 24.1877 32.7485 26.6435 24.4412 20.9108 22.7861 16.1949 46.2034 28.6068 19.5696 32.486 23.1141
threshold=2.0720659722222226 21.020700000000001 21.47935 0.15170756302520999 21.580050000000004 19.976393750000003 0.60428414827892196 0.050398571428571189 2.8688000000000007 2.5453125000000005 54.791666666666671 1.1365024305555558 3.2672500000000002 739.50000000000011
decision_type=2 2 2 2 2 2 2 2 2 2 10 2 2 10
left_child=-1 -2 3 -3 6 -6 7 -4 10 -10 -7 -11 -13 -14
right_child=1 2 4 -5 5 8 -8 -9 9 11 -12 12 13 -15
leaf_value=-0.029071496687600586 0.012980303884437206 -0.033152120368368419 0.018788873611289548 0.006833312381383236 -0.030526260679065793 0.021165030258133793 0.020849825500081041 -0.03227428241008546 -0.02415910656497788 0.020210334727184608 -0.030870109329691524 -0.029033423295504363 -0.0026970245852290823 0.0070981502199592653
leaf_weight=8.4474565252496614 85.542603935903117 41.97957062371762 14.385417610585366 31.771161896544243 22.100201248277926 66.021429346744455 99.867812819787957 15.180924443102695 67.435011940928234 46.099526461116852 10.176559773458463 31.593212164229385 509.79414381331151 375.79487058860934
leaf_count=2700 5538 9549 522 363 4828 1170 1266 812 9141 305 2457 2488 13300 7682
internal_value=0.00107569 0.00127569 0.000514941 -0.0160658 0.00149863 1.55081e-05 0.0143361 -0.00762777 0.000652295 -0.000340018 0.0139057 0.00135077 0.000381874 0.00146282
internal_weight=1426.19 1417.74 1332.2 73.7507 1258.45 1129.01 129.434 29.5663 1106.91 1030.72 76.198 963.282 917.182 885.589
internal_count=62121 59421 53883 9912 43971 41371 2600 1334 36543 32916 3627 23775 23470 20982
is_linear=0
shrinkage=0.03


Tree=437
num_leaves=15
num_cat=0
split_feature=19 42 1 11 11 38 16 11 36 38 38 16 9 11
split_gain=16.5122 14.2698 14.9453 12.605 23.7493 59.32 30.3667 21.5963 12.9997 24.0925 28.2754 53.7669 43.44 28.2892
threshold=2.6115500000000007 1.8750000000000002 0.6344104479428998 21.580050000000004 21.539300000000004 65.427616544166668 2.366072916666667 21.769950000000005 2.5000000000000004 45.104813317361113 166.07473628958334 2.9219135416666671 0.61374945958852456 22.437650000000001
decision_type=2 2 2 2 2 10 2 2 2 10 10 2 2 2
left_child=-1 2 -2 4 5 -3 -7 -5 9 -9 -11 12 -12 -14
right_child=1 3 -4 7 -6 6 -8 8 -10 10 11 -13 13 -15
leaf_value=-0.024687799732961414 -0.032064305921639454 0.012820798817739681 0.007385965645505462 -0.027795849500878073 0.020960243652879903 -0.036566914210071182 0.014730937442052243 -0.021601755160011876 0.0066825881597195411 0.011200750782723935 -0.03421767637796333 0.0026342125300061661 0.012445948396938836 -0.026796986070243205
leaf_weight=21.378322149055748 21.848814715617792 127.02311222355706 13.390299650387858 22.997471830079121 81.941873961010742 41.679012270594285 13.112001040040921 46.837337972747605 267.25191728017717 166.42777879320261 74.987329369350391 417.9676861778587 45.683054540249486 24.601328258839317
leaf_count=6313 16441 3472 5837 1822 496 5577 92 2353 5536 2634 4848 4393 783 1342
internal_value=0.000874788 0.00129269 -0.0172837 0.00179731 0.00765642 0.00157866 -0.0242469 0.000342822 0.000988824 -0.000976891 0.000374772 -0.0028383 -0.0184939 -0.0014733
internal_weight=1387.13 1365.75 35.2391 1330.51 263.756 181.814 54.791 1066.75 1043.76 776.505 729.667 563.239 145.272 70.2844
internal_count=61939 55626 22278 33348 9637 9141 5669 23711 21889 16353 14000 11366 6973 2125
is_linear=0
shrinkage=0.03


Tree=438
num_leaves=15
num_cat=0
split_feature=36 22 11 9 25 11 35 11 7 7 7 36 34 9
split_gain=9.99189 30.3733 29.1336 24.6272 16.82 12.4203 37.4887 22.8751 23.7699 19.9592 22.1189 18.9158 18.8608 15.183
threshold=3.5000000000000004 0.070832764294529157 23.018600000000003 0.64001274918304973 0.0066994173080394265 21.47935 0.86655000000000015 21.580050000000004 21.395300000000002 21.469500000000004 21.717300000000005 2.5000000000000004 0.073050343773872747 0.61656439617274095
decision_type=2 2 2 2 2 2 2 2 2 2 2 2 2 2
left_child=4 -2 -3 -4 5 6 11 12 -9 -10 -11 -1 13 -7
right_child=1 2 3 -5 -6 7 -8 8 9 10 -12 -13 -14 -15
leaf_value=0.0064482000643563088 -0.032559062799966822 0.020064795202204177 -0.025353531029482238 0.023520833599657936 -0.034848057235229817 0.0027764569329522251 -0.034498922623719501 -0.023909949201084607 0.020927422928239455 -0.028285603183708503 0.00085932164812348524 -0.040642283292323701 -0.022835937916582918 0.027616272503111959
leaf_weight=80.275481830223498 14.123184251882433 109.51444831771232 27.4144501445831 12.860659670158212 11.197498481412365 34.59234250084279 34.486010318428583 34.649186423987999 42.356765400161862 23.064369328526595 896.21653805263554 7.4801982626430847 10.027919397869139 61.780315353624644
leaf_count=8381 2520 1988 975 81 415 1074 6571 5457 741 3551 27630 1421 737 482
internal_value=0.00113262 0.00806888 0.0120901 -0.00955521 0.000207078 0.000555693 -0.00847768 0.00156389 0.000145693 0.00103639 9.81465e-05 0.00202157 0.0147182 0.0188203
internal_weight=1400.04 163.913 149.79 40.2751 1236.13 1224.93 122.242 1102.69 996.287 961.638 919.281 87.7557 106.401 96.3727
internal_count=62024 5564 3044 1056 56460 56045 16373 39672 37379 31922 31181 9802 2293 1556
is_linear=0
shrinkage=0.03


Tree=439
num_leaves=15
num_cat=1
split_feature=38 38 5 21 41 42 21 40 42 9 22 40 21 28
split_gain=12.5121 18.5312 15.6716 14.6905 15.1463 21.0542 13.5362 13.5176 12.6279 27.6668 16.5327 13.3969 25.3095 19.9045
threshold=18.871409521666667 21.694921626944446 0.56344799762081388 0.28762349039227958 0 4.6250000000000009 0.23170768010142126 277.50000000000006 4.8750000000000009 0.59893055350833602 -0.11459884902679017 841.50000000000011 0.27325836715167201 1.3002500000000001
decision_type=10 10 2 2 1 2 2 10 2 2 2 10 2 2
left_child=2 -2 -1 6 5 -5 -3 -4 9 -8 -10 -12 13 -13
right_child=1 3 7 4 -6 -7 8 -9 10 -11 11 12 -14 -15
leaf_value=-0.031819956363065303 0.023739263633945639 -0.035141513089416571 -0.036172474718602271 -0.026408076778408996 0.025650966687661727 0.025495150087380129 -4.1142001644377892e-05 0.0013975979003105813 0.028670048008503486 -0.038436999325804411 0.0017684926761546782 0.0023672966005198908 0.020074915548813351 -0.022137208745733016
leaf_weight=21.750370868928513 30.766588026079035 8.9179004132865867 8.8738382824272701 14.776671048857354 39.776052584907447 11.706006430466003 57.326642121447406 67.31987426751914 17.963487040637119 22.946258404738415 922.9116064911268 46.847437704131153 23.656570332439514 80.292152466708558
leaf_count=1828 730 2118 1043 430 556 76 14274 3245 58 16219 16378 3233 143 1830
internal_value=0.000317182 0.00111214 -0.00996111 0.000535352 0.014173 -0.00337267 -0.000241205 -0.00338988 5.41026e-05 -0.0113546 0.000902633 0.00041183 -0.00784825 -0.01316
internal_weight=1375.83 1277.89 97.9441 1247.12 66.2587 26.4827 1180.86 76.1937 1171.94 80.2729 1091.67 1073.71 150.796 127.14
internal_count=62161 56045 6116 55315 1062 506 54253 4288 52135 30493 21642 21584 5206 5063
cat_boundaries=0 1
cat_threshold=4
is_linear=0
shrinkage=0.03


Tree=440
num_leaves=15
num_cat=0
split_feature=11 11 23 27 38 38 40 40 40 21 38 30 29 36
split_gain=9.14609 14.5698 8.97927 26.6794 16.2574 15.245 20.2538 10.5033 15.6417 15.8808 19.8885 12.4742 21.9922 19.3311
threshold=20.442600000000002 20.539000000000005 5.4826500000000005 2.3105500000000005 1.7335950980555557 474.94920017277781 966.50000000000011 10.500000000000002 102.50000000000001 0.2616507060159759 474.94920017277781 0.0064632692307692967 0.0035079262918316714 1.0000000180025095e-35
decision_type=2 2 2 2 8 10 10 8 10 2 10 2 2 2
left_child=-1 -2 3 4 -3 6 -4 -6 9 10 -9 13 -13 -10
right_child=1 2 5 -5 7 -7 -8 8 11 -11 -12 12 -14 -15
leaf_value=-0.031596866246558733 0.019937955004248876 -0.039029264682180972 -0.03753136012056308 -0.039377603108733492 0.02192506836025292 0.025887180361924073 0.026610126377856848 -0.032396024596040102 0.0032087703411975491 0.0071950987451841683 0.0096760956222463178 0.013661679641805135 0.0011200332187243376 -0.010615385656466407
leaf_weight=6.7125335553625964 35.234955616968819 8.2227400615950597 9.0570783117038918 14.155728644152985 20.122773751725916 29.954894099384546 6.9886420393813742 38.638451464837999 196.95689085373931 24.527776781644206 13.054496260359882 154.41697237303629 662.2754872159104 167.73277798288655
leaf_count=523 514 459 492 198 271 59 73 2139 16306 497 44 3158 21325 15878
internal_value=0.000984343 0.00116541 0.000659596 0.000193748 0.000659609 0.0135415 -0.00967264 0.000945347 0.000592499 -0.0124897 -0.0217892 0.00144639 0.00350517 -0.00316106
internal_weight=1388.05 1381.34 1346.1 1300.1 1285.95 46.0006 16.0457 1277.73 1257.6 76.2207 51.6929 1181.38 816.692 364.69
internal_count=61936 61413 60899 60275 60077 624 565 59618 59347 2680 2183 56667 24483 32184
is_linear=0
shrinkage=0.03


Tree=441
num_leaves=15
num_cat=1
split_feature=42 22 5 34 22 22 9 41 16 1 38 34 30 34
split_gain=9.07544 15.9943 15.4447 14.8611 13.1385 13.0424 19.3452 20.9838 17.8413 12.8517 13.5986 14.6372 15.5089 14.4547
threshold=4.6250000000000009 0.40447362996480651 0.66294578403958426 0.098659077380952406 0.31093901098901028 0.5369820175438581 0.5994978416964778 0 2.6725718750000005 0.47595563842229954 416.3108827372223 0.068558397435897186 0.0064632692307692967 0.049720622171945811
decision_type=2 2 2 2 2 2 2 1 2 2 8 2 2 2
left_child=2 3 5 4 9 6 8 -8 -1 10 11 13 -13 -2
right_child=1 -3 -4 -5 -6 -7 7 -9 -10 -11 -12 12 -14 -15
leaf_value=-0.046559871230859459 -0.0081366759377333175 0.018121238874113616 -0.037585045492706727 -0.026355288634071342 0.020073034372289439 0.015414444846839213 -0.0534136402965271 -0.0073876425656591443 0.0083338800714833055 0.0018981025184954415 0.0048715329407710605 -0.031345980211866034 0.0090408779499155083 -0.031848503155801886
leaf_weight=4.9577646252098893 55.787966692466398 46.979304310283624 12.499518332750709 17.325365883860059 30.21540823840769 24.486212432821048 13.653922474834346 23.760199885263006 49.668422893159629 916.35274308862472 67.848309025452181 9.5845776713099422 43.710940817829396 39.742694375295287
leaf_count=9350 2126 531 4661 1967 164 307 11629 3875 5223 18273 434 1061 724 1806
internal_value=0.000344129 0.00114157 -0.00719311 0.000451118 0.000872668 -0.00364098 -0.00882163 -0.0251376 0.00260438 0.000343386 -0.00621028 -0.0112612 0.00133422 -0.018229
internal_weight=1356.57 1227.55 129.026 1180.57 1163.24 116.527 92.0403 37.4141 54.6262 1133.03 216.674 148.826 53.2955 95.5307
internal_count=62131 27086 35045 26555 24588 30384 30077 15504 14573 24424 6151 5717 1785 3932
cat_boundaries=0 1
cat_threshold=4
is_linear=0
shrinkage=0.03


Tree=442
num_leaves=15
num_cat=0
split_feature=15 8 7 32 20 0 10 37 20 17 9 37 22 9
split_gain=9.18566 24.0322 21.0706 23.6366 38.8129 25.3912 20.0372 28.8638 32.0783 28.6032 26.1665 20.1882 43.6933 23.98
threshold=3.3427500000000001 21.002937326388892 22.378550000000001 1.3731640625000001 2.6744470486111114 21.876170833333337 0.053904999999996768 58.541666666666671 2.5802447916666673 0.22817867203459505 0.5857889180955852 51.791666666666671 0.11919516483516505 0.62762753587106135
decision_type=2 2 2 2 2 2 2 8 2 2 2 10 2 2
left_child=2 -2 6 -4 -5 -6 9 10 -9 -1 -8 12 -12 -14
right_child=1 -3 3 4 5 -7 7 8 -10 -11 11 -13 13 -15
leaf_value=-0.023180601657714982 0.024331824442118559 0.001272916878046967 -0.034611389527541697 0.027800410140618601 -0.02917093301155322 0.010166673851896787 -0.032457762240943738 -0.0277606132776675 0.0082645952685888365 0.0116558664736085 -0.023559492803616997 0.017259332758512033 -0.0084097312971489098 0.024087773193271621
leaf_weight=23.036940662293318 42.413938875733606 647.99040490422624 33.215783653555988 22.801623460572898 45.493745993077837 21.028311548537658 17.446235564256568 74.029928093773322 31.075081691033006 183.06984281848378 51.629209777262105 74.304597392905578 33.20762730771628 50.49702565913833
leaf_count=3123 354 12307 2859 186 4822 543 2445 15504 829 10001 6467 919 1196 426
internal_value=0.000304628 0.00272265 -0.00222188 -0.0133955 -0.00521033 -0.0167695 0.000341837 -0.00421367 -0.017132 0.007669 0.0018144 0.00480711 -0.0021062 0.0112482
internal_weight=1351.24 690.404 660.836 122.539 89.3237 66.5221 538.296 332.19 105.105 206.107 227.085 209.638 135.334 83.7047
internal_count=61981 12661 49320 8410 5551 5365 40910 27786 16333 13124 11453 9008 8089 1622
is_linear=0
shrinkage=0.03


Tree=443
num_leaves=15
num_cat=0
split_feature=20 11 29 16 10 21 38 11 11 38 16 11 38 34
split_gain=9.41273 13.7803 10.2032 9.81908 20.7278 16.3714 14.5881 11.9413 21.2725 42.5788 19.6337 19.1658 13.4599 13.2837
threshold=2.0779815972222226 20.539000000000005 0.012654686461827222 2.2041437500000005 -0.10678086834734049 0.23170768010142126 6.1126452237500013 21.580050000000004 21.539300000000004 49.257471356388898 2.3800250000000003 21.727550000000004 18.871409521666667 0.04317894736841929
decision_type=2 2 2 2 2 2 10 2 2 10 2 2 10 2
left_child=2 -2 -1 4 6 -5 -3 8 9 12 -11 -9 13 -7
right_child=1 3 -4 5 -6 7 -8 11 -10 10 -12 -13 -14 -15
leaf_value=-0.033032895007162805 0.020420312319294153 0.018133279016625474 0.020744672596364346 -0.039992640040276535 -0.031925152557367276 0.013322234450798279 -0.027911662132342367 -0.033583499475902952 0.019591077450513701 -0.036806174747440204 0.0049253343331461929 0.00021736161225706084 0.024026013096267739 -0.032318165611402466
leaf_weight=13.131791655120653 29.898154726819939 20.686935018725311 3.3513603421888538 7.8405258656466676 24.660023109084818 14.024337624423199 7.6912652192926307 14.319995756568231 79.651456204525175 29.626148252227267 14.852099736905869 1040.3057956013038 43.774585798337398 8.3095139880933839
leaf_count=3465 262 446 12 1770 11421 243 3335 2215 606 3506 112 33984 400 319
internal_value=0.000332635 0.000618448 -0.0215377 0.000149756 -0.0123715 0.000689337 0.00512855 0.000977459 0.00787469 -0.000664133 -0.0230694 -0.000272975 0.0145294 -0.00431599
internal_weight=1352.12 1335.64 16.4832 1305.74 53.0382 1252.7 28.3782 1244.86 190.238 110.587 44.4782 1054.63 66.1084 22.3339
internal_count=62096 58619 3477 58357 15202 43155 3781 41385 5186 4580 3618 36199 962 562
is_linear=0
shrinkage=0.03


Tree=444
num_leaves=15
num_cat=0
split_feature=42 25 20 40 16 24 21 15 24 40 35 11 38 5
split_gain=11.0991 11.533 16.252 11.4008 28.1431 37.7136 24.7833 26.5754 29.4165 16.2239 23.4232 52.1648 25.5489 23.4262
threshold=0.87500000000000011 0.0038538130468407854 2.0779815972222226 884.50000000000011 2.5209666666666672 1.3367250000000002 0.27325836715167201 4.0002500000000003 1.8088500000000003 739.50000000000011 1.2307500000000002 22.960400000000003 18.871409521666667 0.6683035011231554
decision_type=2 2 2 8 2 2 2 2 2 10 2 2 8 2
left_child=-1 2 -2 9 -5 -6 7 -7 -9 10 12 -12 -4 -13
right_child=1 -3 3 4 5 6 -8 8 -10 -11 11 13 -14 -15
leaf_value=-0.027543145569837935 -0.033332470918984537 -0.01058778460403457 -0.038622958403210721 -0.037848370671881702 0.017747469490649287 -0.036979890526710094 0.012412052979069428 0.025916923302587845 -0.02363089010229362 0.0095281534034331872 -0.034062634221181512 0.0011546547372852116 0.0075757959169750737 -0.026529458170175185
leaf_weight=12.557771285745046 11.638208056286201 89.537430049033674 10.150747218541452 20.917522747228418 57.868561458300974 40.87279061329059 27.577227530236996 17.391547932988033 25.095541793459688 210.24010099402756 46.36042651831491 384.8437887085006 333.30267341993147 28.622519989066518
leaf_count=21170 1911 2611 870 5773 649 2396 187 33 681 3370 4013 6465 11087 884
internal_value=-0.000539252 -0.000258383 0.000510982 0.000865735 -0.00586469 -0.00170188 -0.0119152 -0.020015 -0.00321954 0.00213016 0.000184463 -0.00423928 0.00610223 -0.000821184
internal_weight=1316.98 1304.42 1214.88 1203.24 189.723 168.806 110.937 83.3599 42.4871 1013.52 803.28 459.827 343.453 413.466
internal_count=62100 40930 38319 36408 9719 3946 3297 3110 714 26689 23319 11362 11957 7349
is_linear=0
shrinkage=0.03


Tree=445
num_leaves=15
num_cat=0
split_feature=1 22 37 39 11 22 38 38 39 29 29 37 39 30
split_gain=9.20122 9.53261 16.6535 14.2355 20.6592 15.19 20.6865 15.4235 37.753 19.0088 18.0438 26.6583 14.5225 12.2244
threshold=0.32045955234081941 -0.11459884902679017 117.04166666666669 29.717394774444447 26.157750000000004 0.5369820175438581 17.013318153750003 65.427616544166668 134.79295457833334 0.0091314530785026656 0.0081969291686907163 60.791666666666671 141.67411000333337 0.0067636363636364681
decision_type=2 2 10 8 2 2 8 8 8 2 2 10 8 2
left_child=-1 2 -2 4 -3 6 -5 10 -9 12 11 -8 -10 -14
right_child=1 3 -4 5 -6 -7 7 8 9 -11 -12 -13 13 -15
leaf_value=0.017406380286870273 -0.032636223787779819 -0.037847665557818322 0.021665834978252137 -0.040712008123503798 0.020922025878909484 0.018919605661703826 0.0087520740796496223 -0.029679639263159207 0.017588384044806164 -0.023061029860746936 0.024920938629526164 -0.028207832158193492 -0.0053546765340559462 0.0020498735918176867
leaf_weight=27.64282461440007 4.9952315073978744 18.582721038120471 35.590202229043371 10.327516360408891 6.6856801136600543 36.922190103679895 103.53490218567848 39.642851039697092 42.036842478831147 30.684828697788021 43.187506145935345 20.117351563127954 289.11038582303127 649.854065998534
leaf_count=978 1948 2346 931 1508 28 536 3550 9295 853 1183 518 5254 18896 14357
internal_value=0.000582938 0.00022081 0.0143583 -0.000234513 -0.0220935 0.000219077 -0.000357894 1.73368e-05 -0.0013297 -0.000190597 0.00846293 0.0025609 0.000547525 -0.000233284
internal_weight=1358.92 1331.27 40.5854 1290.69 25.2684 1265.42 1228.5 1218.17 1051.33 1011.69 166.84 123.652 981.001 938.964
internal_count=62181 61203 2879 58324 2374 55950 55414 53906 44584 35289 9322 8804 34106 33253
is_linear=0
shrinkage=0.03


Tree=446
num_leaves=15
num_cat=0
split_feature=42 39 40 21 38 38 39 16 16 9 32 9 16 5
split_gain=10.9781 10.1561 16.8393 16.2437 14.2011 17.4721 11.8687 54.4449 30.4185 28.0648 25.498 24.101 22.1019 36.8088
threshold=0.62500000000000011 29.717394774444447 739.50000000000011 0.30686392166691417 17.013318153750003 21.694921626944446 337.83637828430562 2.9389427083333342 2.7959499999999999 0.63516011274697104 1.5485218750000005 0.56831687208435111 3.5418333333333334 0.58176543183597451
decision_type=2 8 10 2 8 8 10 2 2 2 2 2 2 2
left_child=-1 2 -2 4 -3 -6 8 -8 -7 10 -9 -12 13 -13
right_child=1 3 -4 -5 5 6 7 9 -10 -11 11 12 -14 -15
leaf_value=-0.029973660858369305 -0.037219228019852432 -0.034725369623051769 0.0015517239355174143 0.020941868166610242 0.020578165468853059 0.001124184019932415 -0.035865737676050315 0.01611709910572651 0.021853422187464638 -0.032107081194571757 -0.031260330616075242 0.004489197961261405 0.006004847572514552 -0.022806122964399232
leaf_weight=9.3085871294440476 15.344586955570433 8.9399109386434628 26.116199248038669 36.844662888906896 39.836734497862267 551.58170675580038 39.758741697120627 88.076070729936873 71.050680182299857 22.391444853187636 22.163382483509167 97.860928556730926 244.87030356106561 80.084483554502924
leaf_count=20293 2209 1340 1464 344 355 25619 2693 525 283 686 707 1347 2376 1834
internal_value=0.000869158 0.00110474 -0.013336 0.00157395 0.000994476 0.00127577 0.000628003 -0.00239904 0.00352092 5.66436e-05 0.0014653 -0.00146441 0.000167519 -0.00785388
internal_weight=1354.23 1344.92 41.4608 1303.46 1266.61 1257.67 1217.84 595.205 622.632 555.447 533.055 444.979 422.816 177.945
internal_count=62075 41782 3673 38109 37765 36425 36070 10168 25902 7475 6789 6264 5557 3181
is_linear=0
shrinkage=0.03


Tree=447
num_leaves=15
num_cat=0
split_feature=42 22 5 38 16 39 9 21 16 13 38 27 12 16
split_gain=8.61139 16.7377 14.3136 13.9328 11.1296 12.2956 16.4702 26.0279 12.0133 9.27049 22.3731 25.7273 16.5232 16.4822
threshold=4.6250000000000009 0.31093901098901028 0.67434710110410867 45.104813317361113 2.5346062500000004 218.86264522375004 0.5994978416964778 0.30686392166691417 3.3885000000000001 0.25666642356566416 467.42471986430559 1.6106000000000003 4.672316666666668 2.9810302083333338
decision_type=2 2 2 8 2 8 2 2 2 2 10 2 2 2
left_child=2 9 4 -3 -1 -6 8 -8 -7 -2 11 13 -13 -11
right_child=1 3 -4 -5 5 6 7 -9 -10 10 -12 12 -14 -15
leaf_value=-0.042945018146018268 0.0012409747296630283 -0.0051417095980482944 -0.044618871597772156 0.021602947967603637 0.01522347544007188 -0.015049184394319555 -0.046493249271044937 0.0054488387903478454 0.015287618744936591 -0.0074052924248090178 0.01293243266951882 -0.038560051391697103 0.009216482840356071 0.018085591335289003
leaf_weight=5.5370164359160574 793.64390157112371 24.673752027098089 7.8653457620477516 56.876010321779177 25.478015621310874 18.58481049301713 18.852242949332179 15.094011638429945 28.429082786712854 183.51757212676898 51.387399166967953 34.110866263558819 7.5823022091935846 25.088638386892853
leaf_count=18939 18001 311 3515 405 268 4759 5694 224 1662 6837 223 1089 27 115
internal_value=-0.000262602 0.000520052 -0.00788927 0.0135468 -0.0049372 -0.00257868 -0.00829838 -0.0239025 0.00323167 -0.00046129 -0.00492872 -0.00863256 -0.0298591 -0.0042679
internal_weight=1296.72 1176.88 119.841 81.5498 111.975 106.438 80.9601 33.9463 47.0139 1095.33 301.687 250.299 41.6932 208.606
internal_count=62069 27008 35061 716 31546 12607 12339 5918 6421 26292 8291 8068 1116 6952
is_linear=0
shrinkage=0.03


Tree=448
num_leaves=15
num_cat=0
split_feature=19 24 21 11 11 11 27 16 19 12 24 0 16 4
split_gain=8.04933 12.0035 11.1406 8.58876 19.9484 17.9791 18.83 13.3974 18.9214 31.9555 13.0373 14.0774 12.7472 24.6552
threshold=2.6115500000000007 0.8171250000000001 0.23170768010142126 21.580050000000004 21.727550000000004 21.539300000000004 0.99350000000000016 2.2787500000000005 2.8268500000000008 2.4725750000000004 1.0560125000000002 20.524587500000003 2.2645895833333336 19.147446875000004
decision_type=2 2 2 2 2 2 2 2 2 2 2 2 2 2
left_child=1 -1 -2 5 -5 6 12 -6 -9 -10 -11 -12 13 -4
right_child=2 -3 3 4 7 -7 -8 8 9 10 11 -13 -14 -15
leaf_value=-0.03385462200241366 -0.028888542171649181 0.0093650735984163527 0.012662421486166727 -0.033178187301508164 -0.032463566137135386 0.018757323840969481 -0.033984564708841959 0.020094770931177106 -0.027314505264837335 0.021293607697979122 -0.029805839721087909 0.000833936238781221 0.01413437824209266 -0.017598816550921745
leaf_weight=13.509029996829968 10.262391492181449 9.0282569875939043 45.281784770481863 15.143658220320502 10.029149949870087 70.894669891499007 11.920331480814864 42.705634061916726 36.304130856642814 26.635689640432361 12.697391299758918 915.8343618790085 62.171073699858312 49.908624996540425
leaf_count=4448 2062 1794 2069 2572 2624 688 1778 1203 6316 209 787 24607 738 10245
internal_value=0.000510187 -0.0168789 0.000822046 0.0010787 -8.44715e-05 0.00618821 0.000845069 0.000426756 0.000776769 -7.47237e-05 0.000988093 0.000383332 0.0036814 -0.00322165
internal_weight=1332.33 22.5373 1309.79 1299.53 1059.35 240.176 169.282 1044.21 1034.18 991.472 955.167 928.532 157.361 95.1904
internal_count=62140 6242 55898 53836 38318 15518 14830 35746 33122 31919 25603 25394 13052 12314
is_linear=0
shrinkage=0.03


Tree=449
num_leaves=15
num_cat=0
split_feature=17 39 23 39 9 21 32 8 37 19 11 7 20 11
split_gain=10.2432 11.2503 34.6328 17.4003 14.0941 17.181 13.6466 29.7076 35.6388 27.7832 24.2916 21.1553 20.4176 31.3354
threshold=0.28793638986254283 620.72643510791681 5.2186000000000012 591.0721576904167 0.58316121625022543 0.24673910012980935 1.7515975694444448 22.750129166666671 30.041666666666671 4.0586000000000011 24.112200000000005 23.731450000000006 3.1741649305555559 23.528900000000004
decision_type=2 10 2 10 2 2 2 2 10 2 2 2 2 2
left_child=1 3 -3 6 -4 -6 9 -8 -9 10 11 12 13 -1
right_child=-2 2 4 -5 5 -7 7 8 -10 -11 -12 -13 -14 -15
leaf_value=0.0024266929379755751 -0.0081596166384705314 -0.035160699844053456 0.01985462015200554 0.020597203626636175 0.010675711677490558 -0.02277990810120752 -0.033115719710168814 -0.033176038313362632 0.014560393688438547 0.022386823902887286 -0.04236540539898194 -0.035815321739328818 0.017809117248687247 -0.027092260793301647
leaf_weight=804.53487507186742 104.32303855764258 28.860859107284114 27.122200296602387 44.747371636796743 26.46354958351003 26.940406380464992 30.234954431476467 18.117102426644578 52.398205956147308 60.0476282449672 10.230805308156503 12.112023483831988 71.790862625510954 32.72171087941706
leaf_count=47165 4155 1498 133 441 89 379 1733 334 831 360 932 597 797 2667
internal_value=0.000825436 0.00158347 -0.00756303 0.00246934 0.00263803 -0.00630996 0.00170847 -0.00875771 0.00200334 0.0027798 0.00149307 0.00202559 0.00256858 0.00124209
internal_weight=1350.65 1246.32 109.387 1136.94 80.5262 53.404 1092.19 100.75 70.5153 991.438 931.39 921.159 909.047 837.257
internal_count=62111 57956 2099 55857 601 468 55416 2898 1165 52518 52158 51226 50629 49832
is_linear=0
shrinkage=0.03


Tree=450
num_leaves=15
num_cat=0
split_feature=11 38 22 32 37 16 40 7 7 32 11 40 8 38
split_gain=8.51003 15.4966 10.6267 8.78144 45.0911 39.7186 29.8495 48.7508 35.2825 25.1507 36.5474 29.5739 25.0434 33.2987
threshold=26.157750000000004 1.7335950980555557 0.5369820175438581 1.7515975694444448 85.541666666666686 3.3260062500000007 715.50000000000011 24.695000000000004 25.458150000000003 1.5950135416666666 23.859550000000002 326.50000000000006 21.814630034722224 345.19920017277781
decision_type=2 8 2 2 10 2 10 2 2 2 2 10 2 10
left_child=1 -1 3 5 6 9 7 -5 -9 12 -11 -12 13 -3
right_child=-2 2 -4 4 -6 -7 -8 8 -10 10 11 -13 -14 -15
leaf_value=-0.037587654605398639 0.018131484973838357 0.001469431636467155 0.016729952361604905 -0.035575500583774324 -0.027877541415867176 0.019164215094992373 0.022969110836786946 0.016428771418192864 -0.027006752840092765 -0.037667068439036118 0.017456665340278413 -0.038920198687023004 0.023306373570897574 -0.022461513031071103
leaf_weight=8.5809753666512361 23.901074755411173 746.68820206713417 35.209380739390326 33.181086448884855 57.196729038371416 101.34113745576838 46.346816867695452 71.020014356846559 20.999865159398155 37.496363400520579 31.187923594181484 10.323774783599388 41.954022982360016 55.268094784057553
leaf_count=481 356 48163 562 1322 2760 674 173 873 230 2408 175 688 350 3003
internal_value=0.000759367 0.000425459 0.000707629 0.00024442 -0.00505701 0.00143215 0.00266918 -0.0049679 0.00633258 -0.000533556 -0.0166093 0.00285028 0.000989351 -0.000205727
internal_weight=1320.7 1296.79 1288.21 1253 228.745 1024.26 171.548 125.201 92.0199 922.918 79.0081 41.5117 843.91 801.956
internal_count=62218 61862 61381 60819 5358 55461 2598 2425 1103 54787 3271 863 51516 51166
is_linear=0
shrinkage=0.03


Tree=451
num_leaves=15
num_cat=0
split_feature=22 38 21 33 37 37 37 17 37 12 28 38 9 11
split_gain=10.0008 23.4427 20.4083 13.4578 17.8047 16.6922 24.8093 12.5878 11.6728 15.4496 26.6837 23.3333 35.5218 11.9206
threshold=0.20065222222222331 510.00549073458336 0.25046840645974583 0.022916228173225622 20.291666666666671 51.041666666666671 142.54166666666669 0.24475862832924794 147.04166666666669 3.5908375000000006 1.7626062500000004 430.19372457611115 0.58973988633905849 22.626200000000001
decision_type=2 10 2 2 10 10 10 2 8 2 2 10 2 2
left_child=1 8 7 -4 -5 -6 -7 -2 9 10 13 12 -11 -1
right_child=2 -3 3 4 5 6 -8 -9 -10 11 -12 -13 -14 -15
leaf_value=0.0023839062746249962 -0.047641166613877801 -0.0397439378016059 0.014461280087191015 -0.030680394228912333 0.01587092168855295 -0.021084450219731602 0.016570479348658115 0.0019337146787091787 -0.015220097623187092 0.013653619573806482 -0.034149263054242804 0.021769319376086883 -0.03491701476876162 -0.0050724932256239743
leaf_weight=491.16841027888955 9.1886103748662737 13.014538515652928 123.84197664469343 13.466341806906867 58.959173969841629 38.428824498825705 25.291400310658446 8.2812266691481948 46.280899628370321 35.859103980463487 20.836746245151403 66.877909664785875 20.449968289411458 316.43281796950515
leaf_count=32762 287 331 1065 384 798 1103 347 151 7310 748 1456 403 1006 13839
internal_value=0.000172764 -0.00121281 0.00520735 0.00734699 0.000817381 0.00449496 -0.00611361 -0.0253088 -0.000671008 5.18e-05 -0.00142579 0.0099201 -0.00428743 -0.000540306
internal_weight=1288.38 1010.92 277.458 259.988 136.146 122.679 63.7202 17.4698 997.906 951.625 828.438 123.187 56.3091 807.601
internal_count=61990 57855 4135 3697 2632 2248 1450 438 57524 50214 48057 2157 1754 46601
is_linear=0
shrinkage=0.03


Tree=452
num_leaves=15
num_cat=0
split_feature=21 22 22 39 16 28 10 11 19 28 39 42 29 22
split_gain=13.1402 22.7766 19.0177 24.1087 34.2368 27.5598 25.6381 23.5312 34.662 33.3076 18.9707 18.5169 21.4989 19.1349
threshold=0.24858630435667961 0.20065222222222331 0.16910901785714308 196.49436038180559 2.9577270833333338 1.5485166666666668 0.39826215909090912 23.213650000000005 3.8842500000000002 1.7626062500000004 138.23359509805559 4.6250000000000009 0.004544245968371218 0.61520490196078459
decision_type=2 2 2 10 2 2 2 2 2 2 10 2 2 2
left_child=1 -1 3 6 -5 -6 10 -7 -9 -10 -2 12 13 -4
right_child=2 -3 11 4 5 7 -8 8 9 -11 -12 -13 -14 -15
leaf_value=0.0046626116926427727 0.002039540616577898 -0.037135257301698525 -0.041730908324546387 -0.025463123330233078 0.024436562895969509 0.018855126403239966 0.024429904567249309 -0.034376562511383289 0.021693908870615626 -0.016751575602823945 -0.023448333154113651 0.0065345289070132062 0.0061504214206114134 0.0072819357706438688
leaf_weight=480.85445618882039 120.50449935973786 11.034218819353496 23.709463964639355 104.90731298872953 25.424092320279215 22.717901261585212 35.614023064040282 45.788776093199999 31.76771456512347 52.244232958999646 32.566489799943767 262.55881440212124 32.63602536801406 9.7247243137098831
leaf_count=23708 12768 308 1719 10116 120 29 1563 1897 281 1989 3704 2441 1241 232
internal_value=-0.000202807 0.00365155 -0.00257381 -0.00642937 -0.0119546 -0.00389278 0.00187264 -0.00874355 -0.0136811 -0.00212988 -0.00350011 0.00296108 -0.0111253 -0.0276775
internal_weight=1292.05 491.889 800.164 471.535 282.85 177.943 188.685 152.519 129.801 84.0119 153.071 328.629 66.0702 33.4342
internal_count=62116 24016 38100 32467 14432 4316 18035 4196 4167 2270 16472 5633 3192 1951
is_linear=0
shrinkage=0.03


Tree=453
num_leaves=15
num_cat=0
split_feature=10 20 38 9 17 9 38 21 27 17 20 33 38 37
split_gain=9.95046 17.7491 16.7357 14.9878 21.0871 16.5625 15.403 15.0198 18.8399 14.9322 30.1855 14.7383 25.1965 23.6282
threshold=0.053904999999996768 2.1230847222222224 493.25401706083341 0.58447759954849665 0.22877934798617353 0.55832097690334681 288.69920017277781 0.27549433083190294 0.87235000000000007 0.22817867203459505 2.8949032986111116 0.023088172622269212 18.871409521666667 48.791666666666671
decision_type=2 2 10 2 2 2 10 2 2 2 2 2 10 8
left_child=2 -2 9 4 6 -6 -3 8 -7 10 -1 12 -5 -13
right_child=1 3 -4 11 5 7 -8 -9 -10 -11 -12 13 -14 -15
leaf_value=-0.033868680271163895 -0.031531498589239829 0.017007880700757396 -0.033082790881544991 -0.035771806655951977 0.003565737948832266 0.016861732243646597 -0.026746789398831267 0.011654935978962038 -0.035083076909980582 0.0074075123622185414 0.0076483142106194765 0.0010118920534661505 0.0041253480645705295 -0.02212842898844106
leaf_weight=24.406764785576684 16.588481995853613 32.826961938989669 9.7292645676061493 13.641743053783555 24.49325531808708 6.4428976671062506 8.2632712496210257 8.4622044660341071 57.73094416521549 341.22490219503635 40.781568028786353 115.97976838849804 534.53927762132571 59.3276626335484
leaf_count=3452 6495 1532 146 787 908 186 467 136 5006 13997 905 5592 15521 6897
internal_value=0.000113689 -0.00169666 0.00392946 -0.00108644 -0.0101007 -0.0176683 0.00778238 -0.0247797 -0.0296892 0.00489454 -0.00817266 0.000647269 0.00306916 -0.00690036
internal_weight=1294.44 878.296 416.142 861.708 138.22 97.1293 41.0902 72.636 64.1738 406.413 65.1883 723.488 548.181 175.307
internal_count=62027 43527 18500 37032 8235 6236 1999 5328 5192 18354 4357 28797 16308 12489
is_linear=0
shrinkage=0.03


Tree=454
num_leaves=15
num_cat=0
split_feature=38 21 38 21 40 5 40 10 33 39 33 34 42 18
split_gain=11.0183 17.7866 12.7879 9.986 17.0332 14.5613 13.511 28.9953 21.2583 13.1126 10.5731 23.3226 19.0647 20.6211
threshold=18.871409521666667 0.3394762733977878 21.694921626944446 0.27325836715167201 952.50000000000011 0.66294578403958426 925.50000000000011 -0.0030143796992511017 0.012870871666411208 769.31279162291673 0.012870871666411208 1.0000000180025095e-35 6.3750000000000009 0.19833994360902227
decision_type=8 2 8 2 10 2 8 2 2 8 2 2 2 2
left_child=1 -1 -2 6 5 -5 10 8 -8 -9 11 -4 13 -12
right_child=2 -3 3 4 -6 -7 7 9 -10 -11 12 -13 -14 -15
leaf_value=-0.029261737276396024 0.021873561665958777 0.0032399219236119818 0.00032282470913043676 0.006509113491415852 0.027166954288035536 -0.028189982549726725 -0.022025009948144332 -0.03294710010876898 0.025570435538691511 0.014789888299030168 -0.035568112446073101 0.018457308986316274 0.00058328052291554825 -0.0014317830451811061
leaf_weight=26.752382439563029 26.202347166017034 32.990898985363856 216.39042315909438 99.460351387751189 32.68627069000803 11.214965270487765 12.196930455537652 40.288915475604995 22.717443783826582 5.3395030036321591 27.569275115871051 89.553312705187125 626.67858046609945 36.188236132600991
leaf_count=2172 726 2877 15588 2022 270 225 497 6609 257 386 15780 1765 11439 1519
internal_value=0.000921991 -0.0115561 0.00152884 0.00107444 0.00848371 0.00277204 8.11513e-05 -0.01166 0.00879322 -0.0271635 0.00104099 0.00567384 -0.00101714 -0.0165139
internal_weight=1306.23 59.7433 1246.49 1220.28 143.362 110.675 1076.92 80.5428 34.9144 45.6284 996.38 305.944 690.436 63.7575
internal_count=62132 5049 57083 56357 2517 2247 53840 7749 754 6995 46091 17353 28738 17299
is_linear=0
shrinkage=0.03


Tree=455
num_leaves=15
num_cat=0
split_feature=34 5 8 38 11 38 5 37 35 40 18 21 16 32
split_gain=8.71732 27.8026 18.7512 18.2393 38.8585 15.375 30.1704 19.2564 18.9591 21.9455 17.8847 39.8783 17.005 23.913
threshold=0.070319355644355749 0.65820223329328331 22.71716006944445 349.59659234111115 24.077000000000002 420.78197039833339 0.58536684366973313 6.0416666666666679 1.2307500000000002 522.50000000000011 0.24372773109243442 0.25013030080547244 3.3260062500000007 1.7515975694444448
decision_type=2 2 2 8 2 8 2 8 2 10 2 2 2 2
left_child=5 3 -3 -2 -5 6 8 -8 9 -1 11 -7 -13 -14
right_child=1 2 -4 4 -6 10 7 -9 -10 -11 -12 12 13 -15
leaf_value=-0.025412179500637112 0.010226617957634413 -0.033582101476026527 0.0041250359588713452 -0.038905795216613331 0.0082864747966719752 0.012121227409069117 -0.03183120021588659 0.0020975149409383702 -0.022359575649280278 0.0045968285872679711 0.019927496718408006 -0.032927442332631979 0.024396508170056341 -0.02234786074151399
leaf_weight=29.84987163872961 292.0963323287649 26.493251410283108 20.538674535354971 21.945624395021298 48.948619531701752 107.0915155170901 14.616530351588365 418.27915841198001 99.883522743006807 75.095027003758076 56.370462331155068 31.229724006304082 15.654395917008513 23.13616787864521
leaf_count=3817 16070 3131 213 1895 804 1077 633 19035 7401 6349 252 682 179 505
internal_value=0.0004958 0.00409742 -0.0173725 0.00691931 -0.00666006 -0.00120201 -0.00361271 0.000881206 -0.0130686 -0.00409804 0.00536982 0.000650585 -0.0168167 -0.00334458
internal_weight=1281.23 410.023 47.0319 362.991 70.8942 871.206 637.724 432.896 204.828 104.945 233.482 177.112 70.0203 38.7906
internal_count=62043 22113 3344 18769 2699 39930 37235 19668 17567 10166 2695 2443 1366 684
is_linear=0
shrinkage=0.03


Tree=456
num_leaves=15
num_cat=0
split_feature=42 20 35 23 8 36 38 19 21 34 40 38 10 23
split_gain=11.9971 8.14235 9.38707 19.0163 15.1043 21.4165 14.2026 19.1862 14.085 16.9909 13.9072 24.7891 14.7521 33.7019
threshold=0.62500000000000011 2.0720659722222226 0.93690000000000018 2.8757500000000005 19.576554687500003 2.5000000000000004 17.013318153750003 4.9780500000000005 0.28191973142533372 0.097599999999999992 102.50000000000001 474.94920017277781 0.36820476190475587 3.0968000000000004
decision_type=2 2 2 2 2 2 10 2 2 2 10 10 2 2
left_child=-1 -2 4 -4 5 -3 7 -5 9 10 11 -8 13 -12
right_child=1 2 3 6 -6 -7 8 -9 -10 -11 12 -13 -14 -15
leaf_value=-0.03063414146591352 -0.028331734347242909 0.0080150273612872545 -0.033934156717698061 -0.030195114251262534 0.02248025172763252 -0.029110510775760101 -0.02725065084821569 0.016423555537169027 0.014626552277861119 -0.03091560370930992 -0.020591519374242188 0.0098905810978865433 0.011713333820916296 0.0024581913331164084
leaf_weight=9.6394492959004747 7.2640661529551371 85.316582330315754 13.161147373474703 26.576011653202841 47.00830143162591 15.692335882982915 38.305425132723485 10.417863360175032 69.712788696560665 14.001226363755107 60.817021397712779 26.781081648543477 125.5964943757474 745.86211799351747
leaf_count=20243 1588 5847 1399 3103 766 2241 1410 68 1170 3158 5238 81 2285 13281
internal_value=0.0010943 0.00135564 0.00154621 0.000613294 0.00862414 0.00201852 0.00104992 -0.0169801 0.00168202 0.000776195 0.00125161 -0.0120498 0.00219216 0.000697088
internal_weight=1296.15 1286.51 1279.25 1131.23 148.017 101.009 1118.07 36.9939 1081.08 1011.36 997.362 65.0865 932.276 806.679
internal_count=61878 41635 40047 31193 8854 8088 29794 3171 26623 25453 22295 1491 20804 18519
is_linear=0
shrinkage=0.03


Tree=457
num_leaves=15
num_cat=0
split_feature=34 5 40 38 38 17 38 6 30 36 38 5 38 33
split_gain=11.8284 32.5671 17.6786 16.1884 31.9758 19.7243 15.9026 13.3285 20.9288 15.5884 22.4224 13.6133 37.6892 15.4101
threshold=0.07008750000000058 0.65820223329328331 771.50000000000011 349.59659234111115 474.94920017277781 0.19699617813854681 510.00549073458336 0.1200685714285666 0.0060000000000000626 1.0000000180025095e-35 482.63614671291674 0.60286901975687746 420.78197039833339 0.015448988954641918
decision_type=2 2 10 8 10 2 10 2 2 2 10 2 8 2
left_child=6 3 -3 -2 5 -5 7 9 -9 -1 -11 12 13 -10
right_child=1 2 -4 4 -6 -7 -8 8 11 10 -12 -13 -14 -15
leaf_value=0.00099717312046054742 0.010187108878866454 -0.032794024047975885 0.008058527310035481 0.025645596515824126 0.011400027728086166 -0.035729545577002246 -0.04013445244252381 -0.012852599578974288 0.0010474081608389809 -0.013856009845090531 0.024493791434495215 0.0091615244598731681 0.020083271117790884 -0.022272729291282371
leaf_weight=176.06212395760559 304.63607340162025 29.635844804373235 13.350653572988035 4.8394118000741164 45.630716784722381 29.238568279339006 8.6558193920182003 70.913346825751773 44.190679541337119 191.13603663778127 13.87437624670565 240.43990425277246 45.602642876890968 59.028012374769702
leaf_count=12073 16298 2339 1033 55 320 2352 186 7465 1141 12221 52 3409 235 2871
internal_value=0.000196006 0.00426179 -0.0202114 0.0070443 -0.00494449 -0.026531 -0.00185088 -0.00140978 0.00202518 -0.00555221 -0.0111543 0.00476152 -0.00236095 -0.0123745
internal_weight=1277.23 427.331 42.9865 384.345 79.7087 34.078 849.903 841.247 460.175 381.073 205.01 389.261 148.821 103.219
internal_count=62050 22397 3372 19025 2727 2407 39653 39467 15121 24346 12273 7656 4247 4012
is_linear=0
shrinkage=0.03


Tree=458
num_leaves=15
num_cat=0
split_feature=42 38 38 17 33 40 21 7 7 37 38 23 9 29
split_gain=9.57203 15.515 10.5795 20.6455 10.4859 10.2995 19.764 18.2077 22.0427 14.2034 17.7667 10.9834 23.5052 33.5683
threshold=3.1250000000000004 145.16932549125002 349.59659234111115 0.27069235521092588 0.026023786405277648 231.50000000000003 0.2612627387354412 24.857850000000003 20.182550000000003 3.041666666666667 474.94920017277781 3.0968000000000004 0.61656439617274095 0.0091314530785026656
decision_type=2 8 8 2 2 10 2 2 2 8 10 2 2 2
left_child=1 4 -3 -4 -1 6 7 8 -2 10 -10 12 13 -7
right_child=5 2 3 -5 -6 11 -8 -9 9 -11 -12 -13 -14 -15
leaf_value=-0.045339862097628386 0.026978663418660391 0.016153116997871527 -0.036295789787369949 0.013727985797813626 0.00099410314129384433 -0.030114977057739942 0.009496198574911489 0.0099832597545277159 -0.0248447538528874 -0.032393663860814492 0.022030921967970667 0.0032843981930512564 0.0039133179757816217 0.018045227946144712
leaf_weight=14.203303265887074 7.7080524178826968 18.354574536730134 14.461880054992863 13.510725872455081 6.1245710899919521 52.284538817177747 49.75308957893526 23.929840002092533 16.989866093281307 54.865950206928176 11.26555570960045 861.36643743096226 106.18596912065351 16.494795453617371
leaf_count=11039 49 9903 3398 648 4270 7906 1498 164 815 3695 19 14518 3584 417
internal_value=0.000166013 -0.0108136 -0.00104298 -0.0124945 -0.0319879 0.000783946 -0.00616668 -0.0129806 -0.0190734 -0.0236139 -0.00604101 0.0018922 -0.00494139 -0.018472
internal_weight=1267.5 66.6551 46.3272 27.9726 20.3279 1200.84 164.512 114.759 90.8294 83.1214 28.2554 1036.33 174.965 68.7793
internal_count=61923 29258 13949 4046 15309 32665 6240 4742 4578 4529 834 26425 11907 8323
is_linear=0
shrinkage=0.03


Tree=459
num_leaves=15
num_cat=0
split_feature=42 1 17 38 39 21 10 28 12 21 37 10 1 40
split_gain=10.1664 8.82878 8.64022 12.7977 10.919 13.5287 12.3886 12.1292 18.4172 10.7771 12.5876 21.6155 11.4689 12.3852
threshold=0.62500000000000011 0.32045955234081941 0.27571072636179084 474.94920017277781 104.35902305791669 0.28762349039227958 0.33215375816993675 1.5832104166666665 3.0633458333333339 0.27325836715167201 146.04166666666669 -0.038009659090910509 0.45284876920148326 763.50000000000011
decision_type=2 2 2 8 10 2 2 2 2 2 8 2 2 10
left_child=-1 -2 9 4 6 7 -4 8 -6 10 12 -12 13 -3
right_child=1 2 3 -5 5 -7 -8 -9 -10 -11 11 -13 -14 -15
leaf_value=-0.030192175473718115 0.016821611992218946 -0.014492982437618714 0.0087434049005053905 0.013047038915527085 -0.01992790268313013 0.011702843110598514 -0.027608330084342141 -0.039826611194121994 0.023219840702930566 0.0097708405049934388 0.0075166294954685797 -0.030695686905262691 0.0021216618227770686 0.007103457859604069
leaf_weight=8.8713378659404025 27.695130760222582 79.188230733900184 41.959648273345096 25.673391169552815 54.398868778907797 13.603678732837691 9.5027572537271379 19.95137317627939 9.7376848573185253 111.96945354304967 23.020082098162334 29.603802481936782 773.0727656914712 33.32906233009777
leaf_count=20284 643 3637 1579 226 2773 163 492 637 40 3043 338 5509 21676 962
internal_value=0.000133938 0.000372611 -1.26866e-05 -0.00616806 -0.00954036 -0.015383 0.0016326 -0.019851 -0.013121 0.00101691 -3.71008e-05 -0.0141514 0.000816622 -0.00808962
internal_weight=1261.58 1252.71 1225.01 174.827 149.154 97.6916 51.4624 84.0879 64.1366 1050.18 938.214 52.6239 885.59 112.517
internal_count=62002 41718 41075 5910 5684 3613 2071 3450 2813 35165 32122 5847 26275 4599
is_linear=0
shrinkage=0.03


Tree=460
num_leaves=15
num_cat=0
split_feature=30 39 33 8 38 38 22 11 11 11 22 9 21 5
split_gain=11.667 20.7321 19.1119 19.0395 37.9374 29.7659 17.1398 16.0248 15.2661 14.831 12.0883 11.7415 26.2866 24.2617
threshold=0.0060000000000000626 498.0167850366667 0.0050827590271821654 21.846967013888889 155.90529533680561 103.88103072916668 0.40447362996480651 21.539300000000004 25.986550000000005 25.986550000000005 0.46490476190476077 0.60036711165123025 0.2401446120512952 0.49806415431705592
decision_type=2 10 2 2 10 10 2 2 2 2 2 2 2 2
left_child=1 3 -2 4 5 -1 -6 -7 10 11 -3 12 -4 -13
right_child=2 8 9 -5 6 7 -8 -9 -10 -11 -12 13 -14 -15
leaf_value=-0.011310138345860025 -0.019895736977634727 -0.03626625851352018 -0.031582153322417358 0.010066376854833017 -0.031509631481339173 -0.020070648835802046 0.011661620696034828 0.020463567540073224 0.0022698358133988973 -0.031739569666602969 0.0082271461829224891 0.026869626545252517 0.0092764046151851947 -0.0011064929103968332
leaf_weight=71.653975620640082 32.177024139109335 35.561714992624786 13.784074533760245 99.505562944519312 53.723009085056646 9.2529836394160991 9.217132715857586 67.624429274564065 19.383877351065166 9.742119366001587 6.0806095954030743 28.738651143298853 362.81846355652408 450.12042122446184
leaf_count=13053 864 2327 1672 2924 10867 2058 88 2685 266 160 44 478 9897 14592
internal_value=0.000605184 -0.00385539 0.00245652 -0.000694399 -0.00578131 0.00251981 -0.025104 0.0153898 -0.0196922 0.00330981 -0.0297288 0.00374555 0.00770126 0.000624985
internal_weight=1269.38 372.003 897.381 310.977 211.472 148.531 62.9401 76.8774 61.0262 865.204 41.6423 855.462 376.603 478.859
internal_count=61975 34312 27663 31675 28751 17796 10955 4743 2637 26799 2371 26639 11569 15070
is_linear=0
shrinkage=0.03


Tree=461
num_leaves=15
num_cat=0
split_feature=7 16 10 40 38 39 16 17 35 23 10 36 23 19
split_gain=9.10761 28.3164 29.0102 23.2047 20.8876 22.3134 20.7311 23.4271 19.7428 20.4376 17.6164 21.44 15.3191 33.1297
threshold=21.469500000000004 2.5423979166666673 0.31635196428572127 682.50000000000011 190.77608276430558 155.97277606763893 2.2645895833333336 0.22693264624619253 1.2425500000000003 3.2672500000000002 0.051025873015863706 3.5000000000000004 3.3027500000000005 3.3848500000000006
decision_type=2 2 2 8 10 10 2 2 2 2 2 2 2 2
left_child=4 2 -2 -4 5 6 7 -1 -3 -10 -9 -12 -11 -14
right_child=1 8 3 -5 -6 -7 -8 10 9 12 11 -13 13 -15
leaf_value=-0.035520954188979686 -0.030552393248636085 0.017416352922964926 0.013247169708783518 -0.041894196734523464 0.02431064162239881 -0.022802647518839137 0.01514764029490828 0.0097132121241065 -0.033096945215582527 0.016960138373411492 -0.026970325480670469 0.016373200838123696 -0.023343155237307539 0.00064163592598024863
leaf_weight=16.264082366466567 56.029130544778184 55.774109696569553 33.758640587436986 7.5629269926411373 40.385884747555508 29.423889854002482 96.707421440598949 84.670911758230744 16.355995823607373 43.249027935747677 31.06796171836352 14.309822965903733 55.202161113505554 665.82872341687971
leaf_count=4597 8887 578 1660 1211 821 2693 1592 6375 2176 808 9350 1148 5313 14919
internal_value=2.98194e-05 -0.00145481 -0.0166817 0.00240342 0.00445177 0.00142984 0.00444524 -0.00268347 0.000335275 -0.000905838 0.00166295 -0.0132437 -0.000174583 -0.00122443
internal_weight=1246.59 933.761 97.3507 41.3216 312.83 272.444 243.02 146.313 836.41 780.636 130.049 45.3778 764.28 721.031
internal_count=62128 35552 11758 2871 26576 25755 23062 21470 23794 23216 16873 10498 21040 20232
is_linear=0
shrinkage=0.03


Tree=462
num_leaves=15
num_cat=0
split_feature=16 29 5 21 4 6 21 23 13 11 12 19 25 36
split_gain=11.0223 24.2954 20.5259 14.7725 15.1665 12.549 10.9255 25.0619 11.2121 10.8116 10.2313 10.0728 9.30342 12.9857
threshold=2.2645895833333336 0.0093618081954285146 0.57620596354021514 0.2377670367180825 19.147446875000004 0.23613902255639185 0.2377670367180825 5.4826500000000005 0.17771756570384892 21.020700000000001 2.314620833333334 2.7180500000000003 0.00020000000000000576 1.0000000180025095e-35
decision_type=2 2 2 2 2 2 2 2 2 2 2 2 2 2
left_child=1 2 -1 5 11 -4 7 -2 -8 -3 -6 -5 13 -10
right_child=6 9 3 4 10 -7 8 -9 12 -11 -12 -13 -14 -15
leaf_value=-0.035217509814907504 -0.030005152752596458 0.026911738328527796 -0.022423976848704893 -0.023014303685695053 -0.033890953866957993 0.025903749189346403 0.0094014914536618699 0.023189053949502769 0.0019975759979030052 -0.0096492191891497034 -0.0014288019277531323 0.019804156833576801 0.0024062702814176529 -0.012178758266504622
leaf_weight=28.995852155469208 26.078810323192783 21.81173286494732 5.6717617292190878 6.2412104961547668 28.587554667397384 17.636535160585055 152.13930307190003 10.444267705082892 125.73879669214116 10.067731236332206 12.529276185275476 14.821971914446975 675.89748362623197 106.81335664139371
leaf_count=9076 4361 222 860 2676 8509 348 4241 11 8074 610 326 608 13123 9099
internal_value=0.000297344 -0.00740694 -0.0138428 -0.00626955 -0.0138555 0.0137051 0.00133097 -0.0145809 0.00189214 0.0154233 -0.0242678 0.00664861 0.000625583 -0.00453801
internal_weight=1243.48 146.364 114.484 85.4883 62.18 23.3083 1097.11 36.5231 1060.59 31.8795 41.1168 21.0632 908.45 232.552
internal_count=62144 23235 22403 13327 12119 1208 38909 4372 34537 832 8835 3284 30296 17173
is_linear=0
shrinkage=0.03


Tree=463
num_leaves=15
num_cat=0
split_feature=19 17 19 11 7 11 32 33 7 7 36 27 36 39
split_gain=8.23794 13.2688 12.1075 10.9725 27.5493 17.5632 32.8969 19.165 15.3278 17.6367 11.6955 22.9135 14.0773 10.7184
threshold=2.6819500000000005 0.18179507740983183 2.5255500000000004 21.580050000000004 21.395300000000002 21.545350000000003 0.91728368055555565 0.015103437897487528 21.443050000000003 21.717300000000005 3.5000000000000004 0.88365000000000016 2.5000000000000004 99.552631049444457
decision_type=2 2 2 2 2 2 2 2 2 2 2 2 2 8
left_child=1 -1 -3 5 -5 6 10 13 -6 -10 11 12 -2 -8
right_child=3 2 -4 4 8 -7 7 -9 9 -11 -12 -13 -14 -15
leaf_value=0.025682962110498576 0.012979553154988563 0.0096501353051971703 -0.028662865721935164 -0.029916251705398252 0.02193049221111374 0.021251431960434816 0.027589715634012281 -0.036580723735500448 -0.023722120074060302 0.00049958071270380137 0.024889007830400951 -0.034185817409080291 -0.038592492814224839 -0.029151923106366419
leaf_weight=6.1910017959486003 73.097855061490634 9.4249078196279807 27.924325834454294 26.669642692542311 27.985044680423243 56.593943204498544 7.9498128983905731 25.484320022259283 26.883617039341516 909.64238695196286 31.544653627724131 11.374398570411897 4.1312987241481656 3.5582736031188071
leaf_count=85 4186 1693 9842 3649 564 419 56 2302 3908 30698 704 2081 731 1138
internal_value=0.000462186 -0.0122084 -0.0189952 0.000929789 -0.000401776 0.00707795 0.00187129 -0.0224986 0.000444466 -0.000220281 0.00949831 0.00380229 0.0097627 0.00911733
internal_weight=1248.46 43.5402 37.3492 1204.92 991.181 213.735 157.141 36.9924 964.511 936.526 120.148 88.6036 77.2292 11.5081
internal_count=62056 11620 11535 50436 38819 11617 11198 3496 35170 34606 7702 6998 4917 1194
is_linear=0
shrinkage=0.03


Tree=464
num_leaves=15
num_cat=0
split_feature=39 37 39 11 19 38 42 12 11 16 7 33 38 38
split_gain=9.76586 16.2088 10.192 27.5962 16.776 30.0084 18.8832 14.0168 36.9195 20.4709 20.9257 16.459 44.0192 21.2264
threshold=29.717394774444447 124.29166666666669 620.72643510791681 25.605600000000006 4.5264000000000015 510.00549073458336 2.8750000000000004 3.5908375000000006 24.174600000000002 3.3260062500000007 23.731450000000006 0.0055227023849223423 154.29517274472224 103.88103072916668
decision_type=8 10 10 2 2 10 2 2 2 2 2 2 10 8
left_child=1 -1 4 -4 5 6 -2 8 9 10 11 12 13 -8
right_child=2 -3 3 -5 -6 -7 7 -9 -10 -11 -12 -13 -14 -15
leaf_value=-0.036855364097916683 -0.018203593942188501 0.0022477278115210272 -0.034926843905859026 0.00097270070903624709 0.01913104198757154 -0.038140482673247822 -0.019548674891221893 0.01439413234244376 -0.036940648147129766 0.020413493876479571 -0.03810690062762119 0.0035129008204154953 -0.030978897387839543 0.019559242096741064
leaf_weight=15.343281253919448 39.613964156860447 22.663676399146034 24.499236192346984 78.696104009000351 48.229609761830034 16.157551819078208 16.82078079213295 83.042956371183209 20.851506460734981 53.131685669766739 10.908804495396224 739.60661133263409 45.483844150341611 41.236516436589227
leaf_count=3645 25206 1439 1437 757 306 436 1084 701 669 340 368 23458 1610 644
internal_value=0.000699115 -0.0140782 0.0011713 -0.00780349 0.00200811 0.00121684 0.00185777 0.00266097 0.0015967 0.00252218 0.00138657 0.00194208 -0.00920476 0.00808946
internal_weight=1256.29 38.007 1218.28 103.195 1115.08 1066.85 1050.7 1011.08 928.04 907.188 854.057 843.148 103.541 58.0573
internal_count=62100 5084 57016 2194 54822 54516 54080 28874 28173 27504 27164 26796 3338 1728
is_linear=0
shrinkage=0.03


Tree=465
num_leaves=15
num_cat=0
split_feature=38 33 38 20 1 18 17 23 32 38 38 18 7 33
split_gain=10.0893 24.1233 12.926 11.0182 9.34225 8.30803 11.9435 15.4715 24.8598 23.7758 10.2836 9.85005 8.84545 12.7782
threshold=18.871409521666667 0.025032949233445855 21.694921626944446 2.5074029513888898 0.32045955234081941 0.46536019607843149 0.27571072636179084 3.5743500000000004 1.5397928819444446 474.94920017277781 46.125288423750007 0.22301915715863088 25.762800000000002 0.0055227023849223423
decision_type=8 2 8 2 2 2 2 2 2 10 10 2 2 2
left_child=1 -1 -2 -3 -4 6 12 10 -9 -10 11 -8 13 -6
right_child=2 3 4 -5 5 -7 7 8 9 -11 -12 -13 -14 -15
leaf_value=-0.039726980919017441 0.022389327140345042 -0.029979281803547652 0.017419803505237606 0.0088958954010144621 -0.0075544216657088903 0.013736239434178402 -0.029281520935052395 0.02123630991836245 -0.035208242074323291 0.0096611251223188543 -0.028448850544932815 0.019981339157577518 -0.014897672694907849 0.0024497773226680075
leaf_weight=18.080956507735749 23.286100842209237 7.1643227503473232 26.916016485361524 32.453587607894406 132.93237076504556 36.511191239558684 4.867515426743565 28.443973505441562 22.089185253456606 19.057232479546656 41.103366751347821 8.6844183792167069 31.460054918498031 808.43363983598749
leaf_count=1351 713 1675 915 2070 13393 226 760 413 1003 178 4483 125 367 34606
internal_value=0.000126938 -0.0120137 0.000728324 0.00130088 0.000274781 -0.000147308 -0.000621449 -0.00934138 8.67987e-05 -0.0146906 -0.0211318 0.00149106 0.000500676 0.00103054
internal_weight=1241.48 57.6989 1183.79 39.6179 1160.5 1133.58 1097.07 124.246 69.5904 41.1464 54.6553 13.5519 972.826 941.366
internal_count=62278 5096 57182 3745 56469 55554 55328 6962 1594 1181 5368 885 48366 47999
is_linear=0
shrinkage=0.03


Tree=466
num_leaves=15
num_cat=0
split_feature=42 17 22 39 23 23 19 16 42 38 38 39 9 39
split_gain=11.0856 10.4535 12.4317 12.0754 29.0718 25.1595 22.2011 20.6437 22.9419 19.7327 19.1027 23.7324 17.1428 37.9819
threshold=0.87500000000000011 0.30931571887568204 0.5369820175438581 250.30632288958336 3.2672500000000002 3.2883500000000003 3.3252500000000005 2.6334395833333337 3.3750000000000004 115.56088273722223 214.61629482694448 239.79093689458335 0.62193361702839989 141.67411000333337
decision_type=2 2 2 10 2 2 2 2 2 10 10 10 2 10
left_child=-1 2 3 7 -5 -6 9 8 -2 -7 11 12 13 -10
right_child=1 -3 -4 4 5 6 -8 -9 10 -11 -12 -13 -14 -15
leaf_value=-0.029936805380299723 -0.061169713840600319 -0.015271979429066903 0.021852068923963106 -0.032789391343016297 0.022962544427772558 0.0077528233911840954 -0.0010146314949580062 0.024844226191570271 0.0037274708891758923 -0.035132720473758164 -0.031921103418970281 0.031190845131001635 0.0090376272636046445 -0.026592702444889663
leaf_weight=10.278199055145931 4.1241346431443722 38.337983424082267 22.927520451135933 26.197747963414713 35.837303222288028 13.246187261584451 620.51308227563027 37.798258457954944 142.32281285923426 31.758316570801355 12.832448945256145 25.813779358830743 162.9056191514976 49.244965583693102
leaf_count=21295 5187 951 270 3353 75 492 10469 190 6975 2339 1330 88 5138 3966
internal_value=-0.000330194 -5.73138e-05 0.000447162 6.61881e-06 -0.00235668 -0.00117486 -0.00250713 0.00395528 0.00191028 -0.0226161 0.00272556 0.00397534 0.00191125 -0.00416434
internal_weight=1234.14 1223.86 1185.52 1162.59 727.553 701.355 665.518 435.042 397.244 45.0045 393.12 380.287 354.473 191.568
internal_count=62118 40823 39872 39602 16728 13375 13300 22874 22684 2831 17497 16167 16079 10941
is_linear=0
shrinkage=0.03


Tree=467
num_leaves=15
num_cat=0
split_feature=42 5 20 40 20 23 33 32 19 5 11 12 10 33
split_gain=10.0379 17.9093 15.1363 10.7797 26.8558 39.304 31.3323 19.379 42.6837 35.6458 22.0366 28.8687 19.2183 27.8588
threshold=2.6250000000000004 0.53946576047677985 2.3589901041666672 731.50000000000011 2.5143335069444448 2.9978000000000002 0.020527237555443684 1.3106817708333336 3.6908000000000007 0.66294578403958426 23.818250000000003 3.7565666666666675 0.39476541889483796 0.027356427420373447
decision_type=2 2 2 10 2 2 2 2 2 2 2 2 2 2
left_child=1 -1 -3 12 5 -5 7 -6 9 -9 -10 -12 13 -2
right_child=3 2 -4 4 6 -7 -8 8 10 -11 11 -13 -14 -15
leaf_value=-0.045012854590981796 -0.0023061997549083074 -0.045556499127156105 0.0045994455023656991 0.012982569905434291 0.017906966842590015 -0.030714238087140477 0.017653398258761877 -0.042949078238329337 0.021563242190249379 0.0096922736899527438 -0.033641492388924964 0.010598844832617199 0.0096231628697911117 -0.039416424703616781
leaf_weight=10.856134840071212 614.79067963835496 5.3759399954378173 35.094590036414381 32.04441533728118 40.993597810596839 41.53786941886915 163.58220627762887 36.227965994731676 45.6708954252681 16.339761356444797 20.551542575725762 33.70918679423994 120.35636430973807 17.769772133415927
leaf_count=5628 16257 10501 11579 3998 202 3434 2204 1186 198 175 545 278 2563 3342
internal_value=0.000281582 -0.0125773 -0.00300094 0.000849366 0.00462932 -0.0117658 0.00803126 -0.000152397 -0.005092 -0.026711 0.00643235 -0.00646298 -0.00131598 -0.00340926
internal_weight=1234.9 51.3267 40.4705 1183.57 430.657 73.5823 357.075 193.493 152.499 52.5677 99.9316 54.2607 752.917 632.56
internal_count=62090 27708 22080 34382 12220 7432 4788 2584 2382 1361 1021 823 22162 19599
is_linear=0
shrinkage=0.03


Tree=468
num_leaves=15
num_cat=0
split_feature=42 22 33 42 35 20 23 37 29 37 10 29 33 3
split_gain=9.96301 9.60336 13.5223 14.243 8.8351 35.8737 27.6848 27.1822 36.01 22.825 20.778 28.318 21.3389 19.3068
threshold=0.62500000000000011 0.31093901098901028 0.025831912005086773 4.8750000000000009 1.22455 2.4447538194444447 3.2672500000000002 58.541666666666671 0.0056673582599439882 120.79166666666669 0.24518297619046961 0.007674709321298284 1.6653345369377351e-16 21.024750000000001
decision_type=2 2 2 2 2 2 2 8 2 10 2 2 2 2
left_child=-1 4 -3 -4 5 7 -6 -2 -9 -10 11 12 -8 -11
right_child=1 2 3 -5 6 -7 10 8 9 13 -12 -13 -14 -15
leaf_value=-0.029856255848654058 0.0050893066303244697 0.020164785168436023 -0.021636303221430408 0.0086626145284956144 -0.033034570474239112 0.023350051461403138 -0.018404421541002788 -0.033550544801862321 -0.032301910481554522 0.021145609170492068 -0.010716089962672122 -0.023805565063460654 0.0055609740409268702 -0.037294165409021418
leaf_weight=8.498256695911321 235.14727574423827 53.093377091456205 18.60671335243569 47.512710176117253 23.820813573120972 67.986017529125547 35.071366967698964 43.735036172399148 11.775456485766794 36.494816663681817 147.05924204842188 34.755833504236023 461.95677862435701 4.9559821877788286
leaf_count=20247 9132 494 378 358 3308 431 592 9179 1160 1337 5415 1148 8163 611
internal_value=0.000751884 0.000988988 0.00904073 -5.91466e-05 0.000111159 0.00366453 -0.00191445 -0.000423295 -0.0137078 0.00291474 -0.000775452 0.00198848 0.00383637 0.0134444
internal_weight=1230.47 1221.97 119.213 66.1194 1102.76 400.095 702.664 332.109 96.9613 53.2263 678.843 531.784 497.028 41.4508
internal_count=61953 41706 1230 736 40476 21850 18626 21419 12287 3108 15318 9903 8755 1948
is_linear=0
shrinkage=0.03


Tree=469
num_leaves=15
num_cat=0
split_feature=18 42 5 37 22 5 34 22 36 21 34 9 40 22
split_gain=7.2704 8.45789 11.4281 13.948 11.3105 11.1722 10.1991 7.89254 7.84202 7.67281 17.0429 34.2474 26.4933 14.8711
threshold=0.46536019607843149 4.6250000000000009 0.63409934526501832 114.04166666666669 0.35467571428571454 0.52781944700955075 0.099524404761905258 0.26403699054621771 1.0000000180025095e-35 0.24452820727379745 0.054502242332830506 0.62425356588365066 36.500000000000007 0.069131507936506756
decision_type=2 2 2 10 2 2 2 2 2 2 2 2 8 2
left_child=1 2 5 -4 6 7 9 -1 -7 10 -3 12 -12 -11
right_child=-2 4 3 -5 -6 8 -8 -9 -10 13 11 -13 -14 -15
leaf_value=-0.045137993216210689 0.013264308825438538 0.010952382057848983 -0.047016071162803812 -0.00082669601607924148 0.013566689641819415 0.010088274146539643 -0.031988838016200338 -0.00071765405804493883 -0.010020788808655713 -0.0076905284705346202 0.016827709279220466 0.01367753061806912 -0.031550711501145461 0.0016246554079793311
leaf_weight=7.5455208575929742 38.100957820832264 160.08662745796289 12.086542002399087 10.756855040892018 59.114823957148474 43.504974324633231 7.797062812678063 6.2770475281175777 27.747668321603236 217.29054658628161 12.559671704657374 48.506769992605314 42.980018294313822 524.85761894216125
leaf_count=5071 250 2913 6388 2239 584 9649 1816 141 11436 10055 154 712 2683 7870
internal_value=0.000537048 0.000115612 -0.00785029 -0.0262126 0.000923213 -0.00267262 0.000173533 -0.0263753 0.00222696 0.00045425 0.00483527 -0.00459123 -0.0205063 -0.00110938
internal_weight=1219.21 1181.11 107.919 22.8434 1073.19 85.0752 1014.08 13.8226 71.2526 1006.28 264.133 104.046 55.5397 742.148
internal_count=61961 61711 34924 8627 26787 26297 26203 5212 21085 24387 6462 3549 2837 17925
is_linear=0
shrinkage=0.03


Tree=470
num_leaves=15
num_cat=0
split_feature=17 16 11 37 39 23 39 23 38 23 12 39 38 9
split_gain=10.8202 9.18347 23.9481 26.9875 19.3534 23.5294 15.4178 25.7096 24.4988 23.4906 27.9937 20.7262 20.5809 17.6055
threshold=0.30288363508744509 2.2645895833333336 21.020700000000001 125.54166666666669 159.7740310643056 3.0881000000000003 250.30632288958336 3.2672500000000002 103.88103072916668 3.2883500000000003 2.8077125000000005 188.76262911236114 216.56658364569446 0.55587115211863913
decision_type=2 2 2 10 8 2 10 2 8 2 2 8 10 2
left_child=1 2 -1 -4 -3 -6 8 -8 -7 -9 13 -10 -13 -11
right_child=-2 4 3 -5 5 6 7 9 11 10 -12 12 -14 -15
leaf_value=0.0064124332177284415 -0.013666216052862661 0.014279643865774364 -0.029497612215243361 0.0098300664482603162 -0.022620173485011923 -0.035901224432587031 -0.032159432978151811 0.022814108215403094 -0.030407190362766456 0.011932169348625678 0.0011065992515325923 0.020817389595776011 -0.017144594671406947 -0.029824073640303581
leaf_weight=68.600704025695322 47.569485372192958 99.503873398318987 52.482669034401148 21.650010092802781 37.250903036022237 8.6914048914285456 21.156604931625111 39.618294931127366 8.1267843386598013 10.883096219402416 635.63659385276219 113.30551400836458 13.723198856932155 42.700368322013119
leaf_count=7643 1703 2216 11571 3458 6324 935 3333 92 611 237 14966 1908 1683 5457
internal_value=0.000209729 0.00078345 -0.00632177 -0.0180342 0.00177267 0.00042219 0.00140669 -0.000323443 0.0103673 0.000643485 -0.000662152 0.0135845 0.0166144 -0.0212799
internal_weight=1220.9 1173.33 142.733 74.1327 1030.6 931.093 893.842 749.995 143.847 728.838 689.22 135.155 127.029 53.5835
internal_count=62137 60434 22672 15029 37762 35546 29222 24085 5137 20752 20660 4202 3591 5694
is_linear=0
shrinkage=0.03


Tree=471
num_leaves=15
num_cat=0
split_feature=42 16 8 19 39 23 27 13 5 25 10 25 5 34
split_gain=8.55862 19.8403 14.2036 15.9123 15.6312 13.4693 22.9951 12.2743 21.7409 16.627 14.172 13.1196 12.7212 19.9344
threshold=5.3750000000000009 2.5496406250000008 23.632743576388894 4.5264000000000015 250.30632288958336 5.4826500000000005 2.3105500000000005 0.25848396381293764 0.53352173507781686 0.0018999999999999855 0.45060683982684185 0.0011580602324996576 0.60286901975687746 0.071229670329670133
decision_type=2 2 2 2 8 2 2 2 2 2 2 2 2 2
left_child=1 -1 3 4 -3 6 7 9 -9 12 11 -10 13 -2
right_child=5 2 -4 -5 -6 -7 -8 8 10 -11 -12 -13 -14 -15
leaf_value=-0.044717438916950646 -0.0062449377751980896 0.012340747948619149 -0.04044085416676322 0.020291504762830492 -0.012443212308368833 0.019150175003686029 -0.040482029515459823 0.012345804491411346 -0.019946632763835077 -0.0041074412315552852 0.014607118752132955 -0.0041689870190127409 0.01030540590892615 0.010563407930187457
leaf_weight=9.9913436919991039 142.50756647483922 31.003561490770664 7.5274977647268306 25.691245407550809 80.145176119292643 37.305386345512488 10.871976418071425 57.447197510577553 81.245967710433888 191.38852695353671 21.081120470779751 113.70342075916597 300.10141732131342 112.92492240901402
leaf_count=23184 4399 759 699 664 12562 257 115 1221 3022 4820 306 2773 4761 2580
internal_value=0.000726194 -0.0058543 -0.00287556 -0.000530711 -0.00548164 0.00168135 0.00103149 0.001513 -0.0039151 0.00350302 -0.00827619 -0.0108126 0.00612759 0.00119813
internal_weight=1222.94 154.359 144.367 136.84 111.149 1068.58 1031.27 1020.4 273.478 746.922 216.031 194.949 555.534 255.432
internal_count=62122 37868 14684 13985 13321 24254 23997 23882 7322 16560 6101 5795 11740 6979
is_linear=0
shrinkage=0.03


Tree=472
num_leaves=15
num_cat=0
split_feature=42 37 21 22 42 37 1 6 22 34 22 12 13 26
split_gain=12.1245 11.1621 14.4799 10.9391 10.4283 9.36011 9.81582 9.31149 13.1427 19.9611 17.1103 14.8106 11.8101 9.37276
threshold=4.6250000000000009 112.54166666666669 0.30686392166691417 0.40447362996480651 0.87500000000000011 14.291666666666668 0.58891482258232586 -0.18305999999999567 0.21086944444444444 0.07008750000000058 -0.06003304195804135 2.6529458333333333 0.16718756638336429 0.0012000000000002679
decision_type=2 10 2 2 2 8 2 2 2 2 2 2 2 2
left_child=1 2 5 7 -4 -1 -7 8 9 10 -2 -11 -12 -9
right_child=3 -3 4 -5 -6 6 -8 13 -10 11 12 -13 -14 -15
leaf_value=-0.0020791210800581153 0.014536503554497066 0.0010469823117198697 -0.027326023314457847 0.01689722268532173 0.01666340784849837 -0.052247386524363726 -0.015226307644446217 0.0033495673479675145 -0.030459389473546036 -0.022787369552218936 0.0097207826839746624 0.017507996128862304 -0.02355868962535684 -0.0046992660911176366
leaf_weight=9.0443778385537232 16.992979478618508 51.14151405016861 6.2105182644880896 38.09740157390479 13.84290979753524 15.93558575036341 12.220724106316547 737.05395295222957 16.494141140530701 8.9751001443132719 10.838744543143092 47.742008171795533 59.346444354592222 157.18780953783198
leaf_count=1112 480 9978 1205 528 638 13424 8774 16688 227 1491 322 684 3101 3532
internal_value=0.00036224 -0.00916066 -0.01814 0.0013144 0.0023891 -0.0289792 -0.0372524 0.000736011 -0.00589778 -0.00289159 -0.0118515 0.0108472 -0.018355 0.00193109
internal_weight=1201.12 108.396 57.2541 1092.73 20.0534 37.2007 28.1563 1054.63 160.389 143.895 87.1782 56.7171 70.1852 894.242
internal_count=62184 35131 25153 27053 1843 23310 22198 26525 6305 6078 3903 2175 3423 20220
is_linear=0
shrinkage=0.03


Tree=473
num_leaves=15
num_cat=0
split_feature=39 37 16 21 23 23 15 5 36 33 34 28 12 37
split_gain=8.273 17.4713 10.99 21.1218 12.389 11.639 25.8787 13.2428 13.0559 12.4489 22.2738 24.662 42.443 27.015
threshold=29.717394774444447 124.29166666666669 2.0601895833333335 0.23170768010142126 2.8271500000000005 2.8814500000000005 2.7363000000000004 0.46540181944374687 1.0000000180025095e-35 0.022294853719797014 0.07008750000000058 1.2306364583333336 2.8321291666666673 143.04166666666669
decision_type=8 10 2 2 2 2 2 2 2 2 2 2 2 10
left_child=1 -1 -2 -4 -5 8 7 -7 -6 10 11 -8 13 -13
right_child=2 -3 3 4 5 6 9 -9 -10 -11 -12 12 -14 -15
leaf_value=-0.036742528101315973 0.019761722399573724 0.0037423595546547356 -0.043866046809447903 -0.021232509227075341 -0.020080677884720198 0.019994309802210217 0.010118837409886143 -0.025766325937537332 0.018407113824907808 -0.0050801099124301143 0.014949541315380472 -0.036497044173340314 0.00085367543061905043 0.010810932202036714
leaf_weight=15.420747913143179 26.057198025676371 22.680110901836052 8.6130652636754785 21.527864535637264 8.3258763463543328 5.7520235377916284 191.21965548863352 44.776327972361386 57.879480469645614 202.27531892282263 122.44399587240582 46.880242121270101 409.36039173573903 13.548933552178594
leaf_count=3698 1480 1440 2096 7048 1548 133 5478 9655 2390 11239 1825 5154 8463 513
internal_value=0.000409043 -0.0131639 0.000866337 0.000414572 0.000792582 0.00124152 0.000456433 -0.0202701 0.0133402 0.00153834 0.00325142 0.00106517 -0.00263363 -0.0258867
internal_weight=1196.76 38.1009 1158.66 1132.6 1123.99 1102.46 1036.26 50.5284 66.2054 985.729 783.453 661.009 469.79 60.4292
internal_count=62160 5138 57022 55542 53446 46398 42460 9788 3938 32672 21433 19608 14130 5667
is_linear=0
shrinkage=0.03


Tree=474
num_leaves=15
num_cat=0
split_feature=38 21 38 21 42 34 21 12 16 16 28 30 11 11
split_gain=7.98248 20.2109 10.8751 11.3561 13.0668 18.4041 12.4673 10.7266 10.6169 18.1512 18.736 18.1767 16.8265 21.4533
threshold=17.013318153750003 0.3394762733977878 21.694921626944446 0.30686392166691417 4.6250000000000009 0.073285714285714912 0.28762349039227958 2.1618041666666672 2.0601895833333335 2.2205437500000005 0.93697500000000034 0.034156208791208793 21.545350000000003 21.580050000000004
decision_type=8 2 8 2 2 2 2 2 2 2 2 2 2 2
left_child=1 -1 -2 4 5 -4 8 -3 -6 11 -11 -10 -12 -14
right_child=2 7 3 -5 6 -7 -8 -9 9 10 12 -13 13 -15
leaf_value=-0.038393748022829605 0.015750388669794172 -0.028720521972560115 -0.005399341633868928 0.017410448791192797 0.018569306957466558 -0.043334508079943643 0.02633997006831389 0.013022667487910339 -0.026472652329987859 0.018193553433989727 -0.026920333222491617 0.021858221808604212 0.020039490661534719 -0.00113782463090067
leaf_weight=15.813400688657856 39.74316737520644 6.3106041987171606 62.827655958126208 31.622383093785857 25.757503315792064 13.201094446075691 15.349720640364465 21.966885908529093 40.063389995814305 49.123488307627667 20.433945672065647 7.6514684022713473 44.482561641576467 804.67386748588478
leaf_count=1945 1195 2260 20491 740 568 11116 156 386 6280 416 1153 61 205 15120
internal_value=4.3731e-05 -0.0123396 0.000526746 -2.94206e-05 -0.000553963 -0.0124632 0.000356175 0.00304417 -7.19257e-05 -0.000587438 0.000358424 -0.0184328 -0.00066883 -6.19674e-06
internal_weight=1199.02 44.0909 1154.93 1115.19 1083.56 76.0288 1007.54 28.2775 992.186 966.429 918.714 47.7149 869.59 849.156
internal_count=62092 4591 57501 56306 55566 31607 23959 2646 23803 23235 16894 6341 16478 15325
is_linear=0
shrinkage=0.03


Tree=475
num_leaves=15
num_cat=0
split_feature=18 25 38 38 30 11 20 34 7 5 38 38 21 18
split_gain=9.24543 7.94114 7.62844 7.40966 8.35102 8.25963 7.35137 7.44298 11.7136 13.3693 7.53433 32.0999 21.8616 24.8259
threshold=0.46536019607843149 0.0038538130468407854 1.7335950980555557 474.94920017277781 0.014132121212121091 21.899400000000004 2.0779815972222226 0.098659077380952406 23.314800000000002 0.66056190309224838 345.19920017277781 411.92116080722229 0.25490261984379647 0.24372773109243442
decision_type=2 2 8 10 2 2 2 2 2 2 10 10 2 2
left_child=1 2 -1 4 -3 -6 -4 10 9 -9 -8 -12 -13 -14
right_child=-2 3 6 -5 5 -7 7 8 -10 -11 11 12 13 -15
leaf_value=-0.033544986983124248 0.014426051301989233 -0.0037278168092040433 -0.022629406948141171 0.012094297677661904 -0.0055077324962959527 -0.037150250254944506 0.0026426484959631894 0.012419031247259842 -0.041451968281186496 -0.053791064208109751 -0.033817573795887956 0.0059994991265780676 -0.024426916323366816 0.013900917918814192
leaf_weight=4.984253372970584 37.809246865988825 39.288275801092674 11.308317196176175 11.538264234672395 12.870515693559456 17.938776148926358 751.9675263619622 13.950242073968509 8.6138159244653405 2.3620146529039436 26.646966734747593 175.04959444509439 51.835642503868371 20.599539295408704
leaf_count=299 253 1077 3295 60 804 945 43782 3821 887 596 3074 1960 1155 147
internal_value=2.45058e-05 -0.000461546 0.00023192 -0.00942111 -0.0130829 -0.0245204 0.000421792 0.000691082 -0.0151851 0.000278483 0.00109116 -0.00315886 0.00026501 -0.0134862
internal_weight=1186.76 1148.95 1067.32 81.6358 70.0976 30.8093 1062.33 1051.03 24.9261 16.3123 1026.1 274.132 247.485 72.4352
internal_count=62155 61902 59016 2886 2826 1749 58717 55422 5304 4417 50118 6336 3262 1302
is_linear=0
shrinkage=0.03


Tree=476
num_leaves=15
num_cat=0
split_feature=22 38 38 38 33 29 37 23 11 38 10 21 39 37
split_gain=10.9861 17.7072 38.9361 26.4826 28.6755 22.7119 23.1755 19.9939 25.2415 19.5753 33.9642 25.8256 20.6273 17.9372
threshold=0.069957197802197668 349.59659234111115 416.3108827372223 286.19343076333342 0.022294853719797014 0.0057195728130659288 115.54166666666669 5.0778500000000006 24.788650000000004 159.19343076333337 0.4147190131125017 0.27430696563045792 29.717394774444447 77.291666666666686
decision_type=2 8 8 8 2 2 8 2 2 8 2 2 8 10
left_child=-1 3 -3 7 -5 6 13 8 9 12 11 -11 -2 -4
right_child=1 2 5 4 -6 -7 -8 -9 -10 10 -12 -13 -14 -15
leaf_value=-0.004461697716889053 -0.03677358005451245 -0.036574767070074329 -0.0099041574156406593 0.018901752825907597 -0.02611220597857826 0.013980750696439602 -0.02908729602951381 0.019780883198250047 -0.03322170128683663 -0.027841823706608638 0.013828922472130909 0.011805914390734945 0.0070985149286682337 0.018962603003907574
leaf_weight=372.56703531095741 9.079416592642529 30.287758803593775 53.476947574528054 143.11737889318266 13.104108357493315 63.519876583007147 32.912548521486798 42.893545506978967 20.438572585277484 69.191115605011532 38.882281229671179 18.120664630858073 230.9462524681397 29.065219383281942
leaf_count=36067 928 2076 944 1173 1443 655 792 213 978 5779 911 202 9605 340
internal_value=-0.000217579 0.00177439 -0.00569842 0.00444915 0.0149838 -0.00029905 -0.00820798 0.000591943 -0.0015823 0.000269144 -0.00925344 -0.0195728 0.00529329 0.000365882
internal_weight=1167.6 795.036 209.262 585.773 156.221 178.975 115.455 429.552 386.658 366.22 126.194 87.3118 240.026 82.5422
internal_count=62106 26039 4807 21232 2616 2731 2076 18616 18403 17425 6892 5981 10533 1284
is_linear=0
shrinkage=0.03


Tree=477
num_leaves=15
num_cat=0
split_feature=42 10 34 17 20 3 36 22 11 16 32 16 11 37
split_gain=8.49015 8.62236 11.3529 9.11641 10.3482 9.20683 8.69746 25.8169 20.4363 15.2961 53.4053 22.6676 35.2299 26.2954
threshold=1.3750000000000002 0.45060683982684185 0.097599999999999992 0.21419852048070145 2.2560968750000003 22.181450000000002 3.5000000000000004 0.074405321969697194 23.018600000000003 2.9298531250000006 1.3905388888888892 2.7164406250000006 22.085250000000006 143.04166666666669
decision_type=2 2 2 2 2 2 2 2 2 2 2 2 2 10
left_child=-1 2 6 -3 -5 -6 9 -8 -9 10 11 12 -2 -14
right_child=1 3 -4 4 5 -7 7 8 -10 -11 -12 -13 13 -15
leaf_value=-0.019233947577581727 0.0019898291227929761 -0.016991485949255404 -0.029170015116773734 -0.015156443050456764 0.025875778649625033 0.0052515891750127882 -0.031233118558144743 0.019579176998985929 -0.0095020777981864851 0.0028039864199334366 -0.036905705516863618 0.017641397756874753 -0.027829957851835042 0.0047595183566706547
leaf_weight=18.877584148026017 252.09116378561805 10.010001242230969 11.078596600162653 10.273348970003978 39.273161890936024 38.968052415638965 12.889673554116483 83.652327641966508 28.581386252221819 478.70711604417602 41.484625850760722 47.789444502403967 76.273972109751611 30.943662320542359
leaf_count=23048 14076 299 3232 765 656 677 1830 1026 670 5783 2701 357 5680 1222
internal_value=0.00020722 0.000539319 -0.000250653 0.00898326 0.0120777 0.0157998 8.11788e-05 0.007473 0.0121548 -0.000923209 -0.00489809 -0.00155397 -0.0041489 -0.0184674
internal_weight=1180.89 1162.02 1063.49 98.5246 88.5146 78.2412 1052.41 125.123 112.234 927.29 448.583 407.098 359.309 107.218
internal_count=62022 38974 36577 2397 2098 1333 33345 3526 1696 29819 24036 21335 20978 6902
is_linear=0
shrinkage=0.03


Tree=478
num_leaves=15
num_cat=0
split_feature=2 14 30 1 1 13 42 21 15 0 30 20 27 11
split_gain=11.5493 10.7882 11.872 12.7879 11.5627 11.246 10.2697 10.2 9.80617 9.2584 9.12249 9.29354 15.2913 11.9327
threshold=0.2750999999999984 -0.1127535714285718 0.022371163202122856 0.59916911621166213 0.72667039397774336 0.20274018874357655 3.6250000000000004 0.26144544962190647 3.3427500000000001 20.618620833333335 0.005692058823529275 2.9813463541666674 1.7456500000000001 22.299750000000003
decision_type=2 2 2 2 2 2 2 2 2 2 2 2 2 2
left_child=1 5 3 10 -4 7 -2 -1 9 -7 11 13 -13 -3
right_child=6 2 4 -5 -6 8 -8 -9 -10 -11 -12 12 -14 -15
leaf_value=-0.034584817404419058 -0.015438264436472704 -0.0003832213136381737 -0.020049941007710449 -0.0061061887016162593 0.012527667897547142 -0.0062769175575522907 0.0050442453829840968 -0.0020430739949141925 0.0016046809833104542 -0.031300242687362007 0.00798904369557084 0.017627070340034148 -0.016047758657955418 -0.032088703995864894
leaf_weight=23.064781900810559 22.26648043022368 26.868939450178139 43.063135963784418 133.2876619617183 11.868453309962488 48.389126733117891 427.79824452218696 13.756064878086603 95.059187874297521 17.745230355162917 237.52179068532732 32.951170210314899 17.954882783791618 16.76233009087867
leaf_count=2667 10474 5244 2250 8504 228 5900 10374 592 2308 2226 6457 845 916 2802
internal_value=0.000235769 -0.00212441 0.000147617 0.00171375 -0.0129131 -0.00806485 0.00399891 -0.0228029 -0.00457846 -0.0133574 0.00486156 -0.00299751 0.0056694 -0.0130099
internal_weight=1168.36 718.293 520.278 465.347 54.9316 198.014 450.065 36.8208 161.194 66.1344 332.059 94.5373 50.9061 43.6313
internal_count=61787 40939 27246 24768 2478 13693 20848 3259 10434 8126 16264 9807 1761 8046
is_linear=0
shrinkage=0.03


Tree=479
num_leaves=15
num_cat=0
split_feature=11 16 37 39 39 40 40 23 39 5 37 7 28 27
split_gain=7.42943 37.2924 21.0132 20.3462 26.0524 24.0708 15.9419 33.3154 25.3798 19.7307 18.3773 24.2437 25.9823 32.9351
threshold=22.085250000000006 2.5134791666666669 133.54166666666669 190.69205770861115 159.7740310643056 490.50000000000006 731.50000000000011 3.5291000000000001 196.49436038180559 0.6683035011231554 80.291666666666686 23.144550000000006 1.7446625000000002 1.8099000000000003
decision_type=2 2 8 10 10 10 10 2 8 2 8 2 2 2
left_child=2 -2 3 4 -1 -5 7 8 -3 -9 -8 -12 -13 -14
right_child=1 6 -4 5 -6 -7 10 9 -10 -11 11 12 13 -15
leaf_value=0.0041687959147279005 -0.028278265276216609 0.025025022286778803 -0.02984150601197412 -0.029351994556013238 -0.03165144087654493 0.024562023107766087 0.019138316059587133 0.0014613058175265109 -0.03243584403311197 -0.025991935434472088 0.0088330894209777289 -0.033732196301190405 0.025117586279162166 -0.014462629423368189
leaf_weight=235.68253677245551 42.738641198307505 7.2594174928964383 14.866215672920815 7.4942194583299786 18.80472897232363 69.016180040309735 65.985230485966838 353.98243938389226 49.640131295704514 24.236466391844033 165.11987146951557 27.930284645790067 28.115111565755797 53.041885383607905
leaf_count=17826 8057 16 6513 1175 2502 1639 270 8105 6629 958 4542 1678 246 1978
internal_value=0.000231796 -0.00132685 0.00391156 0.00551284 0.00140842 0.0189706 0.000193347 -0.00360698 -0.0247992 -0.000361814 0.00505043 0.00160309 -0.00932141 -0.000612077
internal_weight=1163.91 818.049 345.864 330.998 254.487 76.5104 775.311 435.118 56.8995 378.219 340.192 274.207 109.087 81.157
internal_count=62134 32479 29655 23142 20328 2814 24422 15708 6645 9063 8714 8444 3902 2224
is_linear=0
shrinkage=0.03


Tree=480
num_leaves=15
num_cat=0
split_feature=33 9 35 32 9 32 39 10 40 38 8 40 5 37
split_gain=9.06117 24.3593 17.0246 30.5432 22.5718 29.007 25.9116 32.4705 30.9377 28.7648 24.8256 31.7906 25.2597 22.7709
threshold=0.015448988954641918 0.62588362688072718 0.95485000000000009 0.99988177083333352 0.62462499992181508 1.1273081597222225 302.42198755208341 0.39826215909090912 723.50000000000011 474.94920017277781 22.71716006944445 400.50000000000006 0.62301929025745384 79.541666666666686
decision_type=2 2 2 2 2 2 10 2 10 8 2 10 2 10
left_child=1 -1 -2 -4 6 -6 7 -5 9 -8 11 12 -7 -10
right_child=2 -3 3 4 5 10 8 -9 13 -11 -12 -13 -14 -15
leaf_value=0.0056585878544120928 0.0090447866829243117 -0.029571071683176037 -0.027559136347349102 -0.033547105871175618 0.023242600541881767 0.021102985141344933 -0.018817274141482546 0.012911163137973544 0.025206242215998612 0.0096824068577170911 0.015067013776848824 -0.028174307928691803 -0.021019804572936784 -0.000358847585762377
leaf_weight=400.89230469861911 117.52549749354398 17.491037443498726 42.653604581374566 53.74454823251088 62.301423140072586 34.031241046749642 116.77668898677643 17.387211711774256 45.844255377276554 42.984882952421685 55.114216410106678 45.013431097206791 19.246986141302074 94.75859106810266
leaf_count=18986 9944 3062 5074 7539 1322 629 5963 1121 144 250 519 3399 661 3379
internal_value=0.00058906 0.00411877 -0.00138973 -0.00334796 -0.00154543 0.00615597 -0.00602173 -0.0221694 -0.00213679 -0.0111367 -0.000888871 -0.00989731 0.00577904 0.00809592
internal_weight=1165.77 418.383 747.383 629.857 587.203 215.707 371.496 71.1318 300.364 159.762 153.406 98.2917 53.2782 140.603
internal_count=61992 22048 39944 30000 24926 6530 18396 8660 9736 6213 5208 4689 1290 3523
is_linear=0
shrinkage=0.03


Tree=481
num_leaves=15
num_cat=0
split_feature=18 17 7 36 8 16 16 4 8 39 24 39 37 39
split_gain=7.55214 7.30132 9.28528 12.5277 7.8677 35.2451 31.2881 16.2526 37.0753 15.2988 20.0926 31.2103 20.4358 20.4786
threshold=0.46536019607843149 0.30579639944098941 20.402850000000004 2.5000000000000004 21.315201562500004 2.9298531250000006 2.7858156250000006 21.360694791666671 20.962418229166673 393.33637828430562 1.6106458333333336 472.69770930916673 97.541666666666686 769.31279162291673
decision_type=2 2 2 2 2 2 2 2 2 10 2 10 10 10
left_child=1 4 -3 -4 6 -6 7 8 -1 -7 -11 -12 -13 -14
right_child=-2 2 3 -5 5 9 -8 -9 -10 10 11 12 13 -15
leaf_value=0.0011497373357899129 0.013515193367139917 0.020743757073730044 -0.029936752949229817 0.012474161075038249 -0.033642426004541065 -0.02596655303201097 0.021629601290854825 0.025229662524889972 -0.031303353860697214 0.011558305903105578 -0.02824887877887574 0.005031584456119868 -0.019580624929762119 0.012880047318537339
leaf_weight=437.69518719139899 35.789453988523746 5.3065992182914234 23.770934799073434 7.7613666651181168 29.778841055923976 19.41285355740132 67.414071334031405 20.918582583140449 33.149959233239485 112.51099537552273 38.032336430117198 226.04182227011825 69.933092293971811 22.441300541670898
leaf_count=39651 247 73 1026 313 4108 1259 869 435 3789 1061 2928 3556 2557 169
internal_value=0.000141753 -0.000299565 -0.0132522 -0.0194352 0.000155225 -0.00250555 0.00262085 -2.35926e-05 -0.00119663 -0.000542093 0.00056338 -0.00292973 0.000173413 -0.0116412
internal_weight=1149.96 1114.17 36.8389 31.5323 1077.33 518.151 559.178 491.764 470.845 488.372 468.96 356.449 318.416 92.3744
internal_count=62041 61794 1412 1339 60382 15638 44744 43875 43440 11530 10271 9210 6282 2726
is_linear=0
shrinkage=0.03


Tree=482
num_leaves=15
num_cat=0
split_feature=36 10 22 39 19 35 38 40 22 9 5 32 32 21
split_gain=8.677 25.6268 21.743 11.4858 10.4234 25.1684 33.1435 26.1025 30.517 30.9777 24.6752 23.9434 30.6617 21.3041
threshold=3.5000000000000004 0.22899641608391647 0.070832764294529157 329.69205770861117 3.7854500000000004 1.3261500000000004 331.01583657152781 857.50000000000011 0.019761952214452459 0.6083086400222234 0.5951106500130573 1.7515975694444448 1.8754604166666666 0.27891420667447819
decision_type=2 2 2 8 2 2 10 10 2 2 2 2 2 2
left_child=4 2 -2 -4 5 -1 13 8 -8 -10 -11 -6 -13 -7
right_child=1 -3 3 -5 11 6 7 -9 9 10 -12 12 -14 -15
leaf_value=0.0012405188302770309 -0.030365736693551113 -0.01565792557272757 0.025628636411546918 0.0011091397589930981 0.012880129406361396 -0.033800734024720336 -0.037183975885294041 -0.038187380564520174 0.01541594850327342 0.0078281731312976402 -0.041845803268836024 -0.03421118033734865 0.00097022997270815618 0.0036411795477338787
leaf_weight=412.10235725829421 7.833334832806357 32.067158465726621 65.191935189114233 23.353747238416091 137.43445748404616 65.934868049018647 15.377707354551886 15.787531395896961 91.61673835631882 17.183841532022825 17.303605537011151 24.165222741500315 195.0711426323349 16.959903451776754
leaf_count=34920 1491 2828 715 469 1969 7523 726 1439 1293 416 689 1705 3688 2085
internal_value=-7.08693e-05 0.00724183 0.0149436 0.0192463 -0.00100809 -0.00326124 -0.010959 -0.00281715 0.00137003 0.00632703 -0.0175719 0.00311 -0.00304535 -0.0261882
internal_weight=1137.38 128.446 96.379 88.5457 1008.94 652.267 240.164 157.269 141.482 126.104 34.4874 356.671 219.236 82.8948
internal_count=61956 5503 2675 1184 56453 49091 14171 4563 3124 2398 1105 7362 5393 9608
is_linear=0
shrinkage=0.03


Tree=483
num_leaves=15
num_cat=0
split_feature=42 15 18 2 26 14 7 38 38 12 10 10 18 38
split_gain=6.74092 14.5761 8.10094 8.33204 9.76344 16.9761 9.45557 7.51169 15.7719 8.94318 7.13511 7.56272 11.9095 7.61459
threshold=3.1250000000000004 4.3954500000000012 0.46536019607843149 0.2750999999999984 1.0000000180025095e-35 -0.11583392857142842 22.713000000000005 349.59659234111115 145.16932549125002 3.225870833333333 0.45060683982684185 0.26989642857143847 0.075880462184873404 420.78197039833339
decision_type=2 2 2 2 2 2 2 10 8 2 2 2 2 8
left_child=1 7 3 4 -2 -6 -7 8 9 -1 11 13 -13 -5
right_child=2 -3 -4 10 5 6 -8 -9 -10 -11 -12 12 -14 -15
leaf_value=-0.043237036022284542 0.00023151524885441324 0.012967256273036552 0.016412693407277152 0.0017133593166933296 -0.031993502651541217 0.0042946347983730537 -0.015694750228755144 -0.037658622039934808 0.0082231676879079441 0.016956370747231591 0.017680554751319119 -0.026192002777190311 0.0020182244606890827 0.011903693818998988
leaf_weight=11.493863757560527 546.64452253785225 18.3715197367722 29.245623559225351 221.77969587556265 22.782164090574724 54.761753916395833 33.533280000238847 11.975657998708455 18.157520208089984 2.137366060688918 30.822409881259091 18.39840317865918 43.648245760748807 93.213685049160631
leaf_count=14500 17807 987 207 7070 1130 1833 637 3095 10259 631 610 1837 940 548
internal_value=0.000553345 -0.00897926 0.00110206 0.000666854 -0.00142185 -0.00948801 -0.00338781 -0.0182759 -0.0100481 -0.0332849 0.00403035 0.00287065 -0.00662958 0.00475704
internal_weight=1156.97 62.1359 1094.83 1065.58 657.722 111.077 88.295 43.7644 31.7888 13.6312 407.862 377.04 62.0466 314.993
internal_count=62091 29472 32619 32412 21407 3600 2470 28485 25390 15131 11005 10395 2777 7618
is_linear=0
shrinkage=0.03


Tree=484
num_leaves=15
num_cat=0
split_feature=30 22 37 11 40 5 10 37 10 21 34 33 17 23
split_gain=10.1017 16.6676 26.1686 23.9043 15.3508 13.4404 28.7749 19.4947 13.1362 13.4522 14.1159 11.6463 11.5321 20.703
threshold=0.012479999999999762 0.16657500000000616 125.54166666666669 23.847900000000006 731.50000000000011 0.65701829721066363 0.20404607142857703 146.54166666666669 0.42382190789473234 0.24789341028947362 0.058485896112831171 0.015448988954641918 0.24196250699114266 3.1516000000000006
decision_type=2 2 10 2 8 2 2 8 2 2 2 2 2 2
left_child=5 2 4 -4 8 7 -7 -1 9 10 -2 -3 13 -13
right_child=1 11 3 -5 -6 6 -8 -9 -10 -11 -12 12 -14 -15
leaf_value=0.0046678246191702985 0.0023310927026400701 0.022510967702761973 0.0098819983913610594 -0.034947491160554268 -0.034940558233213771 0.003365852963935391 -0.032273494009102136 -0.027886877635990126 0.011734149618237889 -0.021337153244262781 -0.0268194637955631 0.019291546388037251 0.0051019205682375354 -0.033379825567225241
leaf_weight=529.7078405201803 63.583584833520945 24.815380050742533 90.83559174481644 11.131535506224621 25.988091197532299 59.158234031676166 29.981854623316558 16.101534522735392 20.354656018245151 89.137750342734648 18.493575675741425 9.277506767789065 105.05320237985576 19.156819997130299
leaf_count=32583 1760 115 4894 502 1464 3723 2642 3525 655 6011 2023 93 1380 593
internal_value=-0.000587022 -0.00387769 -0.0078134 0.00469618 -0.0136712 0.00189156 -0.00884633 0.00365821 -0.0106193 -0.0133295 -0.00448086 0.00406548 0.000494565 -0.0161227
internal_weight=1112.78 477.828 319.525 101.967 217.558 634.949 89.1401 545.809 191.57 171.215 82.0772 158.303 133.488 28.4343
internal_count=61963 19490 17309 5396 11913 42473 6365 36108 10449 9794 3783 2181 2066 686
is_linear=0
shrinkage=0.03


Tree=485
num_leaves=15
num_cat=0
split_feature=38 8 38 7 39 19 39 9 9 16 38 8 8 38
split_gain=8.98111 19.6844 16.431 16.6583 27.6264 14.3647 49.5663 13.9445 14.2962 13.0945 11.714 11.1213 22.5879 15.9515
threshold=474.94920017277781 24.138875694444447 446.80790493708338 24.695000000000004 551.110972568889 4.5264000000000015 498.0167850366667 0.59178055284980313 0.65963945792459933 3.3260062500000007 1.7335950980555557 22.71716006944445 22.214652430555557 430.19372457611115
decision_type=10 2 10 2 10 2 10 2 2 2 8 2 2 10
left_child=1 2 3 4 10 6 9 -5 -9 -2 -1 12 13 -12
right_child=5 -3 -4 7 -6 -7 -8 8 -10 -11 11 -13 -14 -15
leaf_value=-0.037291126630150058 -0.0012086936763634063 -0.036563672603521634 -0.025160242992958805 0.019883133660819296 -0.032088179388410916 0.020314931906560894 -0.035957519567025732 -0.024805303179409651 0.020222153609283169 0.02508425418977131 0.0013556352707430491 0.021865116368560204 -0.029703183241106084 -0.030079216898587193
leaf_weight=6.4491937934995098 30.380899745408897 12.487213789954692 21.946178230873556 65.436020264953868 23.599419552438576 49.637383701774525 23.81504975251687 14.42555570597017 9.8392745461533178 37.587025884073228 782.84319992341796 20.36043168013191 21.503715365544394 13.803474338730096
leaf_count=455 170 387 859 680 1430 185 545 760 82 281 53814 318 1689 414
internal_value=0.000442467 -0.000567734 -7.23719e-05 0.000527823 -0.000748879 0.00748772 0.000406424 0.0127619 -0.00646916 0.0134845 0.000163313 0.000495461 -6.23859e-05 0.000773937
internal_weight=1134.11 992.694 980.206 958.26 868.559 141.42 91.783 89.7009 24.2648 67.9679 844.96 838.511 818.15 796.647
internal_count=62069 60888 60501 59642 58120 1181 996 1522 842 451 56690 56235 55917 54228
is_linear=0
shrinkage=0.03


Tree=486
num_leaves=15
num_cat=0
split_feature=38 17 38 35 38 20 11 7 11 30 18 20 42 20
split_gain=7.17206 22.1931 20.8649 16.4781 15.837 15.7854 15.7841 23.746 18.1846 15.1698 19.0207 16.7369 16.1472 13.715
threshold=474.94920017277781 0.24222519528615391 446.80790493708338 2.3254500000000005 482.63614671291674 4.3809588541666677 24.898850000000003 24.583700000000004 24.467500000000005 0.017066666666666789 0.20982678571428556 2.2078300347222224 2.6250000000000004 2.4447538194444447
decision_type=10 2 10 2 10 2 2 2 2 2 2 2 2 2
left_child=2 4 3 5 -2 6 7 8 9 12 11 -11 -1 -14
right_child=1 -3 -4 -5 -6 -7 -8 -9 -10 10 -12 -13 13 -15
leaf_value=-0.023219320021867006 0.0048238833701850347 0.014632994462140074 -0.031065057332674662 -0.035710077524364461 -0.029071711957891381 0.020523454264824485 -0.020775788792579804 0.023869205867827804 -0.034339209886183823 0.00080519993356835667 0.0023662538908991526 -0.024852364186277447 -0.0037614006355493009 0.0056688395492658604
leaf_weight=21.819544509722846 27.383609226104454 90.244858485808891 19.857066620971864 10.969523918788125 21.325945124731334 30.703544872215389 33.96758559214868 34.343745957490228 13.670834619048263 33.584952247633595 86.050796192583576 70.389759315507391 208.9707799171145 409.10194247633927
leaf_count=21944 123 730 976 432 353 148 1975 199 1162 3273 1094 6665 13755 9319
internal_value=-0.000470176 0.00588085 -0.00138187 -0.000731858 -0.0103025 -0.000287387 -0.0010098 -0.000222277 -0.00123018 -0.000644117 -0.0080637 -0.016636 0.00156838 0.00247954
internal_weight=1112.38 138.954 973.43 953.573 48.7096 942.603 911.9 877.932 843.589 829.918 190.026 103.975 639.892 618.073
internal_count=62148 1206 60942 59966 476 59534 59386 57411 57212 56050 11032 9938 45018 23074
is_linear=0
shrinkage=0.03


Tree=487
num_leaves=15
num_cat=0
split_feature=42 16 23 28 22 11 7 32 19 33 32 20 33 9
split_gain=7.0785 16.2253 10.0275 19.1936 10.406 14.1904 14.575 17.4655 15.1667 14.1591 29.253 24.7248 13.4696 18.3929
threshold=5.3750000000000009 2.5658229166666673 5.4826500000000005 2.3025145833333336 0.20551937500000103 24.898850000000003 24.695000000000004 1.8936668402777779 4.1149000000000013 0.0050827590271821654 1.3106817708333336 2.6174442708333339 0.013100555475634126 0.6083086400222234
decision_type=2 2 2 2 2 2 2 2 2 2 2 2 2 2
left_child=1 -1 3 4 5 6 7 8 9 10 11 -2 13 -11
right_child=2 -3 -4 -5 -6 -7 -8 -9 -10 12 -12 -13 -14 -15
leaf_value=-0.039034321910189011 -0.01935841564790499 -0.0029166321836897238 0.017655206612045865 -0.03512701110245979 0.0087150531226233337 -0.023400678537479038 0.021933597412716922 -0.034653693465242032 0.020017024792993172 0.015289631242166202 -0.032091698508256092 0.024047643481316799 -0.0014270581339463323 -0.010307652027269236
leaf_weight=11.284578100254803 21.296675528945343 128.79105921199601 30.8714178701739 12.383264525094999 135.51463312923806 22.12708323536026 26.410107343457639 12.114936987425606 32.438016633150255 104.14715901266391 36.145038189017214 24.146096803247929 497.92838592757607 32.475703597348001
leaf_count=23460 1654 14403 250 144 1284 589 65 405 283 1087 788 64 16914 712
internal_value=0.00020436 -0.00608236 0.00110092 0.000549107 0.00105338 -0.000238827 0.000441168 -0.000332834 0.000268103 -0.000653103 -0.012338 0.00372665 0.000866343 0.00917439
internal_weight=1128.07 140.076 987.999 957.127 944.744 809.229 787.102 760.692 748.577 716.139 81.5878 45.4428 634.551 136.623
internal_count=62102 37863 24239 23989 23845 22561 21972 21907 21502 21219 2506 1718 18713 1799
is_linear=0
shrinkage=0.03


Tree=488
num_leaves=15
num_cat=0
split_feature=39 8 37 7 35 9 12 32 20 11 7 11 11 11
split_gain=8.96931 27.0024 16.3529 11.3871 24.674 17.2467 13.9583 31.0818 11.1172 18.0687 14.868 16.759 37.3118 14.0292
threshold=620.72643510791681 23.880229513888892 73.541666666666686 24.695000000000004 1.9391500000000004 0.59531328394213168 3.5908375000000006 1.7385114583333336 3.2483407986111117 24.112200000000005 23.731450000000006 23.859550000000002 23.528900000000004 23.479650000000003
decision_type=10 2 10 2 2 2 2 2 2 2 2 2 2 2
left_child=3 -2 -3 4 6 -5 7 8 9 10 11 12 13 -1
right_child=1 2 -4 5 -6 -7 -8 -9 -10 -11 -12 -13 -14 -15
leaf_value=-0.00015227728583749962 -0.035589753309147501 -0.018715560425212857 0.011771110530657762 0.026858299328952558 -0.033106251486568268 -0.0048733762254027256 0.013820750191718653 -0.033013633303175138 0.016405152366393321 -0.038764790489608028 -0.037522943830016087 0.018606010755704422 -0.035093750813046359 0.018472366632255481
leaf_weight=705.91119005193354 24.453412313806211 23.837750897038859 42.691508800300653 33.962169503977748 19.241204057904952 27.100176029906379 63.691959996613832 24.870626130070264 36.181547174774209 9.8823206584377186 8.3229639116505023 42.907497500695968 25.99840139361811 37.37793857739166
leaf_count=50154 1491 314 391 106 1449 376 740 1968 622 467 524 571 2674 461
internal_value=-0.000332978 -0.00931084 0.000732203 0.00046411 -0.000329158 0.0129238 0.000365064 -0.000610719 0.000356215 -0.000361947 0.000147201 0.000578893 -0.00044943 0.000807865
internal_weight=1126.43 90.9827 66.5293 1035.45 974.386 61.0623 955.144 891.452 866.582 830.4 820.518 812.195 769.288 743.289
internal_count=62308 2196 705 60112 59630 482 58181 57441 55473 54851 54384 53860 53289 50615
is_linear=0
shrinkage=0.03


Tree=489
num_leaves=15
num_cat=0
split_feature=42 16 22 18 7 37 5 5 20 20 37 37 5 11
split_gain=9.52659 10.8269 10.1742 12.9428 15.101 10.8313 8.37618 7.22381 9.65755 13.8001 7.07025 18.9782 16.675 17.2424
threshold=2.1250000000000004 2.6648541666666672 0.2221715367965352 0.28118805194805213 25.281600000000005 149.04166666666669 0.53696296258824872 0.63076088287123966 3.5717118055555561 2.3634552083333342 51.041666666666671 32.291666666666671 0.55527002272784987 24.065900000000003
decision_type=2 2 2 2 2 8 2 2 2 2 10 10 2 2
left_child=1 -1 5 4 7 10 -3 -4 9 -9 11 12 13 -2
right_child=2 6 3 -5 -6 -7 -8 8 -10 -11 -12 -13 -14 -15
leaf_value=-0.053807505393395662 -0.033703521597854252 -0.035854197146884932 0.012758470712460786 0.024131256737060586 -0.020794087527353212 -0.020625245917516362 0.00098808028201020199 0.0099596857787964226 0.01773852418279432 -0.034028027121525847 0.0025296011578024784 -0.023886228429038456 0.0023488450484137249 0.0066010010879246966
leaf_weight=4.3728517523477199 24.092874817606003 6.1549991412247094 79.775870395089896 34.458132636333175 18.459512419980456 21.343253632217625 24.593731579433019 11.207425469970987 12.071754530677024 12.981572040434456 571.35655945452356 33.970753507391919 252.42627539258581 14.96712252258112
leaf_count=17095 2401 1741 770 353 175 5137 6939 88 103 425 15574 3858 7078 284
internal_value=0.000752778 -0.0144055 0.00125529 0.00799788 0.00371689 7.20128e-06 -0.0072837 0.00776054 -0.00328253 -0.014061 0.000520658 -0.00300309 -0.000495956 -0.0184803
internal_weight=1122.23 35.1216 1087.11 168.954 134.496 918.157 30.7487 116.037 36.2608 24.189 896.814 325.457 291.486 39.06
internal_count=62021 25775 36246 1914 1561 34332 8680 1386 616 513 29195 13621 9763 2685
is_linear=0
shrinkage=0.03


Tree=490
num_leaves=15
num_cat=0
split_feature=21 42 22 34 22 6 22 20 35 21 16 19 33 35
split_gain=10.7005 9.02598 12.2132 16.4893 10.5207 9.03265 15.1488 17.2103 16.2558 23.3594 8.98909 10.861 20.884 9.69246
threshold=0.23033653782839872 4.6250000000000009 0.5369820175438581 0.078760909090909173 0.40447362996480651 -0.2111598214285694 0.20551937500000103 2.5270177083333336 1.4226000000000003 0.24278985963885463 2.6648541666666672 3.3933500000000003 1.6653345369377351e-16 2.0311500000000007
decision_type=2 2 2 2 2 2 2 2 2 2 2 2 2 2
left_child=-1 2 3 10 5 6 7 -3 -9 -10 -2 -12 -13 -14
right_child=1 4 -4 -5 -6 -7 -8 8 9 -11 11 12 13 -15
leaf_value=-0.031262896240673813 -0.028824031255461714 -0.025351502283198768 0.012756079951141487 -0.043447533210016161 0.018354861662244884 0.0024915979761777046 -0.034605865985313518 0.018534652594394588 0.015714533878575722 -0.022993933825396988 0.021666006011089436 -0.0537943740149808 0.0069695573600227854 -0.032882980587318797
leaf_weight=8.2704144103145136 12.352608758303118 22.321901888493187 20.880930325700319 12.090946468092509 33.032379108364694 867.75106059768189 13.763264245171738 37.228419615303665 23.311452857778932 32.351167507007005 13.004340117497035 6.6431788839872743 32.776971961236342 5.559197865494979
leaf_count=1704 16133 3228 418 9771 509 20419 244 556 218 1223 2135 1606 3475 606
internal_value=0.000839023 0.0011007 -0.00731053 -0.0124859 0.00195081 0.00138931 -0.00598896 -0.00230203 0.00344782 -0.00679163 -0.00662907 -0.00149223 -0.00851329 0.000501436
internal_weight=1141.34 1133.07 103.308 82.4272 1029.76 996.727 128.976 115.213 92.891 55.6626 70.3363 57.9837 44.9793 38.3362
internal_count=62245 60541 34144 33726 26397 25888 5469 5225 1997 1441 23955 7822 5687 4081
is_linear=0
shrinkage=0.03


Tree=491
num_leaves=15
num_cat=0
split_feature=39 37 22 38 38 42 16 16 27 38 23 36 38 4
split_gain=8.39062 12.4155 10.111 14.0608 12.8655 9.32022 8.68342 14.993 17.8037 18.6155 13.4756 11.1399 30.6473 29.79
threshold=29.717394774444447 124.29166666666669 0.5369820175438581 17.013318153750003 24.542112359305559 1.8750000000000002 2.0601895833333335 2.1983635416666671 0.94135000000000013 40.104813317361113 2.8757500000000005 1.5000000000000002 286.19343076333342 21.309427083333336
decision_type=8 10 2 8 8 2 2 2 2 10 2 2 10 2
left_child=1 -1 3 -2 -5 -6 -7 -8 -9 -10 -11 -12 -13 -14
right_child=2 -3 -4 4 5 6 7 8 9 10 11 12 13 -15
leaf_value=-0.035302464330016062 -0.036537530152586033 0.00075363927686880497 0.017666410738630584 0.017338151196676373 -0.02072700838887731 0.018064823917419367 -0.019751132423646879 0.016297488432139816 -0.032870216796682859 -0.032677751089577899 0.0032773065901710915 -0.014046512203991664 -0.03584313696716699 0.0078590469030931451
leaf_weight=13.577021567202271 8.2550558418002442 20.845718667896413 29.981748224352486 38.77427081952564 18.259134817505469 23.278277231082257 32.727197278304061 59.860778085901529 14.686418157831779 10.137220724366214 518.67766286652272 144.98403608199445 14.296529984351421 171.06960604936498
leaf_count=3645 1567 1436 536 695 22188 694 7072 1053 798 838 11218 6823 1118 2369
internal_value=0.000305982 -0.0140627 0.000774379 0.000278057 0.000602993 -5.73108e-05 0.000344557 -0.000100496 0.000608665 -0.000483455 0.000107729 0.000537164 -0.003762 0.00431424
internal_weight=1119.41 34.4227 1084.99 1055.01 1046.75 1007.98 989.718 966.439 933.712 873.851 859.165 849.028 330.35 185.366
internal_count=62050 5081 56969 56433 54866 54171 31983 31289 24217 23164 22366 21528 10310 3487
is_linear=0
shrinkage=0.03


Tree=492
num_leaves=15
num_cat=0
split_feature=42 22 10 30 33 33 22 18 40 21 11 32 38 30
split_gain=8.24706 10.9643 10.9705 7.5521 13.6387 18.8697 24.813 15.0321 14.5361 19.8601 19.0482 13.6286 15.4766 13.2512
threshold=2.3750000000000004 0.5369820175438581 -0.101885417529337 0.012994285714285576 0.0079223403964042514 0.013100555475634126 0.1351521929824562 0.065402564102564092 392.50000000000006 0.27325836715167201 22.640400000000003 1.574721527777778 121.06470357666667 0.0083999999999992119
decision_type=2 2 2 2 2 2 2 2 10 2 2 2 8 2
left_child=1 2 -1 13 11 -6 7 -7 -8 10 -10 12 -5 -2
right_child=3 -3 -4 4 5 6 8 -9 9 -11 -12 -13 -14 -15
leaf_value=0.015168534967625203 -0.0005789663332177843 0.008312249825887616 -0.033678202948267878 -0.0014771634330432001 0.012300229801063945 -0.030203631000439688 0.0097080937036346637 -0.0075014182903551706 0.0030290078373393847 0.018775443532706011 -0.03351488696066434 0.0064850218075174337 -0.049226835740810715 0.0083012070283313474
leaf_weight=4.5104283572110573 380.13654734176646 13.436879313391726 20.400021765465993 9.8237101899685531 81.374463525668716 34.530176624799481 118.43194896386672 104.6889176889714 23.061557837394332 18.055946967782802 27.527093634374523 12.206362901953979 15.436946078138133 250.02639022069172
leaf_count=3895 16599 321 22571 309 1033 6034 1031 3628 294 222 725 133 458 4807
internal_value=0.000347962 -0.0131426 -0.0245897 0.000840826 -0.00214771 -0.00053513 -0.00376393 -0.0133074 0.00337118 -0.00754424 -0.01712 -0.0192238 -0.0314207 0.00295194
internal_weight=1113.65 38.3473 24.9105 1075.3 445.137 407.67 326.296 139.219 187.077 68.6446 50.5887 37.467 25.2607 630.163
internal_count=62060 26787 26466 35273 13867 12967 11934 9662 2272 1241 1019 900 767 21406
is_linear=0
shrinkage=0.03


Tree=493
num_leaves=15
num_cat=0
split_feature=7 16 38 11 19 16 27 23 40 20 5 38 38 38
split_gain=9.34701 18.382 17.89 15.4163 11.9618 22.1276 19.9467 16.9249 47.4112 44.1366 28.625 18.2232 25.4824 22.0411
threshold=21.469500000000004 2.3615364583333336 190.77608276430558 21.786000000000005 2.8688000000000007 2.5423979166666673 1.2443500000000001 3.6137500000000005 731.50000000000011 2.6744470486111114 0.66294578403958426 226.49794300777782 115.56088273722223 337.55790493708338
decision_type=2 2 10 2 2 2 2 2 10 2 2 8 10 8
left_child=2 -2 3 -1 -3 -6 -7 8 -8 -10 -11 12 -9 -13
right_child=1 4 -4 -5 5 6 7 11 9 10 -12 13 -14 -15
leaf_value=0.0044238564645486594 -0.030564859050533071 0.021589015409382652 0.02399035708761561 -0.0220510536089807 -0.019760742544224604 0.017547706693370035 -0.032690777460842382 -3.8160149725743414e-05 0.015435898292080761 -0.045283083656118293 0.013548207056766414 0.01570781130868561 -0.031005586045046957 0.00010864143664685285
leaf_weight=227.78376651846409 17.707306924866543 20.511801640993667 38.072492422325098 20.677672248640192 52.22998714410403 54.59385408545279 52.55167236855759 82.250830216589705 70.203018551627352 21.861476690329653 10.472028661744615 111.86418662252055 32.720773762694279 293.60964368451141
leaf_count=21676 4261 928 794 4205 6484 778 7143 2482 1428 1953 333 2277 1773 5718
internal_value=0.000462533 -0.00116717 0.0051175 0.00214098 -0.000481583 -0.00108705 0.000273982 -0.00114588 -0.00981097 0.0021178 -0.0263942 0.0014501 -0.00904281 0.00444028
internal_weight=1107.11 820.577 286.534 248.461 802.869 782.357 730.127 675.534 155.088 102.537 32.3335 520.445 114.972 405.474
internal_count=62233 35558 26675 25881 31297 30369 23885 23107 10857 3714 2286 12250 4255 7995
is_linear=0
shrinkage=0.03


Tree=494
num_leaves=15
num_cat=0
split_feature=14 39 19 11 4 7 20 11 11 36 22 10 40 40
split_gain=8.47935 6.7236 29.4623 26.3659 20.3567 17.7513 17.0097 26.0688 12.8596 14.5132 25.3694 18.8323 11.7502 12.4606
threshold=-0.57584999999999986 498.0167850366667 4.0332500000000016 24.112200000000005 22.808171875000003 23.731450000000006 3.1741649305555559 23.528900000000004 23.479650000000003 3.5000000000000004 0.070832764294529157 0.22899641608391647 921.50000000000011 723.50000000000011
decision_type=2 10 2 2 2 2 2 2 2 2 2 2 10 10
left_child=-1 2 3 5 -3 6 7 8 9 -2 -11 -12 13 -6
right_child=1 4 -4 -5 12 -7 -8 -9 -10 10 11 -13 -14 -15
leaf_value=-0.022998435746255846 -0.0014594043195724623 -0.030583196969904667 0.021172320105384296 -0.039517562563882995 -0.0042499204002712579 -0.039718019524305641 0.017921871270145769 -0.027872334807804988 0.018624092702648778 -0.031964459419445132 0.022108980050246776 -0.01313052993527807 -0.027977297278379231 0.013133216845394107
leaf_weight=12.987248159888848 584.61900610375528 22.597617941094711 63.491129899062003 13.835173087885662 119.22675298399935 8.5976160053196491 50.977175194616507 27.687542927146751 35.560555313766486 10.248095861815285 75.260515023680682 15.922712710191247 12.461189479994571 52.693850341372695
leaf_count=990 44687 1446 798 1519 2346 556 615 2776 420 2250 855 1380 661 721
internal_value=0.000211987 0.0005085 0.00164616 0.000115383 -0.00434697 0.000841233 0.001326 0.000174547 0.00128776 0.000363356 0.0107809 0.0158797 -0.000983855 0.00112317
internal_weight=1106.17 1093.18 886.2 822.708 206.979 808.873 800.276 749.298 721.611 686.05 101.431 91.1832 184.382 171.921
internal_count=62020 61030 55856 55058 5174 53539 52983 52368 49592 49172 4485 2235 3728 3067
is_linear=0
shrinkage=0.03


Tree=495
num_leaves=15
num_cat=0
split_feature=42 22 5 12 33 5 38 34 39 35 17 22 21 31
split_gain=6.88621 7.28686 14.6672 14.6665 7.85822 13.5637 24.1211 24.3178 20.9284 20.5206 13.214 12.8945 14.7688 11.4053
threshold=0.62500000000000011 0.40447362996480651 0.62907690315455711 3.0176458333333338 0.015448988954641918 0.60538572838981242 474.94920017277781 0.066773055555555183 424.50550895486117 2.3118500000000002 0.22817867203459505 0.16657500000000616 0.26292295224129641 1.7613000000000001
decision_type=2 2 2 2 2 2 10 2 8 2 2 2 2 2
left_child=-1 4 -3 -4 11 6 7 -6 -9 -7 -10 12 13 -2
right_child=1 2 3 -5 5 9 -8 8 10 -11 -12 -13 -14 -15
leaf_value=-0.027320569996081435 0.0056340063720244664 0.020229784355087398 -0.032209938460700277 0.012582060920446725 -0.021950682523779595 0.003670110597041326 0.013112972715627145 0.0037549251830766976 0.0060621990325329684 -0.042119752033231518 -0.029408853582188133 0.02284376146449861 -0.019154145758714835 -0.011887516722428861
leaf_weight=6.8345985654743791 306.66990415365342 45.119882590181078 11.168792899938127 13.475982128176836 94.722976833866937 321.80561419776882 47.652423080062363 118.93273404901035 12.584896783355985 8.0583840488817469 33.640189424928934 27.98885105852969 26.39028389021712 36.568866214857735
leaf_count=20356 7414 392 325 120 7351 12692 382 9254 489 162 1483 150 953 716
internal_value=0.00070777 0.000905714 0.0102195 -0.00818172 0.000268668 -0.00179519 -0.00631777 -0.00991725 -0.00292514 0.00242757 -0.0198279 0.00357332 0.00205644 0.00373814
internal_weight=1111.61 1104.78 69.7647 24.6448 1035.02 637.397 307.533 259.881 165.158 329.864 46.2251 397.618 369.629 343.239
internal_count=62239 41883 837 445 41046 31813 18959 18577 11226 12854 1972 9233 9083 8130
is_linear=0
shrinkage=0.03


Tree=496
num_leaves=15
num_cat=0
split_feature=23 35 38 38 40 22 11 38 22 23 11 38 12 22
split_gain=7.7441 18.1659 10.7105 8.79939 13.9204 7.46966 16.835 23.9136 19.2057 18.534 15.1227 16.4356 13.5066 13.5037
threshold=5.4826500000000005 2.3118500000000002 1.7335950980555557 474.94920017277781 959.50000000000011 0.060853686868686897 22.171850000000003 411.92116080722229 -0.11459884902679017 3.0968000000000004 20.860600000000002 139.37141960736116 2.1847000000000003 -0.0124805982905978
decision_type=2 2 8 10 10 2 2 10 2 2 2 10 2 2
left_child=1 2 -1 4 -2 6 9 8 -8 10 -4 -12 -7 -9
right_child=3 -3 5 -5 -6 12 7 13 -10 -11 11 -13 -14 -15
leaf_value=-0.036448288731726827 -0.033478042865647387 -0.036149823420428683 0.0081431167466598196 0.022835269645120549 0.025661162964847158 -0.02992648024657811 0.019290248507591774 -0.021978936759941337 -0.027711664299404856 0.013811720302064581 -0.033619870646672094 0.00094987493570522724 0.0024193530498725409 0.0073656374083490373
leaf_weight=6.2111026366480777 6.9328519064722496 11.668917682105983 36.057901115461739 25.830458451062441 5.577101469936224 10.811784331347779 8.1144578752324446 17.119753934118194 67.981749515741186 76.464103241258911 25.083451386931756 23.453795789972709 722.29380111772628 62.854500401123573
leaf_count=446 488 265 3551 64 69 3497 1676 431 9987 3143 9836 3294 24554 713
internal_value=4.13283e-05 -0.00043972 -1.1473e-05 0.0131132 -0.00716511 0.000238482 -0.00360142 -0.0105921 -0.0225145 0.00319627 -0.00644812 -0.0172334 0.0019022 0.000890112
internal_weight=1106.46 1068.12 1056.45 38.3404 12.51 1050.24 317.13 156.07 76.0962 161.059 84.5951 48.5372 733.106 79.9743
internal_count=62014 61393 61128 621 557 60682 32631 12807 11663 19824 16681 13130 28051 1144
is_linear=0
shrinkage=0.03


Tree=497
num_leaves=15
num_cat=0
split_feature=42 38 24 8 16 11 23 16 28 11 8 32 9 38
split_gain=9.85858 13.7784 8.66093 25.0638 23.9042 18.4462 29.7097 18.4956 18.0496 36.4676 18.3107 26.5451 17.309 34.8783
threshold=2.6250000000000004 145.16932549125002 1.7795291666666666 22.750129166666671 3.3260062500000007 23.198400000000003 3.5632000000000006 2.9687822916666673 1.6105031250000004 23.859550000000002 21.814630034722224 1.5485218750000005 0.5857889180955852 98.803167022083343
decision_type=2 8 2 2 2 2 2 2 2 2 2 2 2 8
left_child=1 -1 4 -4 5 6 12 -7 10 -10 11 -9 13 -2
right_child=2 -3 3 -5 -6 7 -8 8 9 -11 -12 -13 -14 -15
leaf_value=-0.036238451390506431 0.0043555010755970828 -0.0015077343654704954 -0.034028366289144664 -0.00091724859917037278 0.018223653004770048 -0.023656443276681004 0.019722893255846325 0.016090965576488869 -0.035359152078177858 0.0069657034746776836 0.023732495626412883 -0.038562150219156328 0.0028778699036938219 -0.035307167837412508
leaf_weight=14.648611835355693 47.382876016182635 30.238086319126097 22.325437732772798 175.02351333247157 74.800478532117268 47.19426997783836 82.769049944276048 17.695456759922539 32.574616687191281 39.735681453119469 35.144186831836123 13.035626385691101 416.75271208146177 33.232912593270797
leaf_count=14586 2337 13159 983 2289 365 2560 1012 208 1557 426 141 288 18274 4107
internal_value=0.000223636 -0.0133847 0.000824616 -0.00481567 0.00215339 0.000561401 0.00319455 -0.00765183 -0.00205511 -0.0123232 0.00923175 -0.00757667 0.000409943 -0.0122272
internal_weight=1082.55 44.8867 1037.67 197.349 840.318 765.517 580.138 185.38 138.186 72.3103 65.8753 30.7311 497.369 80.6158
internal_count=62292 27745 34547 3272 31275 30910 25730 5180 2620 1983 637 496 24718 6444
is_linear=0
shrinkage=0.03


Tree=498
num_leaves=15
num_cat=0
split_feature=40 22 38 38 16 30 20 22 42 29 6 6 36 40
split_gain=7.39671 7.57084 9.9699 15.9853 12.0803 10.8943 9.8763 9.67165 15.2628 21.8901 10.1567 13.9302 9.68905 10.5426
threshold=10.500000000000002 -0.11459884902679017 17.945414688472226 22.654318882500004 3.1014927083333332 0.0039066666666668446 2.5074029513888898 0.40447362996480651 4.8750000000000009 0.0038995723478093386 -0.18713312030075177 -0.72116486013985892 1.0000000180025095e-35 739.50000000000011
decision_type=8 2 8 8 2 2 2 2 2 2 2 2 2 10
left_child=-1 6 4 -4 -3 -6 -2 10 9 -9 11 -5 -13 -14
right_child=1 2 3 7 5 -7 -8 8 -10 -11 -12 12 13 -15
leaf_value=0.019267280253387701 -0.025204575202271429 -0.038704281211005449 0.02046034607118713 0.020377526688693918 0.020862251848491102 -0.022491513920915366 0.020420720276894969 -0.030061766368609886 0.029003922388898807 0.021508568782720266 -0.00013769510825583677 -0.0013993219859889351 -0.027704076395770896 -0.0039732154307343783
leaf_weight=17.074813510541141 4.1288977487253637 12.420439379945988 32.206905216695304 12.101332220123593 9.1921122589988915 9.6902376380125173 28.145994232001215 13.240850681439044 23.67619370855391 14.456312106049152 795.79890253130998 45.441263876964101 45.576111838400678 26.992572268145068
leaf_count=277 1598 2228 658 426 248 255 1329 383 290 99 41305 5293 5116 2651
internal_value=0.000235622 -8.48694e-05 -0.000534718 -9.72629e-06 -0.0169409 -0.00139869 0.0140019 -0.000704554 0.0118389 -0.0033335 -0.00141254 -0.00914934 -0.012323 -0.0190512
internal_weight=1090.14 1073.07 1040.79 1009.49 31.3028 18.8823 32.2749 977.284 51.3734 27.6972 925.91 130.111 118.01 72.5687
internal_count=62156 61879 58952 56221 2731 503 2927 55563 772 482 54791 13486 13060 7767
is_linear=0
shrinkage=0.03


Tree=499
num_leaves=15
num_cat=0
split_feature=10 23 21 39 7 22 3 11 7 37 40 11 39 39
split_gain=8.46426 13.6797 19.3744 13.7744 14.0599 19.2442 17.0762 29.1478 28.194 21.9659 18.8491 17.4529 15.9553 42.6071
threshold=0.056514583333313169 5.4826500000000005 0.23957345859649812 29.717394774444447 25.281600000000005 0.20065222222222331 20.939700000000006 22.085250000000006 22.177600000000002 57.791666666666671 236.50000000000003 24.898850000000003 421.24436038180562 337.83637828430562
decision_type=2 2 2 8 2 2 2 2 2 8 10 2 8 10
left_child=-1 2 -2 -4 5 6 -5 9 -9 10 -8 12 13 -10
right_child=1 -3 3 4 -6 -7 7 8 11 -11 -12 -13 -14 -15
leaf_value=0.003661182647735902 -0.026839233867696894 0.016928428647065119 -0.036038694988625566 -0.020288748079539294 -0.024528324033174561 0.0083841758983042667 -0.013636335304520564 -0.033651790576052179 0.0022570199908634055 -0.021751185567957416 0.022453069630919548 -0.035608975349049686 0.0052568321273232139 -0.037568240712463299
leaf_weight=352.71058897405328 28.200381673348488 31.730124481192206 9.4386507028436153 48.276791868739167 21.609262085852379 162.65423960819987 14.797636841170613 29.818076089932504 79.405878086277895 14.566542342796394 80.733825424456924 13.267696747714124 140.01688341503021 33.696707919827489
leaf_count=18835 5981 291 1323 11125 416 2912 1054 3558 3926 3307 1312 724 3693 3623
internal_value=-0.000129729 -0.00202021 -0.00293267 -0.00185299 -0.00129238 -0.000440532 -0.00360959 -0.00158283 -0.00647989 0.0115318 0.0167795 -0.00332392 -0.00149817 -0.0098334
internal_weight=1060.92 708.213 676.483 648.282 638.844 617.234 454.58 406.303 296.205 110.098 95.5315 266.387 253.119 113.103
internal_count=62080 43245 42954 36973 35650 35234 32322 21197 15524 5673 2366 11966 11242 7549
is_linear=0
shrinkage=0.03


Tree=500
num_leaves=15
num_cat=0
split_feature=30 29 17 36 42 7 39 22 38 12 10 5 33 35
split_gain=7.29305 13.5572 11.6365 20.396 15.4348 17.5977 15.2784 17.6455 14.4034 13.6576 12.5234 12.1274 11.2726 10.1714
threshold=0.0064632692307692967 0.0033320723524913544 0.22936989479626838 1.0000000180025095e-35 4.8750000000000009 22.198450000000005 152.30263104944447 0.40447362996480651 482.63614671291674 3.0963375000000002 0.37089939393939159 0.51730308082030374 0.0050827590271821654 1.5372000000000001
decision_type=2 2 2 2 2 2 8 2 8 2 2 2 2 2
left_child=2 -2 4 11 5 -1 -5 -8 9 10 -6 -4 -3 -13
right_child=1 12 3 6 8 -7 7 -9 -10 -11 -12 13 -14 -15
leaf_value=0.020478942234217288 0.011676487504534955 -0.019362012790900454 -0.032903066641094249 -0.0011134468858338298 -0.015858484818136662 -0.047935285112837407 -0.033953477308802361 0.0074766641379407786 -0.020662498248368671 0.022766024354147648 0.020629663946757779 0.0099134803775829897 0.0010700112278060404 -0.0075799528242538466
leaf_weight=4.5008302048163378 108.78119625970373 24.322534077588102 8.170143645462927 32.241285875819344 20.751239265129243 8.6691016730276811 50.403244423569177 10.891766223940065 12.138897213495509 51.229259811826523 12.86563468048598 72.985147463935562 602.20308928636302 49.293023045869461
leaf_count=3869 2879 733 1516 5191 1901 2231 7342 262 136 437 416 9075 23728 2365
internal_value=0.000282046 0.00195163 -0.0033869 -0.00730234 0.00456868 -0.0247595 -0.0179129 -0.0265897 0.0087633 0.0131649 -0.00170143 0.000384225 0.000247223 0.00285721
internal_weight=1069.45 735.307 334.14 223.985 110.155 13.1699 93.5363 61.295 96.985 84.8461 33.6169 130.448 626.526 122.278
internal_count=62081 27340 34741 25751 8990 6100 12795 7604 2890 2754 2317 12956 24461 11440
is_linear=0
shrinkage=0.03


Tree=501
num_leaves=15
num_cat=0
split_feature=38 22 42 38 36 39 21 23 21 22 0 12 19 28
split_gain=11.2903 9.62754 8.92063 15.1155 7.61831 27.4511 10.8751 17.1828 12.8964 12.5763 11.1753 13.047 10.9716 27.6394
threshold=1.7335950980555557 0.5369820175438581 3.1250000000000004 145.16932549125002 3.5000000000000004 332.37446093916674 0.27325836715167201 3.4185500000000002 0.26405400704959353 0.11556927232854899 20.731125000000002 2.277845833333334 3.8028000000000008 1.314404166666667
decision_type=8 2 2 8 2 8 2 2 2 2 2 2 2 2
left_child=-1 2 3 -2 6 -6 8 10 12 -10 11 -8 13 -4
right_child=1 -3 4 -5 5 -7 7 -9 9 -11 -12 -13 -14 -15
leaf_value=-0.031517168040267794 -0.043859935476445275 0.017298011947436812 0.0030462422416195193 -0.0027048705724774698 0.01636646334793555 -0.01612942318647468 -0.031767878549703324 0.018877544075664009 -0.032551967570965602 -0.0055905459788470908 -0.042517330563116171 0.01556234210847395 0.0056710878759406082 -0.011644149451499079
leaf_weight=8.8466273297745808 9.7919440598308096 29.751479739315982 310.04192793538977 31.987480539215895 88.541927559247142 30.779615542974739 6.5732729872053204 59.564572968292168 19.886332718491303 63.501098319974517 5.9090522257756666 16.03099442819439 217.52925742628167 182.20060344678888
leaf_count=484 15144 603 14951 13859 2491 973 633 1855 1525 1072 175 177 2675 5472
internal_value=0.000461261 0.000754264 0.000265928 -0.0131503 0.000838707 0.00791959 -0.000127952 0.00981176 -0.00124269 -0.0123299 -0.00912466 0.00103606 7.54004e-05 -0.0024039
internal_weight=1080.94 1072.09 1042.34 41.7794 1000.56 119.322 881.237 88.0779 793.159 83.3874 28.5133 22.6043 709.772 492.243
internal_count=62089 61605 61002 29003 31999 3464 28535 2840 25695 2597 985 810 23098 20423
is_linear=0
shrinkage=0.03


Tree=502
num_leaves=15
num_cat=0
split_feature=38 33 16 19 19 16 20 0 11 39 39 19 19 10
split_gain=9.25973 14.4791 7.82903 14.7039 8.59667 12.3394 16.9862 18.4352 17.959 15.4637 18.8631 18.5304 16.35 19.5541
threshold=17.945414688472226 0.026023786405277648 2.0601895833333335 2.6294000000000008 2.6345500000000004 2.2645895833333336 2.2024039930555559 19.918537500000003 21.020700000000001 159.7740310643056 188.76262911236114 2.8688000000000007 3.0230500000000005 0.52048919511860414
decision_type=8 2 2 2 2 2 2 2 2 10 8 2 2 2
left_child=1 -1 -2 -4 -5 6 7 8 -6 -7 -11 -12 13 -13
right_child=2 -3 3 4 5 9 -8 -9 -10 10 11 12 -14 -15
leaf_value=-0.03752393199058416 0.01735120161096659 -0.00092425894058528984 -0.034135763752091389 0.029073123811847845 0.0026495943549596007 0.011715564962108991 -0.036246351269794926 0.022534165310140006 -0.034888546527929817 -0.030435393382236969 0.019167516970472597 -0.032976086039909168 0.00052508898776427938 0.02548824842358147
leaf_weight=13.678807303759511 24.267458750842366 28.999721894014677 9.9479574756278435 8.6012525783406755 27.056773825545513 116.2437953177033 17.146698540349689 17.097367149877357 18.748136576265843 16.869617282166555 45.181412218945525 24.692861243557264 693.17880807952918 5.6478033030849266
leaf_count=1416 2086 3399 4710 196 3815 2801 2901 527 5930 2935 1902 4456 25025 47
internal_value=0.000282966 -0.0132453 0.000858789 0.000441798 0.000823165 0.000546364 -0.0106675 -0.00323675 -0.0131321 0.00155247 3.56111e-05 0.000742989 -0.000432429 -0.0216271
internal_weight=1067.36 42.6785 1024.68 1000.41 990.465 981.863 80.049 62.9023 45.8049 901.814 785.571 768.701 723.519 30.3407
internal_count=62146 4815 57331 55245 50535 50339 13173 10272 9745 37166 34365 31430 29528 4503
is_linear=0
shrinkage=0.03


Tree=503
num_leaves=15
num_cat=0
split_feature=22 34 38 42 25 34 22 34 5 38 34 38 9 18
split_gain=7.27188 13.6598 13.2308 8.44226 13.0294 7.38001 7.01472 10.0554 16.1374 14.7597 13.3772 18.6853 20.4908 13.2049
threshold=0.40447362996480651 0.098659077380952406 4.3548133173611125 4.6250000000000009 3.8857805861880484e-16 0.096883333333333377 0.31093901098901028 0.076852277432711766 0.63991905856690601 510.00549073458336 0.07008750000000058 189.01004004597226 0.58973988633905849 0.2380553081232491
decision_type=2 2 10 2 2 2 2 2 2 10 2 10 2 2
left_child=1 5 -2 4 -4 6 7 9 13 10 -1 12 -12 -9
right_child=2 -3 3 -5 -6 -7 -8 8 -10 -11 11 -13 -14 -15
leaf_value=-0.0006468160058849357 -0.019309780932059102 -0.029736647498088714 -0.016860376730012692 0.029002234331068241 0.022684741251027846 0.021174428939831531 0.01406789066778723 0.0011059532332370733 -0.035225773434900486 -0.035874504303722902 0.012064580991069468 0.016363631863187601 -0.025868097045799749 -0.032986660182808117
leaf_weight=687.12942829242843 10.34415417118498 12.690344574365438 12.684702211874539 24.601208686828613 15.664583983540068 14.206554549705627 30.382316653853422 72.267536585395135 16.810599698552153 8.8081030815055765 26.253570928691307 103.16618056335423 23.280226437117204 10.898929502518738
leaf_count=38769 445 5573 266 337 188 821 371 7790 2429 227 828 1735 1953 426
internal_value=0.000650862 2.56266e-05 0.0104323 0.0164928 0.00501895 0.000435432 0.000113182 -0.000348104 -0.00929783 0.000715956 0.00114192 0.00914286 -0.00592238 -0.00370071
internal_weight=1069.19 1005.89 63.2946 52.9505 28.3493 993.203 978.997 948.615 99.9771 848.638 839.829 152.7 49.5338 83.1665
internal_count=62158 60922 1236 791 454 55349 54528 54157 10645 43512 43285 4516 2781 8216
is_linear=0
shrinkage=0.03


Tree=504
num_leaves=15
num_cat=0
split_feature=42 34 5 40 6 18 30 39 16 11 16 37 18 24
split_gain=10.7876 6.68846 15.9199 14.3317 13.8733 16.5903 15.0836 13.5906 23.2802 16.9571 17.3617 17.6373 13.4487 12.0897
threshold=1.6250000000000002 0.07008750000000058 0.65820223329328331 771.50000000000011 0.031642180451129744 0.27127855392156852 0.0039066666666668446 498.0167850366667 3.2407177083333338 23.296100000000003 2.9219135416666671 54.791666666666671 -0.041028904428904237 1.2156625000000005
decision_type=2 2 2 10 2 2 2 10 2 2 2 8 2 2
left_child=-1 4 -3 -4 6 7 -2 8 9 10 11 12 -6 -14
right_child=1 2 3 -5 5 -7 -8 -9 -10 -11 -12 -13 13 -15
leaf_value=-0.021925134525916299 0.0031508346732765334 0.0063447120750561112 -0.026124570036502863 0.013511840328377621 -0.031464109119997252 0.012832873042533234 -0.012456217556044234 -0.01601579262970328 0.01956506382553122 -0.02281650846582424 0.016521979135131933 -0.01379999731872991 0.012673956377028726 -0.015060994101887708
leaf_weight=18.607754743800342 85.852919647280885 297.17583732634904 26.029145618734525 11.054076187859527 7.5625920758079124 97.743107271005101 156.07810252719173 46.405598166064919 50.986940072893049 31.143635735490534 46.994956749564153 84.119726800933833 78.749435916806263 16.310827164306147
leaf_count=23910 3096 12899 1631 627 1035 663 8111 1042 221 1396 141 5230 1477 586
internal_value=0.000119638 0.000536265 0.00402252 -0.0142649 -0.00112721 0.00193175 -0.00692764 -0.00103665 0.0012076 -0.00238632 0.000421441 -0.00369678 0.00463805 0.00780783
internal_weight=1054.81 1036.21 334.259 37.0832 701.948 460.017 241.931 362.274 315.868 264.881 233.738 186.743 102.623 95.0603
internal_count=62065 38155 15157 2258 22998 11791 11207 11128 10086 9865 8469 8328 3098 2063
is_linear=0
shrinkage=0.03


Tree=505
num_leaves=15
num_cat=0
split_feature=11 37 12 11 36 5 11 11 15 12 6 36 4 22
split_gain=9.9614 20.7153 20.7019 25.9983 21.6961 21.8564 20.8684 16.2837 17.7872 16.0048 16.1179 19.1323 21.7575 13.8963
threshold=22.085250000000006 133.54166666666669 2.7043958333333333 22.626200000000001 1.0000000180025095e-35 0.63409934526501832 22.931700000000003 22.994550000000004 3.2396000000000007 2.4836958333333334 -0.2111598214285694 1.0000000180025095e-35 18.94044791666667 -0.11459884902679017
decision_type=2 8 2 2 2 2 2 2 2 2 2 2 2 2
left_child=1 9 4 -4 5 13 -5 -8 -9 10 -1 12 -12 -2
right_child=2 -3 3 6 -6 -7 7 8 -10 -11 11 -13 -14 -15
leaf_value=-0.023119725306750136 0.017915716336202588 -0.030269350461291485 0.019023589594985044 -0.031401388697434411 -0.026822071119316147 0.018809077293358571 0.01887678389541721 -0.032526982210349234 -0.0014971078164577808 0.018013008625350303 0.014872406016823549 0.008285231329263747 -0.033021900270881629 -0.036837776324890915
leaf_weight=20.330319075980697 5.0268487751018567 14.243654646596438 55.294282360875059 20.41951628693846 58.127779221866668 25.452391360654033 33.069660466390701 16.210752535019026 494.28661960703351 70.318226561876145 12.72498958690734 175.84480252477803 22.329090062521985 14.412871819163803
leaf_count=5099 337 6452 643 1681 9267 1150 488 2057 13529 991 571 10091 6250 3266
internal_value=-0.000557229 0.00387966 -0.00249973 -0.000418954 -0.0148835 0.000822461 -0.00235543 -0.00120864 -0.00254412 0.00558741 0.00174742 0.00424237 -0.0157055 -0.0224954
internal_weight=1038.09 315.791 722.301 619.281 103.02 44.8921 563.987 543.567 510.497 301.547 231.229 210.899 35.0541 19.4397
internal_count=61872 29454 32418 18398 14020 4753 17755 16074 15586 23002 22011 16912 6821 3603
is_linear=0
shrinkage=0.03


Tree=506
num_leaves=15
num_cat=0
split_feature=19 6 25 5 1 17 5 16 39 16 11 28 21 18
split_gain=6.60767 13.2538 6.11506 8.96067 11.6376 11.1904 11.108 14.2386 12.8429 18.4522 12.281 11.809 14.4449 25.3911
threshold=2.6115500000000007 0.40390764705882043 0.00070000000000008955 0.60286901975687746 0.70080818422453084 0.28090451443029768 0.47422250457362336 2.9219135416666671 311.90215947611119 2.6334395833333337 20.860600000000002 1.5495250000000003 0.24438015793234305 0.13896477272727223
decision_type=2 2 2 2 2 2 2 2 10 2 2 2 2 2
left_child=1 -1 -2 6 5 -5 -4 8 9 10 -8 -9 -13 -14
right_child=2 -3 3 4 -6 -7 7 11 -10 -11 -12 12 13 -15
leaf_value=-0.03520613754219027 -0.0019407078906445547 0.013405961416858814 0.016980694693743616 0.01012434648651353 -0.005986624040628251 -0.010151115504081333 0.012278340529804713 0.023255635538244973 -0.032348155455332386 0.019914799656236278 -0.017572787898247313 0.014250499514510724 -0.028659564411642417 0.0047009683256549577
leaf_weight=11.659357096861685 380.80160430594958 7.6911050262087448 26.967379148980456 278.05311563817526 60.329022011325435 26.060594468999909 14.385202859688446 21.612128655230663 19.288989256564207 18.939051035891438 67.706999809743877 41.112186220031617 30.665600442489506 57.765987999858396
leaf_count=5468 35644 783 457 5659 2188 912 539 133 1310 241 6438 547 1247 551
internal_value=0.000756705 -0.0161753 0.00108581 0.00282474 0.00597462 0.00835929 -0.00102884 -0.00287359 -0.0105316 -0.00609016 -0.0122571 0.00325136 -0.000238583 -0.00705864
internal_weight=1063.04 19.3505 1043.69 662.886 364.443 304.114 298.444 271.476 120.32 101.031 82.0922 151.156 129.544 88.4316
internal_count=62117 6251 55866 20222 8759 6571 11463 11006 8528 7218 6977 2478 2345 1798
is_linear=0
shrinkage=0.03


Tree=507
num_leaves=15
num_cat=0
split_feature=11 17 39 8 39 32 20 8 19 11 7 33 39 39
split_gain=8.24837 9.68776 10.3171 21.8214 14.6723 23.7532 14.8113 26.7603 19.5914 20.9222 17.2112 9.69459 29.1934 21.8951
threshold=26.157750000000004 0.30931571887568204 620.72643510791681 23.880229513888892 580.03439253722229 1.8936668402777779 3.5456461805555564 22.367671180555558 4.0332500000000016 24.112200000000005 23.731450000000006 0.0084009616940976858 424.50550895486117 421.24436038180562
decision_type=2 2 10 2 10 2 2 2 2 2 2 2 10 8
left_child=1 2 4 -4 5 6 7 8 9 10 11 12 13 -1
right_child=-2 -3 3 -5 -6 -7 -8 -9 -10 -11 -12 -13 -14 -15
leaf_value=-0.010086857711788834 0.019937785559988149 -0.017313586915640986 -0.035063029975529493 0.00044110729353497529 0.016753639915427183 -0.029359738411858814 0.020823293728164136 -0.029534112119737031 0.021604573323932081 -0.04166205292655923 -0.035778178096721458 0.0030302667197044733 -0.047301756726180755 0.017095149761523588
leaf_weight=79.621443246328965 18.055921428976717 27.233062225169874 21.338050299391966 51.417840619724302 51.521649774693742 22.448208942079532 32.420597685875464 24.950639894963729 40.063774506722098 9.5291977482639805 10.334688282547743 622.41848666189856 12.744825747306662 38.857887961581412
leaf_count=13601 353 1181 1427 473 713 862 361 1819 247 885 599 38421 624 485
internal_value=0.000377915 2.118e-05 0.000501604 -0.0103059 0.00134377 0.000437345 0.00123815 0.000457002 0.0014119 0.000339477 0.000917145 0.00146709 -0.00591416 -0.00110346
internal_weight=1062.96 1044.9 1017.67 72.7559 944.911 893.39 870.942 838.521 813.57 773.507 763.977 753.643 131.224 118.479
internal_count=62051 61698 60517 1900 58617 57904 57042 56681 54862 54615 53730 53131 14710 14086
is_linear=0
shrinkage=0.03


Tree=508
num_leaves=15
num_cat=0
split_feature=8 36 39 10 39 39 11 30 38 16 37 38 38 32
split_gain=6.38505 6.74569 24.3374 19.3032 13.2381 20.7386 20.6957 48.0267 29.394 24.3042 23.7448 23.2464 26.9994 22.668
threshold=18.918297048611116 3.5000000000000004 332.37446093916674 0.22899641608391647 421.24436038180562 424.50550895486117 22.437650000000001 0.0095999999999999714 331.01583657152781 2.5728760416666669 72.791666666666686 152.74521737347223 40.104813317361113 0.96805989583333352
decision_type=2 2 8 2 8 8 2 2 10 2 8 10 8 2
left_child=-1 4 3 -3 6 -6 9 8 -8 10 11 12 -2 -12
right_child=1 2 -4 -5 5 -7 7 -9 -10 -11 13 -13 -14 -15
leaf_value=0.022242343293731592 0.0073316884427868326 0.021180591734139557 -0.015743518451644463 -0.013808292346187407 0.02311352941587513 0.0006358399252651101 -0.020802074835919358 -0.032908389230216217 0.013702296213936144 0.016088344542823221 -0.0043023168819980384 0.012823102376525694 -0.028716505727812102 -0.035378123808529796
leaf_weight=10.598112545470938 38.545209729340073 72.31218223162324 31.733034038093763 16.858612568772969 39.689429938424311 401.80202579482312 34.834111287221674 64.980932017174268 57.491069246104018 65.297108505595844 52.889715493844101 87.95602348889382 34.743345436808795 34.539660206906809
leaf_count=490 2830 2042 1552 1966 223 9654 7145 5414 2397 865 10264 3391 5681 8083
internal_value=0.000106934 -0.000141295 0.00648762 0.0144858 -0.00102549 0.00270422 -0.0045178 -0.013362 0.000600461 -5.83071e-05 -0.00434557 0.00249131 -0.00991392 -0.0168403
internal_weight=1044.27 1033.67 120.904 89.1708 912.769 441.491 471.277 157.306 92.3252 313.971 248.674 161.245 73.2886 87.4294
internal_count=61997 61507 5560 4008 55947 9877 46070 14956 9542 31114 30249 11902 8511 18347
is_linear=0
shrinkage=0.03


Tree=509
num_leaves=15
num_cat=0
split_feature=42 11 19 11 38 11 29 25 12 24 29 39 11 37
split_gain=7.22469 8.13742 16.1671 16.1992 29.3066 14.5007 14.0117 12.6616 10.0107 33.6193 21.4944 32.7332 19.2352 18.6273
threshold=2.6250000000000004 21.580050000000004 2.9527500000000004 21.539300000000004 65.427616544166668 21.727550000000004 0.0084163519684054833 0.0011580602324996576 3.129679166666667 1.6106458333333336 0.0058034066788037473 216.80263104944447 23.797050000000002 100.54166666666669
decision_type=2 2 2 2 10 2 2 2 2 2 2 10 2 10
left_child=-1 2 3 4 6 -3 7 -2 10 -10 -7 -12 -11 -14
right_child=1 5 -4 -5 -6 8 -8 -9 9 12 11 -13 13 -15
leaf_value=-0.011368712541866565 0.0063588045933006586 -0.031456232379591581 0.018204960059041743 0.017694167145185003 -0.030213478957426869 0.0003225284533999809 0.02232282600697176 -0.023729283505354557 0.026185751427489905 -0.023695416599440376 0.0034149967347396428 -0.035295672752779582 0.0067515685367003494 -0.010171635897307192
leaf_weight=42.890080531724038 34.483483180191286 12.249969752235755 68.045613790786376 35.969986914608626 29.563193664248729 320.70485874399321 25.251066183356386 18.558760342413677 50.61932588450145 26.89732545065408 36.715273701191222 40.922407005959258 223.18235511158991 78.257297119207806
leaf_count=27533 2526 1473 781 353 5958 12096 295 1521 221 812 1614 2744 2280 1684
internal_value=0.000545663 0.00106678 0.00627241 0.000540287 -0.0052905 -0.000336297 0.00438265 -0.0044129 0.00019393 0.00367952 -0.00312294 -0.0171786 0.00014079 0.002339
internal_weight=1044.31 1001.42 211.872 143.826 107.857 789.549 78.2933 53.0422 777.299 378.956 398.343 77.6377 328.337 301.44
internal_count=61891 34358 11434 10653 10300 22924 4342 4047 21451 4997 16454 4358 4776 3964
is_linear=0
shrinkage=0.03


Tree=510
num_leaves=15
num_cat=0
split_feature=15 16 42 22 7 38 21 17 40 39 31 32 20 16
split_gain=7.40094 7.75402 6.89989 9.74349 14.559 14.2673 10.4576 13.0168 12.0166 11.6648 28.4535 17.2174 17.2245 14.2526
threshold=2.4683500000000005 2.0601895833333335 2.6250000000000004 0.2221715367965352 25.281600000000005 510.00549073458336 0.25585178656037838 0.22103846403388638 973.50000000000011 414.94770930916673 1.2307500000000002 1.7307529513888893 3.8012515625000005 2.5134791666666669
decision_type=2 2 2 2 2 10 2 2 8 8 2 2 2 2
left_child=1 -1 -2 5 -5 6 8 -8 -4 10 13 -11 -13 -9
right_child=2 -3 3 4 -6 -7 7 9 -10 11 -12 12 -14 -15
leaf_value=0.0048967943471621206 -0.011205294816834676 -0.028714337317320572 0.0029227794766213547 0.011727072894530861 -0.013334924603335907 -0.029037122978530137 -0.035492608730973235 -0.0056598221809261657 -0.02949045941593564 0.012845007907492483 -0.03128537405244225 -0.033905748625624281 0.0047115487315768159 0.026720482000609024
leaf_weight=9.6036253831131955 43.664902370266191 15.110258711565097 556.30861436827524 129.73732088163115 23.957070166896301 14.415190899347179 11.078845872431428 70.060094697925038 9.4929476250190401 67.648240662358845 37.34175524058125 16.861094542871342 24.370473679692623 13.778606065374332
leaf_count=1935 24036 5950 15793 1509 206 326 638 4936 2742 704 2402 570 358 63
internal_value=-7.54176e-05 -0.0159708 0.000325486 0.000852811 0.00775959 -0.000447469 9.85642e-05 -0.00512026 0.00232788 -0.00351036 -0.00987746 0.00360146 -0.0115094 -8.59988e-05
internal_weight=1043.43 24.7139 1018.72 975.05 153.694 821.356 806.941 241.139 565.802 230.06 121.18 108.88 41.2316 83.8387
internal_count=62168 7885 54283 30247 1715 28532 28206 9671 18535 9033 7401 1632 928 4999
is_linear=0
shrinkage=0.03


Tree=511
num_leaves=15
num_cat=0
split_feature=38 22 42 21 9 40 28 16 20 33 38 23 32 38
split_gain=6.75555 7.96446 11.0921 12.539 7.25197 8.6401 7.11187 31.9066 19.5036 15.9312 27.7047 16.4406 26.5554 13.1903
threshold=1.7335950980555557 0.5369820175438581 3.1250000000000004 0.24623016429448333 0.57459867931935682 210.50000000000003 1.7626062500000004 3.3260062500000007 3.5456461805555564 0.0050827590271821654 154.29517274472224 3.9594000000000005 1.7307529513888893 105.15589817430556
decision_type=8 2 2 2 2 8 2 2 2 2 10 2 2 8
left_child=-1 2 3 -2 -5 -6 7 9 -8 10 13 -11 -13 -4
right_child=1 -3 6 4 5 -7 8 -9 -10 11 -12 12 -14 -15
leaf_value=-0.024787762218836076 0.0085146498411227903 0.01631625440811901 -0.017437910602836233 0.012070747930165033 0.0056294246980875817 -0.041040830735159489 -0.027637203618052903 0.02419754792502141 -0.00030604517486176782 0.0028257915427919778 -0.031533942037699089 -0.05068663068052888 0.025271557904787106 0.017194255083538695
leaf_weight=8.4448430130327594 12.882932158677599 27.578015895216595 14.737628695771376 3.2379522397494425 4.0908942004886226 18.637853916939658 26.618979683561975 53.939885044761468 157.66519991220116 625.12615589903726 35.187431854230454 11.532153205560919 5.4439694273105479 25.792339381880083
leaf_count=481 9222 582 1043 2513 518 16890 1031 190 2051 24522 1533 1076 59 593
internal_value=0.000468863 0.00070148 0.000252696 -0.0152556 -0.0269273 -0.0327575 0.000898172 0.00216297 -0.00438176 0.000475848 -0.0124468 0.00201669 -0.0262773 0.00448454
internal_weight=1030.92 1022.47 994.893 38.8496 25.9667 22.7287 956.044 771.76 184.284 717.82 75.7174 642.102 16.9761 40.53
internal_count=62304 61823 61241 29143 19921 17408 32098 29016 3082 28826 3169 25657 1135 1636
is_linear=0
shrinkage=0.03


Tree=512
num_leaves=15
num_cat=0
split_feature=6 11 18 25 38 18 39 2 18 33 14 5 13 38
split_gain=7.31625 10.2429 8.46434 8.38197 9.86381 10.2869 14.2733 7.40292 8.57338 7.62348 11.3087 8.55173 15.4525 7.90298
threshold=0.081652529644269001 26.157750000000004 0.39881843137254913 0.0016762226052115102 482.63614671291674 0.13463956937799071 337.83637828430562 0.28831363636363794 -0.069084107142857079 0.018477420097758223 0.1103999999999998 0.53535794570528816 0.24730122201406876 63.268425637916671
decision_type=2 2 2 2 10 2 10 2 2 2 2 2 2 10
left_child=1 3 7 -1 5 -5 -7 9 -9 10 13 -11 -13 -2
right_child=2 -3 -4 4 -6 6 -8 8 -10 11 -12 12 -14 -15
leaf_value=-0.0010487825008848846 0.012842253917034838 0.022560179403644465 0.01559248830214866 -0.023992255190731775 0.011445194909042554 0.0067371548879050771 -0.025931434400363676 -0.012037396715043641 0.0072648593605665022 0.0087729546908396645 0.011064369101609522 -0.0028885444235111483 -0.026737522208488459 -0.0089699363044156988
leaf_weight=319.3806568164855 17.849329458343064 12.969573699809528 39.534831000775739 46.916405811449224 15.166600341301999 34.109793288271149 17.360328859556773 22.054820866627892 210.37867032255093 24.857281476233439 76.000914693201722 78.2365280605419 34.75956022726443 72.283106541626665
leaf_count=28180 987 213 308 5386 131 942 383 2649 7221 1642 2580 4584 2969 3974
internal_value=0.000140463 -0.00274112 0.00237226 -0.00354932 -0.0105118 -0.0139777 -0.00456583 0.00137072 0.00538961 -0.0017098 0.00261282 -0.00690048 -0.0103951 -0.00455685
internal_weight=1021.86 445.903 575.955 432.934 113.553 98.3865 51.4701 536.42 232.433 303.987 166.133 137.853 112.996 90.1324
internal_count=62149 35235 26914 35022 6842 6711 1325 26606 9870 16736 7541 9195 7553 4961
is_linear=0
shrinkage=0.03


Tree=513
num_leaves=15
num_cat=0
split_feature=30 17 17 38 20 34 33 37 38 9 29 38 27 12
split_gain=7.16633 14.3449 14.3083 12.6925 19.2987 24.3003 14.1847 13.4313 11.5154 15.1987 10.8627 15.911 19.3168 29.7186
threshold=0.0064632692307692967 0.20915075281124618 0.19864070177491702 154.29517274472224 2.9813463541666674 0.076852277432711766 1.6653345369377351e-16 142.54166666666669 111.60826796250002 0.5857889180955852 0.0049524008168443439 189.01004004597226 1.1751500000000001 2.9469791666666669
decision_type=2 2 2 8 2 2 2 8 10 2 2 10 2 2
left_child=2 -2 -1 7 -5 6 -6 8 9 -4 -3 -12 -13 -14
right_child=1 10 3 4 5 -7 -8 -9 -10 -11 11 12 13 -15
leaf_value=0.01844341279602079 -0.02066017567369887 0.0063387356516610869 -0.042438148777356285 -0.024661177799816452 -0.023851725822654365 -0.029638531648642247 0.010232513567918773 0.01603632313923152 0.010631113523354012 -0.0049962172232657642 -0.0090575468008428674 0.022854275125386923 -0.024469564101636806 0.0058656928688636742
leaf_weight=22.694442440118735 24.484476334149008 313.20016259300098 11.025651674118306 60.483789339147989 12.159944597239472 23.17882291951949 66.311441584198803 37.623788748869401 28.621412191735175 53.668886241256899 142.12295154852276 38.342999118266135 35.634370838981255 139.6804227366259
leaf_count=969 1900 10175 2854 11346 900 1313 1873 1974 3353 10201 9662 529 3031 2121
internal_value=-0.000270733 0.00143519 -0.00400986 -0.00580535 -0.0113895 -0.00332924 0.00471714 0.00114301 -0.00496815 -0.0119262 0.00227351 -0.00131292 0.00385691 -0.000404044
internal_weight=1009.23 693.465 315.768 293.074 162.134 101.65 78.4714 130.94 93.316 64.6945 668.981 355.781 213.658 175.315
internal_count=62201 27418 34783 33814 15432 4086 2773 18382 16408 13055 25518 15343 5681 5152
is_linear=0
shrinkage=0.03


Tree=514
num_leaves=15
num_cat=0
split_feature=38 8 38 7 39 8 11 38 39 35 40 22 33 20
split_gain=8.34919 15.2593 14.07 13.6704 22.4692 14.737 22.9939 15.323 16.8517 25.0402 21.0792 20.7668 17.0725 13.3994
threshold=474.94920017277781 24.138875694444447 446.80790493708338 24.695000000000004 551.110972568889 22.750129166666671 23.990900000000003 430.19372457611115 421.24436038180562 1.5372000000000001 286.50000000000006 0.20551937500000103 0.0055227023849223423 2.9028164930555556
decision_type=10 2 10 2 10 2 2 10 10 2 8 2 2 2
left_child=1 2 3 4 5 6 7 8 9 13 -10 -11 -12 -1
right_child=-2 -3 -4 -5 -6 -7 -8 -9 10 11 12 -13 -14 -15
leaf_value=-0.00033044268341487137 0.007754728060017594 -0.0340087873333784 -0.02451966299306221 0.012470771153270336 -0.031898915630988796 0.023866925460166374 -0.033559138598587474 -0.033358139312283895 -0.027514630636689491 -0.036332190222729689 -0.013881509032162079 0.010725438534107604 0.020403465225871026 0.022724119730443606
leaf_weight=535.28440719669004 131.74022877422362 10.931024592308857 19.333807565645998 79.865812160703967 18.969898240021848 22.226695048406782 17.35665475198914 10.876402218964243 10.407459691917856 29.475491017475747 14.538209267469197 11.143025330364479 90.172659248735584 22.692139870996471
leaf_count=47252 1197 382 876 1521 1426 307 2343 375 587 3485 405 328 1225 286
internal_value=0.000734348 -0.000308533 0.000146994 0.000727336 -0.000484649 0.00033585 -0.000400252 0.000439184 0.00100018 -0.00102708 0.0114596 -0.0234752 0.015557 0.00064613
internal_weight=1025.01 893.274 882.343 863.009 783.143 764.173 741.946 724.59 713.713 598.595 115.118 40.6185 104.711 557.977
internal_count=61995 60798 60416 59540 58019 56593 56286 53943 53568 51351 2217 3813 1630 47538
is_linear=0
shrinkage=0.03


Tree=515
num_leaves=15
num_cat=0
split_feature=42 16 22 34 34 9 29 22 5 24 5 10 39 9
split_gain=7.68514 11.3376 9.99147 10.1085 8.95568 8.30706 21.5131 27.0041 8.67563 7.55342 7.60793 8.66763 9.50657 7.38248
threshold=4.6250000000000009 2.5728760416666669 0.40447362996480651 0.098659077380952406 0.096883333333333377 0.59780165371891825 0.0014658874188021261 0.61520490196078459 0.51231064177523422 2.5385375000000003 0.47422250457362336 0.30613375000000609 421.24436038180562 0.55945876295043928
decision_type=2 2 2 2 2 2 2 2 2 2 2 2 10 2
left_child=1 -1 3 4 9 8 7 -7 -3 10 11 12 -2 -12
right_child=2 5 -4 -5 -6 6 -8 -9 -10 -11 13 -13 -14 -15
leaf_value=-0.042432642544671786 -0.034215175683303928 -0.031769698781472254 0.017118117733593025 -0.026550768229814083 0.023222312095852536 -0.068070265110088943 0.0024488451479053679 0.0086314723075099874 0.0094509313082652251 0.023888098421616048 0.0099511479234574741 0.028112094991028114 0.018076009982367327 -0.0013736351717430597
leaf_weight=6.9719635503262642 4.6578661442119955 4.2341422789583083 31.741611697420012 11.493852460246897 14.506215315950383 10.14203773672771 27.735855027133475 6.240712142083793 37.49128856228905 10.971163176000116 54.483953246956617 16.662982273875969 6.0545781185537635 781.34366272029706
leaf_count=21690 406 862 531 1980 274 3872 3100 201 5278 30 1070 137 69 22732
internal_value=1.59978e-05 -0.00816869 0.00083905 0.000246665 0.000622707 -0.00492932 -0.0138651 -0.0400364 0.00462234 0.000221578 -0.000106513 0.0151708 -0.00564069 -0.000624413
internal_weight=1024.73 92.816 931.916 900.174 888.68 85.844 44.1186 16.3827 41.7254 874.174 863.203 27.3754 10.7124 835.828
internal_count=62232 35003 27229 26698 24718 13313 7173 4073 6140 24444 24414 612 475 23802
is_linear=0
shrinkage=0.03


Tree=516
num_leaves=15
num_cat=0
split_feature=20 11 29 11 22 11 11 36 29 9 29 22 35 38
split_gain=6.27317 7.84114 16.4174 10.3479 26.0225 17.0499 15.1833 13.8119 10.0178 9.8183 9.83832 9.2424 8.39359 8.16849
threshold=2.0761019097222224 20.860600000000002 0.0022635625143877952 21.468550000000004 0.12557095238095153 21.580050000000004 21.727550000000004 3.5000000000000004 0.0089168426285980776 0.58675324899931247 0.002967085059448113 0.28306659090909164 0.84375000000000011 9.6741100033333343
decision_type=2 2 2 2 2 2 2 2 2 2 2 2 2 10
left_child=-1 2 -2 4 -3 9 -7 12 13 10 -5 -10 -6 -8
right_child=1 3 -4 5 7 6 8 -9 11 -11 -12 -13 -14 -15
leaf_value=-0.021763533850678623 -0.040240282694231258 -0.032259313496580747 0.019806707104893694 0.017466013762804381 0.011544783896118679 -0.032031092394427231 -0.028016208335704069 0.028093477266089215 -0.024848279928962064 0.016596012745057863 -0.033699346792744056 0.0068783468191243096 -0.024823361217400332 0.0015032398187058036
leaf_weight=9.9314019672174236 3.6451843504177921 27.864598670093201 37.827944444290353 5.1935885215617343 9.3465183820358266 12.160234077176254 7.5318204203406358 14.029710061747577 24.619456921405913 86.464476285559925 6.6921196537934406 11.662169704932465 12.054170502821135 768.05857054227897
leaf_count=3197 1445 11043 1364 510 190 2800 1414 126 1517 2073 291 441 536 35106
internal_value=0.000845056 0.00108461 0.0137058 0.00054021 -0.0110975 0.00134996 -6.54412e-05 0.00597404 0.000452157 0.0130903 -0.0117217 -0.0147393 -0.00913365 0.00118087
internal_weight=1037.08 1027.15 41.4731 985.677 63.295 922.382 824.032 35.4304 811.872 98.3502 11.8857 36.2816 21.4007 775.59
internal_count=62053 58856 2809 56047 11895 44152 41278 852 38478 2874 801 1958 726 36520
is_linear=0
shrinkage=0.03


Tree=517
num_leaves=15
num_cat=0
split_feature=11 42 12 11 38 11 29 10 21 28 20 16 27 23
split_gain=8.41016 16.1631 15.694 15.797 39.9789 13.717 11.5256 11.3812 10.7169 10.5237 9.31758 8.80814 10.0853 14.5021
threshold=21.580050000000004 2.1250000000000004 2.4778041666666675 21.539300000000004 64.350231493888899 21.727550000000004 0.0019522133892239857 0.22149023284313304 0.23872882153628819 2.3963625000000004 2.1230847222222224 2.2787500000000005 1.0514500000000002 3.0881000000000003
decision_type=2 2 2 2 10 2 2 2 2 2 2 2 2 2
left_child=1 -1 3 4 6 -2 10 -8 9 -7 -3 -10 -13 -14
right_child=5 2 -4 -5 -6 8 7 -9 11 -11 -12 12 13 -15
leaf_value=-0.047619964113197757 -0.032047979058804604 -0.042897330967733106 0.024778834244828987 0.016957193851215149 -0.032583342792023649 -0.02594054476406947 0.014210998240648171 -0.020878367293418326 -0.030639769411958041 0.023961795347831195 0.0051387439373107476 0.016154447919668562 -0.030430487687756511 -0.00037339165196334029
leaf_weight=4.1663889887963981 12.306358000156363 6.1615709430339773 33.057491742756156 48.186840018570933 30.239274975254318 25.026735996223923 75.741085245525511 8.4419021867906547 7.6874219182960806 3.6478379368782035 6.9933083473508191 31.23648680077099 13.758895687241532 685.38403585154822
leaf_count=8667 2789 1108 233 478 6702 4661 1722 1267 3806 5 643 799 3301 26135
internal_value=-0.000402479 0.0048665 0.00613567 0.00250894 -0.00303772 -0.00184738 0.00637902 0.0104884 -0.00132155 -0.0189987 -0.0188018 -0.000609997 -0.000252465 -0.00100752
internal_weight=992.036 212.988 208.821 175.764 127.577 779.048 97.3379 84.183 766.741 28.6746 13.1549 738.067 730.379 699.143
internal_count=62316 20820 12153 11920 11442 41496 4740 2989 38707 4666 1751 34041 30235 29436
is_linear=0
shrinkage=0.03


Tree=518
num_leaves=15
num_cat=0
split_feature=38 22 42 34 16 19 33 22 22 11 19 21 37 37
split_gain=7.55447 6.99458 9.80521 12.3032 11.4285 12.0318 18.6406 10.56 8.41137 8.16344 8.34703 9.84734 7.47427 15.6145
threshold=1.7335950980555557 0.5369820175438581 4.6250000000000009 0.080453333333332711 2.6334395833333337 3.3933500000000003 1.6653345369377351e-16 0.40447362996480651 -0.11459884902679017 24.926950000000001 4.5264000000000015 0.27013768694667123 96.791666666666686 75.791666666666686
decision_type=8 2 2 2 2 2 2 2 2 2 2 2 8 10
left_child=-1 2 3 4 -2 -6 -7 8 -4 10 11 -8 13 -10
right_child=1 -3 7 -5 5 6 9 -9 12 -11 -12 -13 -14 -15
leaf_value=-0.025787802441498742 -0.03500697153558794 0.015424118460066975 0.016817129940551206 -0.036635255531830953 0.020909266918526674 -0.053510600017533924 -0.022535095664378779 0.025295235271821898 0.00021464793015909286 -0.031267608861025246 0.027784819782779857 0.018558666744334363 -0.0034131152426969853 0.013757752795422339
leaf_weight=8.641060383022209 8.4298880726796863 27.968990295090407 27.943612951429714 11.794216349899825 17.222666991586735 5.8613116210124465 10.98119830523928 15.276869264896957 468.58348109095743 5.034464765428651 10.038145840002469 8.378768944522049 302.98678212245613 90.602899521969448
leaf_count=482 16579 608 1340 9376 2620 1637 3272 158 12984 617 52 247 10790 1414
internal_value=0.000643929 0.000895075 0.000466488 -0.00968867 -0.00439415 0.000614173 -0.00835676 0.00134818 0.000909254 0.000622862 0.00693309 -0.00471219 0.000374784 0.00242963
internal_weight=1019.74 1011.1 983.134 77.7407 65.9464 57.5166 40.2939 905.394 890.117 34.4326 29.3981 19.36 862.173 559.186
internal_count=62176 61694 61086 34400 25024 8445 5825 26686 26528 4188 3571 3519 25188 14398
is_linear=0
shrinkage=0.03


Tree=519
num_leaves=15
num_cat=0
split_feature=30 17 16 18 18 17 36 38 1 21 42 2 23 13
split_gain=6.44154 13.5013 23.7302 13.3699 10.377 9.23188 11.0619 14.0182 10.8547 10.4808 11.8249 12.5917 9.77425 8.73835
threshold=0.0067636363636364681 0.22143052089959558 3.3260062500000007 0.27127855392156852 0.15237510989011052 0.19527777985752823 1.0000000180025095e-35 154.29517274472224 0.4425679795156518 0.26144544962190647 6.1250000000000009 -0.4174658333333337 3.2672500000000002 0.25666642356566416
decision_type=2 2 2 2 2 2 2 8 2 2 2 2 2 2
left_child=3 2 4 5 -2 -1 12 9 -9 -8 11 -11 -7 -3
right_child=1 13 -4 -5 -6 6 7 8 -10 10 -12 -13 -14 -15
leaf_value=0.019435211186496496 -0.034767962881425279 0.005691277137452929 0.012412981611456115 -0.028092544537304379 -0.00562991839063939 -0.02289268077411985 -0.018177841337180388 0.0031984870896724972 -0.02535598932370944 -0.058248999678507732 0.016772015937968059 0.0036422514928081537 0.0049500782018549244 -0.0018957337185388763
leaf_weight=16.485648005238374 26.923358292780932 432.1364743571022 25.668929474599395 17.394168573627212 18.893064052204949 11.392083561616372 18.198765571922657 15.261860395127007 51.425763647959307 3.359971483485487 35.12649106693425 8.8727157837122501 134.89046263829829 198.98187696322191
leaf_count=710 3383 14512 339 739 532 9734 6109 1243 6363 547 1041 1536 6940 8446
internal_value=0.000303043 0.00189623 -0.0103717 -0.00327464 -0.0231294 -0.0017214 -0.00303868 -0.00929394 -0.0188704 0.000584707 0.00802141 -0.0164747 0.00264105 0.00329999
internal_weight=1015.01 702.604 71.4854 312.408 45.8164 295.014 278.528 132.246 66.6876 65.5579 47.3592 12.2327 146.283 631.118
internal_count=62174 27212 4254 34962 3915 34223 33513 16839 7606 9233 3124 2083 16674 22958
is_linear=0
shrinkage=0.03


Tree=520
num_leaves=15
num_cat=0
split_feature=10 12 23 28 17 12 28 21 21 17 13 26 15 21
split_gain=8.46012 15.2702 10.275 18.1194 10.0306 16.8111 13.2584 11.6037 8.78814 11.2075 9.5494 9.36682 9.20991 8.75689
threshold=0.01956888888889571 2.1985375000000005 5.4826500000000005 2.3025145833333336 0.23030405074538932 3.3995875000000004 1.6105031250000004 0.25931448329632562 0.23938633061096035 0.24602219986757887 0.28521032638423488 0.0033599999999999637 2.6830500000000002 0.24369373659252722
decision_type=2 2 2 2 2 2 2 2 2 2 2 2 2 2
left_child=4 -2 3 8 5 13 7 -6 10 11 -3 -10 -11 -1
right_child=1 2 -4 -5 6 -7 -8 -9 9 12 -12 -13 -14 -15
leaf_value=-0.00072118912941310925 -0.031267603340777002 -0.025024759000824404 0.016442002023197979 -0.038737443169421723 0.014603717129236207 0.01726244509927587 -0.0080581160450542214 -0.0069834605499024104 0.0058226664267701476 -0.026729076405522696 0.015327306219449367 -0.012470960361723928 -0.0025289492611574984 -0.031948173178209666
leaf_weight=13.706730674872579 13.758682828649965 23.05529278636239 30.057691954320035 10.380553077745388 150.50122314820203 16.270754312441682 37.415526395166808 25.685778251127942 288.24059751148945 13.803199874314258 6.0275271022822343 26.657799976960973 333.08963967192653 18.862668165191216
leaf_count=1335 11336 4353 253 198 5767 301 1394 4160 12451 1920 390 1194 14414 2420
internal_value=0.000577327 -0.00105523 -0.000444902 -0.0011911 0.00519854 -0.0069632 0.00799881 0.0114349 -0.000571787 0.000148856 -0.0164301 0.00423944 -0.00356596 -0.0192194
internal_weight=1007.51 745.071 731.312 701.255 262.443 48.8402 213.603 176.187 690.874 661.791 29.0828 314.898 346.893 32.5694
internal_count=61886 46509 35173 34920 15377 4056 11321 9927 34722 29979 4743 13645 16334 3755
is_linear=0
shrinkage=0.03


Tree=521
num_leaves=15
num_cat=0
split_feature=39 8 7 35 9 20 8 19 7 11 11 38 38 38
split_gain=7.14129 20.9166 9.09527 23.3727 14.8667 11.9177 21.7946 17.8126 14.1961 11.6412 8.99847 12.7325 12.473 16.8017
threshold=620.72643510791681 23.880229513888892 24.695000000000004 1.9391500000000004 0.59806131535798002 3.5456461805555564 22.367671180555558 4.0332500000000016 23.731450000000006 24.112200000000005 24.077000000000002 425.4241100033334 420.78197039833339 345.19920017277781
decision_type=10 2 2 2 2 2 2 2 2 2 2 10 10 10
left_child=2 -2 3 5 -4 6 7 8 9 10 11 12 13 -1
right_child=1 -3 4 -5 -6 -7 -8 -9 -10 -11 -12 -13 -14 -15
leaf_value=0.00089967506445838173 -0.034390954676569517 0.00021798357514791605 0.02688465168660048 -0.033664489968593468 -0.0058617785773132638 0.017159081999086209 -0.028245871111301477 0.019607105129151075 -0.033790724548006822 -0.038488140595806734 0.027741311652327877 -0.016631120909553078 0.019212565569618974 -0.021625441982393086
leaf_weight=619.19735615680008 20.619250506336584 57.517449189265335 27.414776089537099 17.777769196749091 21.711061820170244 34.6193453293522 23.82653132157418 39.790314861641946 10.524270572011458 6.090415230753023 9.4766635095493239 39.377287884886869 30.276839838641081 30.30759109295218
leaf_count=49507 1463 701 110 1430 344 519 1937 398 732 433 68 923 157 3324
internal_value=-0.0005899 -0.00923403 0.000161324 -0.000561041 0.0125842 0.000175703 -0.000571472 0.000303331 -0.000752227 -0.000233696 0.000138371 -0.00026338 0.00070778 -0.000183034
internal_weight=988.527 78.1367 910.39 861.264 49.1258 843.487 808.867 785.041 745.25 734.726 728.636 719.159 679.782 649.505
internal_count=62046 2164 59882 59428 454 57998 57479 55542 55144 54412 53979 53911 52988 52831
is_linear=0
shrinkage=0.03


Tree=522
num_leaves=15
num_cat=0
split_feature=16 38 37 7 7 17 35 17 19 16 32 23 36 32
split_gain=6.86377 17.1557 16.6196 11.3289 14.1187 12.9827 11.1911 12.8877 9.81198 12.1346 10.7302 17.9588 11.6227 16.7014
threshold=2.2645895833333336 64.350231493888899 125.54166666666669 21.481450000000006 21.717300000000005 0.30579639944098941 0.93165000000000009 0.22693264624619253 2.8688000000000007 2.4425416666666671 1.1447135416666667 3.2002000000000006 2.5000000000000004 1.3106817708333336
decision_type=2 10 10 2 2 2 2 2 2 2 2 2 2 2
left_child=1 6 -3 5 -5 -2 7 -1 -6 -10 -11 -12 13 -13
right_child=3 2 -4 4 8 -7 -8 -9 9 10 11 12 -14 -15
leaf_value=-0.032957000334190703 0.012439877864239089 -0.031128409513558813 0.0097754218860858395 -0.021428545600655897 0.01926589318111329 -0.024628174003149695 -0.030963785547736225 0.010811597914846805 -0.02886526991012163 0.020889421905712989 -0.032828832150972098 0.011352218438307615 0.0075598151211014345 -0.0038095936704887457
leaf_weight=5.7228853944621667 120.84449448974321 32.817207204485364 11.609513693485246 24.938173659603876 24.798479193921935 8.2237073473168731 6.9171858656945195 62.344347705694332 11.502010272533083 22.48402852086042 13.447306128038347 76.726085904798026 176.27169311384006 411.23694649720221
leaf_count=1839 4446 7855 3436 3631 1324 196 3530 6606 2459 285 2592 2478 4893 16494
internal_value=0.000817072 -0.00590702 -0.0204596 0.00172438 0.000326163 0.00990686 0.00287087 0.00670778 0.00109088 0.000431414 0.000953168 0.000261921 0.00098018 -0.00140725
internal_weight=1009.88 119.411 44.4267 890.473 761.405 129.068 74.9844 68.0672 736.467 711.668 700.166 677.682 664.235 487.963
internal_count=62064 23266 11291 38798 34156 4642 11975 8445 30525 29201 26742 26457 23865 18972
is_linear=0
shrinkage=0.03


Tree=523
num_leaves=15
num_cat=0
split_feature=14 17 39 16 36 20 40 3 39 20 40 22 10 39
split_gain=8.18496 10.9408 6.43154 21.9191 14.537 34.8372 17.6539 17.3188 17.1493 22.7259 19.308 22.3061 12.0032 10.8179
threshold=-0.18418939393939365 0.2275786892204413 250.30632288958336 2.7027791666666672 2.5000000000000004 2.8949032986111116 228.50000000000003 24.788150000000005 337.83637828430562 3.148721875000001 318.50000000000006 0.31093901098901028 -0.034433461538468692 239.79093689458335
decision_type=2 2 10 2 2 2 10 2 10 2 10 2 2 10
left_child=1 -1 13 12 5 -5 7 -7 -6 -10 -11 -12 -4 -2
right_child=2 -3 3 4 8 6 -8 -9 9 10 11 -13 -14 -15
leaf_value=-0.026157494518724303 0.0029725785801822677 -0.0030200849969532354 0.0065365361803206368 -0.027973887976443648 0.024736965701035361 -0.039157693824670881 0.0038776432846617964 0.010358792008699876 -0.03349232577980614 0.020018568528576534 -0.037317844905388378 0.018594839574872929 -0.030634829433603416 0.022524124934683094
leaf_weight=19.730927209430604 282.88515491652697 166.82290828715594 9.9670453432610469 40.213368837560552 43.689059683669399 16.65048022521734 262.11160366840824 9.3903346256523701 12.871118428733011 44.913064249428032 13.438528337685399 10.728493354909913 30.695014828395614 27.050941715715112
leaf_count=2989 26883 11973 758 3645 237 666 6627 88 1540 381 527 47 4698 932
internal_value=5.08171e-05 -0.00559364 0.00136485 -0.000758908 0.0011497 -0.00217438 0.00151039 -0.0215793 0.00978586 0.00161315 0.00853864 -0.0127439 -0.0215852 0.00474597
internal_weight=991.158 186.554 804.604 494.668 454.006 328.366 288.152 26.0408 125.64 81.9512 69.0801 24.167 40.6621 309.936
internal_count=61991 14962 47029 19214 13758 11026 7381 754 2732 2495 955 574 5456 27815
is_linear=0
shrinkage=0.03


Tree=524
num_leaves=15
num_cat=0
split_feature=20 35 16 10 21 28 38 23 23 37 38 30 20 38
split_gain=5.77046 7.68176 8.09257 19.9016 10.4654 13.141 9.48024 13.4068 7.83955 11.1719 12.8756 10.8463 12.6457 16.6607
threshold=2.0720659722222226 0.76975000000000016 2.253835416666667 0.053904999999996768 0.23750355046061683 2.3963625000000004 133.76004004597226 3.5743500000000004 2.8814500000000005 6.7916666666666679 474.94920017277781 0.0060000000000000626 3.322463541666667 154.29517274472224
decision_type=2 2 2 2 2 2 8 2 2 10 10 2 2 10
left_child=-1 -2 3 6 5 -4 7 -3 -6 10 -10 12 13 -11
right_child=1 2 4 -5 8 -7 -8 -9 9 11 -12 -13 -14 -15
leaf_value=-0.027194866092884063 0.013988766568235427 -0.030352869679048409 -0.027927271171416541 -0.030546402892855051 0.017678996751040812 0.024942591027720683 0.013543046288696056 0.018268179390620896 -0.024477951265222422 0.00093508318193642628 0.010194386406616209 0.0042543402971186133 0.0052113475506209879 -0.019725118271536734
leaf_weight=5.6279322064342514 37.738416620027579 13.014756534726461 20.153662350638914 24.618739764583395 25.820826484628469 4.459586262702941 27.29220964224217 7.1978158241417693 29.262670184226749 72.105932505897385 13.469256997108458 562.29569041743366 90.859279850803603 67.342995829634731
leaf_count=2692 1489 4066 4248 11610 660 6 561 2165 1374 4798 68 14841 2967 10653
internal_value=0.000706796 0.000891642 0.000361601 -0.00923132 0.00115223 -0.0177482 0.00221697 -0.0129937 0.00171239 0.00119831 -0.0135659 0.00201038 -0.00346292 -0.00911159
internal_weight=1001.26 995.632 957.893 72.1235 885.77 24.6132 47.5048 20.2126 861.157 835.336 42.7319 792.604 230.308 139.449
internal_count=62198 59506 58017 18402 39615 4254 6792 6231 35361 34701 1442 33259 18418 15451
is_linear=0
shrinkage=0.03


Tree=525
num_leaves=15
num_cat=0
split_feature=11 38 39 20 38 37 7 35 9 19 28 11 21 34
split_gain=5.55447 10.9076 8.33844 19.3012 18.2552 14.8211 14.0173 20.6725 9.4193 8.81219 14.362 23.6705 23.2206 19.921
threshold=26.157750000000004 1.7335950980555557 620.72643510791681 4.3809588541666677 345.19920017277781 12.041666666666668 24.695000000000004 1.9391500000000004 0.59059909997487992 4.1149000000000013 1.6105031250000004 23.797050000000002 0.26314304787659687 0.03819538690476177
decision_type=2 8 10 2 10 10 2 2 2 2 2 2 2 2
left_child=1 -1 6 -4 -5 -6 7 9 -8 10 -3 -12 13 -13
right_child=-2 2 3 4 5 -7 8 -9 -10 -11 11 12 -14 -15
leaf_value=-0.036223394918528981 0.017441638691443256 0.002285639007041197 -0.031380123170600308 0.021897724595258784 0.0085800735540004867 -0.035300662964884336 0.027272815880864994 -0.031768267458353462 0.0022989176388771358 0.012551866709674167 -0.031537919056388926 -0.030077851276394972 -0.030392065415365894 0.014672092013338012
leaf_weight=6.1431215216604285 17.202440516707838 669.67765170395205 22.193006711734483 21.501689369790256 12.598062176955866 13.575272673318066 30.199787715502225 16.186811505598257 24.438082378841045 58.964826888808034 30.136313529444109 9.7020690771532241 17.594454654867988 54.859573483831269
leaf_count=479 347 51332 1483 52 72 336 93 1310 360 1059 2359 999 533 1298
internal_value=0.00101931 0.000715955 0.000983754 -0.0089308 0.00194949 -0.014641 0.00175246 0.000804298 0.0163447 0.00146826 0.000617533 -0.00926291 -0.000811033 0.00759105
internal_weight=1004.97 987.771 981.628 69.868 47.675 26.1733 911.76 857.122 54.6379 840.935 781.97 112.292 82.1561 64.5616
internal_count=62112 61765 61286 1943 460 408 59343 58890 453 57580 56521 5189 2830 2297
is_linear=0
shrinkage=0.03


Tree=526
num_leaves=15
num_cat=0
split_feature=22 29 17 20 4 22 33 9 18 9 28 39 40 38
split_gain=6.9252 8.92942 10.3984 12.2904 19.0996 11.4025 8.59077 20.0015 13.6528 14.3941 14.9333 20.8418 19.7 24.3253
threshold=0.35467571428571454 1.0000000180025095e-35 0.21878345832299614 3.322463541666667 21.922067708333334 -0.11459884902679017 0.015448988954641918 0.62588362688072718 0.025053974358973993 0.62462499992181508 0.94131458333333351 302.42198755208341 739.50000000000011 474.94920017277781
decision_type=2 2 2 2 2 2 2 2 2 2 2 10 10 10
left_child=1 2 -1 5 -5 -4 7 -3 -8 10 -10 -12 13 -13
right_child=-2 6 3 4 -6 -7 8 -9 9 -11 11 12 -14 -15
leaf_value=0.0084870267365628107 0.0083865453622448578 0.0064959623456955504 0.019205516788988207 0.027763566806795172 -0.026243628587934317 -0.034866157302125257 -0.010476810846580623 -0.029193177891210075 0.013820719047519268 0.0083830685263502104 -0.021875471502189152 -0.020848931227665582 0.0099521729754916965 0.012034684962496454
leaf_weight=18.613779232285523 87.301879895238699 271.93572070366633 3.3444546299191584 10.62720667392867 10.950884763687567 28.345469066361105 123.46994833273129 13.923659205893612 38.16417836145007 146.28503992585399 56.400130578617166 62.337459382986339 78.856876917180244 28.972679294402951
leaf_count=2799 1438 8442 827 158 1510 14521 15844 1497 2659 3940 4242 2372 1398 124
internal_value=0.000372239 -0.000420449 -0.0104839 -0.0171473 0.000406507 -0.0287467 0.000473039 0.0046619 -0.00177181 0.000862261 -0.00330949 -0.00624305 -0.000964305 -0.0103976
internal_weight=979.529 892.227 71.8818 53.268 21.5781 31.6899 820.346 285.859 534.486 411.016 264.731 226.567 170.167 91.3101
internal_count=61771 60333 19815 17016 1668 15348 40518 9939 30579 14735 10795 8136 3894 2496
is_linear=0
shrinkage=0.03


Tree=527
num_leaves=15
num_cat=0
split_feature=9 40 39 18 37 39 11 12 39 11 39 9 38 24
split_gain=6.69944 10.385 10.3383 6.73329 6.81377 16.5418 27.0024 25.4993 15.0237 14.7408 14.1238 13.8415 13.3492 18.9518
threshold=0.55587115211863913 739.50000000000011 38.263318153750014 0.46536019607843149 96.041666666666686 498.0167850366667 25.986550000000005 3.3688500000000006 87.356595307638898 21.002600000000005 769.31279162291673 0.56890389373796457 430.19372457611115 1.5652333333333335
decision_type=2 10 10 2 8 10 2 2 10 2 10 2 10 2
left_child=1 2 -1 4 8 7 -7 12 9 -2 11 -10 13 -6
right_child=3 -3 -4 -5 5 6 -8 -9 10 -11 -12 -13 -14 -15
leaf_value=0.016260725252833216 0.0029907541104249105 0.021296273517469912 -0.030113262070380849 0.013734483634522588 -0.0069871770849022985 -0.034692931081001216 0.0098691478328279958 0.023194316773692377 -0.03111942626850232 -0.029280409497839683 -0.033494313398162411 0.0040480399933074708 -0.038257885034426252 0.01562768509166719
leaf_weight=7.3820052538128769 23.456941158207801 30.418716036501863 8.0729633712294468 28.923017010489275 193.30523191863492 34.454642631867614 18.128018280127435 32.846910931597222 9.283519620013065 26.446876214835097 8.5323201359024079 512.992345544003 9.1702764319425949 39.288714040774892
leaf_count=90 2901 744 864 236 21231 2224 133 431 1513 6625 308 23292 520 1016
internal_value=0.000285354 0.0113535 -0.00832083 -0.000268151 -0.000728851 -0.00418445 -0.0194326 -0.00120482 0.001222 -0.0143508 0.00271031 0.00336466 -0.00460166 -0.00311663
internal_weight=982.702 45.8737 15.455 936.829 907.906 327.194 52.5827 274.611 580.712 49.9038 530.808 522.276 241.764 232.594
internal_count=62128 1698 954 60430 60194 25555 2357 23198 34639 9526 25113 24805 22767 22247
is_linear=0
shrinkage=0.03


Tree=528
num_leaves=15
num_cat=0
split_feature=8 20 20 20 39 38 37 0 38 37 33 7 30 9
split_gain=6.15845 28.6618 20.3643 14.3472 12.794 24.2555 30.4935 13.547 25.6872 13.3188 11.2188 11.7605 11.3356 11.1329
threshold=21.315201562500004 2.8949032986111116 2.7421562500000003 2.6820085069444448 332.37446093916674 216.56658364569446 145.04166666666669 20.604004166666666 93.976433687361123 133.54166666666669 1.6653345369377351e-16 23.731450000000006 0.025110271132376499 0.6227042217804718
decision_type=2 2 2 2 10 10 10 2 10 8 2 2 2 2
left_child=2 -2 3 4 5 7 -7 9 -9 13 11 -3 -12 -1
right_child=1 10 -4 -5 -6 6 -8 8 -10 -11 12 -13 -14 -15
leaf_value=-0.0039356700149046873 -0.031121284584983016 -0.044755287931954262 0.021478665275496613 -0.026634110357031612 0.022470340575471242 -0.029358075595955994 0.017728199904527411 -0.030578418206022133 0.01843380246257436 -0.026578712421344488 0.0019102007067008839 0.0007905469284319608 -0.020320881671086807 0.0083635760987309446
leaf_weight=146.16908007665765 27.926061176485405 9.2174559673424046 45.556370824798535 15.694305579072475 24.177864366801373 45.146358524363933 16.152463381151364 9.9217410965337347 85.249006546289394 14.99324630110493 398.72134377455876 10.123905076682091 20.768143595302035 119.49941217041729
leaf_count=17836 3796 797 1181 1727 338 6594 1006 1310 2070 6775 10420 804 636 7092
internal_value=0.000305294 -0.00219667 0.00254001 0.000690112 0.00167532 0.000476475 -0.0168653 0.00334219 0.0130594 1.24872e-05 -0.000289409 -0.0220482 0.000763872 0.00160723
internal_weight=989.317 466.757 522.56 477.003 461.309 437.131 61.2988 375.832 95.1707 280.662 438.831 19.3414 419.489 265.668
internal_count=62382 16453 45929 44748 43021 42683 7600 35083 3380 31703 12657 1601 11056 24928
is_linear=0
shrinkage=0.03


Tree=529
num_leaves=15
num_cat=0
split_feature=24 19 8 7 37 40 7 42 7 38 22 36 9 22
split_gain=6.95029 20.0477 19.6515 17.2454 16.2638 18.1565 17.0241 14.9687 14.2118 15.7067 9.29597 8.88299 7.75217 7.15731
threshold=1.7961083333333334 4.0332500000000016 22.71716006944445 23.731450000000006 123.79166666666669 723.50000000000011 24.695000000000004 2.3750000000000004 24.921650000000003 474.94920017277781 0.31093901098901028 2.5000000000000004 0.58738813873245166 0.20065222222222331
decision_type=2 2 2 2 10 10 2 2 2 10 2 2 2 2
left_child=1 3 -2 7 5 6 11 -1 12 -10 -6 -4 -8 -9
right_child=2 -3 4 -5 10 -7 8 13 9 -11 -12 -13 -14 -15
leaf_value=-0.024415850344819742 -0.036990598823937786 0.018639565022892331 -0.035660075706976727 -0.033933965474166605 -0.033180893746495244 0.023055553655253552 0.027163100563349449 0.00043436573214173621 -0.028470246419264753 0.0071096603590919552 0.0032604143326651173 0.0050980368697401742 0.00084226669621509094 0.0093397125730716873
leaf_weight=19.48247040032868 14.711326339834697 56.582117018475515 17.441020665504912 12.037282856423529 19.556540018107402 29.149031483809836 22.403402400005916 623.88348774226074 18.938727742324716 24.679982701782137 8.8433021334931237 6.202888590826773 17.793539800588235 92.402882329615068
leaf_count=23832 1359 755 680 865 1174 374 194 29819 985 119 48 98 285 1416
internal_value=0.000389899 0.00158257 -0.00492748 0.000268802 -0.00186329 0.00247563 -0.00326789 0.000873662 0.00314156 -0.00863056 -0.0221087 -0.0251944 0.0158152 0.0015946
internal_weight=984.108 804.388 179.72 747.806 165.008 136.609 107.46 735.769 83.8157 43.6187 28.3998 23.6439 40.1969 716.286
internal_count=62003 56687 5316 55932 3957 2735 2361 55067 1583 1104 1222 778 479 31235
is_linear=0
shrinkage=0.03


Tree=530
num_leaves=15
num_cat=0
split_feature=42 22 18 5 36 39 22 30 40 22 37 38 21 21
split_gain=7.54163 11.175 8.42179 6.85524 7.55919 21.8965 15.6496 10.9281 13.2044 18.6437 14.0607 10.1097 13.1353 10.3683
threshold=2.8750000000000004 0.5369820175438581 0.39881843137254913 0.47422250457362336 3.5000000000000004 332.37446093916674 0.070832764294529157 0.012266666666666577 228.50000000000003 0.079602408963585072 146.04166666666669 103.88103072916668 0.26144544962190647 0.26337234078608468
decision_type=2 2 2 2 2 8 2 2 10 2 8 8 2 2
left_child=1 -1 3 -2 7 6 -6 8 9 -5 11 12 -10 -13
right_child=2 -3 -4 4 5 -7 -8 -9 10 -11 -12 13 -14 -15
leaf_value=-0.021822750462473083 0.015302018822998059 0.010116933820730672 0.0134125701161076 0.0091169079136189241 -0.027642100082955517 -0.017044727691833569 0.019232930797761377 -0.0055911992898796401 -0.01936694348147882 -0.032040829790095246 -0.021348493249656795 0.0096318046967585422 0.0057736480010944944 -0.0055252679541403999
leaf_weight=29.650643875979995 25.61126253696807 13.819257160356299 45.551086063031107 16.64903038958434 6.1586544645961245 24.076223492067527 71.324711921089985 302.59149247417957 31.809361126290071 22.226588534977139 18.532917326864094 252.95777204912036 42.723132627896234 47.672057378382192
leaf_count=28250 771 352 355 1235 1416 956 1144 11903 2975 1256 2509 6202 1602 1150
internal_value=0.000393525 -0.0116698 0.000983328 0.000312002 -0.000164547 0.00746608 0.0152024 -0.0012274 0.00183102 -0.0146279 0.0034892 0.00476967 -0.00507034 0.00721794
internal_weight=951.354 43.4699 907.884 862.333 836.722 101.56 77.4834 735.162 432.571 38.8756 393.695 375.162 74.5325 300.63
internal_count=62076 28602 33474 33119 32348 3516 2560 28832 16929 2491 14438 11929 4577 7352
is_linear=0
shrinkage=0.03


Tree=531
num_leaves=15
num_cat=0
split_feature=11 11 11 11 16 22 19 19 16 34 17 9 10 28
split_gain=5.86381 10.3047 7.88842 18.1415 18.2984 14.5237 20.2977 13.3286 23.2881 19.4552 13.3011 10.7888 9.91702 8.69374
threshold=20.442600000000002 20.539000000000005 21.47935 21.580050000000004 2.3399083333333337 0.14993754901960785 2.5255500000000004 2.8688000000000007 2.4831229166666673 0.061240000000000495 0.19527777985752823 0.58675324899931247 0.43904241341991296 1.2306364583333336
decision_type=2 2 2 2 2 2 2 2 2 2 2 2 2 2
left_child=-1 -2 5 11 10 6 -3 9 12 -6 -5 -4 -9 -10
right_child=1 2 3 4 7 -7 -8 8 13 -11 -12 -13 -14 -15
leaf_value=-0.029212100339199208 0.019942120899489102 0.022830503638745281 -0.013822838809278995 0.018439498045124698 0.027248211683048102 0.0069923356940790708 -0.027553948963640579 -0.033275942185557447 0.011944383783892313 -0.030727618113909689 -0.030077378530670131 0.017278696835938731 0.013573551717882167 -0.00032301427124216934
leaf_weight=4.9475393330829993 23.331161923640025 7.918849225849768 10.682965611191916 5.4580850744541811 30.699069791543621 31.242169451599629 40.311841374555591 24.916718323729711 55.892748213592768 5.3690316172178134 28.035680249550971 80.980605201603083 4.2556785149965775 603.18150500835566
leaf_count=514 498 941 754 164 738 573 15549 5325 1320 706 8210 1823 311 24604
internal_value=0.000484642 0.000669413 0.000164441 0.00101374 -0.000517747 -0.00881334 -0.0189858 0.000498215 -0.000444943 0.0180219 -0.0218658 0.0135439 -0.0262182 0.000733841
internal_weight=957.224 952.276 928.945 849.472 757.809 79.4729 48.2307 724.315 688.247 36.0681 33.4938 91.6636 29.1724 659.074
internal_count=62030 61516 61018 43955 41378 17063 16490 33004 31560 1444 8374 2577 5636 25924
is_linear=0
shrinkage=0.03


Tree=532
num_leaves=15
num_cat=0
split_feature=42 17 22 32 11 16 37 32 11 16 4 30 35 32
split_gain=7.31234 6.03699 10.0149 5.4785 39.5756 28.5796 13.6491 14.5574 20.0442 13.8894 13.5077 12.2183 23.3521 9.56789
threshold=0.62500000000000011 0.30931571887568204 0.61520490196078459 1.5950135416666666 23.797050000000002 3.0460708333333337 97.541666666666686 1.7515975694444448 25.986550000000005 3.3885000000000001 21.80992083333334 0.0011999999999999346 1.7389500000000002 1.574721527777778
decision_type=2 2 2 2 2 2 10 2 2 2 2 2 2 2
left_child=-1 2 3 5 -5 10 11 9 -9 -8 13 12 -6 -2
right_child=1 -3 -4 4 6 -7 7 8 -10 -11 -12 -13 -14 -15
leaf_value=-0.028751302360780131 0.00053872279141148739 -0.012366997268260859 0.027090335688030091 -0.037943777515617817 0.013036800099193705 0.022959647051603586 -0.014140314542231608 -0.033643764046636 0.0075584167690368265 0.025781363031180025 -0.031989807909929065 0.0091744553900634049 -0.033331126299630871 0.02717010240877249
leaf_weight=6.5708804429382317 555.65147196621695 29.142269318297053 12.332762627862392 24.855314445704266 19.123448609163574 54.80535522441744 14.267576809623508 30.86334898986911 15.469904399799359 15.244109049439428 10.309363608718057 148.69024016313506 18.176344190306281 11.414050293095213
leaf_count=20256 33101 982 184 1455 154 427 370 1740 94 48 603 1810 731 54
internal_value=0.000618081 0.00084873 0.00127514 0.000899587 -0.00253451 0.00245848 0.000958369 -0.00968977 -0.020018 0.00665014 0.00047614 0.00532918 -0.00983879 0.00112165
internal_weight=966.916 960.346 931.203 918.871 286.69 632.18 261.835 75.8449 46.3333 29.5117 577.375 185.99 37.2998 567.066
internal_count=62009 41753 40771 40587 6402 34185 4947 2252 1834 418 33758 2695 885 33155
is_linear=0
shrinkage=0.03


Tree=533
num_leaves=15
num_cat=0
split_feature=42 5 20 21 15 21 22 11 18 0 25 12 33 14
split_gain=5.31261 11.0083 10.8022 6.651 12.9256 11.1024 13.1673 17.106 12.3477 11.099 10.576 10.4563 8.46172 11.2739
threshold=2.8750000000000004 0.54029685511667302 2.3552800347222225 0.27325836715167201 3.3982500000000004 0.26337234078608468 0.12169599673202593 22.405450000000002 0.23246833333333258 20.793895833333334 0.0018734252646482521 2.1618041666666672 0.024410742311714143 -0.029492857142857105
decision_type=2 2 2 2 2 2 2 2 2 2 2 2 2 2
left_child=1 -1 -3 5 9 10 -7 -8 -9 11 -2 -5 13 -12
right_child=3 2 -4 4 -6 6 7 8 -10 -11 12 -13 -14 -15
leaf_value=-0.036347528111637981 0.0037042569635825501 -0.038683114895679986 0.0049897986921061876 -0.019243778006790082 0.017386377583098935 -0.027933697357810941 0.01764744591286416 -0.025877983101122059 0.0050316708469976797 -0.031245062591493011 -0.017953291112961414 0.012487138793206733 0.012372213458555669 -0.0014897186258266771
leaf_weight=9.4476829407413145 512.40681368219555 4.9906480637704638 33.231430709964741 12.055897239914485 59.562376103247516 24.450062433136111 23.608785254395457 27.141185648342855 19.349389966018862 9.0859881531105184 54.381037149725842 32.053481644151191 22.597447469318467 116.15287900556581
leaf_count=5907 19131 10665 11933 2142 574 2108 320 841 122 263 2779 742 778 3608
internal_value=0.000604373 -0.00905442 -0.00155344 0.00111812 0.00790559 0.000152878 -0.00944514 -0.00269431 -0.0131783 -0.0028349 0.00145066 0.00358016 -0.00451676 -0.00681379
internal_weight=960.515 47.6698 38.2221 912.845 112.758 800.088 94.5494 70.0994 46.4906 53.1954 705.538 44.1094 193.131 170.534
internal_count=61913 28505 22598 33408 3721 29687 3391 1283 963 3147 26296 2884 7165 6387
is_linear=0
shrinkage=0.03


Tree=534
num_leaves=15
num_cat=0
split_feature=9 16 10 42 8 20 26 15 38 32 8 37 11 40
split_gain=6.49032 7.90822 10.0322 5.67768 5.15868 7.95581 5.51613 4.85964 23.533 13.0201 17.2512 11.3169 24.4328 14.8471
threshold=0.55587115211863913 2.6196500000000005 0.013776388888896209 0.62500000000000011 18.918297048611116 2.0779815972222226 0.0094800000000001567 3.6902000000000004 425.4241100033334 1.7515975694444448 22.750129166666671 86.291666666666686 25.986550000000005 715.50000000000011
decision_type=2 2 2 2 2 2 2 2 10 2 2 10 2 10
left_child=1 2 -1 -2 -5 -6 7 8 -7 -9 -11 13 -13 -12
right_child=3 -3 -4 4 5 6 -8 9 -10 10 11 12 -14 -15
leaf_value=0.0145483406328501 -0.027298207598597822 0.02049857813135628 -0.034578623960171924 0.02067677880532123 -0.027101082401811867 0.00059339193378428739 -0.014260094991423408 0.012300382829967083 -0.028484953641128578 -0.027762963673184073 0.00058761982232738647 -0.034163339062047694 0.01106687692697338 0.024192513774637832
leaf_weight=7.854758116293679 5.6871812872147975 29.562338240800216 5.5310675707867176 10.204437834773215 8.5095693289651972 552.78221766184402 21.263651251262331 106.72541752395438 25.235807431760122 18.204944743728163 89.928088436117037 19.97387650274095 21.297586788772605 31.728722252548323
leaf_count=323 19678 523 895 173 1802 32282 991 1027 658 1000 1324 1061 92 109
internal_value=0.000787035 0.0120476 -0.00674367 0.00024386 0.000446687 0.000193396 0.000485428 0.000863572 -0.000723148 0.00404117 -0.000866058 0.00229032 -0.0111132 0.00689094
internal_weight=954.49 42.9482 13.3858 911.542 905.854 895.65 887.14 865.877 578.018 287.859 181.133 162.928 41.2715 121.657
internal_count=61938 1741 1218 60197 40519 40346 38544 37553 32940 4613 3586 2586 1153 1433
is_linear=0
shrinkage=0.03


Tree=535
num_leaves=15
num_cat=0
split_feature=38 8 38 7 39 29 18 39 16 8 11 19 39 32
split_gain=7.56125 13.381 11.7755 11.377 19.3008 13.7424 14.539 11.1694 39.4658 10.1407 23.2629 11.3223 24.6806 35.2377
threshold=474.94920017277781 24.138875694444447 446.80790493708338 24.695000000000004 551.110972568889 0.0024504844674688546 -0.060764166666666508 498.0167850366667 4.1001458333333343 22.71716006944445 23.990900000000003 3.6538500000000007 337.83637828430562 1.574721527777778
decision_type=10 2 10 2 10 2 2 10 2 2 2 2 10 2
left_child=1 2 3 4 9 6 -5 -2 -9 10 11 12 -1 -14
right_child=7 -3 -4 5 -6 -7 -8 8 -10 -11 -12 -13 13 -15
leaf_value=0.001103004037195871 0.015840591144336797 -0.033590822330184664 -0.023545174600828476 0.018581258991978489 -0.031430425876516614 0.018845977412387412 -0.033429044308672315 -0.035224878404512903 0.015818343977526267 0.019624370284810701 -0.036743504717328027 0.0094803090408074955 -0.027182836335906416 0.013630273737081523
leaf_weight=480.02432907309753 62.173533779761783 10.123845504491326 18.414696510915746 7.7383898441411274 17.327226566157719 54.06410628198023 10.051540928217603 20.176877989206446 37.286131406239292 21.384754805138186 14.912934249216276 95.246516521502031 66.536391429442929 25.80068229886659
leaf_count=44387 472 374 874 234 1422 737 584 591 164 345 2323 2560 5778 1247
internal_value=0.000118126 -0.000910586 -0.000462045 0.000102899 -0.001037 0.0114018 -0.0110204 0.00713197 -0.00240032 -0.000245312 -0.000895669 -4.11475e-05 -0.00163938 -0.015755
internal_weight=941.262 821.625 811.502 793.087 721.233 71.854 17.7899 119.637 57.463 703.906 682.521 667.608 572.361 92.3371
internal_count=62092 60865 60491 59617 58062 1555 818 1227 755 56640 56295 53972 51412 7025
is_linear=0
shrinkage=0.03


Tree=536
num_leaves=15
num_cat=0
split_feature=11 11 29 16 23 21 40 25 10 9 33 33 39 11
split_gain=5.38047 6.22955 14.843 10.9014 10.836 9.17572 6.60664 6.26643 6.16689 5.28981 17.9369 14.055 29.2989 24.4804
threshold=20.442600000000002 20.860600000000002 0.0022635625143877952 2.2041437500000005 3.5743500000000004 0.23170768010142126 10.500000000000002 0.0064088372098480327 0.11493660714285706 0.62629348962862641 0.017427814897771232 0.015448988954641918 302.42198755208341 21.580050000000004
decision_type=2 2 2 2 2 2 8 2 2 2 2 2 10 2
left_child=-1 2 -2 4 -3 -5 -7 9 -4 11 -11 -8 13 -13
right_child=1 3 8 5 -6 6 7 -9 -10 10 -12 12 -14 -15
leaf_value=-0.029082359478559115 -0.038960420638270037 -0.030318956798886191 0.022995575998108725 -0.03706230648874697 0.014892013280541289 0.020328496589273541 0.0039584881989619611 -0.022241525101805347 -0.013107502112601168 -0.023091027094409827 0.0073629015686232794 -0.0025773784712998732 0.00021392026184748983 -0.033557062030530889
leaf_weight=4.693867008070014 3.6642740845269648 18.7531300957782 30.11401861574511 4.9012394403439421 5.612972445381792 13.825330700826909 290.38954101584483 10.123674568180261 4.2706270267722592 18.193711062259581 188.53273005212111 42.504011816193469 260.65106240101841 49.378869392384303
leaf_count=514 2495 11726 492 1762 2290 189 12722 432 1454 2225 5109 2852 9729 8214
internal_value=-7.41764e-06 0.000168348 0.0118999 -0.000338666 -0.0197277 0.000220927 0.000472238 0.0001297 0.0182678 0.000422089 0.00458443 -0.000921319 -0.00494074 -0.0194082
internal_weight=945.609 940.915 38.0489 902.866 24.3661 878.5 873.599 859.774 34.3846 849.65 206.726 642.923 352.534 91.8829
internal_count=62205 61691 4441 57250 14016 43234 41472 41283 1946 40851 7334 33517 20795 11066
is_linear=0
shrinkage=0.03


Tree=537
num_leaves=15
num_cat=0
split_feature=42 22 34 5 12 24 12 4 42 4 11 11 2 22
split_gain=7.01732 8.57229 9.43345 10.6633 9.23009 8.51186 15.4958 13.6 12.2265 10.8854 12.1106 10.8623 8.01632 7.76418
threshold=6.3750000000000009 0.61520490196078459 0.079895580735054816 0.58236264695348028 2.5518500000000004 1.2374083333333339 3.0633458333333339 21.922067708333334 3.3750000000000004 22.336628125000001 23.528900000000004 24.926950000000001 0.33726428571428618 0.31093901098901028
decision_type=2 2 2 2 2 2 2 2 2 2 2 2 2 2
left_child=1 2 4 -4 -1 8 -7 -8 -6 10 -9 -11 -5 -2
right_child=13 -3 3 12 5 6 7 9 -10 11 -12 -13 -14 -15
leaf_value=-0.028613380206530075 0.001151030050842473 0.017762606081713098 -0.048619741027263283 -0.023198273338485099 -0.0085515507638721667 -0.03339242849375304 0.024590582454521517 0.017010500637005294 0.027046103505578904 0.0098997646654344473 -0.048892916115238522 -0.024519545903031754 0.011785409706555759 0.014751316230153584
leaf_weight=10.566296465307301 738.66333989950749 12.886816911492586 8.2743123158325087 14.256114354428066 14.534199483681304 13.947242927366814 15.017915412971147 2.8640215676307426 19.261418823443819 29.333895385826793 8.2586374281215438 10.336218200715335 8.8132311470389713 38.832113404729171
leaf_count=18277 20057 297 5182 4599 510 6033 297 161 141 1808 951 1189 2023 537
internal_value=0.00064508 -0.00489021 -0.0068695 -0.021308 -0.00308223 -0.000477482 -0.00581798 0.000438201 0.0119311 -0.00703985 -0.0319198 0.000549285 -0.009899 0.00184837
internal_weight=945.846 168.35 155.464 31.3437 124.12 113.554 79.7579 65.8107 33.7956 50.7928 11.1227 39.6701 23.0693 777.495
internal_count=62062 41468 41171 11804 29367 11090 10439 4406 651 4109 1112 2997 6622 20594
is_linear=0
shrinkage=0.03


Tree=538
num_leaves=15
num_cat=0
split_feature=34 38 38 38 22 22 38 18 38 32 23 39 5 20
split_gain=5.65492 25.5612 15.7684 11.376 16.1742 10.4534 10.618 10.3336 12.6849 22.8222 17.893 27.0721 11.7418 11.4458
threshold=0.080162932692308259 155.90529533680561 510.00549073458336 535.25549073458353 0.40447362996480651 0.18638092948718041 21.694921626944446 0.051219663865546182 420.78197039833339 1.5519312500000002 3.7216000000000005 337.83637828430562 0.59915353787187653 2.3429960069444449
decision_type=2 8 10 10 2 2 8 2 8 2 2 10 2 2
left_child=2 -2 5 4 -3 7 -7 -1 9 10 11 12 -9 -14
right_child=1 3 -4 -5 -6 6 -8 8 -10 -11 -12 -13 13 -15
leaf_value=0.0041679202443191867 0.0067110932547709504 -0.039345970342511333 -0.036962055443693548 0.0065372370384646529 -0.0016436347233658435 -0.016023399413777523 0.011295378501140587 -0.0116080523721366 0.0064610928305179919 -0.02910110163994967 0.020924403365524886 -0.039558982509156987 -0.010007134889830415 0.009330360959145757
leaf_weight=290.42383555359049 67.351687813949866 30.19199335363237 8.6763742901189271 10.946670402268863 15.380322776472893 13.26610344745461 134.41488813626347 79.394601685331651 88.528347550978026 34.226835964925272 23.815480803471104 18.66095942884354 39.773009304039562 84.172292865546751
leaf_count=27299 7752 7538 247 127 194 595 1719 6524 981 1966 763 1312 3326 1747
internal_value=0.000200792 -0.00574506 0.00111003 -0.0204472 -0.0269302 0.00156478 0.00875008 -5.62631e-05 -0.00338707 -0.00651222 -0.00326184 -0.00593865 -0.00267475 0.00309469
internal_weight=939.223 123.871 815.353 56.519 45.5723 806.676 147.681 658.995 368.572 280.043 245.816 222.001 203.34 123.945
internal_count=62090 15611 46479 7859 7732 46232 2314 43918 16619 15638 13672 12909 11597 5073
is_linear=0
shrinkage=0.03


Tree=539
num_leaves=15
num_cat=0
split_feature=11 11 15 15 33 23 38 13 38 15 11 23 7 29
split_gain=4.82732 7.57888 9.26633 9.20947 10.9869 15.7555 16.9557 13.0088 11.1305 10.4683 9.6827 17.8804 17.1978 11.5665
threshold=20.442600000000002 20.539000000000005 2.5887500000000006 2.6451500000000006 0.022294853719797014 4.341800000000001 157.52907293416669 0.24051465117632828 510.00549073458336 2.6683500000000007 24.898850000000003 5.2186000000000012 24.583700000000004 0.0091314530785026656
decision_type=2 2 2 2 2 2 8 2 10 2 2 2 2 2
left_child=-1 -2 -3 -4 8 6 7 -6 9 -5 12 -12 13 -11
right_child=1 2 3 4 5 -7 -8 -9 -10 10 11 -13 -14 -15
leaf_value=-0.028481995621532523 0.016353478479990587 -0.013568656660531907 0.014303215389263239 -0.036304825141462181 0.0089123244486440361 0.0053549379270669915 -0.024875431514125818 -0.019895333266149708 -0.034598765403693235 0.0029563758429147673 -0.031414634310973959 0.0045529126147663005 0.026443629240937769 -0.021432718406808795
leaf_weight=4.3983293446466396 23.728505262491694 45.185238161427378 38.883862926143365 5.4181405457886731 36.451670406178181 59.897795920313712 57.684900736835758 21.646121287473633 6.6457816595743671 525.82104386890683 20.170406872710487 29.643385451517133 26.574600220104912 17.110182475979059
leaf_count=518 507 15607 3922 1088 2083 1298 8292 3117 201 22963 1419 347 137 689
internal_value=-0.000196277 -2.93396e-05 -0.000483412 0.000230715 -0.000464151 -0.00707763 -0.0135001 -0.00197589 0.00138431 0.00182177 0.00221331 -0.0103425 0.00332775 0.00214978
internal_weight=919.26 914.862 891.133 845.948 807.064 175.68 115.783 58.0978 631.384 624.738 619.32 49.8138 569.506 542.931
internal_count=62188 61670 61163 45556 41634 14790 13492 5200 26844 26643 25555 1766 23789 23652
is_linear=0
shrinkage=0.03


Tree=540
num_leaves=15
num_cat=0
split_feature=16 29 21 38 33 15 38 40 21 42 9 29 11 21
split_gain=9.19205 17.1361 17.4987 15.8112 13.0508 8.09448 7.76043 10.3195 9.68585 12.7192 15.9035 13.8974 13.1533 11.1804
threshold=2.2645895833333336 0.0084163519684054833 0.2377670367180825 64.350231493888899 0.016991663145318355 2.8766500000000002 3.4814947940277783 1014.5000000000001 0.30686392166691417 4.6250000000000009 0.5994978416964778 0.0031634578040093358 21.580050000000004 0.28191973142533372
decision_type=2 2 2 8 2 2 8 10 2 2 2 2 2 2
left_child=1 2 4 -3 -1 -4 7 -2 9 10 -8 -12 -11 -14
right_child=6 3 5 -5 -6 -7 8 -9 -10 12 11 -13 13 -15
leaf_value=0.020795786722703508 -0.039119202086536305 0.020754756703842595 -0.028332717837990594 -0.026692604559308313 -0.038587149688098961 0.0048963239377770636 -0.00063894316111066907 0.017428946758471689 0.016866674685236796 0.015032158054055583 -0.056333974579110636 -0.0087910477343653148 -0.00023775275806629283 0.022166833311131371
leaf_weight=15.24310904186512 8.2985498127836319 25.437427685520532 50.232189327887525 7.3761623380713237 3.224571409576007 7.2636946869432242 38.433170077281829 3.5328148971157125 33.533991867749819 60.393080174954548 10.142061794632303 11.874176559839436 616.37856136987421 19.719222488653031
leaf_count=927 695 713 19608 657 1003 447 10361 62 626 854 7047 3636 15107 200
internal_value=-0.000158045 -0.00830037 -0.0160636 0.00961509 0.00897765 -0.0241228 0.000954856 -0.0221917 0.0013289 0.0006192 -0.0124663 -0.0321883 0.00177116 0.000490499
internal_weight=911.083 108.777 75.9636 32.8136 18.4677 57.4959 802.306 11.8314 790.474 756.94 60.4494 22.0162 696.491 636.098
internal_count=61943 23355 21985 1370 1930 20055 38588 757 37831 37205 21044 10683 16161 15307
is_linear=0
shrinkage=0.03


Tree=541
num_leaves=15
num_cat=0
split_feature=42 39 19 22 33 16 32 42 18 10 16 28 0 19
split_gain=6.60295 10.2402 11.1238 7.85455 8.06975 7.50116 11.5655 11.0046 9.43709 6.7653 18.4379 13.6923 11.2642 14.3387
threshold=5.3750000000000009 769.31279162291673 4.5264000000000015 0.31093901098901028 0.029908954568543578 2.5277635416666668 1.1447135416666667 2.1250000000000004 0.39881843137254913 0.01956888888889571 2.2236656250000002 0.93697500000000034 20.023333333333337 2.8688000000000007
decision_type=2 10 2 2 2 2 2 2 2 2 2 2 2 2
left_child=1 2 5 9 -5 -1 7 -7 -8 -2 -11 -12 -13 -14
right_child=3 -3 -4 4 -6 6 8 -9 -10 10 11 12 13 -15
leaf_value=-0.034989983056999525 0.0052318635595284329 -0.04757366844927479 0.015862306951596808 0.021838414581542055 -0.0039674935614064048 -0.012429728599348312 -0.018455898774548143 0.025630227125952341 0.011584494559755618 -0.029220166593488989 0.019200400591123171 -0.020865320077662067 0.012835899051097919 -0.002216949961239151
leaf_weight=7.7407922637543143 217.22046929383123 4.125269426112026 19.659768536080705 31.429438719525933 16.023071357718436 10.657209635611695 49.231746717096172 15.972381690749897 10.858863901785297 19.093409794006334 30.626266139034669 23.798518737926997 65.154394580427152 408.46668147264097
leaf_count=22600 4766 320 1082 377 252 380 13185 125 102 5560 301 1145 1366 10527
internal_value=0.000542273 -0.00605085 -0.00414966 0.00150887 0.0132226 -0.0084372 -0.00569519 0.0105 -0.0129266 0.000765338 -0.00101423 5.89588e-05 -0.00115574 -0.000123501
internal_weight=930.058 118.246 114.121 811.812 47.4525 94.461 86.7202 26.6296 60.0906 764.36 547.139 528.046 497.42 473.621
internal_count=62088 37794 37474 24294 629 36392 13792 505 13287 23665 18899 13339 13038 11893
is_linear=0
shrinkage=0.03


Tree=542
num_leaves=15
num_cat=0
split_feature=34 17 33 7 19 16 9 10 40 40 36 21 22 40
split_gain=6.02266 13.3055 11.6502 17.4804 14.802 10.6137 11.301 15.1855 15.4864 10.4063 12.7517 9.84048 11.0184 16.7871
threshold=0.07008750000000058 0.27968009362463209 0.022294853719797014 21.240100000000002 3.2359500000000003 4.1001458333333343 0.55945876295043928 0.37765227272726104 10.500000000000002 731.50000000000011 1.0000000180025095e-35 0.24452820727379745 0.11919516483516505 459.50000000000006
decision_type=2 2 2 2 2 2 2 2 8 10 2 2 2 10
left_child=11 2 4 -4 -2 6 -5 8 -8 10 -6 -1 13 -13
right_child=1 -3 3 5 9 -7 7 -9 -10 -11 -12 12 -14 -15
leaf_value=0.0051306480541296303 -0.014665563819985039 -0.014710709153518544 0.017444442425167208 0.017232263112015558 0.022787854357200269 0.0096795092149244925 0.022464660441115086 5.2383611438629291e-05 -0.030710352382442099 0.02924298307901075 -0.013821362737697721 -0.02569653234838333 0.0022720621951505342 -0.004095213156752384
leaf_weight=173.05632085470984 12.238041822079522 29.310084753564865 48.107355565066854 12.65410982027606 18.47174489798681 39.875699177160357 4.8860777967801949 45.718031971256394 39.324248774543619 44.461155096830325 14.392711101594328 37.059633523573609 186.309365898198 221.10148918370123
leaf_count=10519 1690 2625 5243 320 84 499 72 3269 7802 338 489 7953 4192 16909
internal_value=0.000792393 0.00420136 0.00622543 0.00200403 0.015086 -0.00329537 -0.0083837 -0.0121381 -0.0244666 0.0199218 0.00682046 -0.000919852 -0.00328187 -0.00728332
internal_weight=926.966 309.439 280.129 190.566 89.5637 142.458 102.582 89.9284 44.2103 77.3256 32.8645 617.527 444.47 258.161
internal_count=62004 22431 19806 17205 2601 11962 11463 11143 7874 911 573 39573 29054 24862
is_linear=0
shrinkage=0.03


end of trees

feature_importances:
hours_since_repair=729
motor_current_a_max_24h=491
vibration_mm_s_slope_24h=449
hours_since_wear_repair=419
work_hours_ahead=407
vibration_mm_s_std_24h=341
vibration_mm_s_mean_4h=340
hours_since_pm=287
vibration_mm_s_max_24h=286
cycles_since_pm=257
chain_elongation_pct_std_24h=249
chain_elongation_pct_slope_24h=248
vibration_mm_s_slope_4h=230
vibration_mm_s_max_4h=212
vibration_mm_s_mean_24h=209
vibration_mm_s_mean_1h=208
motor_current_a_std_24h=197
motor_current_a_slope_24h=188
motor_current_a_max_4h=187
motor_current_a_std_4h=148
chain_elongation_pct_mean_24h=148
motor_current_a_mean_24h=130
vibration_mm_s_std_4h=123
chain_elongation_pct_slope_4h=123
chain_elongation_pct_std_4h=114
microstops_24h=107
chain_elongation_pct_max_24h=104
motor_current_a_slope_4h=95
chain_elongation_pct_mean_4h=84
vibration_mm_s_max_1h=82
chain_elongation_pct_mean_1h=63
chain_elongation_pct_std_1h=49
vibration_mm_s_slope_1h=47
chain_elongation_pct_max_1h=40
shift=39
motor_current_a_mean_4h=35
vibration_mm_s_std_1h=33
motor_current_a_std_1h=26
motor_current_a_mean_1h=21
chain_elongation_pct_max_4h=21
motor_current_a_max_1h=19
motor_current_a_slope_1h=13
chain_elongation_pct_slope_1h=4

parameters:
[boosting: gbdt]
[objective: binary]
[metric: average_precision]
[tree_learner: serial]
[device_type: cpu]
[data_sample_strategy: bagging]
[data: ]
[valid: ]
[num_iterations: 2000]
[learning_rate: 0.03]
[num_leaves: 15]
[num_threads: 4]
[seed: 7]
[deterministic: 1]
[force_col_wise: 1]
[force_row_wise: 0]
[histogram_pool_size: -1]
[max_depth: -1]
[min_data_in_leaf: 200]
[min_sum_hessian_in_leaf: 0.001]
[bagging_fraction: 0.8]
[pos_bagging_fraction: 1]
[neg_bagging_fraction: 1]
[bagging_freq: 1]
[bagging_seed: 17422]
[bagging_by_query: 0]
[feature_fraction: 0.8]
[feature_fraction_bynode: 1]
[feature_fraction_seed: 7040]
[extra_trees: 0]
[extra_seed: 6516]
[early_stopping_round: 0]
[early_stopping_min_delta: 0]
[first_metric_only: 0]
[max_delta_step: 0]
[lambda_l1: 0]
[lambda_l2: 1]
[linear_lambda: 0]
[min_gain_to_split: 0]
[drop_rate: 0.1]
[max_drop: 50]
[skip_drop: 0.5]
[xgboost_dart_mode: 0]
[uniform_drop: 0]
[drop_seed: 15215]
[top_rate: 0.2]
[other_rate: 0.1]
[min_data_per_group: 100]
[max_cat_threshold: 32]
[cat_l2: 10]
[cat_smooth: 10]
[max_cat_to_onehot: 4]
[top_k: 20]
[monotone_constraints: ]
[monotone_constraints_method: basic]
[monotone_penalty: 0]
[feature_contri: ]
[forcedsplits_filename: ]
[refit_decay_rate: 0.9]
[cegb_tradeoff: 1]
[cegb_penalty_split: 0]
[cegb_penalty_feature_lazy: ]
[cegb_penalty_feature_coupled: ]
[path_smooth: 0]
[interaction_constraints: ]
[verbosity: -1]
[saved_feature_importance_type: 0]
[use_quantized_grad: 0]
[num_grad_quant_bins: 4]
[quant_train_renew_leaf: 0]
[stochastic_rounding: 1]
[linear_tree: 0]
[max_bin: 255]
[max_bin_by_feature: ]
[min_data_in_bin: 3]
[bin_construct_sample_cnt: 200000]
[data_random_seed: 61]
[is_enable_sparse: 1]
[enable_bundle: 1]
[use_missing: 1]
[zero_as_missing: 0]
[feature_pre_filter: 1]
[pre_partition: 0]
[two_round: 0]
[header: 0]
[label_column: ]
[weight_column: ]
[group_column: ]
[ignore_column: ]
[categorical_feature: 41]
[forcedbins_filename: ]
[precise_float_parser: 0]
[parser_config_file: ]
[objective_seed: 15521]
[num_class: 1]
[is_unbalance: 0]
[scale_pos_weight: 43.8296]
[sigmoid: 1]
[boost_from_average: 1]
[reg_sqrt: 0]
[alpha: 0.9]
[fair_c: 1]
[poisson_max_delta_step: 0.7]
[tweedie_variance_power: 1.5]
[lambdarank_truncation_level: 30]
[lambdarank_norm: 1]
[label_gain: ]
[lambdarank_position_bias_regularization: 0]
[eval_at: ]
[multi_error_top_k: 1]
[auc_mu_weights: ]
[num_machines: 1]
[local_listen_port: 12400]
[time_out: 120]
[machine_list_filename: ]
[machines: ]
[gpu_platform_id: -1]
[gpu_device_id: -1]
[gpu_device_id_list: ]
[gpu_use_dp: 0]
[num_gpu: 1]

end of parameters

pandas_categorical:null
